fighter,wc,tier_label,tier_weight,ever_champion,win_rate,n_rounds,cluster,distance_ratio,clinch_ratio,ground_ratio,head_ratio,body_ratio,leg_ratio,str_accuracy,td_per_round,td_accuracy,ctrl_per_round,sub_per_round,kd_per_round,output_per_round
Aaron Riley,Lightweight,E,0.0,False,0.3333333333333333,20,1,0.6050955414012739,0.3248407643312102,0.07006369426751592,0.4681528662420382,0.2929936305732484,0.23885350318471338,0.3473451327433628,0.4,0.34782608695652173,55.75,0.05,0.0,45.2
Aaron Simpson,Middleweight,E,0.0,False,0.6363636363636364,28,1,0.36123348017621143,0.4052863436123348,0.23348017621145375,0.5572687224669604,0.21365638766519823,0.2290748898678414,0.5279069767441861,1.1428571428571428,0.34782608695652173,114.5,0.14285714285714285,0.21428571428571427,30.714285714285715
Abdul Razak Alhassan,Middleweight,E,0.0,False,0.38461538461538464,24,4,0.6857142857142857,0.16507936507936508,0.1492063492063492,0.7841269841269841,0.11428571428571428,0.10158730158730159,0.49841772151898733,0.20833333333333334,0.3333333333333333,32.125,0.041666666666666664,0.375,26.333333333333332
Abel Trujillo,Lightweight,E,0.0,False,0.5454545454545454,24,0,0.5311355311355311,0.23076923076923078,0.23809523809523808,0.7142857142857143,0.21611721611721613,0.0695970695970696,0.4123867069486405,0.625,0.45454545454545453,47.291666666666664,0.125,0.125,27.583333333333332
Abus Magomedov,Middleweight,D,1.0,False,0.5714285714285714,17,0,0.8646288209606987,0.03056768558951965,0.10480349344978165,0.5676855895196506,0.3056768558951965,0.12663755458515283,0.49353448275862066,0.7647058823529411,0.5909090909090909,69.05882352941177,0.11764705882352941,0.058823529411764705,27.294117647058822
Adrian Yanez,Bantamweight,D,1.0,False,0.6,20,2,0.9159836065573771,0.010245901639344262,0.07377049180327869,0.7377049180327869,0.12704918032786885,0.13524590163934427,0.41461342395921835,0.0,0.0,6.2,0.0,0.35,58.85
Aiemann Zahabi,Bantamweight,D+,0.0,False,0.8,26,2,0.9036363636363637,0.038181818181818185,0.05818181818181818,0.7218181818181818,0.16545454545454547,0.11272727272727273,0.47660311958405543,0.038461538461538464,0.14285714285714285,12.807692307692308,0.0,0.11538461538461539,44.38461538461539
Ailin Perez,Women's Bantamweight,C,0.0,False,0.8571428571428571,18,3,0.48046875,0.171875,0.34765625,0.58984375,0.21875,0.19140625,0.5626373626373626,1.6111111111111112,0.4915254237288136,132.0,0.05555555555555555,0.05555555555555555,25.27777777777778
Al Iaquinta,Lightweight,C,0.0,False,0.6,42,2,0.9237726098191215,0.040051679586563305,0.03617571059431524,0.6731266149870802,0.18733850129198967,0.13953488372093023,0.40544787847040337,0.19047619047619047,0.18604651162790697,16.261904761904763,0.07142857142857142,0.16666666666666666,45.45238095238095
Alan Belcher,Middleweight,D+,0.0,False,0.6428571428571429,31,1,0.6774193548387096,0.15591397849462366,0.16666666666666666,0.5672043010752689,0.1639784946236559,0.26881720430107525,0.4184476940382452,0.12903225806451613,0.26666666666666666,50.96774193548387,0.25806451612903225,0.0967741935483871,28.677419354838708
Alan Jouban,Welterweight,E,0.0,False,0.6153846153846154,27,4,0.8114630467571644,0.1297134238310709,0.058823529411764705,0.6003016591251885,0.2081447963800905,0.19155354449472098,0.5030349013657056,0.14814814814814814,0.4444444444444444,17.77777777777778,0.07407407407407407,0.3333333333333333,48.81481481481482
Alan Patrick,Lightweight,E,0.0,False,0.5,25,0,0.6698564593301436,0.11483253588516747,0.215311004784689,0.6076555023923444,0.2535885167464115,0.13875598086124402,0.4074074074074074,0.92,0.3333333333333333,101.24,0.08,0.04,20.52
Alatengheili,Bantamweight,E,0.0,False,0.5555555555555556,25,2,0.9558823529411765,0.0058823529411764705,0.03823529411764706,0.6558823529411765,0.2088235294117647,0.13529411764705881,0.3272377285851781,0.56,0.4375,41.04,0.0,0.04,41.56
Albert Morales,Bantamweight,E,0.0,False,0.16666666666666666,16,2,0.8920863309352518,0.039568345323741004,0.0683453237410072,0.5863309352517986,0.10071942446043165,0.3129496402877698,0.3453416149068323,0.1875,0.375,45.75,0.0,0.0,50.3125
Albert Tumenov,Welterweight,D,1.0,False,0.625,17,4,0.8709677419354839,0.07168458781362007,0.05734767025089606,0.7992831541218638,0.15770609318996415,0.043010752688172046,0.42018072289156627,0.058823529411764705,0.2,9.588235294117647,0.0,0.29411764705882354,39.05882352941177
Alejandro Perez,Bantamweight,D,1.0,False,0.6153846153846154,30,2,0.7995824634655533,0.05845511482254697,0.1419624217118998,0.6179540709812108,0.12526096033402923,0.2567849686847599,0.35639880952380953,0.16666666666666666,0.22727272727272727,17.633333333333333,0.1,0.03333333333333333,44.8
Aleksandar Rakic,Light Heavyweight,C+,2.0,False,0.5454545454545454,26,2,0.6659793814432989,0.09690721649484536,0.23711340206185566,0.5237113402061856,0.15670103092783505,0.31958762886597936,0.5031120331950207,0.19230769230769232,0.21739130434782608,86.0,0.038461538461538464,0.15384615384615385,37.07692307692308
Aleksei Oleinik,Heavyweight,D+,0.0,False,0.5294117647058824,29,1,0.7,0.22631578947368422,0.07368421052631578,0.6289473684210526,0.2394736842105263,0.13157894736842105,0.48906048906048905,0.4827586206896552,0.4666666666666667,72.82758620689656,0.5172413793103449,0.06896551724137931,26.79310344827586
Alessandro Costa,Flyweight,E,0.0,False,0.5,15,2,0.7721518987341772,0.09282700421940929,0.1350210970464135,0.5864978902953587,0.1940928270042194,0.21940928270042195,0.48367346938775513,0.26666666666666666,0.26666666666666666,21.933333333333334,0.13333333333333333,0.2,32.666666666666664
Alessio Di Chirico,Middleweight,E,0.0,False,0.36363636363636365,26,2,0.8373333333333334,0.12,0.042666666666666665,0.6773333333333333,0.17866666666666667,0.144,0.3972457627118644,0.4230769230769231,0.39285714285714285,27.192307692307693,0.0,0.11538461538461539,36.30769230769231
Alessio Sakara,Middleweight,E,0.0,False,0.4,22,3,0.44481605351170567,0.18729096989966554,0.36789297658862874,0.8060200668896321,0.16387959866220736,0.030100334448160536,0.4776357827476038,0.5,0.7857142857142857,56.04545454545455,0.0,0.18181818181818182,28.454545454545453
Alex Caceres,Featherweight,D+,0.0,False,0.5333333333333333,77,4,0.859776168531929,0.08426596445029624,0.05595786701777485,0.6254114549045424,0.25082290980908495,0.12376563528637262,0.49967105263157896,0.16883116883116883,0.6842105263157895,34.41558441558441,0.2077922077922078,0.06493506493506493,39.48051948051948
Alex Garcia,Welterweight,E,0.0,False,0.5,25,0,0.7547169811320755,0.14150943396226415,0.10377358490566038,0.8301886792452831,0.1179245283018868,0.05188679245283019,0.3136094674556213,1.16,0.5272727272727272,78.12,0.04,0.12,27.04
Alex Morono,Welterweight,E,0.0,False,0.5416666666666666,60,2,0.8875358166189111,0.07234957020057306,0.04011461318051576,0.7979942693409742,0.13252148997134672,0.06948424068767908,0.3977207977207977,0.1,0.24,15.983333333333333,0.1,0.08333333333333333,58.5
Alex Oliveira,Welterweight,D,1.0,False,0.5238095238095238,49,1,0.5945945945945946,0.22575516693163752,0.17965023847376788,0.5659777424483307,0.25119236883942764,0.18282988871224165,0.5113821138211382,0.673469387755102,0.38372093023255816,85.04081632653062,0.16326530612244897,0.12244897959183673,25.102040816326532
Alex Pereira,Middleweight,S,10.0,True,0.8333333333333334,31,4,0.8087591240875912,0.10510948905109489,0.08613138686131387,0.47153284671532847,0.2613138686131387,0.2671532846715328,0.6210335448776065,0.03225806451612903,0.5,5.096774193548387,0.06451612903225806,0.22580645161290322,35.58064516129032
Alex Perez,Flyweight,C,0.0,False,0.5714285714285714,25,4,0.7247706422018348,0.13302752293577982,0.14220183486238533,0.5894495412844036,0.17660550458715596,0.23394495412844038,0.4678111587982833,0.6,0.4838709677419355,66.8,0.16,0.24,37.28
Alex White,Lightweight,E,0.0,False,0.4,25,1,0.6682134570765661,0.2737819025522042,0.058004640371229696,0.6148491879350348,0.32018561484918795,0.06496519721577726,0.42007797270955166,0.28,0.28,21.16,0.16,0.16,41.04
Alexa Grasso,Women's Flyweight,B+,4.0,True,0.6428571428571429,46,2,0.8143322475570033,0.15418023887079263,0.031487513572204126,0.6188925081433225,0.18892508143322476,0.19218241042345277,0.41116071428571427,0.13043478260869565,0.35294117647058826,27.717391304347824,0.21739130434782608,0.043478260869565216,48.69565217391305
Alexander Gustafsson,Light Heavyweight,C+,2.0,False,0.5882352941176471,44,4,0.7656458055925432,0.07856191744340879,0.15579227696404793,0.6964047936085219,0.14647137150466044,0.15712383488681758,0.4070460704607046,0.4318181818181818,0.3958333333333333,41.90909090909091,0.11363636363636363,0.20454545454545456,41.93181818181818
Alexander Hernandez,Lightweight,D,1.0,False,0.5555555555555556,41,2,0.8491761723700887,0.07731305449936629,0.07351077313054499,0.5551330798479087,0.3105196451204056,0.13434727503168567,0.4044079958995387,0.3170731707317073,0.35135135135135137,35.31707317073171,0.024390243902439025,0.14634146341463414,47.58536585365854
Alexander Volkanovski,Featherweight,A+,8.0,True,0.8666666666666667,63,2,0.7641873278236915,0.08484848484848485,0.15096418732782368,0.650137741046832,0.10358126721763085,0.2462809917355372,0.5711139081183134,0.5238095238095238,0.3402061855670103,56.98412698412698,0.06349206349206349,0.09523809523809523,50.44444444444444
Alexander Volkov,Heavyweight,C+,2.0,False,0.7777777777777778,53,4,0.8448,0.0832,0.072,0.5872,0.2152,0.1976,0.5765682656826568,0.18867924528301888,0.625,25.90566037735849,0.03773584905660377,0.07547169811320754,40.905660377358494
Alexander Yakovlev,Welterweight,E,0.0,False,0.3333333333333333,21,1,0.7167630057803468,0.12716763005780346,0.15606936416184972,0.4913294797687861,0.2658959537572254,0.24277456647398843,0.473972602739726,0.5238095238095238,0.3548387096774194,42.714285714285715,0.047619047619047616,0.09523809523809523,17.38095238095238
Alexandr Romanov,Heavyweight,D,1.0,False,0.7,20,3,0.4817073170731707,0.08231707317073171,0.43597560975609756,0.7378048780487805,0.12195121951219512,0.1402439024390244,0.5165354330708661,1.3,0.5531914893617021,127.1,0.25,0.0,31.75
Alexandre Pantoja,Flyweight,A,6.0,True,0.75,48,0,0.8119022316684378,0.09989373007438895,0.08820403825717323,0.6344314558979809,0.2146652497343252,0.15090329436769395,0.5032085561497326,0.8333333333333334,0.47619047619047616,86.625,0.2916666666666667,0.08333333333333333,38.958333333333336
Alexis Davis,Women's Bantamweight,C+,2.0,False,0.5714285714285714,38,1,0.7506631299734748,0.1206896551724138,0.1286472148541114,0.5026525198938993,0.17904509283819628,0.3183023872679045,0.4739157762413576,0.3157894736842105,0.46153846153846156,91.26315789473684,0.23684210526315788,0.0,41.86842105263158
Ali Bagautinov,Flyweight,C,0.0,False,0.5714285714285714,23,1,0.5139318885448917,0.19814241486068113,0.28792569659442724,0.5634674922600619,0.3219814241486068,0.11455108359133127,0.4244415243101183,0.8260869565217391,0.36538461538461536,83.04347826086956,0.08695652173913043,0.08695652173913043,33.08695652173913
Alistair Overeem,Heavyweight,C+,2.0,False,0.6,44,1,0.43916083916083914,0.2013986013986014,0.3594405594405594,0.5398601398601398,0.3230769230769231,0.13706293706293707,0.7432432432432432,0.22727272727272727,0.3448275862068966,65.6590909090909,0.06818181818181818,0.22727272727272727,21.863636363636363
Aljamain Sterling,Bantamweight,A,6.0,True,0.782608695652174,70,1,0.6687988628287136,0.14854299928926795,0.18265813788201848,0.4996446339729922,0.3148542999289268,0.18550106609808104,0.5259813084112149,0.8,0.3218390804597701,93.9,0.2,0.0,38.214285714285715
Alonzo Menifield,Light Heavyweight,D,1.0,False,0.625,34,4,0.763302752293578,0.13577981651376148,0.10091743119266056,0.8128440366972477,0.10458715596330276,0.08256880733944955,0.5343137254901961,0.14705882352941177,0.35714285714285715,58.470588235294116,0.058823529411764705,0.14705882352941177,30.0
Amanda Lemos,Women's Strawweight,C+,2.0,False,0.6,36,4,0.6921348314606741,0.1303370786516854,0.17752808988764046,0.6494382022471911,0.21123595505617979,0.1393258426966292,0.5534825870646766,0.3055555555555556,0.6470588235294118,46.583333333333336,0.2222222222222222,0.16666666666666666,22.333333333333332
Amanda Nunes,Women's Bantamweight,A+,8.0,True,0.875,47,0,0.6885775862068966,0.03556034482758621,0.27586206896551724,0.677801724137931,0.1336206896551724,0.18857758620689655,0.5201793721973094,0.8085106382978723,0.5671641791044776,89.31914893617021,0.2127659574468085,0.1702127659574468,37.95744680851064
Amanda Ribas,Women's Strawweight,D+,0.0,False,0.5833333333333334,35,0,0.858600583090379,0.052478134110787174,0.08892128279883382,0.6137026239067055,0.1793002915451895,0.20699708454810495,0.3995340710541642,0.6285714285714286,0.5238095238095238,73.71428571428571,0.17142857142857143,0.02857142857142857,49.05714285714286
Amir Albazi,Flyweight,C+,2.0,False,0.7142857142857143,21,0,0.852589641434263,0.027888446215139442,0.11952191235059761,0.6932270916334662,0.1752988047808765,0.13147410358565736,0.33781965006729475,0.38095238095238093,0.25,70.38095238095238,0.14285714285714285,0.09523809523809523,35.38095238095238
Amir Sadollah,Welterweight,E,0.0,False,0.5454545454545454,28,1,0.6763285024154589,0.23993558776167473,0.08373590982286634,0.4605475040257649,0.2608695652173913,0.2785829307568438,0.4648203592814371,0.17857142857142858,0.2777777777777778,39.357142857142854,0.10714285714285714,0.0,47.714285714285715
Anderson Silva,Middleweight,S,10.0,True,0.6521739130434783,63,4,0.6814903846153846,0.14783653846153846,0.17067307692307693,0.5396634615384616,0.21754807692307693,0.24278846153846154,0.5900709219858156,0.047619047619047616,0.75,13.158730158730158,0.09523809523809523,0.2857142857142857,22.38095238095238
Andre Ewell,Bantamweight,E,0.0,False,0.4444444444444444,26,2,0.9777777777777777,0.020370370370370372,0.001851851851851852,0.587037037037037,0.3055555555555556,0.10740740740740741,0.40029651593773163,0.11538461538461539,0.75,10.653846153846153,0.038461538461538464,0.038461538461538464,51.88461538461539
Andre Fialho,Welterweight,E,0.0,False,0.2857142857142857,15,4,0.8168316831683168,0.15841584158415842,0.024752475247524754,0.693069306930693,0.19306930693069307,0.11386138613861387,0.4156378600823045,0.06666666666666667,1.0,8.333333333333334,0.0,0.13333333333333333,32.4
Andre Fili,Featherweight,D,1.0,False,0.5,61,0,0.8714153561517114,0.05550416281221091,0.0730804810360777,0.72895467160037,0.14801110083256244,0.12303422756706753,0.37943137943137945,0.7049180327868853,0.4673913043478261,42.67213114754098,0.06557377049180328,0.09836065573770492,46.704918032786885
Andre Muniz,Middleweight,D+,0.0,False,0.6,19,0,0.8647058823529412,0.041176470588235294,0.09411764705882353,0.5647058823529412,0.21176470588235294,0.2235294117647059,0.45576407506702415,1.3157894736842106,0.5208333333333334,97.78947368421052,0.3684210526315789,0.0,19.63157894736842
Andre Petroski,Middleweight,E,0.0,False,0.6153846153846154,31,0,0.7513513513513513,0.024324324324324326,0.22432432432432434,0.6405405405405405,0.2,0.15945945945945947,0.4920212765957447,0.9032258064516129,0.5283018867924528,101.6774193548387,0.3548387096774194,0.03225806451612903,24.258064516129032
Andre Soukhamthath,Bantamweight,E,0.0,False,0.2857142857142857,20,1,0.6691729323308271,0.21804511278195488,0.11278195488721804,0.45864661654135336,0.3308270676691729,0.21052631578947367,0.44039735099337746,0.4,0.5333333333333333,43.2,0.05,0.3,30.2
Andrea Lee,Women's Flyweight,D+,0.0,False,0.38461538461538464,40,2,0.8203463203463204,0.10822510822510822,0.07142857142857142,0.44805194805194803,0.3344155844155844,0.21753246753246752,0.4547244094488189,0.55,0.5238095238095238,45.675,0.2,0.025,50.8
Andrei Arlovski,Heavyweight,B+,4.0,True,0.5609756097560976,95,2,0.8529968454258675,0.12050473186119874,0.026498422712933754,0.5520504731861199,0.2138801261829653,0.23406940063091483,0.45559068697901695,0.09473684210526316,0.34615384615384615,20.273684210526316,0.05263157894736842,0.10526315789473684,36.62105263157895
Andrew Craig,Middleweight,E,0.0,False,0.42857142857142855,18,4,0.7317073170731707,0.12682926829268293,0.14146341463414633,0.6926829268292682,0.13658536585365855,0.17073170731707318,0.400390625,0.16666666666666666,0.375,40.55555555555556,0.0,0.1111111111111111,28.444444444444443
Andrew Sanchez,Middleweight,E,0.0,False,0.5,28,0,0.7863554757630161,0.09694793536804308,0.11669658886894076,0.7307001795332136,0.17773788150807898,0.09156193895870736,0.43686274509803924,0.7857142857142857,0.36666666666666664,87.0,0.0,0.10714285714285714,45.535714285714285
Andy Ogle,Featherweight,E,0.0,False,0.16666666666666666,16,0,0.7116564417177914,0.049079754601226995,0.2392638036809816,0.6073619631901841,0.26380368098159507,0.12883435582822086,0.4490358126721763,0.4375,0.2692307692307692,138.5625,0.0,0.0625,22.6875
Ange Loosa,Welterweight,E,0.0,False,0.3333333333333333,17,2,0.7516483516483516,0.12307692307692308,0.12527472527472527,0.589010989010989,0.1934065934065934,0.2175824175824176,0.48352816153028694,0.8823529411764706,0.40540540540540543,72.29411764705883,0.0,0.058823529411764705,55.35294117647059
Angela Hill,Women's Strawweight,D+,0.0,False,0.4444444444444444,85,2,0.7350579839429081,0.2297056199821588,0.0352363960749331,0.596342551293488,0.32114183764495985,0.08251561106155218,0.5020152261531572,0.24705882352941178,0.30434782608695654,42.4,0.047058823529411764,0.03529411764705882,52.54117647058823
Anthony Hamilton,Heavyweight,E,0.0,False,0.3,17,1,0.21544715447154472,0.3699186991869919,0.4146341463414634,0.3130081300813008,0.6138211382113821,0.07317073170731707,0.656,0.6470588235294118,0.4230769230769231,95.0,0.0,0.058823529411764705,22.058823529411764
Anthony Hernandez,Middleweight,C,0.0,False,0.75,33,3,0.49516129032258066,0.11612903225806452,0.38870967741935486,0.8032258064516129,0.12258064516129032,0.07419354838709677,0.6066536203522505,1.6363636363636365,0.48214285714285715,130.45454545454547,0.45454545454545453,0.0,30.96969696969697
Anthony Johnson,Welterweight,C+,2.0,False,0.6842105263157895,33,4,0.5616797900262467,0.17585301837270342,0.26246719160104987,0.6692913385826772,0.14960629921259844,0.18110236220472442,0.47625,0.5757575757575758,0.5757575757575758,78.93939393939394,0.15151515151515152,0.3939393939393939,24.242424242424242
Anthony Njokuani,Lightweight,E,0.0,False,0.375,23,2,0.8360655737704918,0.1522248243559719,0.0117096018735363,0.468384074941452,0.2903981264637002,0.24121779859484777,0.4494736842105263,0.13043478260869565,0.375,5.217391304347826,0.043478260869565216,0.043478260869565216,41.30434782608695
Anthony Perosh,Light Heavyweight,E,0.0,False,0.4166666666666667,18,3,0.423841059602649,0.152317880794702,0.423841059602649,0.8410596026490066,0.019867549668874173,0.1390728476821192,0.43142857142857144,0.5,0.225,51.77777777777778,0.2777777777777778,0.1111111111111111,19.444444444444443
Anthony Pettis,Lightweight,B+,4.0,True,0.5263157894736842,51,2,0.8543563068920677,0.06892067620286085,0.07672301690507152,0.64629388816645,0.2106631989596879,0.14304291287386217,0.4839521711768408,0.1568627450980392,0.4,31.745098039215687,0.21568627450980393,0.0784313725490196,31.15686274509804
Anthony Rocco Martin,Welterweight,D,1.0,False,0.6,41,0,0.837573385518591,0.0821917808219178,0.08023483365949119,0.726027397260274,0.09197651663405088,0.18199608610567514,0.37190684133915575,0.21951219512195122,0.2727272727272727,70.95121951219512,0.3170731707317073,0.04878048780487805,33.51219512195122
Anthony Smith,Light Heavyweight,C+,2.0,False,0.5,60,2,0.8797619047619047,0.0761904761904762,0.04404761904761905,0.6273809523809524,0.18452380952380953,0.1880952380952381,0.5005959475566151,0.13333333333333333,0.22857142857142856,16.383333333333333,0.13333333333333333,0.11666666666666667,27.966666666666665
Antonina Shevchenko,Women's Flyweight,D,1.0,False,0.5,20,1,0.6646341463414634,0.19817073170731708,0.13719512195121952,0.6432926829268293,0.24390243902439024,0.11280487804878049,0.5333333333333333,0.15,0.42857142857142855,66.95,0.15,0.0,30.75
Antonio Carlos Junior,Middleweight,D,1.0,False,0.5384615384615384,32,3,0.6448275862068965,0.1,0.25517241379310346,0.6758620689655173,0.1793103448275862,0.14482758620689656,0.42584434654919234,1.0625,0.39080459770114945,131.6875,0.25,0.0,21.28125
Antonio Rodrigo Nogueira,Heavyweight,B,3.0,True,0.5,22,0,0.7727272727272727,0.1856060606060606,0.041666666666666664,0.803030303030303,0.14772727272727273,0.04924242424242424,0.4080370942812983,0.36363636363636365,0.21621621621621623,63.86363636363637,0.45454545454545453,0.18181818181818182,29.40909090909091
Antonio Silva,Heavyweight,C,0.0,False,0.3333333333333333,19,1,0.6804123711340206,0.21649484536082475,0.10309278350515463,0.5567010309278351,0.1958762886597938,0.24742268041237114,0.5078534031413613,0.0,0.0,17.0,0.0,0.21052631578947367,20.105263157894736
Aoriqileng,Bantamweight,E,0.0,False,0.4444444444444444,20,4,0.8321167883211679,0.05596107055961071,0.11192214111922141,0.6496350364963503,0.2360097323600973,0.11435523114355231,0.4987864077669903,0.35,0.4666666666666667,33.7,0.0,0.15,41.2
Ariane Carnelossi,Women's Strawweight,E,0.0,False,0.5,16,0,0.7527472527472527,0.16483516483516483,0.08241758241758242,0.6703296703296703,0.12637362637362637,0.2032967032967033,0.386411889596603,0.3125,0.5,47.3125,0.0625,0.0,29.4375
Ariane da Silva,Women's Flyweight,D,1.0,False,0.42857142857142855,35,2,0.7907692307692308,0.14,0.06923076923076923,0.4938461538461538,0.3861538461538462,0.12,0.41139240506329117,0.14285714285714285,0.38461538461538464,38.285714285714285,0.08571428571428572,0.08571428571428572,45.142857142857146
Arman Tsarukyan,Lightweight,C+,2.0,False,0.8333333333333334,32,3,0.6155202821869489,0.07407407407407407,0.31040564373897706,0.6631393298059964,0.21869488536155202,0.11816578483245149,0.500441306266549,1.0,0.3764705882352941,116.84375,0.03125,0.09375,35.40625
Armen Petrosyan,Middleweight,E,0.0,False,0.42857142857142855,17,2,0.9175050301810865,0.0482897384305835,0.03420523138832998,0.32595573440643866,0.2193158953722334,0.45472837022132795,0.5304162219850587,0.058823529411764705,0.3333333333333333,17.705882352941178,0.0,0.0,55.11764705882353
Arnold Allen,Featherweight,C+,2.0,False,0.8,46,4,0.8901960784313725,0.0392156862745098,0.07058823529411765,0.734640522875817,0.1803921568627451,0.08496732026143791,0.4399079930994825,0.391304347826087,0.6,41.80434782608695,0.08695652173913043,0.08695652173913043,37.80434782608695
Artem Lobov,Featherweight,E,0.0,False,0.2857142857142857,23,2,0.9432098765432099,0.04197530864197531,0.014814814814814815,0.5012345679012346,0.17530864197530865,0.3234567901234568,0.41453428863868985,0.13043478260869565,0.25,31.217391304347824,0.0,0.0,42.47826086956522
Ashlee Evans-Smith,Women's Bantamweight,D+,0.0,False,0.3333333333333333,23,2,0.6928251121076233,0.21973094170403587,0.08744394618834081,0.5134529147982063,0.30269058295964124,0.18385650224215247,0.3407181054239878,0.30434782608695654,0.22580645161290322,35.21739130434783,0.0,0.0,56.91304347826087
Ashley Yoder,Women's Strawweight,E,0.0,False,0.3,33,0,0.75,0.0851063829787234,0.16489361702127658,0.6453900709219859,0.24113475177304963,0.11347517730496454,0.39166666666666666,0.36363636363636365,0.27906976744186046,79.18181818181819,0.18181818181818182,0.030303030303030304,43.63636363636363
Askar Askarov,Flyweight,C+,2.0,False,0.6,15,0,0.759825327510917,0.10480349344978165,0.13537117903930132,0.7685589519650655,0.10480349344978165,0.12663755458515283,0.5400943396226415,0.8666666666666667,0.24528301886792453,93.93333333333334,0.13333333333333333,0.0,28.266666666666666
Aspen Ladd,Women's Bantamweight,C+,2.0,False,0.5714285714285714,18,3,0.4689655172413793,0.1793103448275862,0.35172413793103446,0.7724137931034483,0.17586206896551723,0.05172413793103448,0.4700162074554295,0.4444444444444444,0.47058823529411764,89.38888888888889,0.16666666666666666,0.05555555555555555,34.27777777777778
Asu Almabayev,Flyweight,D+,0.0,False,0.8571428571428571,20,3,0.6476190476190476,0.10952380952380952,0.24285714285714285,0.5380952380952381,0.24285714285714285,0.21904761904761905,0.5097087378640777,1.35,0.42857142857142855,126.75,0.45,0.05,20.6
Augusto Sakai,Heavyweight,D+,0.0,False,0.5555555555555556,23,1,0.6046511627906976,0.3488372093023256,0.046511627906976744,0.5930232558139535,0.2813953488372093,0.12558139534883722,0.49311926605504586,0.08695652173913043,0.4,44.73913043478261,0.0,0.043478260869565216,37.91304347826087
Austin Hubbard,Lightweight,E,0.0,False,0.3333333333333333,32,2,0.8810289389067524,0.06430868167202572,0.05466237942122187,0.5241157556270096,0.2829581993569132,0.19292604501607716,0.42027027027027025,0.53125,0.288135593220339,51.21875,0.03125,0.0,46.25
Azamat Murzakanov,Light Heavyweight,D+,0.0,False,0.8571428571428571,16,4,0.6925795053003534,0.0636042402826855,0.24381625441696114,0.7102473498233216,0.2508833922261484,0.038869257950530034,0.564870259481038,0.1875,0.21428571428571427,23.0,0.0625,0.375,31.3125
BJ Penn,Lightweight,E,0.0,False,0.5217391304347826,77,0,0.6286286286286287,0.21021021021021022,0.16116116116116116,0.7837837837837838,0.16216216216216217,0.05405405405405406,0.4754878629224179,0.33766233766233766,0.5777777777777777,45.25974025974026,0.15584415584415584,0.09090909090909091,27.285714285714285
Bec Rawlings,Women's Strawweight,D,1.0,False,0.2857142857142857,18,0,0.7751322751322751,0.17195767195767195,0.05291005291005291,0.6957671957671958,0.17724867724867724,0.12698412698412698,0.42808607021517553,0.2222222222222222,0.4,42.05555555555556,0.1111111111111111,0.0,49.05555555555556
Belal Muhammad,Welterweight,B,3.0,True,0.7894736842105263,67,0,0.8663400979706088,0.05038488453463961,0.08327501749475158,0.7795661301609517,0.13785864240727783,0.08257522743177047,0.43342432514407037,0.6865671641791045,0.36507936507936506,68.2089552238806,0.04477611940298507,0.0,49.208955223880594
Ben Rothwell,Heavyweight,C,0.0,False,0.5294117647058824,40,0,0.788546255506608,0.1262848751835536,0.08516886930983847,0.7283406754772394,0.16005873715124816,0.11160058737151249,0.43320610687022904,0.225,0.32142857142857145,48.425,0.15,0.1,39.3
Ben Saunders,Welterweight,E,0.0,False,0.47368421052631576,37,1,0.5864197530864198,0.3292181069958848,0.08436213991769548,0.5082304526748971,0.3868312757201646,0.10493827160493827,0.5020661157024794,0.05405405405405406,0.4,25.89189189189189,0.35135135135135137,0.08108108108108109,26.16216216216216
Beneil Dariush,Lightweight,C+,2.0,False,0.64,52,1,0.6710526315789473,0.15311004784688995,0.17583732057416268,0.604066985645933,0.2284688995215311,0.1674641148325359,0.4914756025867137,0.6346153846153846,0.38372093023255816,104.98076923076923,0.23076923076923078,0.1346153846153846,32.71153846153846
Benoit Saint Denis,Lightweight,C,0.0,False,0.75,22,3,0.505175983436853,0.18012422360248448,0.3146997929606625,0.6273291925465838,0.2650103519668737,0.10766045548654245,0.5854545454545454,1.0909090909090908,0.3582089552238806,111.54545454545455,0.45454545454545453,0.22727272727272727,37.5
Benson Henderson,Lightweight,A,6.0,True,0.7857142857142857,52,1,0.6295399515738499,0.1864406779661017,0.18401937046004843,0.43825665859564167,0.2990314769975787,0.2627118644067797,0.4586340921710161,0.6153846153846154,0.49230769230769234,74.96153846153847,0.19230769230769232,0.057692307692307696,34.63461538461539
Bethe Correia,Women's Bantamweight,C,0.0,False,0.4166666666666667,33,2,0.8629518072289156,0.13102409638554216,0.006024096385542169,0.5737951807228916,0.24548192771084337,0.18072289156626506,0.4382838283828383,0.12121212121212122,0.18181818181818182,35.696969696969695,0.0,0.0,45.90909090909091
Bill Algeo,Featherweight,E,0.0,False,0.5,25,2,0.7980769230769231,0.10096153846153846,0.10096153846153846,0.5625,0.2419871794871795,0.1955128205128205,0.5123152709359606,0.36,0.5625,52.36,0.04,0.08,48.72
Billy Quarantillo,Featherweight,E,0.0,False,0.5454545454545454,28,0,0.6639629200463499,0.17149478563151796,0.1645422943221321,0.694090382387022,0.22943221320973348,0.07647740440324449,0.5220810647307925,0.4642857142857143,0.2549019607843137,71.0,0.32142857142857145,0.07142857142857142,59.035714285714285
Blagoy Ivanov,Heavyweight,D+,0.0,False,0.375,26,0,0.8933649289099526,0.08767772511848342,0.018957345971563982,0.7796208530805687,0.2014218009478673,0.018957345971563982,0.4049904030710173,0.23076923076923078,0.4,25.46153846153846,0.038461538461538464,0.038461538461538464,40.07692307692308
Bojan Velickovic,Welterweight,E,0.0,False,0.3333333333333333,18,2,0.8512820512820513,0.09743589743589744,0.05128205128205128,0.47692307692307695,0.14871794871794872,0.37435897435897436,0.3482142857142857,0.2222222222222222,0.25,25.555555555555557,0.16666666666666666,0.05555555555555555,31.11111111111111
Brad Katona,Bantamweight,E,0.0,False,0.4444444444444444,25,0,0.7302405498281787,0.14776632302405499,0.12199312714776632,0.711340206185567,0.12714776632302405,0.16151202749140894,0.5247971145175834,0.6,0.3409090909090909,82.8,0.0,0.0,44.36
Brad Pickett,Bantamweight,C,0.0,False,0.35714285714285715,33,0,0.7548387096774194,0.12043010752688173,0.12473118279569892,0.6537634408602151,0.14408602150537633,0.2021505376344086,0.3240418118466899,0.6363636363636364,0.40384615384615385,59.60606060606061,0.06060606060606061,0.09090909090909091,43.484848484848484
Brad Riddell,Lightweight,D,1.0,False,0.5714285714285714,17,2,0.825,0.044444444444444446,0.13055555555555556,0.6472222222222223,0.2222222222222222,0.13055555555555556,0.5365126676602087,0.5294117647058824,0.36,33.23529411764706,0.0,0.058823529411764705,39.470588235294116
Brad Scott,Middleweight,E,0.0,False,0.375,19,2,0.8165137614678899,0.1437308868501529,0.039755351681957186,0.6116207951070336,0.22629969418960244,0.1620795107033639,0.4155019059720457,0.10526315789473684,0.15384615384615385,51.578947368421055,0.21052631578947367,0.10526315789473684,41.421052631578945
Brad Tavares,Middleweight,D+,0.0,False,0.5714285714285714,77,2,0.8439259855189059,0.12067578439259855,0.035398230088495575,0.5937248592115849,0.17135961383748993,0.23491552695092519,0.4370604781997187,0.22077922077922077,0.265625,36.33766233766234,0.0,0.06493506493506493,36.935064935064936
Brandon Davis,Featherweight,E,0.0,False,0.2222222222222222,23,2,0.8901601830663616,0.06407322654462243,0.04576659038901602,0.5652173913043478,0.16704805491990846,0.26773455377574373,0.38502202643171807,0.2608695652173913,0.42857142857142855,20.565217391304348,0.043478260869565216,0.0,49.34782608695652
Brandon Moreno,Flyweight,B,3.0,True,0.6,70,0,0.8769113149847095,0.05504587155963303,0.06804281345565749,0.7408256880733946,0.15825688073394495,0.10091743119266056,0.4439918533604888,0.44285714285714284,0.3974358974358974,52.871428571428574,0.12857142857142856,0.05714285714285714,42.08571428571429
Brandon Royval,Flyweight,C+,2.0,False,0.7,31,4,0.8776041666666666,0.046875,0.07552083333333333,0.7747395833333334,0.15494791666666666,0.0703125,0.4153596538669551,0.1935483870967742,0.75,18.419354838709676,0.3225806451612903,0.0967741935483871,59.645161290322584
Brandon Vera,Light Heavyweight,E,0.0,False,0.5,37,1,0.5745526838966203,0.3399602385685885,0.08548707753479125,0.36182902584493043,0.2803180914512923,0.35785288270377735,0.55826859045505,0.21621621621621623,0.5333333333333333,43.24324324324324,0.05405405405405406,0.1891891891891892,24.35135135135135
Brendan Allen,Middleweight,C,0.0,False,0.8235294117647058,45,0,0.7664429530201342,0.06174496644295302,0.17181208053691274,0.6550335570469799,0.2174496644295302,0.12751677852348994,0.5317630264097074,0.4666666666666667,0.4375,87.64444444444445,0.3333333333333333,0.06666666666666667,31.133333333333333
Brendan Schaub,Heavyweight,D,1.0,False,0.5454545454545454,19,0,0.5110132158590308,0.2643171806167401,0.22466960352422907,0.8414096916299559,0.14537444933920704,0.013215859030837005,0.3770764119601329,0.631578947368421,0.46153846153846156,77.63157894736842,0.10526315789473684,0.21052631578947367,31.68421052631579
Brett Johns,Bantamweight,D,1.0,False,0.7142857142857143,19,3,0.5375494071146245,0.12648221343873517,0.3359683794466403,0.8774703557312253,0.09090909090909091,0.03162055335968379,0.4903100775193798,1.5263157894736843,0.4915254237288136,142.31578947368422,0.3157894736842105,0.0,27.157894736842106
Brian Ebersole,Welterweight,E,0.0,False,0.625,20,1,0.5892116182572614,0.17427385892116182,0.23651452282157676,0.5892116182572614,0.16597510373443983,0.24481327800829875,0.4898373983739837,0.5,0.18867924528301888,100.45,0.05,0.05,24.6
Brian Kelleher,Bantamweight,D,1.0,False,0.47058823529411764,32,0,0.7805429864253394,0.06561085972850679,0.15384615384615385,0.6515837104072398,0.1515837104072398,0.19683257918552036,0.41385767790262173,0.46875,0.4166666666666667,64.15625,0.1875,0.09375,33.375
Brian Ortega,Featherweight,C+,2.0,False,0.5714285714285714,42,2,0.8854447439353099,0.0660377358490566,0.04851752021563342,0.7115902964959568,0.18328840970350405,0.10512129380053908,0.37342727730246605,0.2857142857142857,0.25,23.761904761904763,0.2857142857142857,0.11904761904761904,47.30952380952381
Brian Stann,Light Heavyweight,E,0.0,False,0.5454545454545454,24,1,0.5705705705705706,0.22522522522522523,0.2042042042042042,0.5195195195195195,0.1981981981981982,0.2822822822822823,0.43302990897269183,0.0,0.0,43.166666666666664,0.125,0.2916666666666667,32.041666666666664
Brock Lesnar,Heavyweight,B+,4.0,True,0.5,15,3,0.14553990610328638,0.13145539906103287,0.7230046948356808,0.7136150234741784,0.22065727699530516,0.06572769953051644,0.7195945945945946,1.0,0.5357142857142857,133.0,0.13333333333333333,0.13333333333333333,19.733333333333334
Bruna Brasil,Women's Strawweight,E,0.0,False,0.375,23,1,0.7765567765567766,0.19047619047619047,0.03296703296703297,0.4358974358974359,0.3882783882783883,0.17582417582417584,0.5470941883767535,0.34782608695652173,0.47058823529411764,38.47826086956522,0.043478260869565216,0.0,21.695652173913043
Bruno Silva,Flyweight,D,1.0,False,0.4090909090909091,51,4,0.7971698113207547,0.08490566037735849,0.1179245283018868,0.6627358490566038,0.1957547169811321,0.14150943396226415,0.4970691676436108,0.4117647058823529,0.24705882352941178,43.333333333333336,0.0392156862745098,0.17647058823529413,33.450980392156865
Bryan Barberena,Welterweight,E,0.0,False,0.47368421052631576,47,2,0.7531486146095718,0.16960537363560033,0.07724601175482787,0.6994122586062133,0.13266162888329136,0.16792611251049538,0.48043565954013717,0.0425531914893617,0.2222222222222222,22.106382978723403,0.0851063829787234,0.1276595744680851,52.744680851063826
Bryan Battle,Welterweight,E,0.0,False,0.7777777777777778,19,1,0.7707808564231738,0.2216624685138539,0.007556675062972292,0.4987405541561713,0.41309823677581864,0.08816120906801007,0.5293333333333333,0.21052631578947367,0.17391304347826086,65.57894736842105,0.10526315789473684,0.10526315789473684,39.473684210526315
Bryan Caraway,Bantamweight,C+,2.0,False,0.6,26,0,0.8705501618122977,0.10679611650485436,0.022653721682847898,0.8025889967637541,0.10355987055016182,0.09385113268608414,0.3452513966480447,0.7307692307692307,0.21348314606741572,85.76923076923077,0.23076923076923078,0.0,34.42307692307692
Bryce Mitchell,Featherweight,D+,0.0,False,0.75,30,3,0.5587301587301587,0.0761904761904762,0.36507936507936506,0.580952380952381,0.2857142857142857,0.13333333333333333,0.5943396226415094,1.0,0.3614457831325301,145.9,0.36666666666666664,0.03333333333333333,17.666666666666668
CB Dollaway,Middleweight,E,0.0,False,0.55,39,3,0.5688073394495413,0.1353211009174312,0.2958715596330275,0.6605504587155964,0.21100917431192662,0.12844036697247707,0.4749455337690632,1.0,0.5492957746478874,97.33333333333333,0.3333333333333333,0.07692307692307693,23.53846153846154
CJ Vergara,Flyweight,E,0.0,False,0.375,18,1,0.7125603864734299,0.08454106280193237,0.2028985507246377,0.49516908212560384,0.36231884057971014,0.14251207729468598,0.5679012345679012,0.0,0.5,35.833333333333336,0.05555555555555555,0.0,40.5
Cain Velasquez,Heavyweight,B+,4.0,True,0.8461538461538461,29,3,0.3616133518776078,0.2712100139082058,0.3671766342141864,0.7538247566063978,0.1070931849791377,0.13908205841446453,0.5756605284227382,1.1724137931034482,0.41975308641975306,138.68965517241378,0.10344827586206896,0.3448275862068966,43.06896551724138
Caio Borralho,Middleweight,C,0.0,False,0.8888888888888888,29,4,0.8235294117647058,0.037037037037037035,0.1394335511982571,0.6492374727668845,0.1830065359477124,0.16775599128540306,0.5510204081632653,0.3448275862068966,0.45454545454545453,77.17241379310344,0.13793103448275862,0.10344827586206896,28.724137931034484
Calvin Kattar,Featherweight,C,0.0,False,0.4666666666666667,47,2,0.9293756397134084,0.016376663254861822,0.05424769703172978,0.7778915046059366,0.13408393039918118,0.08802456499488229,0.37971239797901285,0.10638297872340426,0.29411764705882354,8.127659574468085,0.02127659574468085,0.10638297872340426,54.744680851063826
Caol Uno,Lightweight,E,0.0,False,0.3333333333333333,27,1,0.43609022556390975,0.21804511278195488,0.3458646616541353,0.4548872180451128,0.12781954887218044,0.41729323308270677,0.5462012320328542,0.7407407407407407,0.3125,103.07407407407408,0.07407407407407407,0.0,18.037037037037038
Carla Esparza,Women's Strawweight,B,3.0,True,0.625,47,3,0.5691056910569106,0.12804878048780488,0.30284552845528456,0.7378048780487805,0.1443089430894309,0.11788617886178862,0.3945469125902165,1.0425531914893618,0.362962962962963,81.02127659574468,0.0851063829787234,0.0,26.53191489361702
Carlos Condit,Welterweight,B,3.0,True,0.47368421052631576,54,2,0.7862823061630219,0.08846918489065607,0.12524850894632206,0.5566600397614314,0.20576540755467196,0.23757455268389663,0.3857361963190184,0.16666666666666666,0.4090909090909091,28.64814814814815,0.2037037037037037,0.1111111111111111,48.2962962962963
Carlos Felipe,Heavyweight,E,0.0,False,0.6,15,2,0.8715846994535519,0.1092896174863388,0.01912568306010929,0.6338797814207651,0.3005464480874317,0.06557377049180328,0.4552238805970149,0.0,0.0,14.2,0.0,0.0,53.6
Carlos Hernandez,Flyweight,E,0.0,False,0.42857142857142855,16,0,0.7686274509803922,0.17647058823529413,0.054901960784313725,0.7137254901960784,0.17254901960784313,0.11372549019607843,0.4473684210526316,0.5625,0.2647058823529412,45.5625,0.0,0.0,35.625
Carlos Newton,Welterweight,B,3.0,True,0.5,16,1,0.6818181818181818,0.22727272727272727,0.09090909090909091,0.5,0.25,0.25,0.4,0.625,0.5882352941176471,44.0,0.5,0.125,6.875
Carlos Prates,Welterweight,C+,2.0,False,0.875,17,4,0.9056047197640118,0.008849557522123894,0.0855457227138643,0.5988200589970502,0.17994100294985252,0.22123893805309736,0.5406698564593302,0.058823529411764705,1.0,13.352941176470589,0.0,0.7058823529411765,36.88235294117647
Carlos Ulberg,Light Heavyweight,B,3.0,True,0.9090909090909091,20,4,0.8824593128390597,0.04159132007233273,0.0759493670886076,0.6112115732368897,0.162748643761302,0.22603978300180833,0.5602836879432624,0.15,0.6,10.75,0.05,0.35,49.35
Casey Kenney,Bantamweight,D,1.0,False,0.625,22,2,0.9029850746268657,0.06716417910447761,0.029850746268656716,0.5298507462686567,0.26119402985074625,0.208955223880597,0.4527027027027027,0.3181818181818182,0.3684210526315789,39.04545454545455,0.09090909090909091,0.0,53.81818181818182
Casey O'Neill,Women's Flyweight,D+,0.0,False,0.75,19,0,0.8124076809453471,0.04579025110782865,0.14180206794682423,0.7666174298375185,0.13884785819793205,0.09453471196454949,0.5219737856592136,0.42105263157894735,0.34782608695652173,67.89473684210526,0.21052631578947367,0.05263157894736842,68.26315789473684
Cat Zingano,Women's Bantamweight,C+,2.0,False,0.42857142857142855,17,3,0.36464088397790057,0.2430939226519337,0.39226519337016574,0.5911602209944752,0.2541436464088398,0.15469613259668508,0.6135593220338983,0.7647058823529411,0.65,109.58823529411765,0.23529411764705882,0.0,17.352941176470587
Cathal Pendred,Welterweight,E,0.0,False,0.6666666666666666,15,1,0.7747252747252747,0.21978021978021978,0.005494505494505495,0.3021978021978022,0.2087912087912088,0.489010989010989,0.44717444717444715,0.8,0.23529411764705882,66.33333333333333,0.13333333333333333,0.0,27.133333333333333
Cezar Ferreira,Middleweight,D,1.0,False,0.6,34,0,0.7845117845117845,0.06060606060606061,0.15488215488215487,0.5286195286195287,0.25252525252525254,0.21885521885521886,0.42857142857142855,0.8235294117647058,0.5384615384615384,87.3529411764706,0.14705882352941177,0.058823529411764705,20.38235294117647
Chad Anheliger,Bantamweight,E,0.0,False,0.4,15,4,0.7587719298245614,0.12719298245614036,0.11403508771929824,0.6885964912280702,0.13596491228070176,0.17543859649122806,0.44015444015444016,0.26666666666666666,0.36363636363636365,36.8,0.13333333333333333,0.13333333333333333,34.53333333333333
Chad Laprise,Lightweight,E,0.0,False,0.6,20,4,0.8512195121951219,0.06829268292682927,0.08048780487804878,0.5829268292682926,0.21707317073170732,0.2,0.4279749478079332,0.3,0.5454545454545454,36.85,0.0,0.15,47.9
Chad Mendes,Featherweight,C+,2.0,False,0.6923076923076923,28,4,0.6824146981627297,0.06299212598425197,0.2545931758530184,0.6745406824146981,0.08661417322834646,0.2388451443569554,0.5026385224274407,0.9642857142857143,0.48214285714285715,63.714285714285715,0.07142857142857142,0.2857142857142857,27.071428571428573
Chael Sonnen,Middleweight,D+,0.0,False,0.5384615384615384,32,3,0.3024390243902439,0.17804878048780487,0.5195121951219512,0.6317073170731707,0.16585365853658537,0.20243902439024392,0.45555555555555555,1.15625,0.5362318840579711,185.4375,0.125,0.0,28.125
Chan Sung Jung,Featherweight,C+,2.0,False,0.5833333333333334,36,0,0.7940140845070423,0.056338028169014086,0.14964788732394366,0.8045774647887324,0.1056338028169014,0.0897887323943662,0.4098124098124098,0.2222222222222222,0.4444444444444444,32.888888888888886,0.19444444444444445,0.1111111111111111,38.5
Charles Johnson,Flyweight,D,1.0,False,0.5714285714285714,37,2,0.8122786304604487,0.14167650531286896,0.04604486422668241,0.5041322314049587,0.29161747343565525,0.20425029515938606,0.4988221436984688,0.16216216216216217,0.16666666666666666,19.08108108108108,0.10810810810810811,0.10810810810810811,45.891891891891895
Charles Jourdain,Featherweight,E,0.0,False,0.5294117647058824,42,2,0.7416587225929456,0.18303145853193517,0.07530981887511916,0.5376549094375596,0.28503336510962823,0.1773117254528122,0.4943449575871819,0.11904761904761904,0.21739130434782608,32.476190476190474,0.19047619047619047,0.16666666666666666,50.523809523809526
Charles Oliveira,Lightweight,B+,4.0,True,0.7272727272727273,76,1,0.5870020964360587,0.18134171907756813,0.23165618448637318,0.5922431865828093,0.2578616352201258,0.149895178197065,0.556268221574344,0.5921052631578947,0.39823008849557523,80.5657894736842,0.6710526315789473,0.10526315789473684,22.56578947368421
Charles Rosa,Featherweight,E,0.0,False,0.38461538461538464,37,2,0.8896925858951176,0.04159132007233273,0.06871609403254973,0.5551537070524413,0.1609403254972875,0.28390596745027125,0.36286089238845143,0.5405405405405406,0.3508771929824561,41.4054054054054,0.32432432432432434,0.0,41.189189189189186
Charlie Brenneman,Welterweight,E,0.0,False,0.36363636363636365,21,3,0.24031007751937986,0.13953488372093023,0.6201550387596899,0.3953488372093023,0.40310077519379844,0.20155038759689922,0.5657894736842105,1.1428571428571428,0.42105263157894735,150.28571428571428,0.0,0.0,10.857142857142858
Chas Skelly,Featherweight,E,0.0,False,0.6666666666666666,27,0,0.6460176991150443,0.23893805309734514,0.11504424778761062,0.8628318584070797,0.11061946902654868,0.02654867256637168,0.4072072072072072,0.48148148148148145,0.34210526315789475,96.74074074074075,0.6296296296296297,0.07407407407407407,20.555555555555557
Chase Hooper,Featherweight,E,0.0,False,0.6153846153846154,26,0,0.6135458167330677,0.11752988047808766,0.2689243027888446,0.7071713147410359,0.1852589641434263,0.10756972111553785,0.476280834914611,0.8076923076923077,0.3387096774193548,92.8076923076923,0.5769230769230769,0.038461538461538464,40.53846153846154
Chase Sherman,Heavyweight,E,0.0,False,0.26666666666666666,36,2,0.9102167182662538,0.06914344685242518,0.02063983488132095,0.5479876160990712,0.20536635706914344,0.24664602683178535,0.45471609572970434,0.027777777777777776,0.5,10.222222222222221,0.0,0.08333333333333333,59.19444444444444
Cheick Kongo,Heavyweight,E,0.0,False,0.6111111111111112,37,1,0.3710801393728223,0.37630662020905925,0.25261324041811845,0.44076655052264807,0.2665505226480836,0.2926829268292683,0.5815602836879432,0.6486486486486487,0.631578947368421,94.5945945945946,0.08108108108108109,0.10810810810810811,26.675675675675677
Chepe Mariscal,Featherweight,E,0.0,False,0.8333333333333334,17,1,0.5565217391304348,0.22608695652173913,0.21739130434782608,0.6579710144927536,0.16231884057971013,0.17971014492753623,0.5546623794212219,0.7647058823529411,0.3939393939393939,83.94117647058823,0.058823529411764705,0.0,36.588235294117645
Chico Camus,Bantamweight,D,1.0,False,0.375,24,0,0.7317880794701986,0.08940397350993377,0.17880794701986755,0.8377483443708609,0.10264900662251655,0.059602649006622516,0.4120054570259209,0.25,0.4,74.5,0.125,0.0,30.541666666666668
Chidi Njokuani,Welterweight,E,0.0,False,0.5,20,1,0.6380753138075314,0.28451882845188287,0.07740585774058577,0.3723849372384937,0.40376569037656906,0.22384937238493724,0.5997490589711418,0.0,0.0,39.4,0.05,0.15,39.85
Chris Camozzi,Middleweight,E,0.0,False,0.5,49,2,0.81875,0.1575,0.02375,0.5875,0.1625,0.25,0.449438202247191,0.08163265306122448,0.19047619047619047,33.44897959183673,0.14285714285714285,0.02040816326530612,36.326530612244895
Chris Cariaso,Flyweight,D+,0.0,False,0.5384615384615384,37,1,0.6835871404399323,0.22504230118443316,0.09137055837563451,0.5702199661590525,0.29441624365482233,0.1353637901861252,0.43201754385964913,0.2702702702702703,0.38461538461538464,38.945945945945944,0.1891891891891892,0.0,36.972972972972975
Chris Curtis,Middleweight,D,1.0,False,0.5454545454545454,33,2,0.9198113207547169,0.06485849056603774,0.015330188679245283,0.6816037735849056,0.2653301886792453,0.05306603773584906,0.4930232558139535,0.0,0.0,5.636363636363637,0.0,0.09090909090909091,52.121212121212125
Chris Duncan,Lightweight,E,0.0,False,0.75,16,0,0.822429906542056,0.06853582554517133,0.10903426791277258,0.6043613707165109,0.22741433021806853,0.16822429906542055,0.4618705035971223,0.8125,0.40625,57.125,0.1875,0.125,43.4375
Chris Gruetzemacher,Lightweight,E,0.0,False,0.42857142857142855,17,1,0.6851441241685144,0.25055432372505543,0.06430155210643015,0.516629711751663,0.2860310421286031,0.1973392461197339,0.5708860759493671,0.058823529411764705,0.5,18.470588235294116,0.0,0.0,46.470588235294116
Chris Gutierrez,Bantamweight,D,1.0,False,0.6666666666666666,42,2,0.9519553072625698,0.01899441340782123,0.02905027932960894,0.3787709497206704,0.11284916201117319,0.5083798882681564,0.5755627009646302,0.09523809523809523,0.3076923076923077,12.833333333333334,0.023809523809523808,0.14285714285714285,37.023809523809526
Chris Leben,Middleweight,E,0.0,False,0.5454545454545454,46,1,0.4965034965034965,0.28321678321678323,0.2202797202797203,0.6031468531468531,0.1660839160839161,0.23076923076923078,0.4291072768192048,0.3695652173913043,0.4594594594594595,68.6086956521739,0.21739130434782608,0.10869565217391304,28.97826086956522
Chris Lytle,Welterweight,E,0.0,False,0.5263157894736842,48,0,0.7677261613691931,0.20048899755501223,0.03178484107579462,0.6161369193154034,0.30073349633251834,0.08312958435207823,0.440495422724825,0.1875,0.5,35.875,0.6458333333333334,0.041666666666666664,38.6875
Chris Wade,Lightweight,E,0.0,False,0.7142857142857143,17,1,0.5401459854014599,0.27007299270072993,0.1897810218978102,0.48175182481751827,0.2116788321167883,0.30656934306569344,0.5393700787401575,0.8235294117647058,0.5185185185185185,125.29411764705883,0.35294117647058826,0.058823529411764705,14.941176470588236
Chris Weidman,Middleweight,A,6.0,True,0.6,48,0,0.6645367412140575,0.0926517571884984,0.24281150159744408,0.7348242811501597,0.1597444089456869,0.10543130990415335,0.4513338139870223,0.9166666666666666,0.4230769230769231,81.20833333333333,0.22916666666666666,0.10416666666666667,28.895833333333332
Christian Leroy Duncan,Middleweight,D,1.0,False,0.7777777777777778,20,2,0.7581047381546134,0.16458852867830423,0.0773067331670823,0.486284289276808,0.1546134663341646,0.35910224438902744,0.5794797687861272,0.1,0.16666666666666666,57.55,0.0,0.15,34.6
Christian Rodriguez,Featherweight,E,0.0,False,0.5555555555555556,23,0,0.6682577565632458,0.18138424821002386,0.15035799522673032,0.7279236276849642,0.17899761336515513,0.09307875894988067,0.5230961298377028,0.6521739130434783,0.40540540540540543,73.21739130434783,0.391304347826087,0.0,34.82608695652174
Christos Giagos,Lightweight,E,0.0,False,0.42857142857142855,27,0,0.7393767705382436,0.11614730878186968,0.14447592067988668,0.6572237960339944,0.22946175637393768,0.11331444759206799,0.41824644549763035,0.8148148148148148,0.36666666666666664,77.44444444444444,0.1111111111111111,0.037037037037037035,31.25925925925926
Chuck Liddell,Light Heavyweight,A,6.0,True,0.65,45,4,0.7037643207855974,0.13584288052373159,0.16039279869067102,0.6824877250409165,0.07364975450081833,0.24386252045826515,0.3734718826405868,0.15555555555555556,0.875,23.533333333333335,0.0,0.3111111111111111,36.355555555555554
Ciryl Gane,Heavyweight,B,3.0,True,0.75,37,2,0.9009687836383208,0.06996770721205597,0.02906350914962325,0.4294940796555436,0.2766415500538213,0.2938643702906351,0.6164565361645654,0.21621621621621623,0.25,26.027027027027028,0.1891891891891892,0.08108108108108109,40.729729729729726
Claudia Gadelha,Women's Strawweight,C+,2.0,False,0.5833333333333334,36,0,0.788135593220339,0.10508474576271186,0.10677966101694915,0.8305084745762712,0.1271186440677966,0.0423728813559322,0.4154929577464789,1.0,0.42857142857142855,89.16666666666667,0.2222222222222222,0.027777777777777776,39.44444444444444
Claudio Puelles,Lightweight,E,0.0,False,0.5555555555555556,23,3,0.5590062111801242,0.062111801242236024,0.37888198757763975,0.6211180124223602,0.32298136645962733,0.055900621118012424,0.4666666666666667,1.0,0.3382352941176471,121.95652173913044,0.30434782608695654,0.0,15.0
Claudio Silva,Welterweight,E,0.0,False,0.625,20,0,0.7148936170212766,0.04680851063829787,0.23829787234042554,0.548936170212766,0.2127659574468085,0.23829787234042554,0.4203935599284436,0.9,0.26865671641791045,96.0,0.35,0.0,27.95
Clay Guida,Lightweight,D+,0.0,False,0.4864864864864865,93,0,0.6513840830449827,0.13667820069204153,0.21193771626297578,0.5977508650519031,0.16089965397923875,0.24134948096885814,0.33161216293746415,0.8387096774193549,0.33620689655172414,100.93548387096774,0.17204301075268819,0.06451612903225806,37.483870967741936
Clint Hester,Middleweight,E,0.0,False,0.5714285714285714,16,4,0.7701612903225806,0.09274193548387097,0.13709677419354838,0.7217741935483871,0.1693548387096774,0.10887096774193548,0.4283246977547496,0.3125,0.35714285714285715,48.1875,0.0,0.1875,36.1875
Cody Brundage,Middleweight,E,0.0,False,0.375,30,0,0.6700680272108843,0.09523809523809523,0.23469387755102042,0.7721088435374149,0.08503401360544217,0.14285714285714285,0.49830508474576274,0.4666666666666667,0.42424242424242425,44.233333333333334,0.13333333333333333,0.13333333333333333,19.666666666666668
Cody Durden,Flyweight,D,1.0,False,0.4375,37,0,0.851145038167939,0.03816793893129771,0.11068702290076336,0.732824427480916,0.12786259541984732,0.13931297709923665,0.4482463644140291,1.162162162162162,0.4942528735632184,99.75675675675676,0.1891891891891892,0.02702702702702703,31.594594594594593
Cody Garbrandt,Bantamweight,B,3.0,True,0.5882352941176471,38,4,0.8653061224489796,0.08163265306122448,0.053061224489795916,0.7204081632653061,0.1346938775510204,0.14489795918367346,0.40362438220757824,0.2631578947368421,0.22727272727272727,16.05263157894737,0.0,0.2894736842105263,31.94736842105263
Cody Gibson,Bantamweight,E,0.0,False,0.3,22,0,0.7298050139275766,0.22562674094707522,0.04456824512534819,0.713091922005571,0.17548746518105848,0.11142061281337047,0.461439588688946,0.6363636363636364,0.3783783783783784,70.5909090909091,0.18181818181818182,0.09090909090909091,35.36363636363637
Cody Stamann,Bantamweight,D+,0.0,False,0.4666666666666667,38,0,0.7719072164948454,0.13015463917525774,0.0979381443298969,0.6353092783505154,0.2603092783505155,0.10438144329896908,0.46859903381642515,0.6842105263157895,0.37142857142857144,55.21052631578947,0.0,0.05263157894736842,43.578947368421055
Colby Covington,Welterweight,B,3.0,True,0.75,61,0,0.7970882620564149,0.09736123748862602,0.10555050045495905,0.6942675159235668,0.1583257506824386,0.14740673339399454,0.38480392156862747,1.1475409836065573,0.4268292682926829,123.01639344262296,0.04918032786885246,0.01639344262295082,46.81967213114754
Cole Miller,Featherweight,E,0.0,False,0.5,45,0,0.7867768595041322,0.11570247933884298,0.09752066115702479,0.6958677685950413,0.17024793388429751,0.13388429752066117,0.3331497797356828,0.17777777777777778,0.36363636363636365,40.91111111111111,0.5333333333333333,0.08888888888888889,40.355555555555554
Conor McGregor,Featherweight,B,3.0,True,0.8333333333333334,28,4,0.7696160267111853,0.1018363939899833,0.1285475792988314,0.6994991652754591,0.17028380634390652,0.1302170283806344,0.49750830564784054,0.17857142857142858,0.5555555555555556,29.678571428571427,0.03571428571428571,0.4642857142857143,43.0
Constantinos Philippou,Middleweight,E,0.0,False,0.6,24,4,0.7213114754098361,0.12295081967213115,0.1557377049180328,0.8032786885245902,0.12295081967213115,0.07377049180327869,0.3510791366906475,0.125,0.42857142857142855,26.458333333333332,0.08333333333333333,0.20833333333333334,28.958333333333332
Corey Anderson,Light Heavyweight,C,0.0,False,0.6666666666666666,36,3,0.5866851595006934,0.1608876560332871,0.2524271844660194,0.7780859916782247,0.14563106796116504,0.07628294036061026,0.46277278562259305,1.4722222222222223,0.5,111.47222222222223,0.0,0.027777777777777776,43.27777777777778
Cortney Casey,Women's Strawweight,D+,0.0,False,0.4,39,2,0.7843137254901961,0.11642156862745098,0.09926470588235294,0.6838235294117647,0.10661764705882353,0.20955882352941177,0.39136690647482014,0.1282051282051282,0.3125,16.94871794871795,0.15384615384615385,0.0,53.46153846153846
Cory McKenna,Women's Strawweight,E,0.0,False,0.5,15,0,0.8418367346938775,0.09183673469387756,0.0663265306122449,0.8571428571428571,0.0663265306122449,0.07653061224489796,0.3663551401869159,0.6666666666666666,0.45454545454545453,109.86666666666666,0.13333333333333333,0.0,35.666666666666664
Cory Sandhagen,Bantamweight,C+,2.0,False,0.6875,51,2,0.8295454545454546,0.02972027972027972,0.14073426573426573,0.6486013986013986,0.1555944055944056,0.1958041958041958,0.4500393391030684,0.35294117647058826,0.34615384615384615,55.78431372549019,0.0784313725490196,0.0784313725490196,49.84313725490196
Court McGee,Welterweight,E,0.0,False,0.4583333333333333,63,2,0.8489736070381232,0.06085043988269795,0.09017595307917889,0.5190615835777126,0.2280058651026393,0.2529325513196481,0.36864864864864866,0.5714285714285714,0.2482758620689655,68.42857142857143,0.14285714285714285,0.047619047619047616,58.73015873015873
Cristiane Justino,Women's Featherweight,E,0.0,False,0.8571428571428571,16,1,0.6456521739130435,0.21956521739130436,0.13478260869565217,0.5652173913043478,0.2956521739130435,0.1391304347826087,0.5700123915737298,0.1875,0.6,35.8125,0.0,0.125,50.4375
Cub Swanson,Featherweight,C+,2.0,False,0.64,68,4,0.8285714285714286,0.0972644376899696,0.07416413373860183,0.6030395136778115,0.19635258358662613,0.2006079027355623,0.5257270693512305,0.20588235294117646,0.5185185185185185,20.176470588235293,0.029411764705882353,0.17647058823529413,46.01470588235294
Curtis Blaydes,Heavyweight,C+,2.0,False,0.6666666666666666,48,3,0.5203955500618047,0.1792336217552534,0.3003708281829419,0.723114956736712,0.1100123609394314,0.1668726823238566,0.5212628865979382,1.375,0.4782608695652174,109.625,0.0,0.041666666666666664,32.333333333333336
Cynthia Calvillo,Women's Strawweight,C+,2.0,False,0.46153846153846156,34,2,0.8682065217391305,0.025815217391304348,0.10597826086956522,0.5353260869565217,0.30434782608695654,0.16032608695652173,0.38413361169102295,0.5882352941176471,0.4444444444444444,56.970588235294116,0.2647058823529412,0.0,56.35294117647059
Da Woon Jung,Light Heavyweight,E,0.0,False,0.4444444444444444,21,4,0.7868852459016393,0.12786885245901639,0.08524590163934426,0.659016393442623,0.1377049180327869,0.20327868852459016,0.40720961281708945,0.47619047619047616,0.47619047619047616,59.42857142857143,0.047619047619047616,0.14285714285714285,35.666666666666664
Da'Mon Blackshear,Bantamweight,E,0.0,False,0.5,22,0,0.7813211845102506,0.14350797266514806,0.07517084282460136,0.5535307517084282,0.23234624145785876,0.214123006833713,0.4592050209205021,0.45454545454545453,0.3333333333333333,63.77272727272727,0.45454545454545453,0.0,43.45454545454545
DaMarques Johnson,Welterweight,E,0.0,False,0.4,16,0,0.5970149253731343,0.14925373134328357,0.2537313432835821,0.7835820895522388,0.13432835820895522,0.08208955223880597,0.37746478873239436,0.3125,0.5555555555555556,50.875,0.1875,0.125,22.1875
Dalcha Lungiambula,Middleweight,E,0.0,False,0.2857142857142857,17,1,0.5488372093023256,0.20930232558139536,0.24186046511627907,0.6558139534883721,0.27906976744186046,0.06511627906976744,0.45073375262054505,0.5882352941176471,0.45454545454545453,67.58823529411765,0.0,0.058823529411764705,28.058823529411764
Damian Stasiak,Bantamweight,E,0.0,False,0.3333333333333333,16,0,0.8467153284671532,0.058394160583941604,0.0948905109489051,0.6423357664233577,0.20437956204379562,0.15328467153284672,0.363395225464191,0.8125,0.35135135135135137,63.5,0.1875,0.0,23.5625
Damir Hadzovic,Lightweight,E,0.0,False,0.4,23,4,0.78419452887538,0.10638297872340426,0.1094224924012158,0.756838905775076,0.14893617021276595,0.09422492401215805,0.47819767441860467,0.2608695652173913,0.5454545454545454,20.08695652173913,0.043478260869565216,0.08695652173913043,29.91304347826087
Damir Ismagulov,Lightweight,D,1.0,False,0.7142857142857143,21,2,0.8328611898016998,0.05099150141643059,0.11614730878186968,0.5439093484419264,0.31444759206798867,0.141643059490085,0.42787878787878786,0.3333333333333333,0.28,56.476190476190474,0.0,0.047619047619047616,39.285714285714285
Damon Jackson,Featherweight,E,0.0,False,0.42857142857142855,31,1,0.6428571428571429,0.229064039408867,0.12807881773399016,0.6083743842364532,0.30295566502463056,0.08866995073891626,0.42872228088701164,0.6774193548387096,0.328125,109.70967741935483,0.3548387096774194,0.0,30.548387096774192
Dan Argueta,Bantamweight,E,0.0,False,0.16666666666666666,15,3,0.659217877094972,0.16759776536312848,0.17318435754189945,0.6871508379888268,0.19553072625698323,0.11731843575418995,0.4344660194174757,1.4,0.3559322033898305,117.66666666666667,0.4666666666666667,0.0,27.466666666666665
Dan Hardy,Welterweight,E,0.0,False,0.6,26,0,0.6578947368421053,0.22697368421052633,0.11513157894736842,0.625,0.17434210526315788,0.20065789473684212,0.35348837209302325,0.23076923076923078,0.35294117647058826,45.07692307692308,0.11538461538461539,0.11538461538461539,33.07692307692308
Dan Henderson,Light Heavyweight,C+,2.0,False,0.5,47,1,0.5038022813688213,0.28517110266159695,0.21102661596958175,0.6216730038022814,0.1634980988593156,0.21482889733840305,0.45541125541125543,0.3191489361702128,0.42857142857142855,37.297872340425535,0.10638297872340426,0.19148936170212766,24.574468085106382
Dan Hooker,Lightweight,C,0.0,False,0.5833333333333334,55,2,0.8437233134073442,0.08539709649871904,0.07087959009393681,0.6225448334756618,0.18274978650725876,0.19470538001707943,0.48690228690228693,0.2,0.3333333333333333,46.54545454545455,0.16363636363636364,0.16363636363636364,43.72727272727273
Dan Ige,Featherweight,D+,0.0,False,0.5238095238095238,56,2,0.782422293676313,0.0782422293676313,0.13933547695605572,0.6505894962486602,0.22508038585209003,0.12433011789924973,0.4524733268671193,0.23214285714285715,0.22033898305084745,32.785714285714285,0.017857142857142856,0.125,36.82142857142857
Dan Miller,Middleweight,E,0.0,False,0.46153846153846156,32,0,0.6946308724832215,0.14429530201342283,0.1610738255033557,0.6476510067114094,0.21140939597315436,0.14093959731543623,0.3603385731559855,0.46875,0.5172413793103449,55.25,0.5,0.0625,25.84375
Dan Severn,Heavyweight,E,0.0,False,0.6666666666666666,16,3,0.16101694915254236,0.06779661016949153,0.7711864406779662,0.7288135593220338,0.17796610169491525,0.09322033898305085,0.4555984555984556,0.5625,0.45,0.0,0.375,0.0,16.1875
Daniel Cormier,Light Heavyweight,S,10.0,True,0.7857142857142857,45,0,0.5993413830954994,0.22941822173435786,0.1712403951701427,0.7486278814489572,0.13062568605927552,0.1207464324917673,0.5474759615384616,0.5111111111111111,0.46,83.82222222222222,0.17777777777777778,0.044444444444444446,36.977777777777774
Daniel Kelly,Middleweight,D,1.0,False,0.6,22,0,0.6914285714285714,0.15142857142857144,0.15714285714285714,0.8657142857142858,0.06,0.07428571428571429,0.38802660753880264,0.5454545454545454,0.34285714285714286,48.72727272727273,0.09090909090909091,0.0,41.0
Daniel Marcos,Bantamweight,E,0.0,False,0.7142857142857143,18,4,0.8317073170731707,0.14146341463414633,0.026829268292682926,0.6170731707317073,0.1975609756097561,0.18536585365853658,0.553306342780027,0.5,0.5294117647058824,52.72222222222222,0.05555555555555555,0.1111111111111111,41.166666666666664
Daniel Omielanczuk,Heavyweight,D,1.0,False,0.4444444444444444,24,1,0.5903614457831325,0.32228915662650603,0.08734939759036145,0.5090361445783133,0.28012048192771083,0.21084337349397592,0.5734024179620034,0.16666666666666666,0.26666666666666666,31.0,0.041666666666666664,0.08333333333333333,24.125
Daniel Pineda,Featherweight,E,0.0,False,0.35714285714285715,30,0,0.590027700831025,0.06371191135734072,0.3462603878116344,0.6703601108033241,0.14958448753462603,0.18005540166204986,0.4958791208791209,0.4,0.24,65.46666666666667,0.43333333333333335,0.06666666666666667,24.266666666666666
Daniel Roberts,Welterweight,E,0.0,False,0.42857142857142855,15,0,0.6938775510204082,0.14285714285714285,0.16326530612244897,0.5306122448979592,0.32653061224489793,0.14285714285714285,0.20416666666666666,0.7333333333333333,0.44,62.86666666666667,0.7333333333333333,0.0,16.0
Daniel Rodriguez,Welterweight,D,1.0,False,0.7142857142857143,35,2,0.9487179487179487,0.019658119658119658,0.03162393162393162,0.6401709401709401,0.19914529914529913,0.1606837606837607,0.4918032786885246,0.05714285714285714,0.2857142857142857,13.8,0.02857142857142857,0.2,67.97142857142858
Daniel Santos,Bantamweight,E,0.0,False,0.6666666666666666,15,0,0.7647058823529411,0.0896358543417367,0.14565826330532214,0.6666666666666666,0.22128851540616246,0.11204481792717087,0.40476190476190477,0.8,0.3333333333333333,83.2,0.0,0.13333333333333333,58.8
Daniel Zellhuber,Lightweight,E,0.0,False,0.42857142857142855,19,2,0.9180672268907563,0.03361344537815126,0.04831932773109244,0.6302521008403361,0.2689075630252101,0.10084033613445378,0.358974358974359,0.0,0.0,7.842105263157895,0.10526315789473684,0.10526315789473684,69.78947368421052
Danielle Taylor,Women's Strawweight,E,0.0,False,0.4,15,2,0.9466019417475728,0.04854368932038835,0.0048543689320388345,0.6310679611650486,0.1553398058252427,0.21359223300970873,0.2947067238912732,0.06666666666666667,0.2,0.06666666666666667,0.06666666666666667,0.0,46.6
Danny Castillo,Lightweight,E,0.0,False,0.5,37,3,0.5668789808917197,0.15286624203821655,0.2802547770700637,0.6624203821656051,0.14861995753715498,0.18895966029723993,0.43410138248847924,0.8378378378378378,0.34831460674157305,105.48648648648648,0.08108108108108109,0.05405405405405406,29.324324324324323
Danny Roberts,Welterweight,E,0.0,False,0.5,29,2,0.6469135802469136,0.20246913580246914,0.1506172839506173,0.5753086419753086,0.2617283950617284,0.16296296296296298,0.3955078125,0.06896551724137931,0.09523809523809523,39.6551724137931,0.06896551724137931,0.10344827586206896,35.310344827586206
Daron Cruickshank,Lightweight,E,0.0,False,0.46153846153846156,30,4,0.7244094488188977,0.16272965879265092,0.11286089238845144,0.5669291338582677,0.2755905511811024,0.15748031496062992,0.3806193806193806,0.6,0.4186046511627907,34.2,0.06666666666666667,0.16666666666666666,33.36666666666667
Darren Elkins,Featherweight,D+,0.0,False,0.6333333333333333,76,0,0.5756302521008403,0.20336134453781513,0.22100840336134453,0.7596638655462185,0.19747899159663865,0.04285714285714286,0.38436692506459946,0.881578947368421,0.3401015228426396,101.86842105263158,0.32894736842105265,0.02631578947368421,40.73684210526316
Darren Stewart,Middleweight,E,0.0,False,0.38461538461538464,29,1,0.5688775510204082,0.29591836734693877,0.13520408163265307,0.6326530612244898,0.14795918367346939,0.2193877551020408,0.4558139534883721,0.5172413793103449,0.45454545454545453,42.93103448275862,0.034482758620689655,0.06896551724137931,29.655172413793103
Darren Till,Welterweight,C+,2.0,False,0.5,35,4,0.7573333333333333,0.104,0.13866666666666666,0.688,0.13866666666666666,0.17333333333333334,0.4681647940074906,0.17142857142857143,0.46153846153846156,18.428571428571427,0.0,0.14285714285714285,22.885714285714286
Dave Menne,Welterweight,B,3.0,True,0.3333333333333333,15,1,0.40559440559440557,0.3916083916083916,0.20279720279720279,0.5104895104895105,0.22377622377622378,0.26573426573426573,0.42058823529411765,0.13333333333333333,0.5,72.53333333333333,0.8,0.0,22.666666666666668
Davey Grant,Bantamweight,E,0.0,False,0.5625,42,2,0.8946378174976481,0.059266227657572904,0.04609595484477893,0.40357478833490124,0.3264346190028222,0.2699905926622766,0.4548566538296962,0.2857142857142857,0.3870967741935484,32.714285714285715,0.047619047619047616,0.09523809523809523,55.642857142857146
Davi Ramos,Lightweight,E,0.0,False,0.5714285714285714,17,0,0.7832512315270936,0.09852216748768473,0.11822660098522167,0.7241379310344828,0.15270935960591134,0.12315270935960591,0.37732342007434944,0.5882352941176471,0.4,44.470588235294116,0.17647058823529413,0.0,31.647058823529413
David Abbott,Heavyweight,E,0.0,False,0.4444444444444444,20,3,0.34615384615384615,0.2948717948717949,0.358974358974359,0.9487179487179487,0.05128205128205128,0.0,0.4444444444444444,0.5,0.625,6.15,0.2,0.2,17.55
David Branch,Middleweight,D+,0.0,False,0.4444444444444444,20,1,0.49635036496350365,0.35036496350364965,0.15328467153284672,0.4744525547445255,0.29927007299270075,0.22627737226277372,0.39825581395348836,0.7,0.32558139534883723,102.9,0.0,0.05,17.2
David Dvorak,Flyweight,D+,0.0,False,0.5,16,2,0.8587360594795539,0.11152416356877323,0.02973977695167286,0.5092936802973977,0.21561338289962825,0.275092936802974,0.4304,0.1875,0.3,28.9375,0.0625,0.0,39.0625
David Loiseau,Middleweight,E,0.0,False,0.4444444444444444,22,1,0.3132530120481928,0.3433734939759036,0.3433734939759036,0.7289156626506024,0.1566265060240964,0.1144578313253012,0.44623655913978494,0.13636363636363635,0.42857142857142855,39.40909090909091,0.045454545454545456,0.18181818181818182,16.90909090909091
David Onama,Featherweight,D,1.0,False,0.6666666666666666,21,4,0.7917485265225933,0.07465618860510806,0.13359528487229863,0.7976424361493124,0.11591355599214145,0.08644400785854617,0.5004916420845624,0.3333333333333333,0.30434782608695654,56.904761904761905,0.14285714285714285,0.19047619047619047,48.42857142857143
David Teymur,Lightweight,E,0.0,False,0.8333333333333334,15,2,0.903010033444816,0.07023411371237458,0.026755852842809364,0.44816053511705684,0.2040133779264214,0.34782608695652173,0.4320809248554913,0.26666666666666666,0.3333333333333333,11.333333333333334,0.0,0.2,46.13333333333333
Deiveson Figueiredo,Bantamweight,B+,4.0,True,0.7368421052631579,57,4,0.7545839210155149,0.07334273624823695,0.17207334273624825,0.6050775740479548,0.2778561354019746,0.11706629055007052,0.5391634980988593,0.5087719298245614,0.35365853658536583,45.49122807017544,0.38596491228070173,0.21052631578947367,23.07017543859649
Demetrious Johnson,Bantamweight,S,10.0,True,0.9333333333333333,69,1,0.56692242114237,0.30605285592497866,0.12702472293265132,0.45439045183290705,0.3145780051150895,0.2310315430520034,0.5445682451253482,1.0724637681159421,0.5481481481481482,88.92753623188406,0.17391304347826086,0.043478260869565216,31.217391304347824
Demian Maia,Welterweight,C+,2.0,False,0.6666666666666666,89,3,0.5020297699594046,0.12043301759133965,0.37753721244925575,0.8010825439783491,0.14614343707713126,0.05277401894451962,0.4357311320754717,0.7640449438202247,0.24817518248175183,104.70786516853933,0.30337078651685395,0.011235955056179775,19.0561797752809
Denise Gomes,Women's Strawweight,D,1.0,False,0.75,20,1,0.6039325842696629,0.2556179775280899,0.1404494382022472,0.4859550561797753,0.3089887640449438,0.2050561797752809,0.5144508670520231,0.5,0.3448275862068966,80.45,0.25,0.15,34.6
Dennis Bermudez,Featherweight,D+,0.0,False,0.5882352941176471,42,3,0.5298850574712644,0.18275862068965518,0.28735632183908044,0.6701149425287356,0.14597701149425288,0.1839080459770115,0.4625199362041467,1.2142857142857142,0.4015748031496063,102.19047619047619,0.3333333333333333,0.11904761904761904,44.785714285714285
Dennis Hallman,Welterweight,E,0.0,False,0.4444444444444444,19,3,0.24468085106382978,0.2127659574468085,0.5425531914893617,0.6702127659574468,0.20212765957446807,0.1276595744680851,0.44976076555023925,0.5263157894736842,0.30303030303030304,97.26315789473684,0.631578947368421,0.05263157894736842,11.0
Dennis Siver,Lightweight,C,0.0,False,0.5714285714285714,50,2,0.8481012658227848,0.05293440736478711,0.09896432681242807,0.5684695051783659,0.13578826237054084,0.2957422324510932,0.3244958924570575,0.26,0.325,45.74,0.1,0.14,53.56
Derek Brunson,Middleweight,C,0.0,False,0.6666666666666666,43,0,0.625,0.14814814814814814,0.22685185185185186,0.7052469135802469,0.1527777777777778,0.1419753086419753,0.46585190510424157,0.8372093023255814,0.3157894736842105,97.04651162790698,0.16279069767441862,0.13953488372093023,32.348837209302324
Derrick Lewis,Heavyweight,C+,2.0,False,0.6451612903225806,68,3,0.397037037037037,0.18222222222222223,0.42074074074074075,0.7896296296296297,0.1674074074074074,0.04296296296296296,0.4985228951255539,0.14705882352941177,0.2631578947368421,27.191176470588236,0.0,0.16176470588235295,19.91176470588235
Desmond Green,Lightweight,E,0.0,False,0.5714285714285714,19,4,0.8313953488372093,0.09011627906976744,0.07848837209302326,0.6744186046511628,0.18023255813953487,0.14534883720930233,0.46112600536193027,0.5263157894736842,0.5,18.36842105263158,0.0,0.05263157894736842,39.26315789473684
Devin Clark,Light Heavyweight,E,0.0,False,0.47058823529411764,42,1,0.5204081632653061,0.30952380952380953,0.17006802721088435,0.5578231292517006,0.272108843537415,0.17006802721088435,0.5419354838709678,0.6666666666666666,0.32941176470588235,85.30952380952381,0.023809523809523808,0.07142857142857142,25.833333333333332
Dhiego Lima,Welterweight,E,0.0,False,0.36363636363636365,23,0,0.7710437710437711,0.037037037037037035,0.1919191919191919,0.6363636363636364,0.16498316498316498,0.19865319865319866,0.3902759526938239,0.34782608695652173,0.34782608695652173,36.69565217391305,0.17391304347826086,0.08695652173913043,33.08695652173913
Diana Belbita,Women's Strawweight,E,0.0,False,0.2857142857142857,18,2,0.8270944741532977,0.14616755793226383,0.026737967914438502,0.5614973262032086,0.2620320855614973,0.17647058823529413,0.4189693801344287,0.2777777777777778,0.625,22.61111111111111,0.0,0.05555555555555555,74.38888888888889
Diego Brandao,Featherweight,D,1.0,False,0.6,18,4,0.6952789699570815,0.11158798283261803,0.19313304721030042,0.6824034334763949,0.20600858369098712,0.11158798283261803,0.4794238683127572,0.9444444444444444,0.68,65.72222222222223,0.16666666666666666,0.16666666666666666,27.0
Diego Ferreira,Lightweight,D+,0.0,False,0.625,38,2,0.7757731958762887,0.06443298969072164,0.15979381443298968,0.7061855670103093,0.21778350515463918,0.07603092783505154,0.39774474628395695,0.23684210526315788,0.3,30.605263157894736,0.15789473684210525,0.07894736842105263,51.3421052631579
Diego Lopes,Featherweight,C+,2.0,False,0.75,24,4,0.6917808219178082,0.0776255707762557,0.23059360730593606,0.7146118721461188,0.1232876712328767,0.16210045662100456,0.4781659388646288,0.2916666666666667,0.5,31.791666666666668,0.3333333333333333,0.20833333333333334,38.166666666666664
Diego Nunes,Featherweight,E,0.0,False,0.5,18,1,0.6879699248120301,0.22180451127819548,0.09022556390977443,0.40977443609022557,0.2744360902255639,0.3157894736842105,0.44333333333333336,0.2777777777777778,0.5555555555555556,37.5,0.0,0.16666666666666666,33.333333333333336
Diego Sanchez,Welterweight,D,1.0,False,0.59375,84,0,0.5784499054820416,0.10586011342155009,0.31568998109640833,0.6899810964083176,0.23629489603024575,0.07372400756143667,0.37345570067066713,0.42857142857142855,0.21686746987951808,70.97619047619048,0.21428571428571427,0.07142857142857142,33.726190476190474
Din Thomas,Lightweight,E,0.0,False,0.5555555555555556,21,0,0.5604395604395604,0.32967032967032966,0.10989010989010989,0.8076923076923077,0.10989010989010989,0.08241758241758242,0.37681159420289856,0.42857142857142855,0.5294117647058824,64.14285714285714,0.38095238095238093,0.047619047619047616,23.0
Dominick Cruz,Bantamweight,B+,4.0,True,0.6666666666666666,38,2,0.8884615384615384,0.06794871794871794,0.04358974358974359,0.6641025641025641,0.18076923076923077,0.15512820512820513,0.37993180711154406,0.7368421052631579,0.3181818181818182,35.73684210526316,0.02631578947368421,0.02631578947368421,54.026315789473685
Dominick Reyes,Light Heavyweight,C+,2.0,False,0.6666666666666666,28,4,0.7482993197278912,0.10204081632653061,0.14965986394557823,0.5629251700680272,0.23979591836734693,0.19727891156462585,0.5364963503649635,0.07142857142857142,0.2857142857142857,17.678571428571427,0.07142857142857142,0.25,39.142857142857146
Don'Tale Mayes,Heavyweight,D,1.0,False,0.36363636363636365,32,2,0.8551068883610451,0.1187648456057007,0.026128266033254157,0.5486935866983373,0.28741092636579574,0.16389548693586697,0.4115347018572825,0.21875,0.4666666666666667,36.78125,0.0,0.0625,31.96875
Donald Cerrone,Lightweight,C+,2.0,False,0.6216216216216216,81,2,0.8455377574370709,0.08638443935926773,0.06807780320366133,0.5108695652173914,0.2528604118993135,0.23627002288329518,0.4735843944730425,0.2962962962962963,0.2891566265060241,28.59259259259259,0.13580246913580246,0.24691358024691357,45.5679012345679
Dong Hyun Kim,Welterweight,D+,0.0,False,0.7222222222222222,45,3,0.36556603773584906,0.19811320754716982,0.4363207547169811,0.7712264150943396,0.10377358490566038,0.125,0.49017341040462425,0.8666666666666667,0.43820224719101125,131.46666666666667,0.17777777777777778,0.08888888888888889,19.22222222222222
Dong Hyun Ma,Lightweight,E,0.0,False,0.375,19,0,0.7872340425531915,0.13617021276595745,0.07659574468085106,0.6893617021276596,0.13617021276595745,0.17446808510638298,0.4144620811287478,0.3684210526315789,0.5384615384615384,42.10526315789474,0.0,0.05263157894736842,29.842105263157894
Dooho Choi,Featherweight,D,1.0,False,0.6,20,4,0.7788461538461539,0.09375,0.12740384615384615,0.6947115384615384,0.18509615384615385,0.1201923076923077,0.5561497326203209,0.35,0.5384615384615384,46.45,0.15,0.25,37.4
Douglas Silva de Andrade,Bantamweight,D,1.0,False,0.5,35,2,0.924114671163575,0.05564924114671164,0.02023608768971332,0.521079258010118,0.22934232715008432,0.24957841483979765,0.3860677083333333,0.17142857142857143,0.42857142857142855,16.485714285714284,0.05714285714285714,0.17142857142857143,43.885714285714286
Drakkar Klose,Lightweight,E,0.0,False,0.7692307692307693,33,1,0.5919003115264797,0.32710280373831774,0.08099688473520249,0.5295950155763239,0.2803738317757009,0.19003115264797507,0.5506003430531733,0.45454545454545453,0.26785714285714285,64.54545454545455,0.0,0.06060606060606061,35.333333333333336
Drew Dober,Lightweight,D,1.0,False,0.5555555555555556,55,2,0.7947686116700201,0.11167002012072434,0.09356136820925554,0.6317907444668008,0.22635814889336017,0.14185110663983905,0.4102352455633512,0.16363636363636364,0.16981132075471697,31.98181818181818,0.01818181818181818,0.18181818181818182,44.054545454545455
Drew Fickett,Welterweight,E,0.0,False,0.5714285714285714,15,1,0.36774193548387096,0.3225806451612903,0.3096774193548387,0.4774193548387097,0.34838709677419355,0.17419354838709677,0.4155495978552279,0.4,0.375,47.06666666666667,0.5333333333333333,0.06666666666666667,24.866666666666667
Dricus Du Plessis,Middleweight,B+,4.0,True,0.9,32,4,0.8246753246753247,0.07922077922077922,0.09610389610389611,0.5935064935064935,0.17792207792207793,0.22857142857142856,0.4879594423320659,0.6875,0.5116279069767442,32.9375,0.21875,0.125,49.3125
Duane Ludwig,Welterweight,E,0.0,False,0.4444444444444444,15,2,0.6840390879478827,0.25732899022801303,0.05863192182410423,0.5960912052117264,0.32247557003257327,0.08143322475570032,0.41318977119784656,0.06666666666666667,0.16666666666666666,29.4,0.0,0.06666666666666667,49.53333333333333
Dusko Todorovic,Middleweight,E,0.0,False,0.4,16,3,0.5067114093959731,0.2516778523489933,0.24161073825503357,0.7348993288590604,0.19463087248322147,0.07046979865771812,0.5408348457350273,0.625,0.30303030303030304,74.625,0.125,0.0,34.4375
Dustin Hazelett,Welterweight,E,0.0,False,0.5,15,0,0.6557377049180327,0.10655737704918032,0.23770491803278687,0.7295081967213115,0.18032786885245902,0.09016393442622951,0.40397350993377484,0.13333333333333333,0.5,23.066666666666666,1.0,0.0,20.133333333333333
Dustin Jacoby,Light Heavyweight,D,1.0,False,0.5882352941176471,38,2,0.8945615982241953,0.08324084350721421,0.022197558268590455,0.6759156492785794,0.13984461709211987,0.18423973362930077,0.46205128205128204,0.07894736842105263,0.2,21.026315789473685,0.0,0.18421052631578946,51.31578947368421
Dustin Ortiz,Flyweight,D+,0.0,False,0.6153846153846154,37,1,0.3898635477582846,0.26705653021442494,0.34307992202729043,0.5847953216374269,0.3060428849902534,0.10916179337231968,0.4464751958224543,0.9459459459459459,0.36082474226804123,99.10810810810811,0.02702702702702703,0.05405405405405406,31.054054054054053
Dustin Poirier,Lightweight,B,3.0,True,0.7777777777777778,81,0,0.7603439011284255,0.15045674368619022,0.0891993551853842,0.800644814615798,0.09779688339602365,0.1015583019881784,0.5,0.345679012345679,0.358974358974359,51.876543209876544,0.30864197530864196,0.18518518518518517,45.95061728395062
Dustin Stoltzfus,Middleweight,E,0.0,False,0.3,23,1,0.8029411764705883,0.10882352941176471,0.08823529411764706,0.5147058823529411,0.25,0.23529411764705882,0.44328552803129073,0.6086956521739131,0.358974358974359,74.8695652173913,0.30434782608695654,0.08695652173913043,33.34782608695652
Dwight Grant,Welterweight,E,0.0,False,0.375,19,4,0.8432055749128919,0.05226480836236934,0.10452961672473868,0.6445993031358885,0.15331010452961671,0.20209059233449478,0.3474576271186441,0.21052631578947367,1.0,7.0,0.0,0.15789473684210525,43.473684210526315
Ed Herman,Middleweight,E,0.0,False,0.5,60,1,0.4970622796709753,0.2784958871915394,0.2244418331374853,0.6298472385428907,0.25146886016451236,0.11868390129259694,0.48795871559633025,0.5666666666666667,0.4788732394366197,70.3,0.2833333333333333,0.06666666666666667,29.066666666666666
Eddie Alvarez,Lightweight,B,3.0,True,0.5714285714285714,19,2,0.7825,0.1775,0.04,0.6575,0.2525,0.09,0.41237113402061853,0.631578947368421,0.2608695652173913,54.8421052631579,0.05263157894736842,0.05263157894736842,51.05263157894737
Eddie Wineland,Bantamweight,C,0.0,False,0.375,34,2,0.8823529411764706,0.03984819734345351,0.0777988614800759,0.7343453510436433,0.20683111954459202,0.058823529411764705,0.2954035874439462,0.08823529411764706,0.23076923076923078,8.470588235294118,0.0,0.23529411764705882,52.470588235294116
Edmen Shahbazyan,Middleweight,D+,0.0,False,0.6428571428571429,27,4,0.6600496277915633,0.14640198511166252,0.1935483870967742,0.6774193548387096,0.2456575682382134,0.07692307692307693,0.4832134292565947,0.4444444444444444,0.375,46.666666666666664,0.1111111111111111,0.25925925925925924,30.88888888888889
Edson Barboza,Lightweight,C+,2.0,False,0.5806451612903226,85,2,0.912358133669609,0.04981084489281211,0.03783102143757881,0.43757881462799497,0.31525851197982346,0.2471626733921816,0.4466347507744297,0.12941176470588237,0.5,17.4,0.023529411764705882,0.18823529411764706,41.77647058823529
Edwin Figueroa,Bantamweight,E,0.0,False,0.3333333333333333,16,4,0.616580310880829,0.04145077720207254,0.34196891191709844,0.7046632124352331,0.20207253886010362,0.09326424870466321,0.3946830265848671,0.0625,1.0,52.125,0.1875,0.125,30.5625
Efrain Escudero,Lightweight,E,0.0,False,0.4166666666666667,32,1,0.6275862068965518,0.21379310344827587,0.15862068965517243,0.6045977011494252,0.15632183908045977,0.23908045977011494,0.4484536082474227,0.40625,0.40625,62.78125,0.25,0.15625,30.3125
Elias Silverio,Lightweight,E,0.0,False,0.6,15,1,0.6886446886446886,0.18681318681318682,0.12454212454212454,0.47985347985347987,0.3076923076923077,0.21245421245421245,0.4990859232175503,0.5333333333333333,0.38095238095238093,94.33333333333333,0.06666666666666667,0.06666666666666667,36.46666666666667
Elias Theodorou,Middleweight,D,1.0,False,0.7272727272727273,31,1,0.6319875776397516,0.2562111801242236,0.11180124223602485,0.4332298136645963,0.327639751552795,0.2391304347826087,0.4225721784776903,0.41935483870967744,0.2826086956521739,65.64516129032258,0.0,0.0,49.16129032258065
Elise Reed,Women's Strawweight,E,0.0,False,0.4444444444444444,22,4,0.8378378378378378,0.12012012012012012,0.042042042042042045,0.5615615615615616,0.23123123123123124,0.2072072072072072,0.5319488817891374,0.13636363636363635,0.6,22.59090909090909,0.0,0.045454545454545456,28.454545454545453
Elizeu Zaleski dos Santos,Welterweight,D,1.0,False,0.6111111111111112,45,2,0.7269585253456221,0.19700460829493088,0.07603686635944701,0.5748847926267281,0.22811059907834103,0.19700460829493088,0.4191211974891357,0.24444444444444444,0.20754716981132076,40.111111111111114,0.13333333333333333,0.044444444444444446,46.022222222222226
Elves Brener,Lightweight,E,0.0,False,0.5,16,2,0.9224376731301939,0.030470914127423823,0.04709141274238227,0.5734072022160664,0.19113573407202217,0.23545706371191136,0.475,0.3125,0.16666666666666666,23.0,0.0,0.125,47.5
Emily Ducote,Women's Strawweight,D,1.0,False,0.4,15,2,0.9660107334525939,0.028622540250447227,0.005366726296958855,0.5652951699463328,0.2039355992844365,0.23076923076923078,0.5214552238805971,0.06666666666666667,0.14285714285714285,4.0,0.0,0.0,71.46666666666667
Enrique Barzola,Featherweight,E,0.0,False,0.6,30,0,0.7223168654173765,0.06303236797274275,0.21465076660988075,0.5928449744463373,0.22487223168654175,0.18228279386712096,0.4157223796033994,1.4,0.45652173913043476,89.16666666666667,0.1,0.0,47.06666666666667
Eric Schafer,Light Heavyweight,E,0.0,False,0.3333333333333333,17,3,0.4326241134751773,0.1773049645390071,0.3900709219858156,0.7801418439716312,0.1347517730496454,0.0851063829787234,0.34474327628361856,0.5294117647058824,0.36,66.70588235294117,0.5294117647058824,0.0,24.058823529411764
Eric Shelton,Flyweight,D+,0.0,False,0.3333333333333333,18,3,0.5757575757575758,0.012987012987012988,0.41125541125541126,0.7922077922077922,0.1341991341991342,0.0735930735930736,0.425414364640884,0.9444444444444444,0.5151515151515151,63.888888888888886,0.05555555555555555,0.0,30.166666666666668
Erick Silva,Welterweight,D,1.0,False,0.4666666666666667,28,1,0.6415094339622641,0.12452830188679245,0.2339622641509434,0.5509433962264151,0.29056603773584905,0.15849056603773584,0.48713235294117646,0.21428571428571427,0.35294117647058826,35.714285714285715,0.35714285714285715,0.10714285714285714,19.428571428571427
Erik Koch,Lightweight,D+,0.0,False,0.5,22,0,0.6085106382978723,0.19148936170212766,0.2,0.7106382978723405,0.1702127659574468,0.11914893617021277,0.40378006872852235,0.3181818181818182,0.4375,56.04545454545455,0.2727272727272727,0.09090909090909091,26.454545454545453
Erik Perez,Bantamweight,D+,0.0,False,0.7777777777777778,20,1,0.5087719298245614,0.15087719298245614,0.34035087719298246,0.5087719298245614,0.35789473684210527,0.13333333333333333,0.405982905982906,0.95,0.5588235294117647,98.35,0.05,0.15,35.1
Erin Blanchfield,Women's Flyweight,C+,2.0,False,0.8888888888888888,26,0,0.7713841368584758,0.06687402799377916,0.16174183514774496,0.7060653188180405,0.15863141524105753,0.13530326594090203,0.444060773480663,0.6153846153846154,0.3404255319148936,108.57692307692308,0.2692307692307692,0.0,55.69230769230769
Eryk Anders,Middleweight,E,0.0,False,0.5263157894736842,50,1,0.5494505494505495,0.25396825396825395,0.19658119658119658,0.6971916971916972,0.2515262515262515,0.05128205128205128,0.47866744593804794,0.58,0.2543859649122807,87.58,0.02,0.14,34.22
Esteban Ribovics,Lightweight,E,0.0,False,0.5714285714285714,18,4,0.9365853658536586,0.022764227642276424,0.04065040650406504,0.7479674796747967,0.16422764227642275,0.08780487804878048,0.43218552354181305,0.1111111111111111,0.6666666666666666,9.5,0.05555555555555555,0.1111111111111111,79.05555555555556
Evan Dunham,Lightweight,D,1.0,False,0.5238095238095238,50,0,0.8338762214983714,0.11563517915309446,0.050488599348534204,0.8460912052117264,0.11156351791530944,0.04234527687296417,0.39258312020460356,0.56,0.3333333333333333,62.82,0.3,0.04,62.56
Evan Tanner,Middleweight,B,3.0,True,0.6666666666666666,29,3,0.3324742268041237,0.24484536082474226,0.422680412371134,0.6108247422680413,0.25,0.13917525773195877,0.5996908809891809,0.7241379310344828,0.45652173913043476,106.24137931034483,0.5172413793103449,0.034482758620689655,22.310344827586206
Fabio Maldonado,Light Heavyweight,D,1.0,False,0.45454545454545453,29,1,0.6736401673640168,0.25523012552301255,0.07112970711297072,0.6359832635983264,0.3584379358437936,0.005578800557880056,0.5886699507389163,0.13793103448275862,0.5714285714285714,34.37931034482759,0.1724137931034483,0.034482758620689655,42.0
Fabricio Werdum,Heavyweight,B,3.0,True,0.6470588235294118,44,2,0.7561797752808989,0.1258426966292135,0.11797752808988764,0.6382022471910113,0.1898876404494382,0.17191011235955056,0.5636478784040532,0.36363636363636365,0.2857142857142857,49.18181818181818,0.13636363636363635,0.09090909090909091,35.88636363636363
Fares Ziam,Lightweight,D,1.0,False,0.8,27,0,0.6943699731903485,0.12332439678284182,0.18230563002680966,0.6541554959785523,0.18498659517426275,0.16085790884718498,0.5253521126760563,0.5555555555555556,0.40540540540540543,76.4074074074074,0.14814814814814814,0.07407407407407407,26.296296296296298
Farid Basharat,Bantamweight,D,1.0,False,1.0,16,0,0.8421052631578947,0.08070175438596491,0.07719298245614035,0.6070175438596491,0.17543859649122806,0.21754385964912282,0.4830508474576271,1.125,0.4186046511627907,98.0,0.125,0.0,36.875
Felice Herrig,Women's Strawweight,D+,0.0,False,0.5,24,0,0.7152941176470589,0.2,0.08470588235294117,0.6094117647058823,0.28941176470588237,0.1011764705882353,0.3757736516357206,0.3333333333333333,0.2857142857142857,69.91666666666667,0.25,0.0,47.125
Felicia Spencer,Women's Featherweight,E,0.0,False,0.5,16,1,0.4897959183673469,0.2612244897959184,0.24897959183673468,0.6816326530612244,0.17551020408163265,0.14285714285714285,0.48804780876494025,0.375,0.1875,89.125,0.0625,0.0,31.375
Felipe Arantes,Featherweight,E,0.0,False,0.4166666666666667,30,0,0.6988304093567251,0.07017543859649122,0.2309941520467836,0.6403508771929824,0.1783625730994152,0.18128654970760233,0.45118733509234826,0.3,0.47368421052631576,50.96666666666667,0.23333333333333334,0.03333333333333333,25.266666666666666
Felipe Colares,Bantamweight,E,0.0,False,0.3333333333333333,18,0,0.7696335078534031,0.10471204188481675,0.1256544502617801,0.6073298429319371,0.3193717277486911,0.07329842931937172,0.45260663507109006,0.6111111111111112,0.24444444444444444,77.77777777777777,0.16666666666666666,0.0,23.444444444444443
Forrest Griffin,Light Heavyweight,B,3.0,True,0.6153846153846154,37,2,0.7600502512562815,0.14195979899497488,0.09798994974874371,0.5891959798994975,0.15201005025125627,0.25879396984924624,0.3639689071787837,0.2702702702702703,0.43478260869565216,38.432432432432435,0.21621621621621623,0.02702702702702703,59.108108108108105
Forrest Petz,Welterweight,E,0.0,False,0.2857142857142857,17,4,0.6684782608695652,0.24456521739130435,0.08695652173913043,0.4945652173913043,0.3967391304347826,0.10869565217391304,0.2958199356913183,0.4117647058823529,1.0,46.529411764705884,0.0,0.29411764705882354,36.588235294117645
Francimar Barroso,Light Heavyweight,E,0.0,False,0.4444444444444444,24,1,0.710691823899371,0.24213836477987422,0.04716981132075472,0.46540880503144655,0.1949685534591195,0.33962264150943394,0.527363184079602,0.7083333333333334,0.24285714285714285,56.041666666666664,0.0,0.0,25.125
Francis Carmont,Middleweight,D+,0.0,False,0.6666666666666666,24,1,0.5223214285714286,0.20089285714285715,0.2767857142857143,0.6026785714285714,0.2544642857142857,0.14285714285714285,0.4125230202578269,0.5416666666666666,0.3939393939393939,83.45833333333333,0.20833333333333334,0.041666666666666664,22.625
Francis Marshall,Featherweight,E,0.0,False,0.5714285714285714,16,0,0.8895348837209303,0.05232558139534884,0.05813953488372093,0.8197674418604651,0.06976744186046512,0.11046511627906977,0.293015332197615,0.625,0.4166666666666667,87.875,0.1875,0.125,36.6875
Francis Ngannou,Heavyweight,B+,4.0,True,0.9230769230769231,27,4,0.6550218340611353,0.1572052401746725,0.18777292576419213,0.6812227074235808,0.17903930131004367,0.13973799126637554,0.4126126126126126,0.18518518518518517,0.625,26.037037037037038,0.07407407407407407,0.2962962962962963,20.555555555555557
Francisco Prado,Welterweight,E,0.0,False,0.16666666666666666,16,2,0.7938144329896907,0.06872852233676977,0.13745704467353953,0.5017182130584192,0.22336769759450173,0.27491408934707906,0.4362818590704648,0.25,0.19047619047619047,46.1875,0.25,0.0625,41.6875
Francisco Rivera,Bantamweight,E,0.0,False,0.36363636363636365,24,4,0.838479809976247,0.10688836104513064,0.05463182897862233,0.7102137767220903,0.11163895486935867,0.17814726840855108,0.41355599214145383,0.2916666666666667,0.6363636363636364,10.833333333333334,0.16666666666666666,0.20833333333333334,42.416666666666664
Francisco Trinaldo,Lightweight,D,1.0,False,0.6923076923076923,68,1,0.6967294350842418,0.16650148662041625,0.13676907829534193,0.6105054509415263,0.2745292368681863,0.11496531219028741,0.45246636771300447,0.3088235294117647,0.42,57.338235294117645,0.16176470588235295,0.07352941176470588,32.794117647058826
Frank Camacho,Lightweight,E,0.0,False,0.25,16,2,0.8961625282167043,0.09932279909706546,0.004514672686230248,0.7765237020316027,0.20316027088036118,0.020316027088036117,0.4638743455497382,0.3125,0.3125,24.125,0.0,0.0,59.6875
Frank Mir,Heavyweight,B,3.0,True,0.56,43,1,0.4218289085545723,0.3333333333333333,0.2448377581120944,0.5368731563421829,0.30383480825958703,0.1592920353982301,0.47018030513176146,0.4883720930232558,0.40384615384615385,54.674418604651166,0.4883720930232558,0.18604651162790697,16.767441860465116
Frankie Edgar,Featherweight,A,6.0,True,0.6153846153846154,99,0,0.7012770682953915,0.07162687395891172,0.22709605774569683,0.6635202665186007,0.19100499722376457,0.14547473625763466,0.40462817344416985,0.7373737373737373,0.3146551724137931,64.01010101010101,0.10101010101010101,0.030303030303030304,44.95959595959596
Frankie Saenz,Bantamweight,D,1.0,False,0.5,28,1,0.5638506876227898,0.3418467583497053,0.09430255402750491,0.4675834970530452,0.25343811394891946,0.27897838899803534,0.4743709226467847,0.5357142857142857,0.3191489361702128,57.785714285714285,0.03571428571428571,0.07142857142857142,38.32142857142857
Gabriel Benitez,Featherweight,E,0.0,False,0.4666666666666667,32,2,0.9001367989056087,0.025991792065663474,0.07387140902872777,0.5690834473324213,0.22571819425444598,0.2051983584131327,0.4167616875712657,0.0625,0.5,10.46875,0.25,0.125,54.8125
Gabriel Gonzaga,Heavyweight,D,1.0,False,0.5714285714285714,37,3,0.5324232081911263,0.14675767918088736,0.32081911262798635,0.6348122866894198,0.14334470989761092,0.22184300341296928,0.45076923076923076,0.6486486486486487,0.38095238095238093,60.270270270270274,0.2972972972972973,0.1891891891891892,17.56756756756757
Gabriella Fernandes,Women's Flyweight,D,1.0,False,0.5,15,2,0.8932806324110671,0.1067193675889328,0.0,0.6482213438735178,0.2134387351778656,0.1383399209486166,0.46593001841620624,0.13333333333333333,0.18181818181818182,13.466666666666667,0.06666666666666667,0.06666666666666667,36.2
Gavin Tucker,Featherweight,E,0.0,False,0.5714285714285714,17,0,0.7993527508090615,0.15857605177993528,0.042071197411003236,0.6116504854368932,0.2524271844660194,0.13592233009708737,0.447178002894356,0.8823529411764706,0.4411764705882353,48.94117647058823,0.4117647058823529,0.0,40.64705882352941
Gegard Mousasi,Middleweight,C,0.0,False,0.8181818181818182,27,0,0.6516129032258065,0.11397849462365592,0.23440860215053763,0.7139784946236559,0.1032258064516129,0.1827956989247312,0.5032467532467533,0.3333333333333333,0.5294117647058824,62.25925925925926,0.1111111111111111,0.07407407407407407,34.22222222222222
Geoff Neal,Welterweight,D+,0.0,False,0.5714285714285714,32,4,0.8238719068413392,0.10480349344978165,0.07132459970887918,0.851528384279476,0.08442503639010189,0.06404657933042213,0.5073855243722304,0.15625,0.45454545454545453,37.34375,0.03125,0.25,42.3125
George Roop,Bantamweight,E,0.0,False,0.38461538461538464,31,1,0.5711252653927813,0.18683651804670912,0.24203821656050956,0.6242038216560509,0.2526539278131635,0.12314225053078556,0.38701725554642563,0.25806451612903225,0.5,68.90322580645162,0.03225806451612903,0.06451612903225806,39.25806451612903
George Sotiropoulos,Lightweight,E,0.0,False,0.6363636363636364,25,0,0.7722419928825622,0.042704626334519574,0.18505338078291814,0.797153024911032,0.12811387900355872,0.07473309608540925,0.26761904761904765,0.68,0.3148148148148148,76.56,0.48,0.04,42.0
George Sullivan,Welterweight,E,0.0,False,0.42857142857142855,15,1,0.5646551724137931,0.13793103448275862,0.2974137931034483,0.5732758620689655,0.22844827586206898,0.19827586206896552,0.3979416809605489,0.4,0.20689655172413793,76.13333333333334,0.2,0.0,38.86666666666667
Georges St-Pierre,Welterweight,S,10.0,True,0.8947368421052632,71,3,0.575019040365575,0.07387661843107388,0.3511043412033511,0.6473724295506473,0.1865955826351866,0.16603198781416603,0.531578947368421,1.267605633802817,0.7377049180327869,136.92957746478874,0.3380281690140845,0.1267605633802817,34.7887323943662
Gerald Meerschaert,Middleweight,E,0.0,False,0.46153846153846156,54,0,0.808282208588957,0.10276073619631902,0.08895705521472393,0.7315950920245399,0.17177914110429449,0.09662576687116564,0.45058742225293713,0.46296296296296297,0.29411764705882354,54.870370370370374,0.4074074074074074,0.05555555555555555,26.796296296296298
Germaine de Randamie,Women's Bantamweight,C+,2.0,False,0.7777777777777778,27,1,0.5930599369085173,0.3722397476340694,0.03470031545741325,0.47318611987381703,0.34069400630914826,0.1861198738170347,0.4803030303030303,0.0,0.0,24.59259259259259,0.1111111111111111,0.07407407407407407,24.444444444444443
Gian Villante,Light Heavyweight,D,1.0,False,0.3888888888888889,46,2,0.8873239436619719,0.056338028169014086,0.056338028169014086,0.6511375947995667,0.14517876489707476,0.20368364030335862,0.43764817449027976,0.10869565217391304,0.22727272727272727,15.195652173913043,0.0,0.08695652173913043,45.84782608695652
Giga Chikadze,Featherweight,D+,0.0,False,0.6666666666666666,33,2,0.9134125636672326,0.008488964346349746,0.07809847198641766,0.5772495755517827,0.2614601018675722,0.16129032258064516,0.42191977077363896,0.06060606060606061,0.4,5.757575757575758,0.06060606060606061,0.18181818181818182,42.303030303030305
Gilbert Burns,Welterweight,C+,2.0,False,0.6,66,0,0.7566735112936345,0.10164271047227925,0.14168377823408623,0.5862422997946611,0.22176591375770022,0.1919917864476386,0.48098765432098767,0.6363636363636364,0.3559322033898305,63.95454545454545,0.13636363636363635,0.06060606060606061,30.681818181818183
Gilbert Melendez,Lightweight,C+,2.0,False,0.14285714285714285,22,2,0.8741496598639455,0.10204081632653061,0.023809523809523808,0.7789115646258503,0.15306122448979592,0.06802721088435375,0.2885181550539745,0.13636363636363635,0.16666666666666666,15.954545454545455,0.0,0.0,46.31818181818182
Gillian Robertson,Women's Flyweight,C,0.0,False,0.7,45,3,0.5017857142857143,0.03571428571428571,0.4625,0.6732142857142858,0.16071428571428573,0.16607142857142856,0.48484848484848486,0.8444444444444444,0.40860215053763443,136.8,0.26666666666666666,0.0,25.666666666666668
Gina Mazany,Women's Bantamweight,D,1.0,False,0.25,16,1,0.6285714285714286,0.22857142857142856,0.14285714285714285,0.5306122448979592,0.3224489795918367,0.1469387755102041,0.5093555093555093,1.1875,0.5277777777777778,98.4375,0.0625,0.0625,30.0625
Gleison Tibau,Lightweight,E,0.0,False,0.5714285714285714,67,0,0.6372712146422629,0.16472545757071547,0.19800332778702162,0.7770382695507487,0.15141430948419302,0.07154742096505824,0.3181577554261514,1.2537313432835822,0.535031847133758,92.86567164179104,0.2537313432835821,0.029850746268656716,28.19402985074627
Glover Teixeira,Light Heavyweight,B,3.0,True,0.6956521739130435,61,3,0.5110178384050367,0.09758656873032528,0.391395592864638,0.8499475341028332,0.1322140608604407,0.017838405036726127,0.5066454013822435,0.5901639344262295,0.3364485981308411,77.26229508196721,0.26229508196721313,0.08196721311475409,30.83606557377049
Godofredo Pepey,Featherweight,E,0.0,False,0.45454545454545453,19,0,0.6878306878306878,0.13227513227513227,0.17989417989417988,0.7142857142857143,0.14285714285714285,0.14285714285714285,0.38181818181818183,0.10526315789473684,0.07407407407407407,35.10526315789474,0.42105263157894735,0.05263157894736842,26.05263157894737
Grant Dawson,Lightweight,D+,0.0,False,0.8,38,3,0.5018939393939394,0.09848484848484848,0.3996212121212121,0.6856060606060606,0.1893939393939394,0.125,0.5116279069767442,1.0789473684210527,0.3904761904761905,174.3684210526316,0.3684210526315789,0.02631578947368421,27.157894736842106
Gray Maynard,Lightweight,C+,2.0,False,0.6111111111111112,56,0,0.6490872210953347,0.14807302231237324,0.2028397565922921,0.7525354969574036,0.2028397565922921,0.04462474645030426,0.3254125412541254,0.8928571428571429,0.47619047619047616,79.98214285714286,0.21428571428571427,0.10714285714285714,27.053571428571427
Greg Hardy,Heavyweight,E,0.0,False,0.4,19,2,0.749271137026239,0.04081632653061224,0.2099125364431487,0.5918367346938775,0.14868804664723032,0.2594752186588921,0.498546511627907,0.05263157894736842,0.3333333333333333,17.105263157894736,0.0,0.05263157894736842,36.21052631578947
Gregory Rodrigues,Middleweight,D,1.0,False,0.8333333333333334,28,4,0.839563862928349,0.102803738317757,0.05763239875389408,0.7367601246105919,0.21339563862928349,0.04984423676012461,0.5148356054530874,0.5357142857142857,0.35714285714285715,46.57142857142857,0.10714285714285714,0.2857142857142857,44.535714285714285
Guido Cannetti,Bantamweight,E,0.0,False,0.4,18,1,0.668,0.216,0.116,0.412,0.296,0.292,0.5530973451327433,0.6111111111111112,0.55,54.55555555555556,0.1111111111111111,0.0,25.11111111111111
Gunnar Nelson,Welterweight,D+,0.0,False,0.625,36,3,0.5068493150684932,0.10616438356164383,0.386986301369863,0.7602739726027398,0.16095890410958905,0.07876712328767123,0.6121593291404612,0.6111111111111112,0.5238095238095238,97.38888888888889,0.3055555555555556,0.027777777777777776,13.25
Guram Kutateladze,Lightweight,E,0.0,False,0.4,15,2,0.7374517374517374,0.21235521235521235,0.05019305019305019,0.4594594594594595,0.35135135135135137,0.1891891891891892,0.4504347826086956,0.2,0.15,28.866666666666667,0.0,0.06666666666666667,38.333333333333336
Hacran Dias,Featherweight,D+,0.0,False,0.375,24,0,0.8032128514056225,0.08835341365461848,0.10843373493975904,0.6867469879518072,0.12048192771084337,0.1927710843373494,0.4184873949579832,0.8333333333333334,0.39215686274509803,83.91666666666667,0.16666666666666666,0.0,24.791666666666668
Hakeem Dawodu,Featherweight,D,1.0,False,0.6,28,2,0.837874659400545,0.1553133514986376,0.006811989100817439,0.4604904632152589,0.29291553133514986,0.24659400544959129,0.5086625086625086,0.0,0.0,28.25,0.0,0.03571428571428571,51.535714285714285
Hatsu Hioki,Featherweight,E,0.0,False,0.375,22,0,0.7063492063492064,0.0873015873015873,0.20634920634920634,0.6031746031746031,0.3253968253968254,0.07142857142857142,0.4359861591695502,0.8181818181818182,0.5454545454545454,103.18181818181819,0.22727272727272727,0.0,26.272727272727273
Heath Herring,Heavyweight,E,0.0,False,0.4,15,3,0.31976744186046513,0.11046511627906977,0.5697674418604651,0.5406976744186046,0.36627906976744184,0.09302325581395349,0.4174757281553398,0.3333333333333333,0.8333333333333334,77.33333333333333,0.06666666666666667,0.3333333333333333,27.466666666666665
Hector Lombard,Middleweight,C,0.0,False,0.25,29,4,0.696551724137931,0.14022988505747128,0.1632183908045977,0.664367816091954,0.11954022988505747,0.2160919540229885,0.48931383577052867,0.5172413793103449,0.4838709677419355,58.58620689655172,0.06896551724137931,0.2413793103448276,30.655172413793103
Henry Cejudo,Flyweight,A,6.0,True,0.6666666666666666,46,1,0.6897374701670644,0.1873508353221957,0.12291169451073986,0.545346062052506,0.2863961813842482,0.16825775656324582,0.47371396269078575,0.5652173913043478,0.2988505747126437,58.21739130434783,0.043478260869565216,0.10869565217391304,38.45652173913044
Hermes Franca,Lightweight,E,0.0,False,0.5454545454545454,32,0,0.7209302325581395,0.16666666666666666,0.1124031007751938,0.6705426356589147,0.10077519379844961,0.22868217054263565,0.3915022761760243,0.5,0.38095238095238093,34.375,0.71875,0.125,20.59375
Holly Holm,Women's Bantamweight,B,3.0,True,0.5,55,2,0.8186335403726708,0.11677018633540373,0.06459627329192547,0.4683229813664596,0.30559006211180123,0.22608695652173913,0.40759493670886077,0.2727272727272727,0.3,67.52727272727273,0.01818181818181818,0.03636363636363636,35.90909090909091
Hyun Gyu Lim,Welterweight,E,0.0,False,0.42857142857142855,15,4,0.8811188811188811,0.05244755244755245,0.06643356643356643,0.7447552447552448,0.15734265734265734,0.0979020979020979,0.4103299856527977,0.06666666666666667,1.0,5.2,0.06666666666666667,0.26666666666666666,46.46666666666667
Ian Heinisch,Middleweight,D+,0.0,False,0.42857142857142855,18,2,0.6920289855072463,0.11956521739130435,0.18840579710144928,0.572463768115942,0.18115942028985507,0.2463768115942029,0.5,0.3333333333333333,0.17142857142857143,37.111111111111114,0.2222222222222222,0.1111111111111111,30.666666666666668
Ian Machado Garry,Welterweight,C+,2.0,False,0.9090909090909091,33,2,0.9083870967741936,0.04903225806451613,0.04258064516129032,0.5638709677419355,0.19096774193548388,0.24516129032258063,0.5408234473133287,0.30303030303030304,0.3125,34.24242424242424,0.12121212121212122,0.12121212121212122,43.42424242424242
Ian McCall,Flyweight,C+,2.0,False,0.4,18,1,0.684971098265896,0.21965317919075145,0.0953757225433526,0.4190751445086705,0.3179190751445087,0.2630057803468208,0.4188861985472155,0.6111111111111112,0.2619047619047619,52.0,0.0,0.0,45.888888888888886
Iasmin Lucindo,Women's Strawweight,D+,0.0,False,0.7142857142857143,20,0,0.8364779874213837,0.09748427672955975,0.0660377358490566,0.660377358490566,0.2641509433962264,0.07547169811320754,0.45493562231759654,0.75,0.5555555555555556,74.5,0.05,0.0,34.95
Ignacio Bahamondes,Lightweight,D,1.0,False,0.6,24,2,0.8827160493827161,0.06481481481481481,0.05246913580246913,0.5493827160493827,0.2330246913580247,0.2175925925925926,0.4550561797752809,0.0,0.0,19.291666666666668,0.20833333333333334,0.20833333333333334,59.333333333333336
Igor Pokrajac,Light Heavyweight,E,0.0,False,0.3076923076923077,28,0,0.5625,0.2977941176470588,0.13970588235294118,0.8382352941176471,0.08823529411764706,0.07352941176470588,0.4594594594594595,0.25,0.2916666666666667,47.107142857142854,0.07142857142857142,0.14285714285714285,21.142857142857142
Ildemar Alcantara,Welterweight,E,0.0,False,0.5714285714285714,20,1,0.6861702127659575,0.18085106382978725,0.13297872340425532,0.5638297872340425,0.32978723404255317,0.10638297872340426,0.3868312757201646,0.65,0.6842105263157895,49.3,0.3,0.0,24.3
Ilia Topuria,Featherweight,A,6.0,True,1.0,20,4,0.7876543209876543,0.02962962962962963,0.18271604938271604,0.7111111111111111,0.17037037037037037,0.11851851851851852,0.48214285714285715,0.55,0.6111111111111112,56.4,0.3,0.35,42.0
Ilir Latifi,Light Heavyweight,C+,2.0,False,0.5625,34,0,0.6993464052287581,0.1111111111111111,0.1895424836601307,0.6699346405228758,0.1830065359477124,0.14705882352941177,0.4519940915805022,0.6176470588235294,0.3559322033898305,79.11764705882354,0.08823529411764706,0.11764705882352941,19.91176470588235
Ion Cutelaba,Light Heavyweight,D,1.0,False,0.45,38,0,0.5955555555555555,0.20148148148148148,0.20296296296296296,0.6962962962962963,0.17925925925925926,0.12444444444444444,0.4374594944912508,1.0526315789473684,0.49382716049382713,56.76315789473684,0.05263157894736842,0.05263157894736842,40.60526315789474
Irene Aldana,Women's Bantamweight,C+,2.0,False,0.5714285714285714,42,2,0.8901408450704226,0.051643192488262914,0.05821596244131456,0.6976525821596244,0.13615023474178403,0.16619718309859155,0.39932508436445446,0.047619047619047616,0.5,6.428571428571429,0.07142857142857142,0.07142857142857142,63.5
Islam Makhachev,Lightweight,S,10.0,True,0.9411764705882353,45,3,0.5731958762886598,0.18350515463917524,0.24329896907216494,0.709278350515464,0.23505154639175257,0.05567010309278351,0.5843373493975904,0.9111111111111111,0.5616438356164384,135.2888888888889,0.28888888888888886,0.08888888888888889,18.444444444444443
Ismail Naurdiev,Welterweight,E,0.0,False,0.5714285714285714,19,1,0.7940298507462686,0.10746268656716418,0.09850746268656717,0.5462686567164179,0.2626865671641791,0.191044776119403,0.5283911671924291,0.47368421052631576,0.4090909090909091,55.31578947368421,0.05263157894736842,0.05263157894736842,33.36842105263158
Israel Adesanya,Middleweight,A+,8.0,True,0.6666666666666666,68,2,0.9230769230769231,0.048743335872048744,0.02817974105102818,0.49124143183549124,0.2086824067022087,0.3000761614623001,0.48378776713338245,0.014705882352941176,0.09090909090909091,9.044117647058824,0.04411764705882353,0.19117647058823528,39.911764705882355
Iuri Alcantara,Bantamweight,D+,0.0,False,0.5555555555555556,40,0,0.6334745762711864,0.08686440677966102,0.2796610169491525,0.6567796610169492,0.2648305084745763,0.07838983050847458,0.4586977648202138,0.425,0.6296296296296297,41.6,0.25,0.1,25.725
Ivan Menjivar,Bantamweight,D+,0.0,False,0.4444444444444444,19,1,0.6763285024154589,0.15458937198067632,0.16908212560386474,0.4444444444444444,0.30434782608695654,0.25120772946859904,0.3644366197183099,0.10526315789473684,0.2857142857142857,13.31578947368421,0.3157894736842105,0.10526315789473684,29.894736842105264
JJ Aldrich,Women's Flyweight,D,1.0,False,0.6470588235294118,48,0,0.8036876355748374,0.11062906724511931,0.08568329718004339,0.8091106290672451,0.1279826464208243,0.06290672451193059,0.4612306153076538,0.22916666666666666,0.2558139534883721,48.75,0.0,0.0,41.645833333333336
Jacare Souza,Middleweight,E,0.0,False,0.5333333333333333,35,1,0.6179775280898876,0.14831460674157304,0.23370786516853934,0.6651685393258427,0.25617977528089886,0.07865168539325842,0.5241460541813898,0.45714285714285713,0.2807017543859649,79.91428571428571,0.22857142857142856,0.08571428571428572,24.257142857142856
Jack Della Maddalena,Welterweight,B,3.0,True,0.8,26,4,0.8566666666666667,0.085,0.058333333333333334,0.64,0.25833333333333336,0.10166666666666667,0.5277044854881267,0.11538461538461539,0.25,10.038461538461538,0.038461538461538464,0.23076923076923078,43.73076923076923
Jack Hermansson,Middleweight,C,0.0,False,0.5789473684210527,46,2,0.7748091603053435,0.07347328244274809,0.15171755725190839,0.5639312977099237,0.1984732824427481,0.23759541984732824,0.4525043177892919,0.43478260869565216,0.29850746268656714,45.71739130434783,0.10869565217391304,0.0,50.34782608695652
Jack Jenkins,Featherweight,E,0.0,False,0.6666666666666666,17,4,0.7655367231638418,0.10451977401129943,0.12994350282485875,0.5141242937853108,0.24293785310734464,0.24293785310734464,0.596964586846543,0.47058823529411764,0.5714285714285714,54.35294117647059,0.058823529411764705,0.17647058823529413,34.88235294117647
Jack Marshman,Middleweight,E,0.0,False,0.375,18,2,0.9330357142857143,0.022321428571428572,0.044642857142857144,0.6428571428571429,0.22321428571428573,0.13392857142857142,0.256,0.0,0.5,0.8888888888888888,0.0,0.16666666666666666,48.611111111111114
Jack Shore,Bantamweight,D,1.0,False,0.6666666666666666,22,0,0.7102272727272727,0.13068181818181818,0.1590909090909091,0.6903409090909091,0.14772727272727273,0.16193181818181818,0.5827814569536424,0.9545454545454546,0.39622641509433965,85.86363636363636,0.18181818181818182,0.09090909090909091,27.454545454545453
Jacob Malkoun,Middleweight,E,0.0,False,0.6666666666666666,22,3,0.6886792452830188,0.03773584905660377,0.27358490566037735,0.9198113207547169,0.07075471698113207,0.009433962264150943,0.5683646112600537,1.6363636363636365,0.42857142857142855,129.45454545454547,0.22727272727272727,0.045454545454545456,33.90909090909091
Jacob Volkmann,Lightweight,E,0.0,False,0.6,24,3,0.3283582089552239,0.08208955223880597,0.5895522388059702,0.7313432835820896,0.14925373134328357,0.11940298507462686,0.3444730077120823,1.0,0.4897959183673469,140.29166666666666,0.625,0.0,16.208333333333332
Jacqueline Cavalcanti,Women's Bantamweight,D+,0.0,False,0.8333333333333334,18,2,0.9517819706498952,0.04821802935010482,0.0,0.49056603773584906,0.18867924528301888,0.32075471698113206,0.4681059862610402,0.0,0.0,7.333333333333333,0.0,0.0,56.611111111111114
Jai Herbert,Lightweight,E,0.0,False,0.4,24,2,0.7859237536656891,0.14076246334310852,0.07331378299120235,0.533724340175953,0.2932551319648094,0.17302052785923755,0.41585365853658535,0.125,0.21428571428571427,44.333333333333336,0.0,0.25,34.166666666666664
Jailton Almeida,Heavyweight,C,0.0,False,0.7272727272727273,21,3,0.18433179723502305,0.08755760368663594,0.728110599078341,0.8663594470046083,0.10599078341013825,0.027649769585253458,0.6345029239766082,1.619047619047619,0.5483870967741935,183.0,0.47619047619047616,0.0,16.285714285714285
Jairzinho Rozenstruik,Heavyweight,C+,2.0,False,0.6,34,2,0.8681541582150102,0.07910750507099391,0.05273833671399594,0.6044624746450304,0.15010141987829614,0.24543610547667344,0.48523622047244097,0.0,0.0,1.2647058823529411,0.0,0.20588235294117646,29.88235294117647
Jake Collier,Heavyweight,E,0.0,False,0.35714285714285715,33,2,0.8561484918793504,0.10904872389791183,0.03480278422273782,0.665893271461717,0.19605568445475638,0.13805104408352667,0.44273240883410375,0.21212121212121213,0.3333333333333333,41.24242424242424,0.18181818181818182,0.09090909090909091,59.0
Jake Ellenberger,Welterweight,C,0.0,False,0.47619047619047616,41,4,0.6211031175059952,0.19904076738609114,0.17985611510791366,0.7362110311750599,0.17266187050359713,0.09112709832134293,0.39339622641509436,0.5609756097560976,0.4791666666666667,50.80487804878049,0.0975609756097561,0.2682926829268293,25.853658536585368
Jake Hadley,Flyweight,E,0.0,False,0.42857142857142855,18,2,0.8637770897832817,0.03715170278637771,0.09907120743034056,0.4551083591331269,0.26006191950464397,0.2848297213622291,0.43124165554072097,0.05555555555555555,0.058823529411764705,33.888888888888886,0.2777777777777778,0.05555555555555555,41.611111111111114
Jake Matthews,Welterweight,E,0.0,False,0.6521739130434783,57,0,0.7068965517241379,0.07701149425287357,0.2160919540229885,0.7114942528735633,0.17471264367816092,0.11379310344827587,0.43872919818456885,0.43859649122807015,0.4166666666666667,66.71929824561404,0.22807017543859648,0.08771929824561403,34.78947368421053
Jake O'Brien,Heavyweight,E,0.0,False,0.5714285714285714,16,3,0.34782608695652173,0.06521739130434782,0.5869565217391305,0.967391304347826,0.03260869565217391,0.0,0.31833910034602075,1.875,0.5660377358490566,131.375,0.0625,0.0625,18.0625
Jake Shields,Welterweight,D+,0.0,False,0.5,26,1,0.7106017191977078,0.20916905444126074,0.08022922636103152,0.3839541547277937,0.37249283667621774,0.24355300859598855,0.31640979147778786,0.38461538461538464,0.12345679012345678,84.3076923076923,0.038461538461538464,0.0,42.42307692307692
Jalin Turner,Lightweight,D+,0.0,False,0.5714285714285714,24,4,0.7299412915851272,0.10176125244618395,0.16829745596868884,0.6731898238747553,0.26418786692759294,0.06262230919765166,0.48344370860927155,0.16666666666666666,0.5,33.833333333333336,0.2916666666666667,0.375,44.041666666666664
Jamahal Hill,Light Heavyweight,B,3.0,True,0.5454545454545454,27,4,0.8375184638109305,0.08862629246676514,0.07385524372230429,0.672082717872969,0.23338257016248154,0.09453471196454949,0.5025983667409057,0.0,0.5,13.62962962962963,0.0,0.14814814814814814,49.888888888888886
Jamall Emmers,Featherweight,E,0.0,False,0.5555555555555556,19,4,0.8033175355450237,0.10900473933649289,0.08767772511848342,0.566350710900474,0.3056872037914692,0.12796208530805686,0.4746906636670416,0.8421052631578947,0.5333333333333333,85.78947368421052,0.10526315789473684,0.15789473684210525,46.78947368421053
James Krause,Lightweight,E,0.0,False,0.6923076923076923,32,0,0.9207161125319693,0.04731457800511509,0.0319693094629156,0.7429667519181585,0.13682864450127877,0.12020460358056266,0.5022479126525369,0.25,0.15384615384615385,60.5625,0.3125,0.09375,48.65625
James Te Huna,Light Heavyweight,D,1.0,False,0.5,16,3,0.5702479338842975,0.14049586776859505,0.2892561983471074,0.6859504132231405,0.16115702479338842,0.15289256198347106,0.5138004246284501,0.6875,0.3793103448275862,88.25,0.0625,0.125,29.4375
James Vick,Lightweight,D+,0.0,False,0.6428571428571429,27,2,0.8940677966101694,0.06567796610169492,0.04025423728813559,0.6101694915254238,0.2457627118644068,0.1440677966101695,0.3983122362869198,0.07407407407407407,0.3333333333333333,16.62962962962963,0.18518518518518517,0.14814814814814814,43.888888888888886
Jamey-Lyn Horth,Women's Flyweight,E,0.0,False,0.5714285714285714,19,1,0.78,0.21142857142857144,0.008571428571428572,0.5285714285714286,0.3314285714285714,0.14,0.47619047619047616,0.3157894736842105,0.42857142857142855,42.68421052631579,0.05263157894736842,0.0,38.68421052631579
Jamie Mullarkey,Lightweight,E,0.0,False,0.46153846153846156,28,2,0.858,0.092,0.05,0.518,0.218,0.264,0.4664179104477612,0.7142857142857143,0.3076923076923077,58.107142857142854,0.03571428571428571,0.07142857142857142,38.285714285714285
Jamie Pickett,Middleweight,E,0.0,False,0.2222222222222222,20,1,0.7842323651452282,0.2157676348547718,0.0,0.5643153526970954,0.34024896265560167,0.0954356846473029,0.4521575984990619,0.35,0.3684210526315789,31.6,0.0,0.05,26.65
Jamie Varner,Lightweight,E,0.0,False,0.3333333333333333,18,0,0.654320987654321,0.13168724279835392,0.2139917695473251,0.7530864197530864,0.20164609053497942,0.04526748971193416,0.3796875,1.2777777777777777,0.6052631578947368,67.38888888888889,0.3333333333333333,0.1111111111111111,35.55555555555556
Jan Blachowicz,Light Heavyweight,C+,2.0,False,0.5714285714285714,63,4,0.7830279652844745,0.10318225650916105,0.11378977820636452,0.6152362584378014,0.20540019286403086,0.17936354869816779,0.5026660203587009,0.30158730158730157,0.48717948717948717,37.26984126984127,0.1111111111111111,0.1111111111111111,32.74603174603175
Jared Cannonier,Middleweight,C+,2.0,False,0.55,61,2,0.8138211382113821,0.11219512195121951,0.07398373983739838,0.6276422764227643,0.2,0.17235772357723578,0.49676898222940225,0.16393442622950818,0.4,29.721311475409838,0.0,0.11475409836065574,40.59016393442623
Jared Gooden,Welterweight,E,0.0,False,0.2857142857142857,18,2,0.8674033149171271,0.08839779005524862,0.04419889502762431,0.5718232044198895,0.27624309392265195,0.15193370165745856,0.48787061994609165,0.2777777777777778,0.45454545454545453,17.38888888888889,0.1111111111111111,0.05555555555555555,41.22222222222222
Jared Gordon,Lightweight,E,0.0,False,0.5,41,0,0.7019047619047619,0.12095238095238095,0.17714285714285713,0.7409523809523809,0.16476190476190475,0.09428571428571429,0.5373592630501536,0.5853658536585366,0.34782608695652173,93.21951219512195,0.0,0.04878048780487805,47.65853658536585
Jared Rosholt,Heavyweight,D,1.0,False,0.75,22,3,0.4189189189189189,0.23873873873873874,0.34234234234234234,0.6171171171171171,0.21621621621621623,0.16666666666666666,0.4605809128630705,0.5909090909090909,0.41935483870967744,120.5909090909091,0.045454545454545456,0.0,21.90909090909091
Jared Vanderaa,Heavyweight,E,0.0,False,0.14285714285714285,17,2,0.8740554156171285,0.10831234256926953,0.017632241813602016,0.5214105793450882,0.2216624685138539,0.25692695214105793,0.4435754189944134,0.0,0.0,15.0,0.0,0.0,52.64705882352941
Jasmine Jasudavicius,Women's Flyweight,C,0.0,False,0.75,32,0,0.6534653465346535,0.12079207920792079,0.22574257425742575,0.6811881188118812,0.2376237623762376,0.08118811881188119,0.44493392070484583,0.78125,0.44642857142857145,137.375,0.1875,0.03125,35.46875
Jason Brilz,Light Heavyweight,E,0.0,False,0.42857142857142855,16,3,0.40540540540540543,0.2972972972972973,0.2972972972972973,0.7243243243243244,0.12432432432432433,0.15135135135135136,0.40305010893246185,0.6875,0.25,116.9375,0.375,0.0,28.6875
Jason Knight,Featherweight,D,1.0,False,0.4444444444444444,24,0,0.7662721893491125,0.05621301775147929,0.17751479289940827,0.6804733727810651,0.14201183431952663,0.17751479289940827,0.3373253493013972,0.4166666666666667,0.3125,47.416666666666664,0.5416666666666666,0.125,41.75
Jason MacDonald,Middleweight,E,0.0,False,0.42857142857142855,23,1,0.18461538461538463,0.46923076923076923,0.34615384615384615,0.38461538461538464,0.15384615384615385,0.46153846153846156,0.5284552845528455,0.34782608695652173,0.16326530612244897,81.21739130434783,0.4782608695652174,0.0,10.695652173913043
Javid Basharat,Bantamweight,E,0.0,False,0.5714285714285714,18,2,0.8295454545454546,0.07045454545454545,0.1,0.5681818181818182,0.2840909090909091,0.14772727272727273,0.5339805825242718,0.5,0.36,48.888888888888886,0.0,0.05555555555555555,45.77777777777778
Jeff Monson,Heavyweight,E,0.0,False,0.5714285714285714,18,3,0.25,0.27586206896551724,0.47413793103448276,0.603448275862069,0.29310344827586204,0.10344827586206896,0.3879598662207358,0.4444444444444444,0.1702127659574468,91.22222222222223,0.16666666666666666,0.05555555555555555,16.61111111111111
Jennifer Maia,Women's Flyweight,C+,2.0,False,0.5454545454545454,36,2,0.8501920614596671,0.14212548015364918,0.0076824583866837385,0.7234314980793854,0.14084507042253522,0.1357234314980794,0.38625123639960435,0.1388888888888889,0.2777777777777778,39.97222222222222,0.027777777777777776,0.0,56.166666666666664
Jens Pulver,Lightweight,B+,4.0,True,0.6666666666666666,26,3,0.3157894736842105,0.34649122807017546,0.33771929824561403,0.7368421052631579,0.16666666666666666,0.09649122807017543,0.3910806174957118,0.15384615384615385,0.8,103.03846153846153,0.15384615384615385,0.038461538461538464,22.423076923076923
Jeremiah Wells,Welterweight,E,0.0,False,0.7142857142857143,16,3,0.5279503105590062,0.031055900621118012,0.4409937888198758,0.8260869565217391,0.14906832298136646,0.024844720496894408,0.46,0.875,0.4666666666666667,136.375,0.375,0.125,21.875
Jeremy Horn,Middleweight,E,0.0,False,0.46153846153846156,23,1,0.5161290322580645,0.1935483870967742,0.2903225806451613,0.6129032258064516,0.2,0.1870967741935484,0.4329608938547486,0.4782608695652174,0.3235294117647059,37.95652173913044,0.5217391304347826,0.0,15.565217391304348
Jeremy Stephens,Featherweight,C,0.0,False,0.42857142857142855,90,4,0.7353629976580797,0.09836065573770492,0.16627634660421545,0.5870413739266198,0.17330210772833723,0.23965651834504292,0.40822179732313574,0.3333333333333333,0.38461538461538464,47.67777777777778,0.12222222222222222,0.2,34.86666666666667
Jessica Andrade,Women's Strawweight,B,3.0,True,0.5666666666666667,64,4,0.7225877192982456,0.16885964912280702,0.10855263157894737,0.6288377192982456,0.2225877192982456,0.14857456140350878,0.4867894315452362,0.625,0.5405405405405406,60.53125,0.09375,0.109375,58.546875
Jessica Eye,Women's Flyweight,C+,2.0,False,0.3125,48,2,0.829050279329609,0.1441340782122905,0.026815642458100558,0.6,0.2212290502793296,0.1787709497206704,0.37479061976549416,0.1875,0.4090909090909091,39.5625,0.14583333333333334,0.0,49.75
Jessica Penne,Women's Strawweight,C+,2.0,False,0.3333333333333333,23,2,0.7760736196319018,0.15337423312883436,0.0705521472392638,0.5705521472392638,0.3588957055214724,0.0705521472392638,0.3413612565445026,0.34782608695652173,0.14035087719298245,54.130434782608695,0.043478260869565216,0.0,41.52173913043478
Jessica-Rose Clark,Women's Bantamweight,D+,0.0,False,0.4444444444444444,23,0,0.7096774193548387,0.12903225806451613,0.16129032258064516,0.6600496277915633,0.15632754342431762,0.18362282878411912,0.5160051216389244,0.5217391304347826,0.42857142857142855,106.65217391304348,0.08695652173913043,0.0,33.95652173913044
Jesus Aguilar,Flyweight,E,0.0,False,0.5714285714285714,15,2,0.8757062146892656,0.096045197740113,0.02824858757062147,0.4915254237288136,0.23728813559322035,0.2711864406779661,0.37341772151898733,0.3333333333333333,0.2631578947368421,37.86666666666667,0.3333333333333333,0.06666666666666667,31.6
Ji Yeon Kim,Women's Flyweight,D,1.0,False,0.3,29,2,0.910761154855643,0.08398950131233596,0.005249343832020997,0.7440944881889764,0.15091863517060367,0.10498687664041995,0.3666987487969201,0.0,0.0,30.93103448275862,0.034482758620689655,0.034482758620689655,71.65517241379311
Jim Miller,Lightweight,C,0.0,False,0.6086956521739131,104,0,0.7148260211800302,0.14674735249621784,0.13842662632375188,0.586232980332829,0.20121028744326777,0.21255673222390317,0.42142174051641695,0.4326923076923077,0.45,54.34615384615385,0.5,0.057692307692307696,30.16346153846154
Jimi Manuwa,Light Heavyweight,C+,2.0,False,0.5454545454545454,22,1,0.6228373702422145,0.35986159169550175,0.01730103806228374,0.4117647058823529,0.2768166089965398,0.31141868512110726,0.5422138836772983,0.13636363636363635,0.1875,39.81818181818182,0.09090909090909091,0.13636363636363635,24.227272727272727
Jimmie Rivera,Bantamweight,C+,2.0,False,0.7,29,2,0.8786231884057971,0.09782608695652174,0.02355072463768116,0.5398550724637681,0.20652173913043478,0.2536231884057971,0.40350877192982454,0.27586206896551724,0.27586206896551724,20.137931034482758,0.034482758620689655,0.10344827586206896,47.172413793103445
Jimmy Crute,Light Heavyweight,D,1.0,False,0.5454545454545454,19,3,0.6181818181818182,0.15272727272727274,0.2290909090909091,0.7054545454545454,0.14181818181818182,0.15272727272727274,0.507380073800738,1.263157894736842,0.5217391304347826,98.21052631578948,0.5789473684210527,0.21052631578947367,28.526315789473685
Jinh Yu Frey,Women's Strawweight,E,0.0,False,0.25,22,2,0.8371335504885994,0.11726384364820847,0.04560260586319218,0.5830618892508144,0.15960912052117263,0.25732899022801303,0.4323943661971831,0.3181818181818182,0.3684210526315789,58.0,0.09090909090909091,0.0,32.27272727272727
Jiri Prochazka,Light Heavyweight,B,3.0,True,0.6666666666666666,22,4,0.7760617760617761,0.07528957528957529,0.14864864864864866,0.7664092664092664,0.15637065637065636,0.07722007722007722,0.5551982851018221,0.13636363636363635,0.6,30.636363636363637,0.045454545454545456,0.22727272727272727,42.40909090909091
Joanderson Brito,Featherweight,E,0.0,False,0.6666666666666666,19,1,0.644808743169399,0.15846994535519127,0.19672131147540983,0.5136612021857924,0.14207650273224043,0.3442622950819672,0.49326145552560646,0.9473684210526315,0.6666666666666666,95.78947368421052,0.3684210526315789,0.05263157894736842,19.526315789473685
Joanna Jedrzejczyk,Women's Strawweight,A+,8.0,True,0.7142857142857143,57,2,0.8158494868871151,0.1750285062713797,0.009122006841505131,0.4623717217787913,0.24800456100342075,0.2896237172177879,0.4813391877058178,0.08771929824561403,0.625,22.140350877192983,0.017543859649122806,0.017543859649122806,63.92982456140351
Joanne Wood,Women's Flyweight,C+,2.0,False,0.5625,39,2,0.7870579382994732,0.16854778028592926,0.04439428141459744,0.43717080511662904,0.24303987960872836,0.3197893152746426,0.5147172734314485,0.48717948717948717,0.5588235294117647,53.84615384615385,0.10256410256410256,0.07692307692307693,66.2051282051282
Joaquim Silva,Lightweight,E,0.0,False,0.5833333333333334,30,4,0.7616926503340757,0.16258351893095768,0.0757238307349666,0.5857461024498887,0.2873051224944321,0.12694877505567928,0.4309021113243762,0.1,0.5,15.233333333333333,0.23333333333333334,0.13333333333333333,34.733333333333334
Joaquin Buckley,Welterweight,D+,0.0,False,0.6470588235294118,45,4,0.7524204702627939,0.058091286307053944,0.18948824343015214,0.6210235131396957,0.2793914246196404,0.0995850622406639,0.363682092555332,0.4222222222222222,0.4523809523809524,29.177777777777777,0.022222222222222223,0.2,44.17777777777778
Joe Doerksen,Middleweight,E,0.0,False,0.2222222222222222,22,0,0.7394957983193278,0.14285714285714285,0.11764705882352941,0.6470588235294118,0.226890756302521,0.12605042016806722,0.43272727272727274,0.5454545454545454,0.34285714285714286,50.18181818181818,0.6363636363636364,0.045454545454545456,12.5
Joe Duffy,Lightweight,E,0.0,False,0.5,15,4,0.8511904761904762,0.07738095238095238,0.07142857142857142,0.6547619047619048,0.20833333333333334,0.13690476190476192,0.34355828220858897,0.26666666666666666,0.6666666666666666,23.866666666666667,0.2,0.13333333333333333,32.6
Joe Lauzon,Lightweight,D+,0.0,False,0.5555555555555556,53,3,0.5388429752066116,0.16363636363636364,0.2975206611570248,0.8876033057851239,0.09256198347107437,0.019834710743801654,0.39672131147540984,0.6415094339622641,0.4533333333333333,58.54716981132076,0.5471698113207547,0.05660377358490566,28.77358490566038
Joe Proctor,Lightweight,E,0.0,False,0.5,15,0,0.8243243243243243,0.13513513513513514,0.04054054054054054,0.6846846846846847,0.14864864864864866,0.16666666666666666,0.3651315789473684,0.0,0.5,15.2,0.5333333333333333,0.13333333333333333,40.53333333333333
Joe Pyfer,Middleweight,D+,0.0,False,0.875,17,4,0.8458498023715415,0.02766798418972332,0.12648221343873517,0.6956521739130435,0.22924901185770752,0.07509881422924901,0.4324786324786325,0.35294117647058826,0.25,27.529411764705884,0.23529411764705882,0.29411764705882354,34.411764705882355
Joe Riggs,Welterweight,E,0.0,False,0.4166666666666667,19,3,0.37575757575757573,0.22424242424242424,0.4,0.8242424242424242,0.11515151515151516,0.06060606060606061,0.5076923076923077,0.6842105263157895,0.6190476190476191,69.89473684210526,0.10526315789473684,0.05263157894736842,17.105263157894736
Joe Solecki,Lightweight,E,0.0,False,0.5555555555555556,22,3,0.6089108910891089,0.06435643564356436,0.32673267326732675,0.8366336633663366,0.07425742574257425,0.0891089108910891,0.5329815303430079,0.6363636363636364,0.4666666666666667,125.31818181818181,0.4090909090909091,0.0,17.227272727272727
Joe Soto,Bantamweight,D,1.0,False,0.375,18,0,0.8865546218487395,0.012605042016806723,0.10084033613445378,0.819327731092437,0.07142857142857142,0.1092436974789916,0.41754385964912283,0.2222222222222222,0.21052631578947367,25.055555555555557,0.5,0.0,31.666666666666668
Joe Stevenson,Lightweight,E,0.0,False,0.5,36,3,0.46254071661237783,0.11400651465798045,0.4234527687296417,0.7328990228013029,0.14332247557003258,0.1237785016286645,0.41997264021887826,0.8611111111111112,0.4626865671641791,87.27777777777777,0.6666666666666666,0.027777777777777776,20.305555555555557
Joel Alvarez,Lightweight,D,1.0,False,0.7272727272727273,21,0,0.7447916666666666,0.11458333333333333,0.140625,0.6901041666666666,0.19791666666666666,0.11197916666666667,0.5454545454545454,0.047619047619047616,0.3333333333333333,26.19047619047619,0.2857142857142857,0.047619047619047616,33.523809523809526
Joey Beltran,Heavyweight,E,0.0,False,0.3,27,0,0.6054888507718696,0.32075471698113206,0.07375643224699828,0.6843910806174958,0.18010291595197256,0.13550600343053174,0.3708651399491094,0.18518518518518517,0.18518518518518517,77.25925925925925,0.0,0.0,58.22222222222222
John Castaneda,Bantamweight,E,0.0,False,0.4444444444444444,24,2,0.9015025041736227,0.06343906510851419,0.035058430717863104,0.5692821368948247,0.15692821368948248,0.27378964941569284,0.5163793103448275,0.4583333333333333,0.39285714285714285,47.291666666666664,0.041666666666666664,0.16666666666666666,48.333333333333336
John Dodson,Bantamweight,C+,2.0,False,0.625,49,2,0.8504043126684636,0.11320754716981132,0.03638814016172507,0.5579514824797843,0.3005390835579515,0.14150943396226415,0.407244785949506,0.22448979591836735,0.2894736842105263,14.040816326530612,0.0,0.22448979591836735,37.183673469387756
John Hathaway,Welterweight,E,0.0,False,0.7777777777777778,25,3,0.5097560975609756,0.12195121951219512,0.36829268292682926,0.6682926829268293,0.2097560975609756,0.12195121951219512,0.40473840078973344,0.84,0.4375,111.16,0.28,0.08,40.52
John Howard,Welterweight,E,0.0,False,0.5,37,1,0.6016260162601627,0.2682926829268293,0.13008130081300814,0.4742547425474255,0.1842818428184282,0.34146341463414637,0.5075653370013755,0.8378378378378378,0.49206349206349204,73.32432432432432,0.13513513513513514,0.05405405405405406,19.64864864864865
John Lineker,Bantamweight,C+,2.0,False,0.75,41,4,0.8247524752475247,0.07722772277227723,0.09801980198019802,0.5564356435643565,0.3564356435643564,0.08712871287128712,0.4017501988862371,0.17073170731707318,0.5833333333333334,16.121951219512194,0.1951219512195122,0.2926829268292683,61.31707317073171
John Makdessi,Lightweight,E,0.0,False,0.55,51,2,0.932089552238806,0.04776119402985075,0.020149253731343283,0.5059701492537313,0.24253731343283583,0.25149253731343285,0.49814126394052044,0.0,0.0,4.470588235294118,0.0,0.11764705882352941,52.745098039215684
John Moraga,Flyweight,C,0.0,False,0.5714285714285714,37,1,0.5866050808314087,0.18937644341801385,0.22401847575057737,0.558891454965358,0.2517321016166282,0.18937644341801385,0.43517587939698493,0.1891891891891892,0.23333333333333334,39.62162162162162,0.32432432432432434,0.05405405405405406,26.89189189189189
Johnny Case,Lightweight,E,0.0,False,0.6666666666666666,17,2,0.744408945686901,0.06070287539936102,0.19488817891373802,0.597444089456869,0.22044728434504793,0.18210862619808307,0.3883374689826303,0.5294117647058824,0.45,68.05882352941177,0.058823529411764705,0.11764705882352941,47.411764705882355
Johnny Eduardo,Bantamweight,D+,0.0,False,0.375,16,2,0.9019607843137255,0.04411764705882353,0.05392156862745098,0.5,0.11274509803921569,0.3872549019607843,0.3968871595330739,0.0625,0.2,7.1875,0.125,0.125,32.125
Johnny Munoz,Bantamweight,E,0.0,False,0.3333333333333333,15,0,0.7440476190476191,0.15476190476190477,0.10119047619047619,0.5476190476190477,0.31547619047619047,0.13690476190476192,0.36681222707423583,0.7333333333333333,0.2558139534883721,80.93333333333334,0.5333333333333333,0.0,30.533333333333335
Johnny Walker,Light Heavyweight,C,0.0,False,0.5333333333333333,28,2,0.6982543640897756,0.06982543640897755,0.23192019950124687,0.46633416458852867,0.09975062344139651,0.4339152119700748,0.5290237467018469,0.07142857142857142,0.4,17.678571428571427,0.10714285714285714,0.17857142857142858,27.071428571428573
Johny Hendricks,Welterweight,B,3.0,True,0.65,56,0,0.6836158192090396,0.23502824858757063,0.08135593220338982,0.6598870056497175,0.08700564971751412,0.25310734463276835,0.456656346749226,1.0892857142857142,0.5,86.03571428571429,0.10714285714285714,0.10714285714285714,34.607142857142854
Jon Fitch,Welterweight,D+,0.0,False,0.7647058823529411,50,3,0.29523809523809524,0.21587301587301588,0.4888888888888889,0.6571428571428571,0.20476190476190476,0.1380952380952381,0.5142857142857142,1.16,0.5471698113207547,154.12,0.28,0.04,24.5
Jon Jones,Light Heavyweight,S,10.0,True,0.9130434782608695,77,1,0.6470588235294118,0.159846547314578,0.19309462915601022,0.4852941176470588,0.239769820971867,0.2749360613810742,0.5890772128060263,0.5844155844155844,0.45918367346938777,65.87012987012987,0.14285714285714285,0.07792207792207792,34.48051948051948
Jon Tuck,Lightweight,E,0.0,False,0.4444444444444444,23,2,0.7993827160493827,0.09259259259259259,0.10802469135802469,0.5617283950617284,0.25308641975308643,0.18518518518518517,0.4004944375772559,0.13043478260869565,0.3333333333333333,48.869565217391305,0.30434782608695654,0.08695652173913043,35.17391304347826
Jonathan Goulet,Welterweight,E,0.0,False,0.4444444444444444,15,3,0.4691358024691358,0.19753086419753085,0.3333333333333333,0.6790123456790124,0.16049382716049382,0.16049382716049382,0.41968911917098445,0.9333333333333333,0.7,81.2,0.13333333333333333,0.13333333333333333,12.866666666666667
Jonathan Martinez,Bantamweight,D+,0.0,False,0.6666666666666666,42,2,0.8241262683201804,0.06989853438556934,0.10597519729425028,0.5569334836527621,0.21871476888387825,0.22435174746335965,0.4958077138065959,0.11904761904761904,0.35714285714285715,40.11904761904762,0.023809523809523808,0.21428571428571427,42.595238095238095
Jonathan Pearce,Featherweight,D,1.0,False,0.5555555555555556,19,3,0.5165745856353591,0.19613259668508287,0.287292817679558,0.7016574585635359,0.1850828729281768,0.1132596685082873,0.5331369661266568,1.5263157894736843,0.5,125.21052631578948,0.2631578947368421,0.0,35.73684210526316
Jordan Leavitt,Lightweight,E,0.0,False,0.6666666666666666,17,1,0.8181818181818182,0.1038961038961039,0.07792207792207792,0.24025974025974026,0.24025974025974026,0.5194805194805194,0.5767790262172284,0.8235294117647058,0.32558139534883723,92.3529411764706,0.23529411764705882,0.058823529411764705,15.705882352941176
Jordan Mein,Welterweight,D,1.0,False,0.5555555555555556,21,4,0.7188612099644128,0.099644128113879,0.18149466192170818,0.6619217081850534,0.14590747330960854,0.19217081850533807,0.47386172006745364,0.6666666666666666,0.6086956521739131,68.95238095238095,0.09523809523809523,0.14285714285714285,28.238095238095237
Jorge Gurgel,Lightweight,E,0.0,False,0.42857142857142855,21,0,0.6741573033707865,0.16573033707865167,0.1601123595505618,0.6910112359550562,0.09550561797752809,0.21348314606741572,0.3311627906976744,0.2857142857142857,0.25,75.14285714285714,0.047619047619047616,0.0,51.19047619047619
Jorge Masvidal,Welterweight,C+,2.0,False,0.5714285714285714,62,4,0.6905982905982906,0.17264957264957265,0.13675213675213677,0.594017094017094,0.24017094017094018,0.1658119658119658,0.49471458773784355,0.27419354838709675,0.53125,41.87096774193548,0.11290322580645161,0.14516129032258066,38.145161290322584
Jorge Rivera,Middleweight,E,0.0,False,0.5333333333333333,30,1,0.30158730158730157,0.4365079365079365,0.2619047619047619,0.6428571428571429,0.2275132275132275,0.12962962962962962,0.4967148488830486,0.23333333333333334,0.5,77.73333333333333,0.03333333333333333,0.26666666666666666,25.366666666666667
Jose Aldo,Bantamweight,A+,8.0,True,0.5714285714285714,79,4,0.9010339734121122,0.0413589364844904,0.05760709010339734,0.6742983751846381,0.206794682422452,0.1189069423929099,0.45254010695187163,0.16455696202531644,0.5,33.49367088607595,0.05063291139240506,0.08860759493670886,37.87341772151899
Jose Quinonez,Bantamweight,E,0.0,False,0.5555555555555556,21,2,0.7947214076246334,0.05865102639296188,0.1466275659824047,0.5131964809384164,0.1935483870967742,0.2932551319648094,0.45466666666666666,0.8095238095238095,0.4722222222222222,66.0,0.19047619047619047,0.14285714285714285,35.714285714285715
Joselyne Edwards,Women's Bantamweight,C+,2.0,False,0.75,34,2,0.8516042780748663,0.07219251336898395,0.07620320855614973,0.3836898395721925,0.32085561497326204,0.29545454545454547,0.5308729595457772,0.4117647058823529,0.3684210526315789,57.0,0.17647058823529413,0.029411764705882353,41.44117647058823
Joseph Benavidez,Flyweight,C+,2.0,False,0.7,51,2,0.814498933901919,0.11833688699360341,0.06716417910447761,0.5383795309168443,0.25906183368869934,0.2025586353944563,0.3688556822650413,0.47058823529411764,0.3076923076923077,48.13725490196079,0.0784313725490196,0.11764705882352941,49.86274509803921
Josh Barnett,Heavyweight,B,3.0,True,0.7,21,1,0.3392857142857143,0.4362244897959184,0.22448979591836735,0.6326530612244898,0.29591836734693877,0.07142857142857142,0.6153846153846154,0.23809523809523808,0.625,82.80952380952381,0.23809523809523808,0.047619047619047616,30.333333333333332
Josh Culibao,Featherweight,E,0.0,False,0.375,22,2,0.888268156424581,0.055865921787709494,0.055865921787709494,0.6089385474860335,0.19832402234636873,0.19273743016759776,0.4475,0.0,0.0,18.90909090909091,0.09090909090909091,0.18181818181818182,36.36363636363637
Josh Emmett,Featherweight,C+,2.0,False,0.5882352941176471,45,4,0.8438709677419355,0.05548387096774193,0.10064516129032258,0.64,0.21161290322580645,0.14838709677419354,0.35763728657129673,0.3333333333333333,0.36585365853658536,22.466666666666665,0.022222222222222223,0.26666666666666666,48.15555555555556
Josh Fremd,Middleweight,E,0.0,False,0.3333333333333333,15,1,0.7803468208092486,0.16184971098265896,0.057803468208092484,0.48554913294797686,0.31213872832369943,0.2023121387283237,0.44473007712082263,0.2,0.25,64.06666666666666,0.3333333333333333,0.0,25.933333333333334
Josh Koscheck,Welterweight,D+,0.0,False,0.625,52,3,0.4766355140186916,0.10514018691588785,0.4182242990654206,0.7523364485981309,0.18691588785046728,0.06074766355140187,0.3617920540997464,0.7692307692307693,0.4819277108433735,106.38461538461539,0.1346153846153846,0.07692307692307693,22.75
Josh Neer,Welterweight,E,0.0,False,0.4,33,0,0.4693446088794926,0.2938689217758985,0.23678646934460887,0.7441860465116279,0.1522198731501057,0.10359408033826638,0.4466477809254013,0.30303030303030304,0.4166666666666667,59.39393939393939,0.3939393939393939,0.030303030303030304,32.09090909090909
Josh Parisian,Heavyweight,E,0.0,False,0.2857142857142857,16,1,0.7193548387096774,0.22258064516129034,0.05806451612903226,0.5903225806451613,0.31290322580645163,0.0967741935483871,0.4776579352850539,0.3125,0.3333333333333333,36.625,0.0,0.0,40.5625
Josh Thomson,Lightweight,C+,2.0,False,0.42857142857142855,18,1,0.649746192893401,0.18781725888324874,0.16243654822335024,0.49746192893401014,0.20812182741116753,0.29441624365482233,0.4310722100656455,0.6111111111111112,0.36666666666666664,67.38888888888889,0.0,0.1111111111111111,25.38888888888889
Joshua Burkman,Welterweight,E,0.0,False,0.3157894736842105,45,1,0.6703499079189686,0.2302025782688766,0.09944751381215469,0.47697974217311234,0.16758747697974216,0.35543278084714547,0.43614457831325304,0.7555555555555555,0.3695652173913043,68.02222222222223,0.08888888888888889,0.044444444444444446,27.666666666666668
Joshua Van,Flyweight,B+,4.0,True,0.9090909090909091,32,4,0.8699186991869918,0.07642276422764227,0.05365853658536585,0.7252032520325203,0.1910569105691057,0.08373983739837398,0.5736940298507462,0.25,0.6153846153846154,20.0,0.0625,0.21875,67.0
Julia Avila,Women's Bantamweight,D,1.0,False,0.5,16,2,0.7889447236180904,0.1658291457286432,0.04522613065326633,0.5879396984924623,0.18090452261306533,0.23115577889447236,0.42430703624733473,0.1875,0.375,48.4375,0.0625,0.0625,29.3125
Julia Polastri,Women's Strawweight,E,0.0,False,0.4,15,4,0.8149779735682819,0.1299559471365639,0.05506607929515418,0.5925110132158591,0.2687224669603524,0.13876651982378854,0.5805626598465473,0.2,0.75,35.733333333333334,0.06666666666666667,0.0,52.13333333333333
Julian Erosa,Featherweight,E,0.0,False,0.5,35,0,0.776608187134503,0.16257309941520467,0.0608187134502924,0.6619883040935672,0.2432748538011696,0.09473684210526316,0.4795288839035334,0.4857142857142857,0.4473684210526316,37.17142857142857,0.2,0.02857142857142857,50.94285714285714
Julian Marquez,Middleweight,E,0.0,False,0.375,15,0,0.6687898089171974,0.2229299363057325,0.10828025477707007,0.7707006369426752,0.16560509554140126,0.06369426751592357,0.4498567335243553,0.0,0.0,14.466666666666667,0.7333333333333333,0.06666666666666667,46.53333333333333
Juliana Lima,Women's Strawweight,D,1.0,False,0.42857142857142855,20,1,0.44086021505376344,0.34946236559139787,0.20967741935483872,0.45161290322580644,0.26344086021505375,0.2849462365591398,0.44075829383886256,0.55,0.3142857142857143,108.0,0.0,0.0,21.1
Julianna Pena,Women's Bantamweight,B,3.0,True,0.6666666666666666,33,0,0.6186612576064908,0.13184584178498987,0.24949290060851928,0.7849898580121704,0.18661257606490872,0.028397565922920892,0.44454463480613166,0.5454545454545454,0.5454545454545454,82.03030303030303,0.24242424242424243,0.0,33.60606060606061
Julija Stoliarenko,Women's Bantamweight,E,0.0,False,0.2222222222222222,21,2,0.9011406844106464,0.07604562737642585,0.022813688212927757,0.6121673003802282,0.19391634980988592,0.19391634980988592,0.3890532544378698,0.23809523809523808,0.20833333333333334,28.142857142857142,0.42857142857142855,0.0,32.19047619047619
Julio Arce,Featherweight,E,0.0,False,0.6,27,2,0.9145129224652088,0.07157057654075547,0.013916500994035786,0.7176938369781312,0.23061630218687873,0.05168986083499006,0.3485793485793486,0.14814814814814814,0.2857142857142857,18.48148148148148,0.1111111111111111,0.1111111111111111,53.44444444444444
JunYong Park,Middleweight,E,0.0,False,0.6923076923076923,33,0,0.8355795148247979,0.07008086253369272,0.09433962264150944,0.807277628032345,0.09568733153638814,0.09703504043126684,0.5156358582348853,0.5454545454545454,0.42857142857142855,86.78787878787878,0.2727272727272727,0.030303030303030304,43.60606060606061
Junior Dos Santos,Heavyweight,B+,4.0,True,0.6818181818181818,58,4,0.8494138863841298,0.08476104598737602,0.06582506762849413,0.6149684400360685,0.3408476104598738,0.04418394950405771,0.47946389969736275,0.08620689655172414,0.5,7.862068965517241,0.017241379310344827,0.2413793103448276,39.87931034482759
Jussier Formiga,Flyweight,C+,2.0,False,0.5625,38,0,0.7159533073929961,0.11673151750972763,0.16731517509727625,0.7354085603112841,0.1556420233463035,0.10894941634241245,0.39599383667180277,0.5789473684210527,0.3548387096774194,83.13157894736842,0.18421052631578946,0.05263157894736842,17.07894736842105
Justin Edwards,Welterweight,E,0.0,False,0.2857142857142857,17,1,0.5458937198067633,0.36231884057971014,0.09178743961352658,0.6328502415458938,0.27053140096618356,0.0966183574879227,0.4215885947046843,0.6470588235294118,0.2682926829268293,54.94117647058823,0.29411764705882354,0.058823529411764705,28.88235294117647
Justin Gaethje,Lightweight,B,3.0,True,0.6923076923076923,41,4,0.8406779661016949,0.12457627118644068,0.03474576271186441,0.6457627118644068,0.11101694915254237,0.24322033898305084,0.5853174603174603,0.0975609756097561,0.4,17.195121951219512,0.0,0.21951219512195122,49.170731707317074
Justin Ledet,Light Heavyweight,D,1.0,False,0.42857142857142855,15,0,0.9541284403669725,0.04128440366972477,0.0045871559633027525,0.9311926605504587,0.05963302752293578,0.009174311926605505,0.38998211091234347,0.06666666666666667,0.5,10.0,0.06666666666666667,0.0,37.266666666666666
Justin Scoggins,Flyweight,D,1.0,False,0.4444444444444444,22,3,0.6183844011142061,0.10584958217270195,0.2757660167130919,0.6573816155988857,0.20612813370473537,0.13649025069637882,0.5172910662824207,1.0454545454545454,0.6388888888888888,99.72727272727273,0.13636363636363635,0.045454545454545456,31.545454545454547
Justin Tafa,Heavyweight,E,0.0,False,0.4,16,2,0.8461538461538461,0.11764705882352941,0.03619909502262444,0.583710407239819,0.28054298642533937,0.13574660633484162,0.5443349753694581,0.0,0.0,16.5625,0.0,0.25,25.375
Justine Kish,Women's Flyweight,D,1.0,False,0.42857142857142855,21,2,0.8507462686567164,0.11300639658848614,0.03624733475479744,0.43710021321961623,0.2302771855010661,0.3326226012793177,0.48102564102564105,0.2857142857142857,0.3333333333333333,33.57142857142857,0.047619047619047616,0.047619047619047616,46.42857142857143
Kai Kara-France,Flyweight,C+,2.0,False,0.6666666666666666,34,2,0.8595505617977528,0.02247191011235955,0.11797752808988764,0.6390449438202247,0.14606741573033707,0.2148876404494382,0.4024872809496891,0.17647058823529413,0.3,24.323529411764707,0.0,0.23529411764705882,52.029411764705884
Kailin Curran,Women's Strawweight,E,0.0,False,0.14285714285714285,18,1,0.6375,0.24375,0.11875,0.628125,0.25625,0.115625,0.4383561643835616,0.6111111111111112,0.5789473684210527,100.72222222222223,0.16666666666666666,0.0,40.55555555555556
Kajan Johnson,Lightweight,E,0.0,False,0.5714285714285714,19,2,0.7175925925925926,0.07407407407407407,0.20833333333333334,0.5138888888888888,0.2175925925925926,0.26851851851851855,0.4294234592445328,0.47368421052631576,0.375,42.526315789473685,0.05263157894736842,0.10526315789473684,26.473684210526315
Kamaru Usman,Welterweight,A+,8.0,True,0.875,71,3,0.5733522324592487,0.1686746987951807,0.2579730687455705,0.6350106307583274,0.28632175761871015,0.07866761162296244,0.518940787054064,0.8873239436619719,0.4405594405594406,124.08450704225352,0.028169014084507043,0.14084507042253522,38.29577464788732
Karine Silva,Women's Flyweight,D+,0.0,False,0.625,18,1,0.7614213197969543,0.15228426395939088,0.08629441624365482,0.4213197969543147,0.22842639593908629,0.350253807106599,0.3971774193548387,0.6666666666666666,0.5454545454545454,66.22222222222223,0.4444444444444444,0.05555555555555555,27.555555555555557
Karl Roberson,Middleweight,E,0.0,False,0.4,19,1,0.5865384615384616,0.15865384615384615,0.2548076923076923,0.6105769230769231,0.1778846153846154,0.21153846153846154,0.5148514851485149,0.21052631578947367,0.4,45.578947368421055,0.15789473684210525,0.05263157894736842,21.263157894736842
Karo Parisyan,Welterweight,E,0.0,False,0.6153846153846154,32,3,0.424,0.18933333333333333,0.38666666666666666,0.864,0.06133333333333333,0.07466666666666667,0.41482300884955753,1.65625,0.5955056179775281,110.90625,0.3125,0.0,28.25
Karol Rosa,Women's Bantamweight,D+,0.0,False,0.6666666666666666,36,2,0.7998111425873465,0.10576015108593012,0.09442870632672333,0.5845136921624173,0.1274787535410765,0.28800755429650615,0.5600211528291908,0.3888888888888889,0.4827586206896552,87.22222222222223,0.05555555555555555,0.05555555555555555,52.52777777777778
Karolina Kowalkiewicz,Women's Strawweight,C+,2.0,False,0.47368421052631576,52,2,0.7898134863701578,0.18149210903873744,0.028694404591104734,0.6111908177905309,0.2654232424677188,0.12338593974175036,0.42984890533456677,0.11538461538461539,0.23076923076923078,30.0,0.057692307692307696,0.0,62.36538461538461
Katlyn Cerminara,Women's Flyweight,C+,2.0,False,0.625,49,2,0.8695652173913043,0.07789855072463768,0.05253623188405797,0.6132246376811594,0.24365942028985507,0.1431159420289855,0.34947768281101615,0.10204081632653061,0.15625,23.26530612244898,0.10204081632653061,0.02040816326530612,64.46938775510205
Keita Nakamura,Welterweight,E,0.0,False,0.36363636363636365,32,0,0.7922848664688428,0.10979228486646884,0.09792284866468842,0.7922848664688428,0.14540059347181009,0.06231454005934718,0.3569915254237288,0.5625,0.5142857142857142,44.5,0.125,0.125,29.5
Keith Jardine,Light Heavyweight,E,0.0,False,0.46153846153846156,30,2,0.8438661710037175,0.11338289962825279,0.04275092936802974,0.5966542750929368,0.12825278810408922,0.275092936802974,0.3712905452035887,0.1,0.3333333333333333,10.833333333333334,0.0,0.1,48.3
Kelvin Gastelum,Middleweight,C+,2.0,False,0.5384615384615384,73,2,0.8526398739164697,0.08589440504334121,0.061465721040189124,0.6493301812450749,0.18360914105594955,0.16706067769897556,0.4237061769616027,0.3287671232876712,0.35294117647058826,38.83561643835616,0.0273972602739726,0.136986301369863,41.02739726027397
Ken Shamrock,Light Heavyweight,E,0.0,False,0.5,19,3,0.19658119658119658,0.23076923076923078,0.5726495726495726,0.6752136752136753,0.2564102564102564,0.06837606837606838,0.4105263157894737,0.3684210526315789,0.6363636363636364,2.0526315789473686,0.47368421052631576,0.05263157894736842,15.0
Kendall Grove,Middleweight,E,0.0,False,0.5384615384615384,27,1,0.3231939163498099,0.49049429657794674,0.18631178707224336,0.6197718631178707,0.2737642585551331,0.10646387832699619,0.44880546075085326,0.18518518518518517,0.625,40.81481481481482,0.6296296296296297,0.07407407407407407,21.703703703703702
Kennedy Nzechukwu,Light Heavyweight,D,1.0,False,0.5333333333333333,32,4,0.7564102564102564,0.12980769230769232,0.11378205128205128,0.8173076923076923,0.17307692307692307,0.009615384615384616,0.4964200477326969,0.15625,0.45454545454545453,45.03125,0.0625,0.09375,39.28125
Kenny Florian,Lightweight,E,0.0,False,0.7058823529411765,42,3,0.48237885462555063,0.17841409691629956,0.3392070484581498,0.6475770925110133,0.21585903083700442,0.13656387665198239,0.4,0.6190476190476191,0.32098765432098764,63.857142857142854,0.30952380952380953,0.023809523809523808,27.023809523809526
Kenny Robertson,Welterweight,E,0.0,False,0.4444444444444444,20,1,0.5902140672782875,0.19877675840978593,0.21100917431192662,0.6299694189602446,0.1559633027522936,0.21406727828746178,0.47050359712230216,0.4,0.26666666666666666,91.75,0.25,0.1,34.75
Ketlen Vieira,Women's Bantamweight,C+,2.0,False,0.6666666666666666,46,0,0.7777777777777778,0.15942028985507245,0.06280193236714976,0.7632850241545893,0.14170692431561996,0.09500805152979067,0.4016817593790427,0.43478260869565216,0.425531914893617,94.58695652173913,0.17391304347826086,0.0,33.608695652173914
Kevin Aguilar,Featherweight,E,0.0,False,0.3333333333333333,16,2,0.85,0.0875,0.0625,0.584375,0.35625,0.059375,0.38929440389294406,0.0625,0.16666666666666666,20.125,0.0,0.0625,51.375
Kevin Casey,Middleweight,E,0.0,False,0.14285714285714285,15,1,0.5235294117647059,0.11764705882352941,0.3588235294117647,0.6058823529411764,0.2235294117647059,0.17058823529411765,0.5466237942122186,0.2,0.21428571428571427,73.73333333333333,0.13333333333333333,0.06666666666666667,20.733333333333334
Kevin Holland,Middleweight,D+,0.0,False,0.5517241379310345,70,2,0.7468944099378882,0.1343167701863354,0.1187888198757764,0.546583850931677,0.18788819875776397,0.265527950310559,0.5025360905189231,0.24285714285714285,0.3953488372093023,34.94285714285714,0.18571428571428572,0.1,36.614285714285714
Kevin Lee,Lightweight,C,0.0,False,0.5789473684210527,48,3,0.5931198102016607,0.08659549228944247,0.3202846975088968,0.7746144721233689,0.19691577698695137,0.028469750889679714,0.42255639097744363,0.9583333333333334,0.4339622641509434,111.91666666666667,0.22916666666666666,0.020833333333333332,41.5625
Kevin Randleman,Light Heavyweight,B+,4.0,True,0.5714285714285714,22,3,0.18556701030927836,0.10309278350515463,0.711340206185567,0.9175257731958762,0.07216494845360824,0.010309278350515464,0.3688212927756654,0.9545454545454546,0.7,118.72727272727273,0.22727272727272727,0.0,11.954545454545455
Khabib Nurmagomedov,Lightweight,A,6.0,True,1.0,38,3,0.4226950354609929,0.03829787234042553,0.5390070921985816,0.8567375886524823,0.09219858156028368,0.05106382978723404,0.48822714681440443,1.605263157894737,0.48031496062992124,149.5,0.23684210526315788,0.05263157894736842,38.0
Khalil Rountree Jr.,Light Heavyweight,C,0.0,False,0.5555555555555556,41,4,0.9073529411764706,0.052941176470588235,0.039705882352941174,0.5514705882352942,0.23823529411764705,0.21029411764705883,0.4064554692169755,0.0,0.5,4.658536585365853,0.024390243902439025,0.34146341463414637,40.80487804878049
Khamzat Chimaev,Middleweight,B,3.0,True,0.9,23,3,0.5580808080808081,0.03282828282828283,0.4090909090909091,0.76010101010101,0.14646464646464646,0.09343434343434344,0.5424657534246575,1.5217391304347827,0.5833333333333334,145.52173913043478,0.391304347826087,0.08695652173913043,31.73913043478261
Khaos Williams,Welterweight,E,0.0,False,0.6363636363636364,24,2,0.8875739644970414,0.07692307692307693,0.03550295857988166,0.47928994082840237,0.20315581854043394,0.3175542406311637,0.39241486068111453,0.0,0.0,30.791666666666668,0.0,0.25,53.833333333333336
King Green,Lightweight,D+,0.0,False,0.5517241379310345,68,2,0.8111484863046612,0.08601633829889477,0.10283517539644402,0.5876982220086497,0.245074483421432,0.1672272945699183,0.5350989971715094,0.39705882352941174,0.4576271186440678,40.705882352941174,0.08823529411764706,0.08823529411764706,57.19117647058823
Krzysztof Jotko,Middleweight,D+,0.0,False,0.6470588235294118,45,1,0.553125,0.2703125,0.1765625,0.6546875,0.2171875,0.128125,0.42524916943521596,0.4222222222222222,0.3958333333333333,65.08888888888889,0.022222222222222223,0.044444444444444446,33.44444444444444
Krzysztof Soszynski,Light Heavyweight,E,0.0,False,0.75,19,1,0.5659722222222222,0.22569444444444445,0.20833333333333334,0.5868055555555556,0.22916666666666666,0.1840277777777778,0.41201716738197425,0.15789473684210525,0.2727272727272727,67.3157894736842,0.3157894736842105,0.05263157894736842,36.78947368421053
Kurt Holobaugh,Lightweight,E,0.0,False,0.2222222222222222,22,2,0.7828947368421053,0.16447368421052633,0.05263157894736842,0.6206140350877193,0.24780701754385964,0.13157894736842105,0.44970414201183434,0.22727272727272727,0.3333333333333333,44.36363636363637,0.22727272727272727,0.045454545454545456,46.09090909090909
Kurt Pellegrino,Lightweight,E,0.0,False,0.5833333333333334,28,3,0.4605263157894737,0.1118421052631579,0.4276315789473684,0.7894736842105263,0.1513157894736842,0.05921052631578947,0.43490701001430615,0.8571428571428571,0.5454545454545454,124.64285714285714,0.25,0.10714285714285714,24.964285714285715
Kyle Bochniak,Featherweight,E,0.0,False,0.2857142857142857,21,2,0.8804347826086957,0.10144927536231885,0.018115942028985508,0.6231884057971014,0.16304347826086957,0.213768115942029,0.31399317406143346,0.38095238095238093,0.15384615384615385,34.38095238095238,0.0,0.047619047619047616,41.857142857142854
Kyle Daukaus,Middleweight,E,0.0,False,0.4444444444444444,16,0,0.6871794871794872,0.1282051282051282,0.18461538461538463,0.7282051282051282,0.14358974358974358,0.1282051282051282,0.49872122762148335,0.5625,0.23684210526315788,105.4375,0.4375,0.125,24.4375
Kyle Kingsbury,Light Heavyweight,E,0.0,False,0.4444444444444444,22,1,0.6842105263157895,0.26973684210526316,0.046052631578947366,0.4506578947368421,0.2236842105263158,0.3256578947368421,0.40860215053763443,0.8181818181818182,0.4186046511627907,59.18181818181818,0.0,0.045454545454545456,33.81818181818182
Kyle Nelson,Featherweight,E,0.0,False,0.4166666666666667,27,2,0.837772397094431,0.13075060532687652,0.031476997578692496,0.559322033898305,0.26150121065375304,0.1791767554479419,0.45787139689578715,0.3333333333333333,0.23076923076923078,52.25925925925926,0.14814814814814814,0.037037037037037035,33.407407407407405
Kyle Noke,Welterweight,E,0.0,False,0.5,25,1,0.7002801120448179,0.06162464985994398,0.23809523809523808,0.47619047619047616,0.20168067226890757,0.32212885154061627,0.5107296137339056,0.44,0.55,41.44,0.16,0.12,27.96
Kyler Phillips,Bantamweight,D+,0.0,False,0.6,29,0,0.807153965785381,0.05909797822706065,0.13374805598755832,0.6749611197511665,0.18351477449455678,0.14152410575427682,0.42895263509006004,0.896551724137931,0.4727272727272727,58.6551724137931,0.10344827586206896,0.06896551724137931,51.689655172413794
Kyoji Horiguchi,Flyweight,C+,2.0,False,0.9,29,4,0.6988636363636364,0.13636363636363635,0.16477272727272727,0.75,0.16287878787878787,0.08712121212121213,0.4743935309973046,0.5172413793103449,0.40540540540540543,60.3448275862069,0.034482758620689655,0.20689655172413793,38.37931034482759
Kyung Ho Kang,Bantamweight,E,0.0,False,0.5714285714285714,36,0,0.7522768670309654,0.04189435336976321,0.2058287795992714,0.7668488160291439,0.09289617486338798,0.14025500910746813,0.4769765421372719,0.6388888888888888,0.5,97.66666666666667,0.25,0.1111111111111111,31.97222222222222
Lando Vannata,Lightweight,E,0.0,False,0.3076923076923077,34,2,0.8677918424753868,0.07876230661040788,0.053445850914205346,0.5077355836849508,0.2517580872011252,0.24050632911392406,0.45989650711513586,0.38235294117647056,0.3611111111111111,20.558823529411764,0.08823529411764706,0.14705882352941177,45.470588235294116
Laureano Staropoli,Welterweight,E,0.0,False,0.3333333333333333,18,2,0.9496644295302014,0.04697986577181208,0.003355704697986577,0.6644295302013423,0.24161073825503357,0.09395973154362416,0.3401826484018265,0.2777777777777778,0.2631578947368421,22.88888888888889,0.0,0.0,48.666666666666664
Lauren Murphy,Women's Flyweight,C+,2.0,False,0.5333333333333333,45,0,0.7268518518518519,0.14930555555555555,0.12384259259259259,0.7453703703703703,0.13425925925925927,0.12037037037037036,0.3848552338530067,0.35555555555555557,0.24615384615384617,51.044444444444444,0.06666666666666667,0.022222222222222223,49.888888888888886
Leandro Silva,Lightweight,E,0.0,False,0.375,21,1,0.860655737704918,0.11885245901639344,0.020491803278688523,0.5,0.26229508196721313,0.23770491803278687,0.4860557768924303,0.5714285714285714,0.375,55.285714285714285,0.14285714285714285,0.0,23.904761904761905
Leon Edwards,Welterweight,B+,4.0,True,0.7777777777777778,71,1,0.7583046964490263,0.13631156930126,0.10538373424971363,0.561282932416953,0.23596792668957617,0.2027491408934708,0.5435865504358655,0.39436619718309857,0.37333333333333335,59.521126760563384,0.11267605633802817,0.07042253521126761,22.619718309859156
Leonard Garcia,Featherweight,E,0.0,False,0.2222222222222222,24,2,0.8652694610778443,0.08083832335329341,0.05389221556886228,0.6526946107784432,0.17065868263473055,0.17664670658682635,0.2429090909090909,0.16666666666666666,0.3333333333333333,20.166666666666668,0.125,0.041666666666666664,57.291666666666664
Leonardo Santos,Lightweight,E,0.0,False,0.6363636363636364,26,2,0.7053571428571429,0.12202380952380952,0.17261904761904762,0.6160714285714286,0.22916666666666666,0.15476190476190477,0.4686192468619247,0.2692307692307692,0.25925925925925924,34.92307692307692,0.07692307692307693,0.11538461538461539,27.576923076923077
Lerone Murphy,Featherweight,C+,2.0,False,0.8181818181818182,34,4,0.8161244695898161,0.09759547383309759,0.08628005657708628,0.635077793493635,0.214992927864215,0.14992927864214992,0.5108381502890174,0.38235294117647056,0.5416666666666666,37.44117647058823,0.14705882352941177,0.08823529411764706,40.705882352941174
Leslie Smith,Women's Bantamweight,D+,0.0,False,0.5714285714285714,15,2,0.7421383647798742,0.2431865828092243,0.014675052410901468,0.7232704402515723,0.1530398322851153,0.12368972746331237,0.40321217244294166,0.0,0.0,15.733333333333333,0.0,0.13333333333333333,78.86666666666666
Li Jingliang,Welterweight,D,1.0,False,0.6111111111111112,41,2,0.8699763593380615,0.04728132387706856,0.08274231678486997,0.5626477541371159,0.1276595744680851,0.30969267139479906,0.4242728184553661,0.36585365853658536,0.4166666666666667,22.536585365853657,0.0,0.24390243902439024,48.63414634146341
Lina Lansberg,Women's Bantamweight,D+,0.0,False,0.36363636363636365,30,1,0.4076923076923077,0.4358974358974359,0.1564102564102564,0.5282051282051282,0.39487179487179486,0.07692307692307693,0.5547652916073968,0.16666666666666666,0.2777777777777778,76.23333333333333,0.03333333333333333,0.06666666666666667,23.433333333333334
Liz Carmouche,Women's Bantamweight,C+,2.0,False,0.5,29,1,0.5636942675159236,0.1464968152866242,0.2898089171974522,0.5222929936305732,0.18152866242038215,0.2961783439490446,0.5304054054054054,0.8620689655172413,0.6097560975609756,88.3103448275862,0.13793103448275862,0.0,20.413793103448278
Loma Lookboonmee,Women's Strawweight,D,1.0,False,0.7,29,1,0.5697674418604651,0.36046511627906974,0.06976744186046512,0.3682170542635659,0.4496124031007752,0.1821705426356589,0.5584415584415584,0.5862068965517241,0.5,43.48275862068966,0.034482758620689655,0.0,31.862068965517242
Loopy Godinez,Women's Strawweight,D+,0.0,False,0.6,41,0,0.8365276211950394,0.10259301014656144,0.060879368658399095,0.7801578354002254,0.161217587373168,0.058624577226606536,0.49415041782729807,0.975609756097561,0.425531914893617,82.29268292682927,0.2682926829268293,0.024390243902439025,43.78048780487805
Lorenz Larkin,Middleweight,D+,0.0,False,0.5,23,2,0.7493606138107417,0.1918158567774936,0.058823529411764705,0.4884910485933504,0.15601023017902813,0.3554987212276215,0.4463470319634703,0.043478260869565216,0.25,15.391304347826088,0.0,0.13043478260869565,38.08695652173913
Louis Smolka,Flyweight,D+,0.0,False,0.47058823529411764,37,0,0.6091030789825971,0.10843373493975904,0.2824631860776439,0.6653279785809906,0.2597054886211513,0.0749665327978581,0.4742857142857143,0.4864864864864865,0.35294117647058826,73.35135135135135,0.5135135135135135,0.05405405405405406,42.567567567567565
Luana Carolina,Women's Flyweight,D,1.0,False,0.6,28,1,0.7119205298013245,0.2185430463576159,0.0695364238410596,0.5314569536423841,0.3029801324503311,0.16556291390728478,0.5071368597816961,0.10714285714285714,0.42857142857142855,47.142857142857146,0.17857142857142858,0.03571428571428571,42.535714285714285
Luana Pinheiro,Women's Strawweight,D+,0.0,False,0.42857142857142855,18,2,0.8745644599303136,0.10104529616724739,0.024390243902439025,0.5958188153310104,0.23693379790940766,0.1672473867595819,0.39586206896551723,0.7777777777777778,0.3783783783783784,25.555555555555557,0.05555555555555555,0.05555555555555555,40.27777777777778
Lucas Martins,Featherweight,E,0.0,False,0.5714285714285714,16,2,0.8983050847457628,0.06779661016949153,0.03389830508474576,0.6892655367231638,0.14124293785310735,0.1694915254237288,0.3582995951417004,0.0,0.0,4.5625,0.125,0.1875,30.875
Lucie Pudilova,Women's Bantamweight,D,1.0,False,0.2727272727272727,31,0,0.6765249537892791,0.17929759704251386,0.14417744916820702,0.7430683918669131,0.1645101663585952,0.09242144177449169,0.37700348432055747,0.22580645161290322,0.3181818181818182,65.41935483870968,0.1935483870967742,0.06451612903225806,46.29032258064516
Ludovit Klein,Lightweight,E,0.0,False,0.6666666666666666,32,4,0.796875,0.10590277777777778,0.09722222222222222,0.5902777777777778,0.296875,0.11284722222222222,0.5358139534883721,0.4375,0.5185185185185185,74.09375,0.0,0.15625,33.59375
Luigi Fioravanti,Welterweight,E,0.0,False,0.4444444444444444,20,1,0.5,0.3037383177570093,0.19626168224299065,0.5233644859813084,0.14018691588785046,0.3364485981308411,0.4288577154308617,1.2,0.631578947368421,76.2,0.3,0.1,24.95
Luis Henrique,Heavyweight,E,0.0,False,0.3333333333333333,16,3,0.4393939393939394,0.20454545454545456,0.3560606060606061,0.7121212121212122,0.20454545454545456,0.08333333333333333,0.43564356435643564,0.9375,0.36585365853658536,125.625,0.3125,0.0,18.9375
Luis Pena,Lightweight,E,0.0,False,0.625,22,0,0.6542553191489362,0.09308510638297872,0.2526595744680851,0.8324468085106383,0.125,0.0425531914893617,0.4688279301745636,0.36363636363636365,0.3333333333333333,104.04545454545455,0.36363636363636365,0.045454545454545456,36.45454545454545
Luke Barnatt,Middleweight,E,0.0,False,0.5,15,2,0.807570977917981,0.15141955835962145,0.04100946372239748,0.694006309148265,0.2082018927444795,0.09779179810725552,0.364367816091954,0.2,0.42857142857142855,8.533333333333333,0.13333333333333333,0.13333333333333333,58.0
Luke Cummo,Welterweight,E,0.0,False,0.42857142857142855,18,1,0.5578231292517006,0.2653061224489796,0.17687074829931973,0.5306122448979592,0.3401360544217687,0.1292517006802721,0.4323529411764706,0.2777777777777778,0.5555555555555556,38.166666666666664,0.4444444444444444,0.2222222222222222,18.88888888888889
Luke Rockhold,Middleweight,B,3.0,True,0.6,22,1,0.5930851063829787,0.06914893617021277,0.3377659574468085,0.5877659574468085,0.2579787234042553,0.15425531914893617,0.5688350983358548,0.2727272727272727,0.3,51.0,0.2727272727272727,0.09090909090909091,30.045454545454547
Luke Sanders,Bantamweight,E,0.0,False,0.375,16,4,0.6826923076923077,0.0985576923076923,0.21875,0.8052884615384616,0.12259615384615384,0.07211538461538461,0.5259165613147914,0.1875,0.3,41.9375,0.0625,0.25,49.4375
Lyoto Machida,Light Heavyweight,B+,4.0,True,0.6956521739130435,63,4,0.7108938547486033,0.12430167597765363,0.164804469273743,0.5027932960893855,0.2737430167597765,0.22346368715083798,0.5173410404624278,0.2222222222222222,0.6363636363636364,42.55555555555556,0.12698412698412698,0.2222222222222222,21.96825396825397
Mac Danzig,Lightweight,E,0.0,False,0.38461538461538464,31,0,0.6869918699186992,0.19715447154471544,0.11585365853658537,0.6849593495934959,0.19308943089430894,0.12195121951219512,0.49898580121703856,0.3870967741935484,0.375,59.12903225806452,0.1935483870967742,0.0967741935483871,31.806451612903224
Mackenzie Dern,Women's Strawweight,B,3.0,True,0.7333333333333333,47,0,0.7290076335877863,0.1005089058524173,0.17048346055979643,0.7544529262086515,0.13994910941475827,0.10559796437659033,0.41609317098994175,0.2978723404255319,0.18421052631578946,81.29787234042553,0.3404255319148936,0.0425531914893617,40.191489361702125
Macy Chiasson,Women's Bantamweight,C,0.0,False,0.5384615384615384,34,1,0.48367346938775513,0.30612244897959184,0.21020408163265306,0.5469387755102041,0.35306122448979593,0.1,0.4605263157894737,0.5588235294117647,0.3584905660377358,92.02941176470588,0.11764705882352941,0.058823529411764705,31.294117647058822
Magomed Ankalaev,Light Heavyweight,B,3.0,True,0.8,42,1,0.7101449275362319,0.10579710144927536,0.18405797101449275,0.5550724637681159,0.27391304347826084,0.17101449275362318,0.5275229357798165,0.23809523809523808,0.2222222222222222,73.83333333333333,0.0,0.16666666666666666,31.142857142857142
Maheshate,Lightweight,E,0.0,False,0.3333333333333333,15,2,0.9363957597173145,0.06007067137809187,0.0035335689045936395,0.657243816254417,0.20141342756183744,0.1413427561837456,0.3176206509539843,0.0,0.0,1.0666666666666667,0.0,0.13333333333333333,59.4
Mairbek Taisumov,Lightweight,D,1.0,False,0.7777777777777778,19,4,0.8454935622317596,0.055793991416309016,0.09871244635193133,0.6223175965665236,0.16738197424892703,0.21030042918454936,0.3915966386554622,0.3684210526315789,0.6363636363636364,20.94736842105263,0.0,0.21052631578947367,31.31578947368421
Makhmud Muradov,Middleweight,E,0.0,False,0.5714285714285714,18,4,0.9069069069069069,0.057057057057057055,0.036036036036036036,0.6576576576576577,0.2822822822822823,0.06006006006006006,0.4393139841688654,0.8888888888888888,0.6666666666666666,37.22222222222222,0.05555555555555555,0.16666666666666666,42.111111111111114
Makwan Amirkhani,Featherweight,E,0.0,False,0.5,30,3,0.6432748538011696,0.023391812865497075,0.3333333333333333,0.8596491228070176,0.09941520467836257,0.04093567251461988,0.4418604651162791,1.1333333333333333,0.43037974683544306,89.23333333333333,0.3,0.03333333333333333,12.9
Manel Kape,Flyweight,C+,2.0,False,0.7,24,4,0.8948306595365418,0.040998217468805706,0.06417112299465241,0.6702317290552585,0.1889483065953654,0.1408199643493761,0.5626880641925778,0.125,0.3,8.666666666666666,0.08333333333333333,0.2916666666666667,41.541666666666664
Manon Fiorot,Women's Flyweight,C+,2.0,False,0.8888888888888888,27,2,0.8567493112947658,0.10055096418732783,0.04269972451790634,0.6487603305785123,0.23002754820936638,0.12121212121212122,0.42038216560509556,0.3333333333333333,0.2903225806451613,38.925925925925924,0.0,0.037037037037037035,63.96296296296296
Manvel Gamburyan,Featherweight,E,0.0,False,0.4,34,0,0.6276595744680851,0.23404255319148937,0.13829787234042554,0.6382978723404256,0.16312056737588654,0.19858156028368795,0.39774330042313116,0.8823529411764706,0.32608695652173914,65.3529411764706,0.23529411764705882,0.029411764705882353,20.852941176470587
Mara Romero Borella,Women's Flyweight,E,0.0,False,0.2857142857142857,15,0,0.8203592814371258,0.07784431137724551,0.10179640718562874,0.5988023952095808,0.08383233532934131,0.31736526946107785,0.3795454545454545,0.5333333333333333,0.4444444444444444,66.66666666666667,0.06666666666666667,0.0,29.333333333333332
Marc Diakiese,Lightweight,E,0.0,False,0.5333333333333333,39,1,0.8315334773218143,0.09935205183585313,0.06911447084233262,0.45788336933045354,0.2894168466522678,0.2526997840172786,0.4040139616055846,1.0256410256410255,0.43956043956043955,90.17948717948718,0.0,0.05128205128205128,29.384615384615383
Marc-Andre Barriault,Middleweight,E,0.0,False,0.35294117647058826,39,2,0.6532663316582915,0.27738693467336684,0.06934673366834171,0.721608040201005,0.19698492462311556,0.0814070351758794,0.47044917257683216,0.10256410256410256,0.2857142857142857,27.974358974358974,0.02564102564102564,0.10256410256410256,54.23076923076923
Marcin Prachnio,Light Heavyweight,E,0.0,False,0.36363636363636365,24,2,0.8347386172006745,0.16020236087689713,0.00505902192242833,0.29679595278246207,0.33895446880269814,0.3642495784148398,0.5455381784728611,0.041666666666666664,0.2,9.916666666666666,0.0,0.041666666666666664,45.291666666666664
Marcin Tybura,Heavyweight,D+,0.0,False,0.6086956521739131,58,0,0.6878980891719745,0.09766454352441614,0.21443736730360935,0.648619957537155,0.2208067940552017,0.1305732484076433,0.4820880245649949,0.39655172413793105,0.3333333333333333,78.10344827586206,0.034482758620689655,0.017241379310344827,33.689655172413794
Marcos Rogerio de Lima,Heavyweight,D,1.0,False,0.6111111111111112,29,4,0.6666666666666666,0.09866666666666667,0.23466666666666666,0.584,0.17333333333333334,0.24266666666666667,0.5961844197138315,0.3793103448275862,0.4583333333333333,94.79310344827586,0.13793103448275862,0.2413793103448276,21.689655172413794
Marcus Brimage,Featherweight,E,0.0,False,0.5,18,4,0.9373040752351097,0.05642633228840126,0.006269592476489028,0.54858934169279,0.2601880877742947,0.19122257053291536,0.3560267857142857,0.16666666666666666,1.0,6.0,0.0,0.1111111111111111,49.77777777777778
Marcus Davis,Welterweight,E,0.0,False,0.6,31,0,0.6797752808988764,0.18820224719101122,0.13202247191011235,0.651685393258427,0.18258426966292135,0.16573033707865167,0.39732142857142855,0.45161290322580644,0.4827586206896552,57.645161290322584,0.3870967741935484,0.1935483870967742,28.903225806451612
Marina Rodriguez,Women's Strawweight,C+,2.0,False,0.42857142857142855,46,2,0.6837696335078534,0.23979057591623038,0.07643979057591622,0.5780104712041885,0.24712041884816754,0.17486910994764399,0.45825335892514396,0.06521739130434782,0.42857142857142855,15.5,0.08695652173913043,0.043478260869565216,45.30434782608695
Mario Bautista,Bantamweight,D+,0.0,False,0.7857142857142857,31,0,0.8173333333333334,0.12533333333333332,0.05733333333333333,0.6066666666666667,0.2733333333333333,0.12,0.489556135770235,0.5806451612903226,0.3829787234042553,63.096774193548384,0.25806451612903225,0.06451612903225806,49.41935483870968
Marion Reneau,Women's Bantamweight,D+,0.0,False,0.38461538461538464,36,0,0.6575091575091575,0.19413919413919414,0.14835164835164835,0.6703296703296703,0.20512820512820512,0.12454212454212454,0.41647597254004576,0.19444444444444445,0.6363636363636364,33.388888888888886,0.25,0.0,36.416666666666664
Mark Bocek,Lightweight,E,0.0,False,0.6153846153846154,31,3,0.3025936599423631,0.30835734870317005,0.38904899135446686,0.6109510086455331,0.2132564841498559,0.17579250720461095,0.43647798742138366,1.1612903225806452,0.3673469387755102,156.32258064516128,0.41935483870967744,0.0,25.64516129032258
Mark Coleman,Light Heavyweight,B,3.0,True,0.5833333333333334,21,3,0.1934156378600823,0.1522633744855967,0.654320987654321,0.9053497942386831,0.06995884773662552,0.024691358024691357,0.5547945205479452,1.1904761904761905,0.5,45.714285714285715,0.38095238095238093,0.0,20.857142857142858
Mark De La Rosa,Bantamweight,D,1.0,False,0.2857142857142857,18,2,0.842911877394636,0.09961685823754789,0.05747126436781609,0.6091954022988506,0.19923371647509577,0.19157088122605365,0.3546195652173913,0.16666666666666666,0.13636363636363635,32.0,0.05555555555555555,0.0,40.888888888888886
Mark Hominick,Featherweight,E,0.0,False,0.42857142857142855,18,4,0.8435374149659864,0.04421768707482993,0.11224489795918367,0.717687074829932,0.21768707482993196,0.06462585034013606,0.4260869565217391,0.1111111111111111,0.6666666666666666,20.0,0.05555555555555555,0.16666666666666666,38.333333333333336
Mark Hunt,Heavyweight,C,0.0,False,0.47058823529411764,46,4,0.8455114822546973,0.0709812108559499,0.08350730688935282,0.7891440501043842,0.10647181628392484,0.10438413361169102,0.4334841628959276,0.15217391304347827,0.5384615384615384,25.717391304347824,0.021739130434782608,0.1956521739130435,24.02173913043478
Mark Munoz,Middleweight,C,0.0,False,0.6,30,3,0.3147208121827411,0.24873096446700507,0.4365482233502538,0.5862944162436549,0.2893401015228426,0.12436548223350254,0.5038363171355499,0.9333333333333333,0.3010752688172043,85.73333333333333,0.16666666666666666,0.06666666666666667,26.066666666666666
Markus Perez,Middleweight,E,0.0,False,0.2857142857142857,16,1,0.65625,0.296875,0.046875,0.4895833333333333,0.4166666666666667,0.09375,0.4729064039408867,0.25,0.25,47.1875,0.3125,0.0,25.375
Marlon Moraes,Bantamweight,C+,2.0,False,0.5,21,4,0.9206896551724137,0.013793103448275862,0.06551724137931035,0.6517241379310345,0.15862068965517243,0.1896551724137931,0.4061624649859944,0.23809523809523808,0.4166666666666667,17.285714285714285,0.09523809523809523,0.23809523809523808,34.0
Marlon Vera,Bantamweight,C+,2.0,False,0.6,75,2,0.7993243243243243,0.09864864864864865,0.10202702702702703,0.5412162162162162,0.21554054054054053,0.24324324324324326,0.4758842443729904,0.14666666666666667,0.39285714285714285,24.52,0.24,0.17333333333333334,41.46666666666667
Martin Buday,Heavyweight,D,1.0,False,0.875,21,1,0.7186761229314421,0.25295508274231676,0.028368794326241134,0.6430260047281324,0.21749408983451538,0.13947990543735225,0.520935960591133,0.047619047619047616,0.25,64.19047619047619,0.047619047619047616,0.047619047619047616,38.666666666666664
Martin Kampmann,Welterweight,D+,0.0,False,0.6470588235294118,36,0,0.6052631578947368,0.22267206477732793,0.1720647773279352,0.7894736842105263,0.17611336032388664,0.03441295546558704,0.4236706689536878,0.5277777777777778,0.41304347826086957,75.44444444444444,0.5833333333333334,0.1388888888888889,32.388888888888886
Marvin Vettori,Middleweight,C+,2.0,False,0.5625,62,0,0.8722677595628415,0.05806010928961749,0.06967213114754098,0.7814207650273224,0.09972677595628415,0.11885245901639344,0.4587903478533375,0.46774193548387094,0.4393939393939394,55.17741935483871,0.12903225806451613,0.016129032258064516,51.46774193548387
Maryna Moroz,Women's Strawweight,D+,0.0,False,0.5454545454545454,31,2,0.8141993957703928,0.08761329305135952,0.09818731117824774,0.6268882175226587,0.28700906344410876,0.08610271903323263,0.33604060913705586,0.22580645161290322,0.2413793103448276,60.29032258064516,0.1935483870967742,0.0,63.54838709677419
Mason Jones,Lightweight,E,0.0,False,0.5714285714285714,19,0,0.711645101663586,0.15526802218114602,0.133086876155268,0.6913123844731978,0.22920517560073936,0.07948243992606285,0.4283452098178939,1.105263157894737,0.5526315789473685,81.0,0.05263157894736842,0.05263157894736842,66.47368421052632
Mateusz Gamrot,Lightweight,C,0.0,False,0.6923076923076923,34,0,0.7530120481927711,0.0642570281124498,0.1827309236947791,0.7670682730923695,0.13654618473895583,0.0963855421686747,0.515527950310559,1.588235294117647,0.38571428571428573,88.52941176470588,0.058823529411764705,0.029411764705882353,28.41176470588235
Mateusz Rebecki,Lightweight,E,0.0,False,0.5,21,4,0.8,0.05454545454545454,0.14545454545454545,0.6868686868686869,0.1595959595959596,0.15353535353535352,0.46919431279620855,0.9047619047619048,0.48717948717948717,75.04761904761905,0.09523809523809523,0.23809523809523808,50.23809523809524
Matheus Nicolau,Flyweight,C,0.0,False,0.6363636363636364,27,4,0.8676470588235294,0.00980392156862745,0.12254901960784313,0.5245098039215687,0.33578431372549017,0.13970588235294118,0.5190839694656488,0.37037037037037035,0.43478260869565216,39.74074074074074,0.25925925925925924,0.2962962962962963,29.11111111111111
Matt Brown,Welterweight,C,0.0,False,0.5666666666666667,67,1,0.5640038498556305,0.26564003849855633,0.17035611164581327,0.6073147256977863,0.2983638113570741,0.09432146294513956,0.5544290288153682,0.4626865671641791,0.4696969696969697,53.1044776119403,0.3582089552238806,0.16417910447761194,27.970149253731343
Matt Frevola,Lightweight,D,1.0,False,0.4166666666666667,24,4,0.7,0.11176470588235295,0.18823529411764706,0.6617647058823529,0.19117647058823528,0.14705882352941177,0.396732788798133,0.625,0.40540540540540543,37.708333333333336,0.16666666666666666,0.25,35.708333333333336
Matt Hamill,Light Heavyweight,E,0.0,False,0.6666666666666666,34,0,0.6795096322241682,0.09632224168126094,0.22416812609457093,0.8178633975481612,0.040280210157618214,0.14185639229422067,0.42421991084695393,0.9117647058823529,0.34065934065934067,63.529411764705884,0.0,0.029411764705882353,39.588235294117645
Matt Hughes,Welterweight,A+,8.0,True,0.7619047619047619,51,3,0.288135593220339,0.08662900188323917,0.6252354048964218,0.6854990583804144,0.22033898305084745,0.09416195856873823,0.550259067357513,0.9215686274509803,0.5108695652173914,138.64705882352942,0.3137254901960784,0.058823529411764705,18.92156862745098
Matt Lindland,Middleweight,E,0.0,False,0.7272727272727273,27,3,0.1388888888888889,0.3645833333333333,0.4965277777777778,0.6597222222222222,0.1388888888888889,0.2013888888888889,0.51985559566787,1.0,0.5,172.03703703703704,0.3333333333333333,0.0,20.51851851851852
Matt Mitrione,Heavyweight,D,1.0,False,0.6428571428571429,23,4,0.7507987220447284,0.09584664536741214,0.15335463258785942,0.7188498402555911,0.08945686900958466,0.19169329073482427,0.5008,0.0,0.0,16.782608695652176,0.17391304347826086,0.391304347826087,27.17391304347826
Matt Schnell,Flyweight,D+,0.0,False,0.4375,30,0,0.8260869565217391,0.08498023715415019,0.08893280632411067,0.7213438735177866,0.12845849802371542,0.15019762845849802,0.40318725099601593,0.16666666666666666,0.45454545454545453,17.066666666666666,0.3333333333333333,0.03333333333333333,41.833333333333336
Matt Serra,Welterweight,B,3.0,True,0.5384615384615384,35,1,0.5945945945945946,0.17717717717717718,0.22822822822822822,0.5135135135135135,0.33633633633633636,0.15015015015015015,0.3978494623655914,0.6571428571428571,0.20909090909090908,98.68571428571428,0.2857142857142857,0.14285714285714285,23.914285714285715
Matt Wiman,Lightweight,E,0.0,False,0.5555555555555556,40,3,0.44344703770197486,0.2495511669658887,0.30700179533213645,0.6929982046678635,0.12387791741472172,0.18312387791741472,0.5008992805755396,0.625,0.3787878787878788,90.6,0.45,0.025,27.8
Matthew Lopez,Bantamweight,D,1.0,False,0.3333333333333333,15,0,0.7075471698113207,0.0330188679245283,0.25943396226415094,0.6650943396226415,0.22641509433962265,0.10849056603773585,0.5096153846153846,1.0,0.6,68.66666666666667,0.4,0.0,27.733333333333334
Matthew Riddle,Welterweight,E,0.0,False,0.5833333333333334,35,3,0.341948310139165,0.30417495029821073,0.3538767395626243,0.49502982107355864,0.2922465208747515,0.21272365805168986,0.42411467116357504,1.1142857142857143,0.5,141.37142857142857,0.17142857142857143,0.0,33.885714285714286
Matthew Semelsberger,Welterweight,E,0.0,False,0.45454545454545453,27,4,0.799554565701559,0.0801781737193764,0.12026726057906459,0.6458797327394209,0.16926503340757237,0.18485523385300667,0.4296650717703349,0.2962962962962963,0.5714285714285714,45.55555555555556,0.1111111111111111,0.37037037037037035,38.7037037037037
Maurice Greene,Heavyweight,D,1.0,False,0.5,16,2,0.8738738738738738,0.11261261261261261,0.013513513513513514,0.49099099099099097,0.17117117117117117,0.33783783783783783,0.45121951219512196,0.0,0.5,6.75,0.125,0.125,30.75
Maurice Smith,Heavyweight,B+,4.0,True,0.5714285714285714,16,1,0.46715328467153283,0.3284671532846715,0.20437956204379562,0.5036496350364964,0.1897810218978102,0.30656934306569344,0.7527472527472527,0.0,0.5,22.5,0.1875,0.0,11.375
Mauricio Rua,Light Heavyweight,B,3.0,True,0.5263157894736842,60,4,0.6993243243243243,0.1463963963963964,0.15427927927927929,0.5934684684684685,0.15765765765765766,0.24887387387387389,0.5153801508995938,0.45,0.42857142857142855,61.56666666666667,0.06666666666666667,0.23333333333333334,28.716666666666665
Max Griffin,Welterweight,E,0.0,False,0.42105263157894735,53,4,0.8524945770065075,0.0911062906724512,0.05639913232104121,0.6670281995661606,0.19414316702819956,0.13882863340563992,0.4728205128205128,0.4528301886792453,0.41379310344827586,43.339622641509436,0.07547169811320754,0.1509433962264151,36.79245283018868
Max Holloway,Featherweight,A,6.0,True,0.7931034482758621,111,2,0.8820972561803858,0.06682966585167074,0.05107307796794349,0.6468350991578375,0.24422711219777235,0.1089377886443901,0.4813652412710867,0.07207207207207207,0.5333333333333333,15.747747747747749,0.09009009009009009,0.10810810810810811,68.89189189189189
Maximo Blanco,Featherweight,E,0.0,False,0.4444444444444444,19,0,0.8338368580060423,0.1540785498489426,0.012084592145015106,0.7492447129909365,0.13293051359516617,0.11782477341389729,0.44609164420485176,0.5789473684210527,0.36666666666666664,41.473684210526315,0.10526315789473684,0.10526315789473684,39.05263157894737
Maycee Barber,Women's Flyweight,C,0.0,False,0.7692307692307693,32,1,0.47716535433070867,0.32598425196850395,0.1968503937007874,0.7244094488188977,0.17795275590551182,0.09763779527559055,0.5120967741935484,0.46875,0.46875,63.6875,0.03125,0.0,38.75
Mayra Bueno Silva,Women's Bantamweight,C+,2.0,False,0.35714285714285715,35,1,0.6936619718309859,0.25704225352112675,0.04929577464788732,0.48063380281690143,0.31514084507042256,0.20422535211267606,0.5685685685685685,0.14285714285714285,0.23809523809523808,36.4,0.37142857142857144,0.0,28.542857142857144
Melissa Gatto,Women's Flyweight,E,0.0,False,0.5,17,2,0.8490566037735849,0.09811320754716982,0.052830188679245285,0.5433962264150943,0.28679245283018867,0.16981132075471697,0.4971857410881801,0.5294117647058824,0.2727272727272727,80.82352941176471,0.11764705882352941,0.058823529411764705,31.352941176470587
Melquizael Costa,Featherweight,D,1.0,False,0.7,24,2,0.8268398268398268,0.09090909090909091,0.08225108225108226,0.4675324675324675,0.2987012987012987,0.23376623376623376,0.46998982706002035,0.4583333333333333,0.3548387096774194,45.083333333333336,0.25,0.08333333333333333,40.958333333333336
Melvin Guillard,Lightweight,E,0.0,False,0.5454545454545454,38,4,0.6964285714285714,0.12946428571428573,0.17410714285714285,0.6696428571428571,0.20089285714285715,0.12946428571428573,0.3971631205673759,0.3684210526315789,0.6666666666666666,20.394736842105264,0.05263157894736842,0.34210526315789475,29.68421052631579
Merab Dvalishvili,Bantamweight,A,6.0,True,0.8235294117647058,60,0,0.6361573373676248,0.14901664145234494,0.21482602118003025,0.6656580937972768,0.17322239031770045,0.16111951588502268,0.415592580949387,1.9833333333333334,0.3520710059171598,107.41666666666667,0.11666666666666667,0.016666666666666666,53.016666666666666
Michael Bisping,Middleweight,B+,4.0,True,0.7142857142857143,79,2,0.811104020421187,0.09700063816209317,0.09189534141671984,0.7223994894703255,0.1244416081684748,0.15315890236119975,0.3766826923076923,0.3291139240506329,0.43333333333333335,25.139240506329113,0.06329113924050633,0.10126582278481013,52.65822784810127
Michael Chandler,Lightweight,C,0.0,False,0.3333333333333333,19,4,0.7365079365079366,0.01904761904761905,0.24444444444444444,0.6666666666666666,0.23174603174603176,0.10158730158730159,0.5097087378640777,0.47368421052631576,0.4090909090909091,49.05263157894737,0.05263157894736842,0.10526315789473684,32.526315789473685
Michael Chiesa,Welterweight,C,0.0,False,0.6818181818181818,48,3,0.60880195599022,0.15892420537897312,0.23227383863080683,0.7310513447432763,0.21515892420537897,0.05378973105134474,0.40656063618290256,0.875,0.4772727272727273,101.3125,0.2916666666666667,0.020833333333333332,20.958333333333332
Michael Johnson,Lightweight,C,0.0,False,0.5,81,2,0.8960459183673469,0.06441326530612244,0.039540816326530615,0.5286989795918368,0.3163265306122449,0.15497448979591838,0.39585963140621055,0.1728395061728395,0.3888888888888889,21.34567901234568,0.012345679012345678,0.16049382716049382,48.901234567901234
Michael McDonald,Bantamweight,C+,2.0,False,0.6666666666666666,19,4,0.8333333333333334,0.08796296296296297,0.0787037037037037,0.7916666666666666,0.10648148148148148,0.10185185185185185,0.4268774703557312,0.3157894736842105,0.6666666666666666,22.105263157894736,0.3684210526315789,0.2631578947368421,26.63157894736842
Michael Page,Welterweight,D+,0.0,False,0.8,15,2,0.9254658385093167,0.055900621118012424,0.018633540372670808,0.6335403726708074,0.21739130434782608,0.14906832298136646,0.5649122807017544,0.0,0.0,18.333333333333332,0.0,0.0,19.0
Michael Trizano,Featherweight,E,0.0,False,0.5714285714285714,18,4,0.8211920529801324,0.10927152317880795,0.0695364238410596,0.5264900662251656,0.24503311258278146,0.22847682119205298,0.5354609929078015,0.1111111111111111,0.6666666666666666,36.55555555555556,0.16666666666666666,0.16666666666666666,31.333333333333332
Michal Oleksiejczuk,Light Heavyweight,E,0.0,False,0.5555555555555556,30,4,0.8127721335268505,0.036284470246734396,0.1509433962264151,0.6690856313497823,0.2830188679245283,0.047895500725689405,0.5316358024691358,0.26666666666666666,0.42105263157894735,22.9,0.0,0.3,43.2
Michel Pereira,Welterweight,D,1.0,False,0.6666666666666666,37,1,0.8507670850767085,0.11436541143654114,0.03486750348675035,0.4616457461645746,0.43235704323570434,0.10599721059972106,0.5191889934829833,0.35135135135135137,0.5652173913043478,18.864864864864863,0.1891891891891892,0.08108108108108109,37.32432432432432
Michel Prazeres,Lightweight,E,0.0,False,0.7142857142857143,37,0,0.7321867321867321,0.10319410319410319,0.16461916461916462,0.6707616707616708,0.1547911547911548,0.17444717444717445,0.4716106604866744,1.2162162162162162,0.36,90.72972972972973,0.1891891891891892,0.05405405405405406,23.324324324324323
Michelle Waterson-Gomez,Women's Strawweight,D+,0.0,False,0.42857142857142855,46,1,0.7,0.18717948717948718,0.11282051282051282,0.46923076923076923,0.2846153846153846,0.24615384615384617,0.4580152671755725,0.41304347826086957,0.30158730158730157,51.891304347826086,0.17391304347826086,0.0,37.02173913043478
Michihiro Omigawa,Featherweight,E,0.0,False,0.14285714285714285,21,0,0.7142857142857143,0.16129032258064516,0.12442396313364056,0.8018433179723502,0.11059907834101383,0.08755760368663594,0.40943396226415096,0.38095238095238093,0.36363636363636365,56.523809523809526,0.38095238095238093,0.047619047619047616,25.238095238095237
Michinori Tanaka,Bantamweight,E,0.0,False,0.4,15,3,0.6148648648648649,0.02702702702702703,0.3581081081081081,0.7094594594594594,0.10810810810810811,0.18243243243243243,0.37468354430379747,0.8,0.3870967741935484,122.2,0.06666666666666667,0.0,26.333333333333332
Mickey Gall,Welterweight,E,0.0,False,0.46153846153846156,25,0,0.76775956284153,0.11202185792349727,0.12021857923497267,0.7868852459016393,0.15846994535519127,0.0546448087431694,0.4959349593495935,0.32,0.32,43.04,0.44,0.08,29.52
Miesha Tate,Women's Bantamweight,B,3.0,True,0.5,44,0,0.6472491909385113,0.16666666666666666,0.18608414239482202,0.6440129449838188,0.27346278317152106,0.0825242718446602,0.46016381236038717,0.4318181818181818,0.25333333333333335,87.1590909090909,0.2727272727272727,0.022727272727272728,30.522727272727273
Miguel Baeza,Welterweight,E,0.0,False,0.42857142857142855,16,2,0.9136690647482014,0.02158273381294964,0.06474820143884892,0.420863309352518,0.22661870503597123,0.35251798561151076,0.47766323024054985,0.125,0.2857142857142857,10.8125,0.5625,0.1875,36.375
Mike Davis,Lightweight,E,0.0,False,0.7142857142857143,18,4,0.7367088607594937,0.0759493670886076,0.18734177215189873,0.640506329113924,0.26582278481012656,0.09367088607594937,0.5448275862068965,0.8888888888888888,0.5,81.11111111111111,0.2777777777777778,0.2222222222222222,40.27777777777778
Mike Easton,Bantamweight,D+,0.0,False,0.42857142857142855,20,2,0.7378917378917379,0.22507122507122507,0.037037037037037035,0.41025641025641024,0.27635327635327633,0.31339031339031337,0.3706441393875396,0.25,0.22727272727272727,28.3,0.0,0.05,47.35
Mike Malott,Welterweight,D,1.0,False,0.875,18,4,0.8438538205980066,0.016611295681063124,0.13953488372093023,0.6013289036544851,0.19933554817275748,0.19933554817275748,0.5225694444444444,0.4444444444444444,0.5714285714285714,39.94444444444444,0.16666666666666666,0.2777777777777778,32.0
Mike Perry,Welterweight,D,1.0,False,0.4666666666666667,36,4,0.778393351800554,0.12188365650969529,0.0997229916897507,0.6329639889196675,0.15650969529085873,0.21052631578947367,0.4743758212877792,0.25,0.4090909090909091,43.80555555555556,0.05555555555555555,0.2222222222222222,42.27777777777778
Mike Pierce,Welterweight,D+,0.0,False,0.6428571428571429,37,3,0.4796380090497738,0.2850678733031674,0.23529411764705882,0.6357466063348416,0.18778280542986425,0.17647058823529413,0.42377756471716205,0.8378378378378378,0.41333333333333333,127.62162162162163,0.08108108108108109,0.08108108108108109,28.18918918918919
Mike Pyle,Welterweight,D,1.0,False,0.5263157894736842,37,0,0.5900783289817232,0.19843342036553524,0.21148825065274152,0.6762402088772846,0.1618798955613577,0.1618798955613577,0.4372146118721461,0.43243243243243246,0.37209302325581395,44.83783783783784,0.3783783783783784,0.10810810810810811,23.675675675675677
Mike Rodriguez,Light Heavyweight,E,0.0,False,0.25,17,1,0.6049382716049383,0.3148148148148148,0.08024691358024691,0.4444444444444444,0.345679012345679,0.20987654320987653,0.5445378151260504,0.0,0.0,30.88235294117647,0.0,0.29411764705882354,35.0
Mike Swick,Welterweight,E,0.0,False,0.6666666666666666,31,1,0.5017421602787456,0.3797909407665505,0.11846689895470383,0.5017421602787456,0.23344947735191637,0.26480836236933797,0.35785536159601,0.25806451612903225,0.47058823529411764,53.45161290322581,0.16129032258064516,0.12903225806451613,25.870967741935484
Miles Johns,Bantamweight,E,0.0,False,0.5,34,0,0.9424603174603174,0.04563492063492063,0.011904761904761904,0.7678571428571429,0.12301587301587301,0.10912698412698413,0.43373493975903615,0.3235294117647059,0.22448979591836735,45.26470588235294,0.0,0.058823529411764705,34.1764705882353
Miranda Maverick,Women's Flyweight,D+,0.0,False,0.6666666666666666,33,0,0.8093385214007782,0.06031128404669261,0.1303501945525292,0.5486381322957199,0.23540856031128404,0.21595330739299612,0.44502164502164504,0.696969696969697,0.40350877192982454,87.6969696969697,0.12121212121212122,0.0,35.0
Mirko Filipovic,Heavyweight,D,1.0,False,0.5,26,1,0.5423728813559322,0.2796610169491525,0.17796610169491525,0.711864406779661,0.211864406779661,0.07627118644067797,0.4411214953271028,0.07692307692307693,0.3333333333333333,34.5,0.11538461538461539,0.11538461538461539,20.576923076923077
Mirsad Bektic,Featherweight,D+,0.0,False,0.6,23,3,0.42105263157894735,0.10526315789473684,0.47368421052631576,0.8299595141700404,0.11740890688259109,0.05263157894736842,0.4179357021996616,1.173913043478261,0.5294117647058824,158.1304347826087,0.13043478260869565,0.08695652173913043,25.695652173913043
Misha Cirkunov,Light Heavyweight,D+,0.0,False,0.46153846153846156,19,1,0.569620253164557,0.21940928270042195,0.2109704641350211,0.6455696202531646,0.24050632911392406,0.11392405063291139,0.5185995623632386,0.8947368421052632,0.3953488372093023,55.05263157894737,0.3684210526315789,0.0,24.05263157894737
Mitch Clarke,Lightweight,E,0.0,False,0.2857142857142857,16,2,0.7469879518072289,0.2289156626506024,0.024096385542168676,0.4939759036144578,0.18674698795180722,0.3192771084337349,0.3401639344262295,0.1875,0.15,38.9375,0.125,0.0,30.5
Mitch Gagnon,Bantamweight,D,1.0,False,0.5,18,1,0.586046511627907,0.23255813953488372,0.1813953488372093,0.641860465116279,0.24186046511627907,0.11627906976744186,0.46436285097192226,0.3333333333333333,0.25,56.666666666666664,0.5555555555555556,0.16666666666666666,25.72222222222222
Mizuto Hirota,Featherweight,E,0.0,False,0.14285714285714285,21,0,0.8337874659400545,0.07084468664850137,0.09536784741144415,0.7193460490463215,0.1444141689373297,0.1362397820163488,0.3959007551240561,0.42857142857142855,0.45,51.38095238095238,0.047619047619047616,0.0,44.142857142857146
Modestas Bukauskas,Light Heavyweight,E,0.0,False,0.6153846153846154,29,4,0.8637469586374696,0.09002433090024331,0.046228710462287104,0.7226277372262774,0.170316301703163,0.1070559610705596,0.43036649214659684,0.06896551724137931,0.6666666666666666,29.689655172413794,0.034482758620689655,0.034482758620689655,32.93103448275862
Mohammed Usman,Heavyweight,E,0.0,False,0.6666666666666666,17,2,0.9612903225806452,0.01935483870967742,0.01935483870967742,0.6096774193548387,0.38387096774193546,0.0064516129032258064,0.3919089759797724,0.17647058823529413,0.14285714285714285,53.64705882352941,0.0,0.058823529411764705,46.529411764705884
Molly McCann,Women's Flyweight,D,1.0,False,0.46153846153846156,31,0,0.8291390728476821,0.08079470198675497,0.09006622516556291,0.6913907284768211,0.19337748344370861,0.1152317880794702,0.4986789960369881,0.5483870967741935,0.3695652173913043,34.096774193548384,0.16129032258064516,0.06451612903225806,48.83870967741935
Montana De La Rosa,Women's Flyweight,C,0.0,False,0.5454545454545454,31,0,0.7075471698113207,0.125,0.16745283018867924,0.7122641509433962,0.18396226415094338,0.10377358490566038,0.3719298245614035,0.5806451612903226,0.3333333333333333,94.48387096774194,0.25806451612903225,0.03225806451612903,36.774193548387096
Montel Jackson,Bantamweight,D,1.0,False,0.6923076923076923,31,4,0.6053268765133172,0.23486682808716708,0.15980629539951574,0.7191283292978208,0.18886198547215496,0.09200968523002422,0.5377604166666666,0.8064516129032258,0.6097560975609756,84.54838709677419,0.0967741935483871,0.3870967741935484,24.774193548387096
Movsar Evloev,Featherweight,C+,2.0,False,1.0,32,0,0.752,0.08,0.168,0.7664,0.1504,0.0832,0.4763719512195122,1.59375,0.5257731958762887,107.0625,0.0625,0.0,41.0
Muhammad Mokaev,Flyweight,D+,0.0,False,1.0,19,3,0.7112676056338029,0.04929577464788732,0.23943661971830985,0.5352112676056338,0.31690140845070425,0.14788732394366197,0.4536741214057508,1.631578947368421,0.41333333333333333,143.78947368421052,0.2631578947368421,0.05263157894736842,16.473684210526315
Muhammad Naimov,Featherweight,E,0.0,False,0.7142857142857143,18,1,0.6971428571428572,0.1657142857142857,0.13714285714285715,0.5942857142857143,0.21714285714285714,0.18857142857142858,0.4050925925925926,0.5,0.34615384615384615,67.05555555555556,0.05555555555555555,0.05555555555555555,24.0
Muslim Salikhov,Welterweight,D,1.0,False,0.6428571428571429,29,2,0.8384074941451991,0.06557377049180328,0.09601873536299765,0.5292740046838408,0.2927400468384075,0.17798594847775176,0.4965116279069767,0.3103448275862069,0.32142857142857145,17.03448275862069,0.0,0.1724137931034483,29.655172413793103
Myles Jury,Lightweight,D+,0.0,False,0.6666666666666666,25,0,0.654434250764526,0.039755351681957186,0.3058103975535168,0.6850152905198776,0.11314984709480122,0.2018348623853211,0.42633637548891784,0.64,0.5517241379310345,81.88,0.08,0.12,30.68
Nam Phan,Featherweight,E,0.0,False,0.25,24,2,0.9802306425041186,0.006589785831960461,0.013179571663920923,0.7397034596375618,0.22075782537067545,0.039538714991762765,0.3591715976331361,0.041666666666666664,0.16666666666666666,12.583333333333334,0.041666666666666664,0.0,70.41666666666667
Nasrat Haqparast,Lightweight,E,0.0,False,0.6666666666666666,38,2,0.8964285714285715,0.055357142857142855,0.048214285714285716,0.7455357142857143,0.21785714285714286,0.03660714285714286,0.4565837749694252,0.10526315789473684,0.2,10.894736842105264,0.0,0.18421052631578946,64.55263157894737
Nassourdine Imavov,Middleweight,C+,2.0,False,0.75,39,0,0.7308673469387755,0.15178571428571427,0.11734693877551021,0.6811224489795918,0.19770408163265307,0.1211734693877551,0.5497896213183731,0.23076923076923078,0.32142857142857145,44.02564102564103,0.3076923076923077,0.05128205128205128,36.56410256410256
Natalia Silva,Women's Flyweight,C+,2.0,False,1.0,22,2,0.9442231075697212,0.025896414342629483,0.029880478087649404,0.5756972111553785,0.21314741035856574,0.21115537848605578,0.4526600541027953,0.13636363636363635,0.3,16.545454545454547,0.0,0.09090909090909091,50.40909090909091
Nate Diaz,Lightweight,C,0.0,False,0.6153846153846154,72,0,0.7331606217616581,0.22150259067357514,0.04533678756476684,0.7422279792746114,0.17033678756476683,0.08743523316062177,0.4457274826789838,0.25,0.2647058823529412,39.416666666666664,0.3611111111111111,0.05555555555555555,48.111111111111114
Nate Landwehr,Featherweight,E,0.0,False,0.45454545454545453,24,0,0.7618213660245184,0.19439579684763572,0.043782837127845885,0.7320490367775832,0.14010507880910683,0.12784588441331,0.45753205128205127,0.20833333333333334,0.4166666666666667,29.666666666666668,0.20833333333333334,0.041666666666666664,52.0
Nate Maness,Bantamweight,E,0.0,False,0.7142857142857143,15,4,0.6028708133971292,0.19138755980861244,0.20574162679425836,0.7368421052631579,0.20095693779904306,0.06220095693779904,0.5024038461538461,0.2,0.75,32.53333333333333,0.2,0.13333333333333333,27.733333333333334
Nate Marquardt,Middleweight,E,0.0,False,0.52,54,1,0.6188976377952756,0.17165354330708663,0.2094488188976378,0.5889763779527559,0.1952755905511811,0.215748031496063,0.5137540453074434,0.6111111111111112,0.5892857142857143,74.01851851851852,0.25925925925925924,0.2222222222222222,22.88888888888889
Nate Quarry,Middleweight,E,0.0,False,0.6666666666666666,17,4,0.7416107382550335,0.12416107382550336,0.1342281879194631,0.5436241610738255,0.16778523489932887,0.28859060402684567,0.445440956651719,0.058823529411764705,0.3333333333333333,38.529411764705884,0.0,0.35294117647058826,39.35294117647059
Nathaniel Wood,Featherweight,E,0.0,False,0.7857142857142857,40,2,0.8690364826941066,0.05425631431244153,0.07670720299345182,0.5509822263797942,0.10477081384471469,0.34424695977549113,0.5112386417981827,0.425,0.4857142857142857,42.325,0.15,0.125,52.275
Neil Magny,Welterweight,C,0.0,False,0.6486486486486487,95,0,0.5863213811420983,0.17928286852589642,0.23439575033200533,0.7084993359893759,0.18725099601593626,0.10424966799468792,0.4688667496886675,0.6736842105263158,0.39751552795031053,59.76842105263158,0.08421052631578947,0.021052631578947368,33.810526315789474
Neil Seery,Flyweight,D,1.0,False,0.42857142857142855,20,0,0.752906976744186,0.125,0.12209302325581395,0.8488372093023255,0.06686046511627906,0.08430232558139535,0.41148325358851673,0.25,0.2777777777777778,19.75,0.5,0.1,41.8
Nicholas Musoke,Welterweight,E,0.0,False,0.5,16,0,0.8158844765342961,0.1299638989169675,0.05415162454873646,0.6823104693140795,0.21299638989169675,0.10469314079422383,0.3578811369509044,0.375,0.1935483870967742,94.25,0.0625,0.0,48.375
Nick Catone,Middleweight,E,0.0,False,0.5,21,3,0.41836734693877553,0.23979591836734693,0.34183673469387754,0.6377551020408163,0.17857142857142858,0.1836734693877551,0.44646924829157175,1.0952380952380953,0.4423076923076923,96.28571428571429,0.14285714285714285,0.0,20.904761904761905
Nick Diaz,Welterweight,C+,2.0,False,0.5,45,0,0.7545871559633027,0.17775229357798164,0.0676605504587156,0.6938073394495413,0.24311926605504589,0.06307339449541284,0.4166268514094601,0.3111111111111111,0.34146341463414637,39.333333333333336,0.28888888888888886,0.06666666666666667,46.51111111111111
Nick Hein,Lightweight,E,0.0,False,0.5,21,2,0.9601449275362319,0.03260869565217391,0.007246376811594203,0.6811594202898551,0.17028985507246377,0.14855072463768115,0.35069885641677256,0.2857142857142857,0.3333333333333333,19.523809523809526,0.0,0.09523809523809523,37.476190476190474
Nick Ring,Middleweight,E,0.0,False,0.5,18,2,0.7884615384615384,0.11538461538461539,0.09615384615384616,0.4519230769230769,0.1987179487179487,0.34935897435897434,0.426812585499316,0.4444444444444444,0.36363636363636365,51.333333333333336,0.1111111111111111,0.0,40.611111111111114
Nicolas Dalby,Welterweight,E,0.0,False,0.5333333333333333,41,1,0.6178756476683938,0.30569948186528495,0.07642487046632124,0.5932642487046632,0.24352331606217617,0.16321243523316062,0.4351747463359639,0.2926829268292683,0.26666666666666666,66.7560975609756,0.024390243902439025,0.04878048780487805,43.26829268292683
Nik Lentz,Lightweight,D+,0.0,False,0.5833333333333334,67,1,0.6070435588507878,0.1974050046339203,0.19555143651529194,0.6024096385542169,0.24930491195551435,0.14828544949026876,0.47595941773268635,1.0298507462686568,0.32857142857142857,88.40298507462687,0.3880597014925373,0.029850746268656716,33.83582089552239
Nikita Krylov,Light Heavyweight,C,0.0,False,0.6,37,1,0.5689655172413793,0.23510971786833856,0.19592476489028213,0.603448275862069,0.2413793103448276,0.15517241379310345,0.5443686006825939,0.5405405405405406,0.37037037037037035,86.70270270270271,0.32432432432432434,0.16216216216216217,31.675675675675677
Niko Price,Welterweight,E,0.0,False,0.4,41,2,0.7793103448275862,0.10804597701149425,0.11264367816091954,0.6126436781609196,0.16436781609195403,0.22298850574712645,0.43283582089552236,0.2926829268292683,0.3,36.853658536585364,0.17073170731707318,0.12195121951219512,49.02439024390244
Nina Nunes,Women's Strawweight,C+,2.0,False,0.5555555555555556,25,2,0.8560885608856088,0.08856088560885608,0.055350553505535055,0.5645756457564576,0.17343173431734318,0.26199261992619927,0.45166666666666666,0.08,0.3333333333333333,34.8,0.16,0.0,48.0
Nora Cornolle,Women's Bantamweight,D,1.0,False,0.6,15,1,0.5783783783783784,0.41081081081081083,0.010810810810810811,0.3945945945945946,0.31351351351351353,0.2918918918918919,0.5505952380952381,0.06666666666666667,0.1111111111111111,34.2,0.06666666666666667,0.06666666666666667,22.4
Nordine Taleb,Welterweight,E,0.0,False,0.5833333333333334,27,4,0.7836644591611479,0.0728476821192053,0.1434878587196468,0.4856512141280353,0.23399558498896247,0.2803532008830022,0.5112866817155757,0.5925925925925926,0.7619047619047619,64.70370370370371,0.0,0.07407407407407407,32.81481481481482
Norma Dumont,Women's Featherweight,C+,2.0,False,0.75,36,4,0.8136826783114993,0.13100436681222707,0.055312954876273655,0.6011644832605532,0.2197962154294032,0.17903930131004367,0.5096439169139466,0.4722222222222222,0.5483870967741935,71.44444444444444,0.0,0.05555555555555555,37.44444444444444
Norman Parke,Lightweight,E,0.0,False,0.5555555555555556,26,0,0.7766497461928934,0.13451776649746192,0.08883248730964467,0.6928934010152284,0.18527918781725888,0.1218274111675127,0.3521000893655049,0.6538461538461539,0.265625,86.26923076923077,0.0,0.0,43.03846153846154
Ode Osbourne,Flyweight,E,0.0,False,0.38461538461538464,25,2,0.8306188925081434,0.03908794788273615,0.13029315960912052,0.6482084690553745,0.20521172638436483,0.1465798045602606,0.4039473684210526,0.24,0.2608695652173913,17.36,0.08,0.16,30.4
Olivier Aubin-Mercier,Lightweight,D,1.0,False,0.5833333333333334,32,0,0.721763085399449,0.15702479338842976,0.12121212121212122,0.6831955922865014,0.21487603305785125,0.10192837465564739,0.5148936170212766,0.71875,0.3382352941176471,81.59375,0.15625,0.0625,22.03125
Omar Morales,Lightweight,E,0.0,False,0.42857142857142855,19,4,0.8793103448275862,0.07241379310344828,0.04827586206896552,0.6482758620689655,0.19310344827586207,0.15862068965517243,0.3785900783289817,0.15789473684210525,1.0,28.263157894736842,0.0,0.05263157894736842,40.31578947368421
Omari Akhmedov,Middleweight,D,1.0,False,0.6,38,0,0.7271028037383177,0.12149532710280374,0.15140186915887852,0.7158878504672898,0.16635514018691588,0.11775700934579439,0.34383033419023135,0.8157894736842105,0.45588235294117646,61.26315789473684,0.07894736842105263,0.05263157894736842,40.94736842105263
Ovince Saint Preux,Light Heavyweight,C,0.0,False,0.5384615384615384,62,2,0.8234552332912989,0.09457755359394704,0.08196721311475409,0.6027742749054225,0.27490542244640603,0.1223203026481715,0.45864661654135336,0.24193548387096775,0.2830188679245283,28.677419354838708,0.0967741935483871,0.0967741935483871,27.887096774193548
Paddy Pimblett,Lightweight,C,0.0,False,0.875,19,2,0.75625,0.07708333333333334,0.16666666666666666,0.6166666666666667,0.18125,0.20208333333333334,0.5257393209200438,0.21052631578947367,0.21052631578947367,56.0,0.3684210526315789,0.10526315789473684,48.05263157894737
Paige VanZant,Women's Strawweight,D+,0.0,False,0.5555555555555556,23,1,0.346031746031746,0.33015873015873015,0.3238095238095238,0.6253968253968254,0.2507936507936508,0.12380952380952381,0.5206611570247934,0.34782608695652173,0.3333333333333333,87.73913043478261,0.2608695652173913,0.043478260869565216,26.304347826086957
Pannie Kianzad,Women's Bantamweight,D+,0.0,False,0.5,30,2,0.8078541374474053,0.17251051893408134,0.019635343618513323,0.6984572230014026,0.19775596072931276,0.10378681626928471,0.4924033149171271,0.13333333333333333,0.3333333333333333,38.56666666666667,0.03333333333333333,0.0,48.266666666666666
Pat Barry,Heavyweight,E,0.0,False,0.4166666666666667,19,2,0.8829787234042553,0.03723404255319149,0.0797872340425532,0.5106382978723404,0.06382978723404255,0.425531914893617,0.5207756232686981,0.0,0.0,20.473684210526315,0.05263157894736842,0.42105263157894735,19.0
Pat Healy,Lightweight,D+,0.0,False,0.0,16,0,0.6705882352941176,0.22745098039215686,0.10196078431372549,0.6039215686274509,0.2980392156862745,0.09803921568627451,0.34599728629579374,0.5625,0.25,68.625,0.125,0.0,46.0625
Pat Miletich,Lightweight,A,6.0,True,0.8,21,1,0.5170068027210885,0.3129251700680272,0.17006802721088435,0.4965986394557823,0.2653061224489796,0.23809523809523808,0.4481707317073171,0.47619047619047616,0.5555555555555556,45.04761904761905,0.23809523809523808,0.047619047619047616,15.619047619047619
Pat Sabatini,Featherweight,E,0.0,False,0.8181818181818182,24,3,0.38764044943820225,0.11797752808988764,0.4943820224719101,0.7134831460674157,0.17415730337078653,0.11235955056179775,0.5460122699386503,1.25,0.410958904109589,187.125,0.375,0.041666666666666664,13.583333333333334
Patrick Cote,Middleweight,E,0.0,False,0.47619047619047616,53,1,0.6117824773413897,0.2039274924471299,0.18429003021148035,0.595166163141994,0.16314199395770393,0.24169184290030213,0.48040638606676345,0.18867924528301888,0.19607843137254902,46.339622641509436,0.07547169811320754,0.11320754716981132,26.0
Patrick Cummins,Light Heavyweight,D+,0.0,False,0.46153846153846156,27,3,0.4497991967871486,0.1706827309236948,0.3795180722891566,0.821285140562249,0.10240963855421686,0.07630522088353414,0.5076452599388379,1.2962962962962963,0.4117647058823529,104.66666666666667,0.037037037037037035,0.0,36.333333333333336
Paul Craig,Light Heavyweight,D+,0.0,False,0.45,39,1,0.672209026128266,0.13539192399049882,0.19239904988123516,0.501187648456057,0.3159144893111639,0.1828978622327791,0.4536637931034483,0.41025641025641024,0.18823529411764706,35.1025641025641,0.38461538461538464,0.02564102564102564,23.794871794871796
Paul Felder,Lightweight,D+,0.0,False,0.6428571428571429,43,2,0.7300131061598951,0.14416775884665792,0.1258191349934469,0.5884665792922673,0.19528178243774574,0.2162516382699869,0.4461988304093567,0.09302325581395349,0.2857142857142857,35.627906976744185,0.06976744186046512,0.06976744186046512,39.76744186046512
Paul Kelly,Lightweight,E,0.0,False,0.5555555555555556,22,3,0.3446153846153846,0.14153846153846153,0.5138461538461538,0.7723076923076924,0.1476923076923077,0.08,0.3796728971962617,0.4090909090909091,0.6,109.0,0.45454545454545453,0.045454545454545456,38.90909090909091
Paul Taylor,Welterweight,E,0.0,False,0.4444444444444444,24,2,0.7191919191919192,0.20606060606060606,0.07474747474747474,0.5797979797979798,0.14545454545454545,0.27474747474747474,0.4791868344627299,0.08333333333333333,0.25,36.708333333333336,0.16666666666666666,0.16666666666666666,43.041666666666664
Paulo Costa,Middleweight,C+,2.0,False,0.6666666666666666,34,2,0.8843683083511777,0.05246252676659529,0.06316916488222699,0.4518201284796574,0.4057815845824411,0.1423982869379015,0.5926395939086294,0.08823529411764706,0.42857142857142855,14.823529411764707,0.0,0.17647058823529413,46.35294117647059
Paulo Thiago,Welterweight,E,0.0,False,0.38461538461538464,32,1,0.594488188976378,0.2874015748031496,0.11811023622047244,0.6141732283464567,0.2559055118110236,0.12992125984251968,0.3913713405238829,0.4375,0.3181818181818182,42.4375,0.375,0.125,20.28125
Payton Talbott,Bantamweight,D,1.0,False,0.8333333333333334,15,4,0.6464088397790055,0.11878453038674033,0.23480662983425415,0.7237569060773481,0.19613259668508287,0.08011049723756906,0.5895765472312704,0.26666666666666666,0.5,54.733333333333334,0.06666666666666667,0.2,40.93333333333333
Pedro Munhoz,Bantamweight,C,0.0,False,0.47619047619047616,54,2,0.9219440353460973,0.04197349042709867,0.03608247422680412,0.53240058910162,0.16494845360824742,0.3026509572901325,0.41926520531028094,0.14814814814814814,0.16,14.814814814814815,0.14814814814814814,0.12962962962962962,59.98148148148148
Pedro Rizzo,Heavyweight,E,0.0,False,0.6666666666666666,35,2,0.7342657342657343,0.12937062937062938,0.13636363636363635,0.506993006993007,0.055944055944055944,0.4370629370629371,0.3690322580645161,0.05714285714285714,0.2857142857142857,26.085714285714285,0.0,0.22857142857142856,22.142857142857142
Pete Sell,Middleweight,E,0.0,False,0.3333333333333333,16,0,0.8245614035087719,0.13450292397660818,0.04093567251461988,0.7309941520467836,0.16374269005847952,0.10526315789473684,0.42431761786600497,0.25,0.21052631578947367,36.6875,0.25,0.0625,25.1875
Pete Williams,Heavyweight,E,0.0,False,0.375,16,1,0.5633802816901409,0.15492957746478872,0.28169014084507044,0.5633802816901409,0.19718309859154928,0.23943661971830985,0.39444444444444443,0.1875,0.5,26.375,0.375,0.125,11.25
Peter Sobotta,Welterweight,E,0.0,False,0.4,25,0,0.8047808764940239,0.055776892430278883,0.1394422310756972,0.5936254980079682,0.17928286852589642,0.22709163346613545,0.4016,0.48,0.32432432432432434,87.48,0.16,0.16,25.0
Petr Yan,Bantamweight,B,3.0,True,0.75,58,4,0.7458791208791209,0.12087912087912088,0.13324175824175824,0.6923076923076923,0.18956043956043955,0.11813186813186813,0.5490196078431373,0.5517241379310345,0.49230769230769234,43.775862068965516,0.034482758620689655,0.1724137931034483,45.724137931034484
Phil Baroni,Middleweight,E,0.0,False,0.375,21,1,0.2924901185770751,0.3715415019762846,0.3359683794466403,0.6403162055335968,0.3438735177865613,0.015810276679841896,0.494140625,0.38095238095238093,0.4444444444444444,70.0,0.14285714285714285,0.23809523809523808,24.38095238095238
Phil Davis,Light Heavyweight,C+,2.0,False,0.75,35,3,0.49690721649484537,0.12783505154639174,0.3752577319587629,0.5608247422680412,0.30721649484536084,0.13195876288659794,0.344950213371266,0.8857142857142857,0.3563218390804598,97.42857142857143,0.17142857142857143,0.0,40.17142857142857
Phil Rowe,Welterweight,E,0.0,False,0.4444444444444444,25,4,0.8756756756756757,0.11621621621621622,0.008108108108108109,0.7432432432432432,0.12162162162162163,0.13513513513513514,0.4701397712833545,0.16,0.36363636363636365,34.68,0.08,0.12,31.48
Phillipe Nover,Featherweight,E,0.0,False,0.14285714285714285,19,1,0.6993865030674846,0.26993865030674846,0.03067484662576687,0.588957055214724,0.2883435582822086,0.12269938650306748,0.3558951965065502,0.3157894736842105,0.2857142857142857,29.42105263157895,0.21052631578947367,0.0,24.105263157894736
Piera Rodriguez,Women's Strawweight,E,0.0,False,0.6666666666666666,19,1,0.6301020408163265,0.29336734693877553,0.07653061224489796,0.5306122448979592,0.3647959183673469,0.10459183673469388,0.4857496902106567,1.368421052631579,0.5909090909090909,93.21052631578948,0.0,0.05263157894736842,42.473684210526315
Piotr Hallmann,Lightweight,E,0.0,False,0.3333333333333333,16,1,0.6120996441281139,0.2491103202846975,0.1387900355871886,0.5338078291814946,0.30604982206405695,0.1601423487544484,0.45990180032733224,0.75,0.4444444444444444,68.5625,0.125,0.0,38.1875
Poliana Botelho,Women's Flyweight,D,1.0,False,0.42857142857142855,15,1,0.5490196078431373,0.3431372549019608,0.10784313725490197,0.5098039215686274,0.3088235294117647,0.18137254901960784,0.5862068965517241,0.26666666666666666,0.5714285714285714,55.13333333333333,0.0,0.06666666666666667,23.2
Polyana Viana,Women's Strawweight,D,1.0,False,0.3333333333333333,22,2,0.8055555555555556,0.09126984126984126,0.10317460317460317,0.4722222222222222,0.3134920634920635,0.21428571428571427,0.40842787682333875,0.18181818181818182,0.3333333333333333,18.136363636363637,0.4090909090909091,0.045454545454545456,28.045454545454547
Priscila Cachoeira,Women's Flyweight,E,0.0,False,0.38461538461538464,27,4,0.8752399232245681,0.08061420345489444,0.044145873320537425,0.744721689059501,0.16506717850287908,0.09021113243761997,0.44265080713678845,0.07407407407407407,0.4,5.666666666666667,0.0,0.1111111111111111,43.592592592592595
Punahele Soriano,Middleweight,E,0.0,False,0.6363636363636364,24,3,0.4489795918367347,0.08571428571428572,0.46530612244897956,0.7918367346938775,0.18571428571428572,0.022448979591836733,0.56,0.5416666666666666,0.48148148148148145,81.54166666666667,0.041666666666666664,0.25,36.458333333333336
Quinton Jackson,Light Heavyweight,B+,4.0,True,0.6153846153846154,39,1,0.5894941634241245,0.31906614785992216,0.0914396887159533,0.6361867704280155,0.2587548638132296,0.10505836575875487,0.433389544688027,0.15384615384615385,0.3,35.38461538461539,0.0,0.20512820512820512,30.41025641025641
Rafa Garcia,Lightweight,E,0.0,False,0.6363636363636364,31,0,0.8508634222919937,0.09576138147566719,0.05337519623233909,0.7896389324960753,0.12558869701726844,0.0847723704866562,0.44266851980542044,1.032258064516129,0.45714285714285713,62.935483870967744,0.12903225806451613,0.03225806451612903,46.41935483870968
Rafael Dos Anjos,Lightweight,B+,4.0,True,0.5833333333333334,112,1,0.6717892425905598,0.17618002195389681,0.15203073545554335,0.5834248079034029,0.23819978046103182,0.1783754116355653,0.4706794110049083,0.6071428571428571,0.35602094240837695,73.25892857142857,0.17857142857142858,0.0625,34.5625
Rafael Fiziev,Lightweight,D+,0.0,False,0.6363636363636364,32,2,0.8751835535976505,0.10425844346549193,0.020558002936857563,0.4287812041116006,0.4023494860499266,0.16886930983847284,0.5258687258687259,0.25,0.6666666666666666,18.96875,0.0,0.0625,40.46875
Rafael Natal,Middleweight,D,1.0,False,0.5294117647058824,44,0,0.6585365853658537,0.12042682926829268,0.22103658536585366,0.5777439024390244,0.14176829268292682,0.2804878048780488,0.47883211678832116,0.8181818181818182,0.34285714285714286,73.1590909090909,0.1590909090909091,0.11363636363636363,31.136363636363637
Rafaello Oliveira,Lightweight,E,0.0,False,0.25,19,0,0.7027027027027027,0.08648648648648649,0.21081081081081082,0.5945945945945946,0.20540540540540542,0.2,0.33393501805054154,0.7368421052631579,0.3684210526315789,96.78947368421052,0.47368421052631576,0.0,29.157894736842106
Ramazan Emeev,Welterweight,E,0.0,False,0.625,22,0,0.6507352941176471,0.25,0.09926470588235294,0.7352941176470589,0.19852941176470587,0.0661764705882353,0.45182724252491696,0.7727272727272727,0.2982456140350877,79.54545454545455,0.22727272727272727,0.045454545454545456,27.363636363636363
Ramiz Brahimaj,Welterweight,E,0.0,False,0.5555555555555556,18,0,0.7965116279069767,0.16279069767441862,0.040697674418604654,0.7151162790697675,0.22674418604651161,0.05813953488372093,0.48725212464589235,0.5555555555555556,0.3448275862068966,47.888888888888886,0.4444444444444444,0.05555555555555555,19.61111111111111
Ramsey Nijem,Lightweight,E,0.0,False,0.5,20,3,0.5387596899224806,0.14728682170542637,0.313953488372093,0.7790697674418605,0.13178294573643412,0.08914728682170543,0.4440619621342513,1.5,0.625,123.05,0.3,0.15,29.05
Randa Markos,Women's Strawweight,D+,0.0,False,0.3888888888888889,46,0,0.6083086053412463,0.21216617210682492,0.1795252225519288,0.7611275964391692,0.11275964391691394,0.1261127596439169,0.4365284974093264,0.3695652173913043,0.288135593220339,76.76086956521739,0.06521739130434782,0.0,33.56521739130435
Randy Brown,Welterweight,E,0.0,False,0.6363636363636364,53,2,0.7716535433070866,0.1515748031496063,0.07677165354330709,0.6210629921259843,0.2047244094488189,0.17421259842519685,0.47080630213160335,0.20754716981132076,0.34375,41.62264150943396,0.1509433962264151,0.11320754716981132,40.716981132075475
Randy Couture,Light Heavyweight,A+,8.0,True,0.6666666666666666,63,3,0.26735218508997427,0.30205655526992287,0.4305912596401028,0.7686375321336761,0.11182519280205655,0.11953727506426735,0.5916349809885931,0.8253968253968254,0.5,120.66666666666667,0.1746031746031746,0.015873015873015872,20.873015873015873
Rani Yahya,Bantamweight,D,1.0,False,0.65,51,0,0.7636363636363637,0.05227272727272727,0.18409090909090908,0.5431818181818182,0.18636363636363637,0.27045454545454545,0.39215686274509803,0.803921568627451,0.3106060606060606,103.98039215686275,0.45098039215686275,0.0,22.0
Raoni Barcelos,Bantamweight,D,1.0,False,0.7333333333333333,41,0,0.7418300653594772,0.06971677559912855,0.18845315904139434,0.7320261437908496,0.13507625272331156,0.1328976034858388,0.5171830985915493,0.8048780487804879,0.3173076923076923,71.3170731707317,0.21951219512195122,0.12195121951219512,43.292682926829265
Raphael Assuncao,Bantamweight,C+,2.0,False,0.6666666666666666,49,2,0.8129770992366412,0.10178117048346055,0.08524173027989822,0.5318066157760815,0.16030534351145037,0.30788804071246817,0.4369093941078377,0.4897959183673469,0.3870967741935484,36.10204081632653,0.04081632653061224,0.04081632653061224,36.714285714285715
Raquel Pennington,Women's Bantamweight,B,3.0,True,0.6842105263157895,59,1,0.6152556580050293,0.3000838222967309,0.08466051969823973,0.5783738474434199,0.3109807208717519,0.11064543168482817,0.4917559769167354,0.2711864406779661,0.27586206896551724,67.47457627118644,0.2033898305084746,0.01694915254237288,41.11864406779661
Rashad Evans,Light Heavyweight,B,3.0,True,0.6363636363636364,62,0,0.5846905537459284,0.18892508143322476,0.2263843648208469,0.7882736156351792,0.14169381107491857,0.07003257328990228,0.37553516819571864,0.8548387096774194,0.424,77.98387096774194,0.0,0.06451612903225806,26.370967741935484
Rashid Magomedov,Lightweight,D,1.0,False,0.8333333333333334,18,4,0.8232323232323232,0.12121212121212122,0.05555555555555555,0.5353535353535354,0.29797979797979796,0.16666666666666666,0.49070631970260226,0.2222222222222222,0.5714285714285714,25.5,0.05555555555555555,0.2777777777777778,44.833333333333336
Raul Rosas Jr.,Bantamweight,D,1.0,False,0.8571428571428571,16,3,0.6736842105263158,0.010526315789473684,0.3157894736842105,0.6421052631578947,0.1368421052631579,0.22105263157894736,0.41125541125541126,2.0,0.5423728813559322,151.4375,0.25,0.0625,14.4375
Raulian Paiva,Flyweight,D+,0.0,False,0.42857142857142855,16,2,0.9102990033222591,0.059800664451827246,0.029900332225913623,0.584717607973422,0.26578073089701,0.14950166112956811,0.4002659574468085,0.1875,0.1875,29.625,0.0625,0.0625,47.0
Ray Borg,Flyweight,C+,2.0,False,0.5833333333333334,36,3,0.34220532319391633,0.23193916349809887,0.42585551330798477,0.714828897338403,0.25475285171102663,0.030418250950570342,0.5218253968253969,1.25,0.5,131.11111111111111,0.3333333333333333,0.0,14.0
Reinier de Ridder,Middleweight,C,0.0,False,0.6666666666666666,18,1,0.7586206896551724,0.15270935960591134,0.08866995073891626,0.5960591133004927,0.32019704433497537,0.08374384236453201,0.48564593301435405,0.7777777777777778,0.2916666666666667,93.33333333333333,0.16666666666666666,0.1111111111111111,23.22222222222222
Renan Barao,Bantamweight,B+,4.0,True,0.5294117647058824,51,2,0.8373101952277657,0.11605206073752712,0.046637744034707156,0.5835140997830802,0.22885032537960953,0.1876355748373102,0.36762360446570974,0.47058823529411764,0.4067796610169492,43.509803921568626,0.09803921568627451,0.0784313725490196,49.1764705882353
Renato Moicano,Lightweight,C,0.0,False,0.65,43,0,0.8249027237354085,0.0324254215304799,0.14267185473411154,0.7302204928664072,0.09727626459143969,0.17250324254215305,0.4920229738353542,0.4883720930232558,0.40384615384615385,57.46511627906977,0.16279069767441862,0.046511627906976744,36.44186046511628
Renato Sobral,Light Heavyweight,E,0.0,False,0.6666666666666666,20,3,0.22839506172839505,0.12345679012345678,0.6481481481481481,0.6790123456790124,0.15432098765432098,0.16666666666666666,0.5225806451612903,0.8,0.6666666666666666,124.3,0.85,0.0,15.5
Reza Madadi,Lightweight,E,0.0,False,0.42857142857142855,20,0,0.6327433628318584,0.21238938053097345,0.15486725663716813,0.8230088495575221,0.14601769911504425,0.030973451327433628,0.46502057613168724,0.95,0.3392857142857143,68.0,0.15,0.0,24.3
Ricardo Almeida,Middleweight,E,0.0,False,0.5454545454545454,25,3,0.4549019607843137,0.1450980392156863,0.4,0.611764705882353,0.25098039215686274,0.13725490196078433,0.5334728033472803,1.28,0.38095238095238093,128.0,0.44,0.0,19.12
Ricardo Lamas,Featherweight,C+,2.0,False,0.6470588235294118,38,1,0.6533333333333333,0.18333333333333332,0.16333333333333333,0.49166666666666664,0.20833333333333334,0.3,0.495458298926507,0.5526315789473685,0.3088235294117647,63.28947368421053,0.2631578947368421,0.05263157894736842,31.86842105263158
Ricardo Ramos,Featherweight,E,0.0,False,0.5333333333333333,31,0,0.855,0.0825,0.0625,0.62,0.21,0.17,0.36429872495446264,0.7419354838709677,0.575,37.87096774193548,0.2903225806451613,0.0967741935483871,35.41935483870968
Ricco Rodriguez,Heavyweight,B,3.0,True,0.7142857142857143,19,3,0.24157303370786518,0.14606741573033707,0.6123595505617978,0.797752808988764,0.1404494382022472,0.06179775280898876,0.5668789808917197,0.8947368421052632,0.40476190476190477,125.0,0.3157894736842105,0.0,16.526315789473685
Rich Clementi,Lightweight,E,0.0,False,0.5,23,0,0.6842105263157895,0.18128654970760233,0.13450292397660818,0.5555555555555556,0.15789473684210525,0.28654970760233917,0.37254901960784315,0.6086956521739131,0.42424242424242425,65.1304347826087,0.34782608695652173,0.0,19.956521739130434
Rich Franklin,Light Heavyweight,B+,4.0,True,0.7222222222222222,46,4,0.6962616822429907,0.1764018691588785,0.12733644859813084,0.6530373831775701,0.23130841121495327,0.11565420560747663,0.43451776649746193,0.30434782608695654,0.6363636363636364,49.08695652173913,0.043478260869565216,0.21739130434782608,42.82608695652174
Richard Walsh,Welterweight,E,0.0,False,0.3333333333333333,16,1,0.5353535353535354,0.24579124579124578,0.21885521885521886,0.6262626262626263,0.1750841750841751,0.19865319865319866,0.46771653543307085,0.5,0.4,86.8125,0.0625,0.1875,39.6875
Rick Story,Welterweight,D+,0.0,False,0.631578947368421,51,1,0.6082130965593785,0.22308546059933407,0.16870144284128746,0.516093229744728,0.3462819089900111,0.13762486126526083,0.417516218721038,0.7843137254901961,0.4819277108433735,88.11764705882354,0.27450980392156865,0.11764705882352941,42.31372549019608
Ricky Glenn,Featherweight,E,0.0,False,0.36363636363636365,27,1,0.5771670190274841,0.160676532769556,0.26215644820295986,0.6173361522198731,0.25158562367864695,0.13107822410147993,0.4280542986425339,0.2222222222222222,0.13333333333333333,52.51851851851852,0.1111111111111111,0.1111111111111111,40.925925925925924
Ricky Simon,Bantamweight,D+,0.0,False,0.5882352941176471,46,0,0.8018433179723502,0.08448540706605223,0.11367127496159754,0.7004608294930875,0.16282642089093702,0.13671274961597543,0.41864951768488745,1.1956521739130435,0.3741496598639456,81.56521739130434,0.08695652173913043,0.10869565217391304,33.80434782608695
Ricky Turcios,Bantamweight,E,0.0,False,0.3333333333333333,16,0,0.6887417218543046,0.15894039735099338,0.152317880794702,0.6920529801324503,0.15894039735099338,0.1490066225165563,0.4081081081081081,0.3125,0.21739130434782608,50.6875,0.125,0.0625,46.25
Riki Fukuda,Middleweight,E,0.0,False,0.4,15,2,0.7771428571428571,0.18,0.04285714285714286,0.56,0.15428571428571428,0.2857142857142857,0.4623513870541612,0.8666666666666667,0.4482758620689655,73.6,0.0,0.0,50.46666666666667
Rinat Fakhretdinov,Welterweight,D,1.0,False,0.8571428571428571,17,3,0.6580310880829016,0.17357512953367876,0.16839378238341968,0.7124352331606217,0.13730569948186527,0.15025906735751296,0.5287671232876713,1.1764705882352942,0.3448275862068966,146.52941176470588,0.058823529411764705,0.17647058823529413,42.94117647058823
Roan Carneiro,Welterweight,D,1.0,False,0.4444444444444444,20,3,0.45864661654135336,0.18796992481203006,0.3533834586466165,0.7368421052631579,0.13533834586466165,0.12781954887218044,0.48014440433212996,0.9,0.47368421052631576,114.0,0.45,0.0,13.85
Rob Emerson,Lightweight,E,0.0,False,0.42857142857142855,17,2,0.745945945945946,0.14594594594594595,0.10810810810810811,0.5621621621621622,0.11351351351351352,0.32432432432432434,0.3073089700996678,0.5882352941176471,0.5263157894736842,39.11764705882353,0.11764705882352941,0.11764705882352941,35.411764705882355
Rob Font,Bantamweight,C+,2.0,False,0.5714285714285714,58,2,0.8909218859957776,0.06544686840253343,0.043631245601688955,0.7579169598874033,0.17452498240675582,0.06755805770584096,0.45355888924353654,0.22413793103448276,0.29545454545454547,21.96551724137931,0.10344827586206896,0.1206896551724138,54.01724137931034
Robbie Lawler,Welterweight,B+,4.0,True,0.6521739130434783,72,4,0.6949025487256372,0.2158920539730135,0.08920539730134933,0.7586206896551724,0.19865067466266867,0.04272863568215892,0.48333333333333334,0.2361111111111111,0.7391304347826086,26.791666666666668,0.0,0.1388888888888889,38.333333333333336
Robert Peralta,Featherweight,E,0.0,False,0.5,20,1,0.6490066225165563,0.26490066225165565,0.08609271523178808,0.40066225165562913,0.23509933774834438,0.36423841059602646,0.4460856720827179,0.2,0.6666666666666666,26.7,0.0,0.2,33.85
Robert Whittaker,Middleweight,B,3.0,True,0.7083333333333334,70,4,0.8620209059233449,0.06759581881533101,0.07038327526132404,0.7073170731707317,0.10662020905923345,0.18606271777003483,0.43209876543209874,0.22857142857142856,0.38095238095238093,22.84285714285714,0.0,0.17142857142857143,47.44285714285714
Rodolfo Vieira,Middleweight,E,0.0,False,0.5454545454545454,26,0,0.8857868020304569,0.0532994923857868,0.06091370558375635,0.6395939086294417,0.14213197969543148,0.2182741116751269,0.5426997245179064,0.8461538461538461,0.2222222222222222,81.23076923076923,0.2692307692307692,0.038461538461538464,27.923076923076923
Rodrigo Damm,Lightweight,E,0.0,False,0.42857142857142855,19,2,0.9595375722543352,0.031791907514450865,0.008670520231213872,0.7109826589595376,0.11560693641618497,0.17341040462427745,0.36613756613756615,0.15789473684210525,0.17647058823529413,14.526315789473685,0.10526315789473684,0.0,49.73684210526316
Rodrigo Nascimento,Heavyweight,D,1.0,False,0.42857142857142855,20,0,0.8248407643312102,0.1178343949044586,0.05732484076433121,0.7133757961783439,0.15605095541401273,0.1305732484076433,0.473604826546003,0.3,0.375,60.5,0.1,0.0,33.15
Roger Huerta,Lightweight,E,0.0,False,0.75,21,3,0.4444444444444444,0.13213213213213212,0.42342342342342343,0.7747747747747747,0.12912912912912913,0.0960960960960961,0.36553238199780463,0.6190476190476191,0.4642857142857143,96.66666666666667,0.14285714285714285,0.0,43.38095238095238
Rogerio Nogueira,Light Heavyweight,E,0.0,False,0.5,28,4,0.718475073313783,0.12903225806451613,0.15249266862170088,0.7683284457478006,0.187683284457478,0.04398826979472141,0.36587982832618027,0.03571428571428571,1.0,13.857142857142858,0.07142857142857142,0.14285714285714285,33.285714285714285
Roland Delorme,Bantamweight,E,0.0,False,0.42857142857142855,15,1,0.6533333333333333,0.13333333333333333,0.21333333333333335,0.58,0.29333333333333333,0.12666666666666668,0.4424778761061947,0.7333333333333333,0.34375,54.13333333333333,0.4666666666666667,0.13333333333333333,22.6
Roman Dolidze,Middleweight,D+,0.0,False,0.6923076923076923,38,0,0.8096885813148789,0.06055363321799308,0.12975778546712802,0.6332179930795848,0.1453287197231834,0.22145328719723184,0.41612670986321093,0.3684210526315789,0.4375,74.57894736842105,0.23684210526315788,0.10526315789473684,36.55263157894737
Roman Kopylov,Middleweight,D,1.0,False,0.5833333333333334,32,4,0.9191616766467066,0.038922155688622756,0.041916167664670656,0.6601796407185628,0.19161676646706588,0.14820359281437126,0.5015015015015015,0.34375,0.5,25.03125,0.0,0.28125,41.625
Rongzhu,Lightweight,E,0.0,False,0.5,17,4,0.8758314855875832,0.024390243902439025,0.09977827050997783,0.7627494456762749,0.12416851441241686,0.1130820399113082,0.5044742729306487,0.5882352941176471,0.625,45.94117647058823,0.0,0.11764705882352941,52.588235294117645
Rony Jason,Featherweight,E,0.0,False,0.4444444444444444,18,1,0.7290322580645161,0.08387096774193549,0.1870967741935484,0.6064516129032258,0.2967741935483871,0.0967741935483871,0.44285714285714284,0.16666666666666666,0.3,37.611111111111114,0.2222222222222222,0.1111111111111111,19.444444444444443
Roosevelt Roberts,Lightweight,E,0.0,False,0.4,21,0,0.7976190476190477,0.06746031746031746,0.1349206349206349,0.7261904761904762,0.15079365079365079,0.12301587301587301,0.4144736842105263,0.23809523809523808,0.19230769230769232,56.857142857142854,0.19047619047619047,0.0,28.952380952380953
Rory MacDonald,Welterweight,C+,2.0,False,0.6923076923076923,38,0,0.7631184407796102,0.08245877061469266,0.15442278860569716,0.7481259370314842,0.1874062968515742,0.06446776611694154,0.4248407643312102,0.5526315789473685,0.4772727272727273,45.578947368421055,0.13157894736842105,0.02631578947368421,41.31578947368421
Rose Namajunas,Women's Flyweight,B+,4.0,True,0.631578947368421,63,0,0.8375,0.06826923076923076,0.09423076923076923,0.7153846153846154,0.1875,0.09711538461538462,0.41106719367588934,0.4603174603174603,0.48333333333333334,55.80952380952381,0.1111111111111111,0.09523809523809523,40.15873015873016
Ross Pearson,Lightweight,D,1.0,False,0.46153846153846156,66,2,0.8213644524236984,0.15439856373429084,0.02423698384201077,0.5278276481149012,0.28186714542190305,0.19030520646319568,0.4027476500361533,0.22727272727272727,0.35714285714285715,19.151515151515152,0.0,0.09090909090909091,41.90909090909091
Rousimar Palhares,Middleweight,E,0.0,False,0.6666666666666666,20,3,0.6717557251908397,0.06870229007633588,0.2595419847328244,0.7099236641221374,0.09923664122137404,0.19083969465648856,0.51171875,0.7,0.3888888888888889,76.2,0.8,0.05,12.8
Roxanne Modafferi,Women's Flyweight,C+,2.0,False,0.3333333333333333,37,0,0.8553054662379421,0.05627009646302251,0.08842443729903537,0.8408360128617364,0.09967845659163987,0.0594855305466238,0.30267639902676396,0.43243243243243246,0.27586206896551724,80.4054054054054,0.02702702702702703,0.02702702702702703,55.54054054054054
Roy Nelson,Heavyweight,C,0.0,False,0.47368421052631576,45,0,0.7175398633257403,0.18906605922551253,0.09339407744874716,0.7767653758542141,0.12072892938496584,0.10250569476082004,0.37329931972789115,0.35555555555555557,0.2962962962962963,54.75555555555555,0.022222222222222223,0.2,26.133333333333333
Russell Doane,Bantamweight,E,0.0,False,0.375,17,3,0.48905109489051096,0.18248175182481752,0.3284671532846715,0.7518248175182481,0.17518248175182483,0.072992700729927,0.408955223880597,0.6470588235294118,0.4583333333333333,85.82352941176471,0.23529411764705882,0.11764705882352941,19.705882352941178
Rustam Khabilov,Lightweight,D,1.0,False,0.7692307692307693,36,0,0.6578171091445427,0.08849557522123894,0.2536873156342183,0.7433628318584071,0.14454277286135694,0.11209439528023599,0.3431174089068826,1.25,0.4166666666666667,75.88888888888889,0.027777777777777776,0.027777777777777776,27.444444444444443
Ryan Bader,Light Heavyweight,C+,2.0,False,0.75,47,3,0.48180242634315423,0.1022530329289428,0.41594454072790293,0.733102253032929,0.12305025996533796,0.1438474870017331,0.43318318318318316,0.9787234042553191,0.4423076923076923,97.57446808510639,0.1276595744680851,0.14893617021276595,28.340425531914892
Ryan Benoit,Flyweight,D+,0.0,False,0.3333333333333333,23,4,0.8137254901960784,0.11437908496732026,0.0718954248366013,0.761437908496732,0.16339869281045752,0.07516339869281045,0.391304347826087,0.08695652173913043,0.2222222222222222,15.956521739130435,0.13043478260869565,0.21739130434782608,34.0
Ryan Jimmo,Light Heavyweight,D,1.0,False,0.42857142857142855,15,1,0.43478260869565216,0.3671497584541063,0.19806763285024154,0.46859903381642515,0.2222222222222222,0.30917874396135264,0.6613418530351438,0.13333333333333333,0.2857142857142857,88.33333333333333,0.0,0.26666666666666666,20.866666666666667
Ryan LaFlare,Welterweight,D,1.0,False,0.7,31,1,0.6487119437939111,0.1756440281030445,0.1756440281030445,0.48711943793911006,0.3957845433255269,0.117096018735363,0.40131578947368424,0.6774193548387096,0.44680851063829785,81.61290322580645,0.06451612903225806,0.06451612903225806,34.32258064516129
Ryan Spann,Light Heavyweight,D+,0.0,False,0.6666666666666666,26,0,0.7203947368421053,0.07236842105263158,0.20723684210526316,0.7532894736842105,0.18421052631578946,0.0625,0.3948051948051948,0.3076923076923077,0.34782608695652173,53.61538461538461,0.38461538461538464,0.23076923076923078,29.615384615384617
Sabina Mazo,Women's Flyweight,E,0.0,False,0.42857142857142855,20,2,0.8185053380782918,0.13345195729537365,0.04804270462633452,0.4875444839857651,0.25622775800711745,0.25622775800711745,0.43735408560311284,0.2,0.8,41.0,0.05,0.05,64.25
Sage Northcutt,Lightweight,E,0.0,False,0.75,18,1,0.6067415730337079,0.19101123595505617,0.20224719101123595,0.6479400749063671,0.1947565543071161,0.15730337078651685,0.5235294117647059,0.5,0.34615384615384615,43.166666666666664,0.16666666666666666,0.1111111111111111,28.333333333333332
Said Nurmagomedov,Bantamweight,D,1.0,False,0.6363636363636364,24,1,0.7601246105919003,0.14330218068535824,0.09657320872274143,0.5389408099688473,0.24610591900311526,0.21495327102803738,0.4856278366111952,0.25,0.15384615384615385,29.458333333333332,0.3333333333333333,0.08333333333333333,27.541666666666668
Sam Alvey,Middleweight,D,1.0,False,0.4166666666666667,52,2,0.7598944591029023,0.20052770448548812,0.0395778364116095,0.6741424802110818,0.15303430079155672,0.17282321899736147,0.44509688784497947,0.019230769230769232,0.14285714285714285,15.115384615384615,0.019230769230769232,0.1346153846153846,32.75
Sam Hughes,Women's Strawweight,E,0.0,False,0.5454545454545454,33,0,0.7647887323943662,0.10985915492957747,0.12535211267605634,0.6732394366197183,0.1704225352112676,0.1563380281690141,0.47523427041499333,0.36363636363636365,0.2926829268292683,78.9090909090909,0.06060606060606061,0.0,45.27272727272727
Sam Sicilia,Featherweight,E,0.0,False,0.4166666666666667,25,0,0.6588235294117647,0.12549019607843137,0.21568627450980393,0.6862745098039216,0.19607843137254902,0.11764705882352941,0.33508541392904073,0.4,0.43478260869565216,58.76,0.24,0.04,30.44
Sam Stout,Lightweight,E,0.0,False,0.42105263157894735,51,2,0.8603015075376884,0.09346733668341708,0.04623115577889447,0.4763819095477387,0.2884422110552764,0.23517587939698492,0.2889082462253194,0.19607843137254902,0.38461538461538464,30.941176470588236,0.0392156862745098,0.058823529411764705,67.52941176470588
Santiago Ponzinibbio,Welterweight,D+,0.0,False,0.6,50,2,0.9501385041551247,0.018467220683287166,0.03139427516158818,0.7063711911357341,0.12557710064635272,0.1680517082179132,0.4157389635316699,0.18,0.2727272727272727,13.94,0.0,0.22,52.1
Sara McMann,Women's Bantamweight,C+,2.0,False,0.5384615384615384,28,3,0.3474903474903475,0.21235521235521235,0.44015444015444016,0.640926640926641,0.25868725868725867,0.10038610038610038,0.444253859348199,0.9642857142857143,0.5625,150.75,0.14285714285714285,0.03571428571428571,20.821428571428573
Sarah Moras,Women's Bantamweight,D,1.0,False,0.3333333333333333,24,0,0.6342412451361867,0.06614785992217899,0.29961089494163423,0.688715953307393,0.13618677042801555,0.17509727626459143,0.3431241655540721,0.20833333333333334,0.21739130434782608,50.125,0.25,0.0,31.208333333333332
Scott Holtzman,Lightweight,E,0.0,False,0.5384615384615384,35,0,0.6376210235131397,0.1590594744121715,0.2033195020746888,0.7302904564315352,0.16182572614107885,0.1078838174273859,0.4784910655195235,0.6,0.5675675675675675,87.02857142857142,0.05714285714285714,0.11428571428571428,43.17142857142857
Scott Jorgensen,Bantamweight,D+,0.0,False,0.3333333333333333,27,0,0.7506361323155216,0.15776081424936386,0.0916030534351145,0.6666666666666666,0.1628498727735369,0.17048346055979643,0.3933933933933934,0.7777777777777778,0.40384615384615385,66.29629629629629,0.07407407407407407,0.037037037037037035,37.0
Sean Brady,Welterweight,C+,2.0,False,0.8181818181818182,32,3,0.7178631051752922,0.04006677796327212,0.24207011686143573,0.7212020033388982,0.0667779632721202,0.21202003338898165,0.5324444444444445,1.09375,0.5147058823529411,130.59375,0.25,0.03125,35.15625
Sean O'Malley,Bantamweight,B+,4.0,True,0.7857142857142857,39,4,0.9477064220183486,0.01834862385321101,0.03394495412844037,0.6669724770642201,0.24036697247706423,0.0926605504587156,0.6075808249721293,0.07692307692307693,0.42857142857142855,3.1025641025641026,0.07692307692307693,0.15384615384615385,46.0
Sean Pierson,Welterweight,E,0.0,False,0.6666666666666666,16,2,0.7651006711409396,0.15771812080536912,0.07718120805369127,0.7046979865771812,0.18456375838926176,0.11073825503355705,0.3983957219251337,0.125,0.18181818181818182,53.1875,0.125,0.0625,46.75
Sean Sherk,Welterweight,B+,4.0,True,0.6666666666666666,38,3,0.5301204819277109,0.1566265060240964,0.3132530120481928,0.7493975903614458,0.10361445783132531,0.14698795180722893,0.34698996655518394,1.3157894736842106,0.4424778761061947,137.81578947368422,0.10526315789473684,0.0,31.473684210526315
Sean Spencer,Welterweight,E,0.0,False,0.375,23,2,0.8574561403508771,0.1074561403508772,0.03508771929824561,0.756578947368421,0.16885964912280702,0.07456140350877193,0.32432432432432434,0.043478260869565216,0.3333333333333333,18.26086956521739,0.0,0.13043478260869565,61.130434782608695
Sean Strickland,Middleweight,B,3.0,True,0.72,84,4,0.9213991769547325,0.03209876543209877,0.046502057613168724,0.8078189300411522,0.1411522633744856,0.05102880658436214,0.42504810215147804,0.21428571428571427,0.6206896551724138,24.19047619047619,0.047619047619047616,0.08333333333333333,68.05952380952381
Sean Woodson,Featherweight,E,0.0,False,0.7,26,4,0.9334257975034674,0.056865464632454926,0.009708737864077669,0.710124826629681,0.15117891816920942,0.13869625520110956,0.4660633484162896,0.19230769230769232,0.5555555555555556,22.23076923076923,0.11538461538461539,0.11538461538461539,59.5
Sedriques Dumas,Middleweight,E,0.0,False,0.3333333333333333,17,2,0.7703703703703704,0.05185185185185185,0.17777777777777778,0.45925925925925926,0.1925925925925926,0.34814814814814815,0.4426229508196721,0.29411764705882354,0.2777777777777778,82.94117647058823,0.0,0.0,17.941176470588236
Sergei Pavlovich,Heavyweight,C+,2.0,False,0.7272727272727273,17,4,0.8237410071942446,0.0683453237410072,0.1079136690647482,0.8273381294964028,0.1079136690647482,0.06474820143884892,0.4419713831478537,0.11764705882352941,0.25,26.647058823529413,0.0,0.4117647058823529,37.0
Serghei Spivac,Heavyweight,D+,0.0,False,0.6428571428571429,29,3,0.6138392857142857,0.03794642857142857,0.3482142857142857,0.9397321428571429,0.03571428571428571,0.024553571428571428,0.47761194029850745,1.103448275862069,0.5925925925925926,85.27586206896552,0.13793103448275862,0.0,32.3448275862069
Sergio Moraes,Welterweight,E,0.0,False,0.5714285714285714,37,0,0.9101654846335697,0.028368794326241134,0.061465721040189124,0.7659574468085106,0.17257683215130024,0.061465721040189124,0.4259818731117825,0.3783783783783784,0.3888888888888889,48.45945945945946,0.13513513513513514,0.02702702702702703,26.83783783783784
Sergio Pettis,Flyweight,C+,2.0,False,0.6428571428571429,43,0,0.8913308913308914,0.05128205128205128,0.057387057387057384,0.7875457875457875,0.10012210012210013,0.11233211233211234,0.3743144424131627,0.27906976744186046,0.4,25.372093023255815,0.11627906976744186,0.023255813953488372,50.883720930232556
Seth Baczynski,Welterweight,E,0.0,False,0.45454545454545453,23,0,0.6741935483870968,0.20967741935483872,0.11612903225806452,0.6645161290322581,0.22580645161290322,0.10967741935483871,0.31568228105906315,0.2608695652173913,0.16666666666666666,55.34782608695652,0.21739130434782608,0.08695652173913043,42.69565217391305
SeungWoo Choi,Featherweight,E,0.0,False,0.36363636363636365,24,4,0.703125,0.17447916666666666,0.12239583333333333,0.5989583333333334,0.21875,0.18229166666666666,0.3890577507598784,0.25,0.5454545454545454,49.208333333333336,0.0,0.20833333333333334,41.125
Shamil Abdurakhimov,Heavyweight,D+,0.0,False,0.45454545454545453,24,1,0.6733067729083665,0.23904382470119523,0.08764940239043825,0.5936254980079682,0.18725099601593626,0.21912350597609562,0.4426807760141093,0.2916666666666667,0.23333333333333334,30.583333333333332,0.041666666666666664,0.08333333333333333,23.625
Shane Burgos,Featherweight,D+,0.0,False,0.7272727272727273,31,4,0.8211538461538461,0.10192307692307692,0.07692307692307693,0.6384615384615384,0.19134615384615383,0.1701923076923077,0.5241935483870968,0.12903225806451613,0.4444444444444444,29.0,0.12903225806451613,0.1935483870967742,64.0
Shane Young,Featherweight,E,0.0,False,0.2857142857142857,16,2,0.9302949061662198,0.06970509383378017,0.0,0.5710455764075067,0.26541554959785524,0.16353887399463807,0.40720524017467247,0.1875,0.1875,21.625,0.0,0.0625,57.25
Shara Magomedov,Middleweight,D,1.0,False,0.8333333333333334,17,2,0.7930327868852459,0.14754098360655737,0.05942622950819672,0.430327868852459,0.3073770491803279,0.26229508196721313,0.6296774193548387,0.0,0.0,6.823529411764706,0.0,0.11764705882352941,45.588235294117645
Shavkat Rakhmonov,Welterweight,C+,2.0,False,1.0,16,3,0.5614754098360656,0.24180327868852458,0.19672131147540983,0.6967213114754098,0.26229508196721313,0.040983606557377046,0.6009852216748769,0.4375,0.25925925925925924,139.75,0.375,0.0625,25.375
Shawn Jordan,Heavyweight,E,0.0,False,0.6,19,3,0.502127659574468,0.2,0.2978723404255319,0.8042553191489362,0.1148936170212766,0.08085106382978724,0.4978813559322034,0.47368421052631576,0.34615384615384615,74.63157894736842,0.0,0.15789473684210525,24.842105263157894
Shayilan Nuerdanbieke,Featherweight,E,0.0,False,0.5,15,3,0.6048387096774194,0.07258064516129033,0.3225806451612903,0.8306451612903226,0.08064516129032258,0.08870967741935484,0.45925925925925926,0.9333333333333333,0.35,126.4,0.06666666666666667,0.2,18.0
Sijara Eubanks,Women's Bantamweight,C+,2.0,False,0.5,28,0,0.7249134948096886,0.06747404844290658,0.20761245674740483,0.7560553633217993,0.17301038062283736,0.07093425605536333,0.4323111443530292,0.6071428571428571,0.4473684210526316,100.78571428571429,0.10714285714285714,0.03571428571428571,47.75
Siyar Bahadurzada,Welterweight,E,0.0,False,0.5,20,4,0.49242424242424243,0.22348484848484848,0.2840909090909091,0.7234848484848485,0.20454545454545456,0.07196969696969698,0.4074074074074074,0.4,0.6153846153846154,47.05,0.1,0.25,32.4
Soa Palelei,Heavyweight,D,1.0,False,0.5714285714285714,15,3,0.3140495867768595,0.21487603305785125,0.47107438016528924,0.7520661157024794,0.1487603305785124,0.09917355371900827,0.5734597156398105,0.6,0.45,85.6,0.0,0.0,14.066666666666666
Sodiq Yusuff,Featherweight,D+,0.0,False,0.6,24,2,0.7847866419294991,0.1261595547309833,0.08905380333951762,0.5714285714285714,0.18181818181818182,0.24675324675324675,0.4847122302158273,0.125,0.25,47.833333333333336,0.125,0.125,46.333333333333336
Song Kenan,Welterweight,E,0.0,False,0.5454545454545454,24,2,0.8388429752066116,0.11570247933884298,0.045454545454545456,0.6425619834710744,0.1756198347107438,0.18181818181818182,0.46990291262135925,0.125,0.3,8.583333333333334,0.0,0.20833333333333334,42.916666666666664
Song Yadong,Bantamweight,C,0.0,False,0.6875,45,2,0.8576017130620985,0.059957173447537475,0.08244111349036402,0.6220556745182013,0.1905781584582441,0.1873661670235546,0.43604108309990663,0.24444444444444444,0.39285714285714285,39.2,0.044444444444444446,0.15555555555555556,47.6
Spencer Fisher,Lightweight,E,0.0,False,0.5625,42,1,0.6342229199372057,0.27001569858712715,0.09576138147566719,0.478806907378336,0.31868131868131866,0.20251177394034536,0.43510928961748635,0.21428571428571427,0.3,36.023809523809526,0.23809523809523808,0.07142857142857142,34.857142857142854
Stefan Struve,Heavyweight,D+,0.0,False,0.5416666666666666,46,2,0.8358974358974359,0.05982905982905983,0.10427350427350428,0.5299145299145299,0.22564102564102564,0.24444444444444444,0.4744525547445255,0.15217391304347827,0.4666666666666667,26.391304347826086,0.45652173913043476,0.06521739130434782,26.804347826086957
Stephan Bonnar,Light Heavyweight,E,0.0,False,0.6153846153846154,37,3,0.4335511982570806,0.3202614379084967,0.24618736383442266,0.7058823529411765,0.19389978213507625,0.10021786492374728,0.3974025974025974,0.4594594594594595,0.4146341463414634,96.45945945945945,0.35135135135135137,0.05405405405405406,31.216216216216218
Stephen Thompson,Welterweight,C+,2.0,False,0.5714285714285714,66,2,0.8955916473317865,0.06805877803557618,0.03634957463263728,0.662799690641918,0.23588553750966745,0.10131477184841454,0.46014234875444837,0.07575757575757576,0.35714285714285715,17.545454545454547,0.0,0.15151515151515152,42.57575757575758
Steve Cantwell,Light Heavyweight,E,0.0,False,0.16666666666666666,16,2,0.84,0.116,0.044,0.472,0.368,0.16,0.31685678073510776,0.1875,0.3,11.6875,0.1875,0.0,49.3125
Steve Erceg,Flyweight,D+,0.0,False,0.625,25,2,0.8862815884476535,0.09747292418772563,0.016245487364620937,0.740072202166065,0.18231046931407943,0.0776173285198556,0.47594501718213056,0.36,0.28125,33.24,0.12,0.04,46.56
Steve Garcia,Featherweight,D+,0.0,False,0.8,17,4,0.6438356164383562,0.0410958904109589,0.3150684931506849,0.7568493150684932,0.16095890410958905,0.0821917808219178,0.474025974025974,0.23529411764705882,0.5714285714285714,36.529411764705884,0.11764705882352941,0.47058823529411764,36.23529411764706
Steven Peterson,Featherweight,E,0.0,False,0.375,23,0,0.8192307692307692,0.09807692307692308,0.08269230769230769,0.6673076923076923,0.18653846153846154,0.14615384615384616,0.4046692607003891,0.43478260869565216,0.30303030303030304,67.95652173913044,0.2608695652173913,0.043478260869565216,55.869565217391305
Steven Siler,Featherweight,E,0.0,False,0.5555555555555556,21,1,0.5868852459016394,0.32459016393442625,0.08852459016393442,0.6360655737704918,0.25573770491803277,0.10819672131147541,0.41553133514986373,0.14285714285714285,0.21428571428571427,41.19047619047619,0.47619047619047616,0.047619047619047616,34.95238095238095
Stevie Ray,Lightweight,E,0.0,False,0.6363636363636364,26,0,0.7305122494432071,0.06904231625835189,0.20044543429844097,0.623608017817372,0.111358574610245,0.2650334075723831,0.4494494494494494,0.23076923076923078,0.46153846153846156,36.15384615384615,0.19230769230769232,0.038461538461538464,38.42307692307692
Stipe Miocic,Heavyweight,A,6.0,True,0.8235294117647058,49,4,0.7159880834160874,0.12015888778550149,0.16385302879841113,0.7318768619662364,0.13803376365441908,0.1300893743793446,0.5272251308900524,0.5102040816326531,0.3424657534246575,70.12244897959184,0.0,0.14285714285714285,38.97959183673469
Sumudaerji,Flyweight,D,1.0,False,0.6,24,2,0.8133874239350912,0.07707910750507099,0.10953346855983773,0.6166328600405679,0.1460446247464503,0.23732251521298176,0.5056410256410256,0.20833333333333334,0.35714285714285715,25.0,0.16666666666666666,0.08333333333333333,40.625
TJ Brown,Featherweight,E,0.0,False,0.375,22,0,0.7894736842105263,0.12280701754385964,0.08771929824561403,0.7192982456140351,0.20175438596491227,0.07894736842105263,0.4418604651162791,0.9545454545454546,0.5526315789473685,86.0909090909091,0.4090909090909091,0.0,35.18181818181818
TJ Dillashaw,Bantamweight,C+,2.0,False,0.7222222222222222,50,0,0.730186999109528,0.1006233303650935,0.16918967052537845,0.666073018699911,0.14514692787177205,0.188780053428317,0.4110541727672035,0.46,0.30666666666666664,65.1,0.24,0.18,54.64
TJ Grant,Welterweight,C+,2.0,False,0.7272727272727273,27,1,0.6176470588235294,0.27647058823529413,0.10588235294117647,0.5843137254901961,0.30196078431372547,0.11372549019607843,0.5402542372881356,0.5185185185185185,0.4375,71.37037037037037,0.18518518518518517,0.18518518518518517,34.96296296296296
TJ Waldburger,Welterweight,E,0.0,False,0.5,15,3,0.49166666666666664,0.16666666666666666,0.3416666666666667,0.6333333333333333,0.16666666666666666,0.2,0.5128205128205128,0.8,0.46153846153846156,83.53333333333333,1.2666666666666666,0.13333333333333333,15.6
Tabatha Ricci,Women's Strawweight,D+,0.0,False,0.6363636363636364,30,0,0.7993019197207679,0.06806282722513089,0.13263525305410123,0.6579406631762653,0.13263525305410123,0.2094240837696335,0.37353324641460234,0.8,0.375,78.4,0.03333333333333333,0.0,51.13333333333333
Tafon Nchukwi,Middleweight,E,0.0,False,0.3333333333333333,16,1,0.6946564885496184,0.272264631043257,0.03307888040712468,0.49872773536895676,0.3256997455470738,0.17557251908396945,0.5435684647302904,0.25,0.5714285714285714,31.5,0.0,0.0625,45.1875
Tagir Ulanbekov,Flyweight,D+,0.0,False,0.75,21,0,0.7550335570469798,0.14093959731543623,0.1040268456375839,0.8087248322147651,0.13758389261744966,0.053691275167785234,0.48220064724919093,0.8571428571428571,0.391304347826087,115.19047619047619,0.47619047619047616,0.047619047619047616,29.428571428571427
Tai Tuivasa,Heavyweight,C+,2.0,False,0.4444444444444444,35,2,0.7067209775967414,0.24439918533604887,0.048879837067209775,0.5906313645621182,0.17515274949083504,0.23421588594704684,0.4861386138613861,0.0,0.0,31.057142857142857,0.0,0.22857142857142856,28.857142857142858
Taila Santos,Women's Flyweight,C+,2.0,False,0.5714285714285714,21,1,0.6825396825396826,0.1365079365079365,0.18095238095238095,0.5301587301587302,0.20634920634920634,0.2634920634920635,0.4578488372093023,0.7142857142857143,0.75,119.23809523809524,0.42857142857142855,0.14285714285714285,32.76190476190476
Takanori Gomi,Lightweight,E,0.0,False,0.3076923076923077,23,2,0.8828337874659401,0.08719346049046321,0.02997275204359673,0.6267029972752044,0.2970027247956403,0.07629427792915532,0.38918345705196183,0.043478260869565216,0.25,26.217391304347824,0.0,0.08695652173913043,41.0
Takashi Sato,Welterweight,E,0.0,False,0.2857142857142857,15,4,0.5801526717557252,0.1297709923664122,0.2900763358778626,0.7709923664122137,0.17557251908396945,0.05343511450381679,0.4158730158730159,0.2,0.375,13.933333333333334,0.0,0.13333333333333333,21.0
Takeya Mizugaki,Bantamweight,C,0.0,False,0.5714285714285714,35,0,0.6867862969004894,0.16150081566068517,0.15171288743882544,0.7226753670473083,0.19738988580750408,0.0799347471451876,0.40039190071848463,0.45714285714285713,0.5,73.62857142857143,0.02857142857142857,0.08571428571428572,43.74285714285714
Talita Alencar,Women's Strawweight,E,0.0,False,0.8,15,0,0.640495867768595,0.11983471074380166,0.2396694214876033,0.6115702479338843,0.2892561983471074,0.09917355371900827,0.35693215339233036,0.9333333333333333,0.3783783783783784,98.46666666666667,0.2,0.0,45.2
Tamdan McCrory,Welterweight,E,0.0,False,0.4444444444444444,18,3,0.36875,0.20625,0.425,0.68125,0.19375,0.125,0.4878048780487805,0.6111111111111112,0.4782608695652174,93.61111111111111,0.6111111111111112,0.0,18.22222222222222
Tanner Boser,Heavyweight,D,1.0,False,0.45454545454545453,26,2,0.8645833333333334,0.09027777777777778,0.04513888888888889,0.4826388888888889,0.19444444444444445,0.3229166666666667,0.5353159851301115,0.0,0.0,20.76923076923077,0.0,0.07692307692307693,41.38461538461539
Tarec Saffiedine,Welterweight,D+,0.0,False,0.3333333333333333,20,2,0.8361111111111111,0.14722222222222223,0.016666666666666666,0.5444444444444444,0.17222222222222222,0.2833333333333333,0.45918367346938777,0.2,0.3333333333333333,39.1,0.05,0.15,39.2
Tatiana Suarez,Women's Strawweight,C+,2.0,False,0.9,25,3,0.30030959752321984,0.15789473684210525,0.541795665634675,0.5046439628482973,0.30030959752321984,0.19504643962848298,0.6014897579143389,1.36,0.4594594594594595,161.36,0.2,0.0,21.48
Tatsuro Taira,Flyweight,C+,2.0,False,0.8,27,3,0.543026706231454,0.04154302670623145,0.41543026706231456,0.7804154302670623,0.0771513353115727,0.142433234421365,0.5435483870967742,1.037037037037037,0.4375,140.77777777777777,0.37037037037037035,0.1111111111111111,22.962962962962962
Tatsuya Kawajiri,Featherweight,D,1.0,False,0.5,17,3,0.5073529411764706,0.07352941176470588,0.41911764705882354,0.7867647058823529,0.09558823529411764,0.11764705882352941,0.46735395189003437,1.0588235294117647,0.3103448275862069,148.05882352941177,0.11764705882352941,0.0,17.11764705882353
Taylor Lapilus,Bantamweight,E,0.0,False,0.75,23,2,0.755859375,0.203125,0.041015625,0.65625,0.244140625,0.099609375,0.4807511737089202,0.08695652173913043,0.3333333333333333,34.95652173913044,0.08695652173913043,0.08695652173913043,46.30434782608695
Tecia Pennington,Women's Strawweight,C,0.0,False,0.5555555555555556,54,2,0.8504375497215593,0.1177406523468576,0.031821797931583136,0.5449482895783612,0.2100238663484487,0.24502784407319014,0.47995418098510884,0.18518518518518517,0.14925373134328357,46.53703703703704,0.018518518518518517,0.018518518518518517,48.5
Terrance McKinney,Lightweight,E,0.0,False,0.6153846153846154,15,3,0.4497816593886463,0.13100436681222707,0.4192139737991266,0.868995633187773,0.13100436681222707,0.0,0.5571776155717761,0.4,0.42857142857142855,53.4,0.3333333333333333,0.2,27.4
Terry Etim,Lightweight,E,0.0,False,0.5454545454545454,25,2,0.868995633187773,0.11790393013100436,0.013100436681222707,0.48034934497816595,0.1091703056768559,0.4104803493449782,0.35837245696400627,0.12,0.3,14.16,0.4,0.08,25.56
Teruto Ishihara,Featherweight,E,0.0,False,0.3333333333333333,20,4,0.7966101694915254,0.08135593220338982,0.12203389830508475,0.5661016949152542,0.17627118644067796,0.2576271186440678,0.44696969696969696,0.15,0.16666666666666666,25.55,0.0,0.4,33.0
Thales Leites,Middleweight,D+,0.0,False,0.6190476190476191,57,0,0.6814946619217082,0.10676156583629894,0.2117437722419929,0.6886120996441281,0.10142348754448399,0.2099644128113879,0.40519105984138426,0.6491228070175439,0.2740740740740741,83.17543859649123,0.3508771929824561,0.07017543859649122,24.333333333333332
Themba Gorimbo,Welterweight,E,0.0,False,0.5,19,1,0.5491071428571429,0.25,0.20089285714285715,0.5223214285714286,0.3080357142857143,0.16964285714285715,0.5670886075949367,1.3157894736842106,0.625,138.47368421052633,0.10526315789473684,0.10526315789473684,20.789473684210527
Thiago Alves,Welterweight,D,1.0,False,0.5769230769230769,65,4,0.7839059674502713,0.11392405063291139,0.10216998191681737,0.5144665461121157,0.13562386980108498,0.3499095840867993,0.4176737160120846,0.2153846153846154,0.6086956521739131,28.553846153846155,0.09230769230769231,0.2,40.738461538461536
Thiago Moises,Lightweight,D,1.0,False,0.5,40,0,0.7528868360277137,0.057736720554272515,0.18937644341801385,0.6327944572748267,0.12933025404157045,0.23787528868360278,0.4245098039215686,0.425,0.2982456140350877,59.45,0.325,0.025,25.5
Thiago Santos,Light Heavyweight,C+,2.0,False,0.5833333333333334,57,1,0.5765765765765766,0.16891891891891891,0.2545045045045045,0.5123873873873874,0.22972972972972974,0.25788288288288286,0.48156182212581344,0.24561403508771928,0.3333333333333333,33.29824561403509,0.017543859649122806,0.24561403508771928,32.35087719298246
Thiago Silva,Light Heavyweight,D,1.0,False,0.5833333333333334,23,1,0.5825242718446602,0.21601941747572814,0.20145631067961164,0.5558252427184466,0.19174757281553398,0.2524271844660194,0.48527679623085984,0.2608695652173913,0.46153846153846156,52.608695652173914,0.17391304347826086,0.17391304347826086,36.91304347826087
Thiago Tavares,Lightweight,D,1.0,False,0.5555555555555556,38,3,0.6352583586626139,0.0911854103343465,0.2735562310030395,0.6960486322188449,0.23100303951367782,0.0729483282674772,0.401219512195122,1.105263157894737,0.42857142857142855,100.1842105263158,0.42105263157894735,0.0,21.57894736842105
Thomas Almeida,Bantamweight,D+,0.0,False,0.5,21,2,0.8919540229885058,0.10344827586206896,0.004597701149425287,0.6,0.1839080459770115,0.2160919540229885,0.435,0.047619047619047616,0.14285714285714285,2.857142857142857,0.0,0.14285714285714285,47.61904761904762
Thomas Petersen,Heavyweight,E,0.0,False,0.5,16,0,0.7466666666666667,0.07111111111111111,0.18222222222222223,0.6444444444444445,0.27111111111111114,0.08444444444444445,0.5844155844155844,0.8125,0.38235294117647056,106.6875,0.0625,0.0625,24.0625
Tim Boetsch,Middleweight,D+,0.0,False,0.5,51,1,0.6251968503937008,0.25354330708661416,0.12125984251968504,0.573228346456693,0.25354330708661416,0.1732283464566929,0.5067837190742218,0.4117647058823529,0.3442622950819672,37.13725490196079,0.21568627450980393,0.13725490196078433,24.568627450980394
Tim Elliott,Flyweight,C,0.0,False,0.45454545454545453,57,0,0.6613924050632911,0.16350210970464135,0.1751054852320675,0.5780590717299579,0.19514767932489452,0.22679324894514769,0.4344637946837763,1.1403508771929824,0.45454545454545453,85.0,0.3333333333333333,0.03508771929824561,38.280701754385966
Tim Kennedy,Middleweight,C,0.0,False,0.6,15,1,0.616580310880829,0.2538860103626943,0.12953367875647667,0.47668393782383417,0.24870466321243523,0.27461139896373055,0.4562647754137116,0.6666666666666666,0.3448275862068966,88.46666666666667,0.06666666666666667,0.06666666666666667,28.2
Tim Means,Welterweight,E,0.0,False,0.5172413793103449,66,4,0.7659574468085106,0.1386410432395333,0.09540150995195608,0.6074124914207275,0.28071379547014413,0.11187371310912834,0.49090296495956875,0.3333333333333333,0.4,37.43939393939394,0.045454545454545456,0.16666666666666666,44.96969696969697
Tim Sylvia,Heavyweight,B+,4.0,True,0.6666666666666666,32,4,0.676923076923077,0.2341880341880342,0.08888888888888889,0.7213675213675214,0.1282051282051282,0.15042735042735042,0.41755888650963596,0.03125,1.0,41.65625,0.03125,0.15625,43.78125
Timothy Johnson,Heavyweight,E,0.0,False,0.5714285714285714,17,1,0.3908450704225352,0.46830985915492956,0.14084507042253522,0.6408450704225352,0.17253521126760563,0.18661971830985916,0.4529505582137161,0.35294117647058826,0.24,119.52941176470588,0.0,0.058823529411764705,36.88235294117647
Tito Ortiz,Light Heavyweight,A+,8.0,True,0.5909090909090909,65,3,0.3323903818953324,0.2164073550212164,0.4512022630834512,0.743988684582744,0.1272984441301273,0.12871287128712872,0.4697674418604651,0.8923076923076924,0.4461538461538462,110.29230769230769,0.12307692307692308,0.03076923076923077,23.153846153846153
Tom Lawlor,Middleweight,D,1.0,False,0.5454545454545454,24,3,0.4918032786885246,0.3155737704918033,0.19262295081967212,0.8483606557377049,0.07377049180327869,0.0778688524590164,0.42434782608695654,0.6666666666666666,0.32,93.08333333333333,0.375,0.125,23.958333333333332
Tom Watson,Middleweight,E,0.0,False,0.2857142857142857,20,2,0.72,0.2625,0.0175,0.45,0.22,0.33,0.4434589800443459,0.05,0.07142857142857142,30.15,0.0,0.05,45.1
Tony Ferguson,Lightweight,B,3.0,True,0.625,59,2,0.9084084084084084,0.023273273273273273,0.06831831831831832,0.6006006006006006,0.19444444444444445,0.20495495495495494,0.4585197934595525,0.11864406779661017,0.35,8.135593220338983,0.2711864406779661,0.05084745762711865,49.23728813559322
Tony Gravely,Bantamweight,E,0.0,False,0.5,20,3,0.5889967637540453,0.1941747572815534,0.2168284789644013,0.6343042071197411,0.15857605177993528,0.20711974110032363,0.4618834080717489,1.65,0.4074074074074074,113.05,0.0,0.2,33.45
Tracy Cortez,Women's Flyweight,D+,0.0,False,0.75,25,0,0.6765327695560254,0.08879492600422834,0.2346723044397463,0.6575052854122622,0.18816067653276955,0.1543340380549683,0.4841351074718526,0.64,0.4444444444444444,103.8,0.12,0.0,39.08
Travis Browne,Heavyweight,C+,2.0,False,0.5625,31,4,0.62,0.14,0.24,0.595,0.2475,0.1575,0.4149377593360996,0.3548387096774194,0.6875,39.03225806451613,0.06451612903225806,0.1935483870967742,31.096774193548388
Tresean Gore,Middleweight,E,0.0,False,0.42857142857142855,15,0,0.8411214953271028,0.10747663551401869,0.0514018691588785,0.5747663551401869,0.1542056074766355,0.27102803738317754,0.49767441860465117,0.5333333333333333,0.7272727272727273,36.266666666666666,0.26666666666666666,0.0,28.666666666666668
Trevin Giles,Middleweight,E,0.0,False,0.5,35,4,0.757700205338809,0.06570841889117043,0.17659137577002054,0.7453798767967146,0.0944558521560575,0.1601642710472279,0.5441340782122905,0.3142857142857143,0.5,47.6,0.08571428571428572,0.08571428571428572,25.571428571428573
Trevin Jones,Bantamweight,E,0.0,False,0.16666666666666666,16,2,0.7792207792207793,0.06493506493506493,0.15584415584415584,0.551948051948052,0.23376623376623376,0.21428571428571427,0.3710843373493976,0.1875,0.15,48.375,0.0625,0.125,25.9375
Trevor Smith,Middleweight,E,0.0,False,0.4166666666666667,32,1,0.525096525096525,0.2471042471042471,0.2277992277992278,0.5424710424710425,0.2606177606177606,0.1969111969111969,0.556989247311828,0.5,0.3333333333333333,107.65625,0.1875,0.0625,29.0625
Trey Ogden,Lightweight,E,0.0,False,0.42857142857142855,21,2,0.9151515151515152,0.05454545454545454,0.030303030303030304,0.5,0.18787878787878787,0.31212121212121213,0.5015197568389058,0.6190476190476191,0.325,80.71428571428571,0.23809523809523808,0.0,31.333333333333332
Tyron Woodley,Welterweight,A,6.0,True,0.6,48,1,0.5056818181818182,0.26704545454545453,0.22727272727272727,0.5587121212121212,0.3352272727272727,0.10606060606060606,0.4689165186500888,0.125,0.35294117647058826,31.958333333333332,0.0625,0.20833333333333334,23.458333333333332
Tyson Griffin,Lightweight,E,0.0,False,0.5714285714285714,35,1,0.7434640522875817,0.13562091503267973,0.12091503267973856,0.5212418300653595,0.21895424836601307,0.25980392156862747,0.42061855670103093,0.5714285714285714,0.45454545454545453,60.42857142857143,0.2857142857142857,0.05714285714285714,41.57142857142857
Tyson Nam,Flyweight,D,1.0,False,0.375,18,2,0.910958904109589,0.030821917808219176,0.05821917808219178,0.571917808219178,0.2054794520547945,0.2226027397260274,0.33679354094579006,0.0,0.0,8.61111111111111,0.0,0.16666666666666666,48.166666666666664
Tyson Pedro,Light Heavyweight,D,1.0,False,0.5454545454545454,19,1,0.7510917030567685,0.16593886462882096,0.08296943231441048,0.48034934497816595,0.2794759825327511,0.24017467248908297,0.5948051948051948,0.21052631578947367,0.3076923076923077,35.421052631578945,0.21052631578947367,0.2631578947368421,20.263157894736842
Umar Nurmagomedov,Bantamweight,C+,2.0,False,0.8888888888888888,26,3,0.6728016359918201,0.05930470347648262,0.26789366053169733,0.6830265848670757,0.20245398773006135,0.11451942740286299,0.5646651270207852,1.3076923076923077,0.4657534246575342,113.26923076923077,0.07692307692307693,0.038461538461538464,33.30769230769231
Uriah Hall,Middleweight,D+,0.0,False,0.5555555555555556,45,4,0.7996845425867508,0.0583596214511041,0.14195583596214512,0.5662460567823344,0.19873817034700317,0.23501577287066247,0.48582375478927203,0.15555555555555556,0.3888888888888889,16.11111111111111,0.044444444444444446,0.17777777777777778,29.0
Urijah Faber,Bantamweight,C+,2.0,False,0.6470588235294118,54,0,0.6227208976157083,0.13604488078541374,0.24123422159887797,0.7349228611500701,0.19214586255259467,0.0729312762973352,0.4199057714958775,0.48148148148148145,0.2826086956521739,51.5,0.16666666666666666,0.09259259259259259,31.444444444444443
Valentina Shevchenko,Women's Bantamweight,A+,8.0,True,0.8823529411764706,75,0,0.7181818181818181,0.09454545454545454,0.18727272727272729,0.6563636363636364,0.13636363636363635,0.20727272727272728,0.5263157894736842,0.8533333333333334,0.6153846153846154,91.05333333333333,0.09333333333333334,0.02666666666666667,27.866666666666667
Valerie Letourneau,Women's Strawweight,C,0.0,False,0.5,20,2,0.8231292517006803,0.1292517006802721,0.047619047619047616,0.691609977324263,0.21541950113378686,0.09297052154195011,0.3798449612403101,0.25,0.45454545454545453,31.35,0.1,0.05,58.05
Vanessa Demopoulos,Women's Strawweight,E,0.0,False,0.5,26,2,0.7472283813747228,0.13968957871396895,0.1130820399113082,0.6407982261640798,0.2549889135254989,0.10421286031042129,0.39876215738284704,0.11538461538461539,0.10344827586206896,36.80769230769231,0.07692307692307693,0.038461538461538464,43.5
Vaughan Lee,Bantamweight,E,0.0,False,0.375,17,1,0.7868217054263565,0.15503875968992248,0.05813953488372093,0.4883720930232558,0.3178294573643411,0.1937984496124031,0.4725274725274725,0.23529411764705882,0.3333333333333333,28.58823529411765,0.29411764705882354,0.058823529411764705,32.11764705882353
Veronica Hardy,Women's Flyweight,E,0.0,False,0.5,27,0,0.7512820512820513,0.12307692307692308,0.12564102564102564,0.6538461538461539,0.18205128205128204,0.1641025641025641,0.45990566037735847,0.25925925925925924,0.4117647058823529,38.629629629629626,0.1111111111111111,0.037037037037037035,31.40740740740741
Viacheslav Borshchev,Lightweight,E,0.0,False,0.3,24,2,0.9181818181818182,0.045454545454545456,0.03636363636363636,0.5109090909090909,0.2509090909090909,0.2381818181818182,0.5009107468123861,0.0,0.0,13.125,0.041666666666666664,0.16666666666666666,45.75
Vicente Luque,Welterweight,C,0.0,False,0.6956521739130435,54,4,0.8837004405286344,0.05462555066079295,0.06167400881057269,0.6052863436123348,0.13480176211453745,0.2599118942731278,0.5089686098654709,0.25925925925925924,0.4827586206896552,37.98148148148148,0.2037037037037037,0.2037037037037037,41.2962962962963
Victor Altamirano,Flyweight,E,0.0,False,0.3333333333333333,16,1,0.7689969604863222,0.0911854103343465,0.1398176291793313,0.46504559270516715,0.3708206686930091,0.1641337386018237,0.5230524642289348,0.875,0.358974358974359,54.5,0.0,0.0625,39.3125
Victor Henry,Bantamweight,E,0.0,False,0.5714285714285714,19,2,0.8164251207729468,0.1320450885668277,0.05152979066022544,0.573268921095008,0.322061191626409,0.10466988727858294,0.5316780821917808,0.3157894736842105,0.42857142857142855,45.36842105263158,0.10526315789473684,0.15789473684210525,61.473684210526315
Vinc Pichel,Lightweight,E,0.0,False,0.5833333333333334,31,1,0.6684303350970018,0.18165784832451498,0.14991181657848324,0.4567901234567901,0.25396825396825395,0.2892416225749559,0.4609756097560976,0.8064516129032258,0.5102040816326531,70.96774193548387,0.06451612903225806,0.03225806451612903,39.67741935483871
Vince Morales,Bantamweight,E,0.0,False,0.25,33,2,0.9003690036900369,0.07195571955719557,0.027675276752767528,0.6697416974169742,0.24723247232472326,0.08302583025830258,0.36696005416384564,0.24242424242424243,0.47058823529411764,24.545454545454547,0.15151515151515152,0.06060606060606061,44.75757575757576
Virna Jandiroba,Women's Strawweight,C+,2.0,False,0.6923076923076923,36,0,0.7862595419847328,0.13231552162849872,0.08142493638676845,0.7989821882951654,0.15776081424936386,0.043256997455470736,0.41324921135646686,1.0,0.391304347826087,124.77777777777777,0.4444444444444444,0.027777777777777776,26.416666666666668
Vitor Belfort,Middleweight,B,3.0,True,0.5833333333333334,40,4,0.4425087108013937,0.23693379790940766,0.3205574912891986,0.8048780487804879,0.11846689895470383,0.07665505226480836,0.4728171334431631,0.15,0.75,11.925,0.2,0.275,15.175
Vitor Miranda,Middleweight,E,0.0,False,0.42857142857142855,17,1,0.574468085106383,0.16595744680851063,0.25957446808510637,0.5617021276595745,0.14893617021276595,0.28936170212765955,0.458984375,0.29411764705882354,0.5555555555555556,38.294117647058826,0.058823529411764705,0.0,30.11764705882353
Vitor Petrino,Light Heavyweight,D,1.0,False,0.7777777777777778,22,0,0.8163265306122449,0.04081632653061224,0.14285714285714285,0.673469387755102,0.19727891156462585,0.1292517006802721,0.48756218905472637,0.8181818181818182,0.46153846153846156,84.18181818181819,0.22727272727272727,0.13636363636363635,27.40909090909091
Viviane Araujo,Women's Flyweight,C,0.0,False,0.5384615384615384,41,0,0.9455958549222798,0.022020725388601035,0.03238341968911917,0.7396373056994818,0.14507772020725387,0.11528497409326424,0.4747847478474785,0.5609756097560976,0.4339622641509434,61.02439024390244,0.1951219512195122,0.024390243902439025,39.65853658536585
Vladimir Matyushenko,Light Heavyweight,E,0.0,False,0.5833333333333334,24,3,0.49222797927461137,0.14507772020725387,0.3626943005181347,0.7409326424870466,0.09326424870466321,0.16580310880829016,0.4595238095238095,0.7916666666666666,0.40425531914893614,87.54166666666667,0.041666666666666664,0.041666666666666664,17.5
Volkan Oezdemir,Light Heavyweight,C+,2.0,False,0.5625,35,2,0.800266311584554,0.11717709720372836,0.08255659121171771,0.625832223701731,0.151797603195739,0.22237017310252996,0.48358016741790083,0.14285714285714285,0.29411764705882354,28.714285714285715,0.02857142857142857,0.2,44.371428571428574
Waldo Cortes Acosta,Heavyweight,C,0.0,False,0.7692307692307693,31,4,0.8814229249011858,0.03162055335968379,0.08695652173913043,0.7075098814229249,0.14888010540184454,0.14361001317523056,0.48622677770659833,0.12903225806451613,0.5,26.806451612903224,0.03225806451612903,0.1935483870967742,50.354838709677416
Walt Harris,Heavyweight,D+,0.0,False,0.375,27,4,0.6593059936908517,0.0914826498422713,0.24921135646687698,0.6782334384858044,0.24605678233438485,0.07570977917981073,0.39184177997527814,0.07407407407407407,0.2857142857142857,13.11111111111111,0.037037037037037035,0.3333333333333333,29.962962962962962
Wanderlei Silva,Middleweight,E,0.0,False,0.4166666666666667,28,4,0.7046153846153846,0.2,0.09538461538461539,0.7015384615384616,0.13230769230769232,0.16615384615384615,0.3364389233954451,0.07142857142857142,0.4,9.25,0.03571428571428571,0.32142857142857145,34.5
Warlley Alves,Welterweight,E,0.0,False,0.5,37,1,0.7814432989690722,0.1463917525773196,0.07216494845360824,0.5525773195876289,0.2288659793814433,0.21855670103092784,0.48067393458870167,0.35135135135135137,0.5,56.972972972972975,0.24324324324324326,0.08108108108108109,27.27027027027027
Wellington Turman,Middleweight,E,0.0,False,0.3333333333333333,21,1,0.7596153846153846,0.16346153846153846,0.07692307692307693,0.5865384615384616,0.20512820512820512,0.20833333333333334,0.5123152709359606,0.47619047619047616,0.20833333333333334,80.14285714285714,0.23809523809523808,0.0,29.0
William Gomis,Featherweight,E,0.0,False,0.7142857142857143,21,1,0.8287461773700305,0.1620795107033639,0.009174311926605505,0.41896024464831805,0.2874617737003058,0.29357798165137616,0.48588410104011887,0.23809523809523808,0.38461538461538464,44.142857142857146,0.09523809523809523,0.0,32.04761904761905
William Knight,Light Heavyweight,E,0.0,False,0.42857142857142855,19,1,0.6666666666666666,0.16666666666666666,0.16666666666666666,0.5229885057471264,0.16666666666666666,0.3103448275862069,0.48333333333333334,0.47368421052631576,0.36,38.89473684210526,0.15789473684210525,0.10526315789473684,18.94736842105263
Wilson Gouveia,Light Heavyweight,E,0.0,False,0.6,18,4,0.736318407960199,0.07462686567164178,0.1890547263681592,0.6666666666666666,0.03980099502487562,0.2935323383084577,0.3996023856858847,0.2222222222222222,0.6666666666666666,26.166666666666668,0.5555555555555556,0.2222222222222222,27.944444444444443
Wilson Reis,Flyweight,C+,2.0,False,0.5384615384615384,32,0,0.6715867158671587,0.13653136531365315,0.1918819188191882,0.5608856088560885,0.12915129151291513,0.30996309963099633,0.2955288985823337,1.59375,0.42857142857142855,106.6875,0.1875,0.0,28.65625
Wu Yanan,Women's Bantamweight,E,0.0,False,0.16666666666666666,15,2,0.7961165048543689,0.1779935275080906,0.025889967637540454,0.511326860841424,0.28802588996763756,0.20064724919093851,0.41420911528150134,0.2,0.3,47.2,0.06666666666666667,0.0,49.733333333333334
Yair Rodriguez,Featherweight,B,3.0,True,0.7333333333333333,46,2,0.7815040650406504,0.06504065040650407,0.15345528455284552,0.5528455284552846,0.19613821138211382,0.25101626016260165,0.46946564885496184,0.21739130434782608,0.29411764705882354,23.32608695652174,0.1956521739130435,0.10869565217391304,45.56521739130435
Yan Xiaonan,Women's Strawweight,C+,2.0,False,0.6923076923076923,40,4,0.8657205240174672,0.07532751091703056,0.05895196506550218,0.6539301310043668,0.13209606986899564,0.21397379912663755,0.45123152709359604,0.275,0.7333333333333333,23.775,0.0,0.05,50.75
Yana Santos,Women's Bantamweight,C,0.0,False,0.5833333333333334,32,1,0.5627769571639586,0.38552437223042835,0.051698670605613,0.3353028064992615,0.4121122599704579,0.25258493353028066,0.5786324786324787,0.25,0.47058823529411764,84.9375,0.03125,0.03125,36.5625
Yancy Medeiros,Lightweight,D,1.0,False,0.4,29,4,0.8475499092558983,0.0852994555353902,0.06715063520871144,0.647912885662432,0.2413793103448276,0.11070780399274047,0.3715441672285907,0.10344827586206896,0.5,21.689655172413794,0.20689655172413793,0.3103448275862069,51.13793103448276
Yaotzin Meza,Featherweight,E,0.0,False,0.2857142857142857,18,1,0.8264462809917356,0.09090909090909091,0.08264462809917356,0.45454545454545453,0.19834710743801653,0.34710743801652894,0.41156462585034015,0.3333333333333333,0.2,80.33333333333333,0.4444444444444444,0.0,16.333333333333332
Yoel Romero,Middleweight,C+,2.0,False,0.6923076923076923,43,4,0.7301349325337332,0.1199400299850075,0.14992503748125938,0.6041979010494752,0.17841079460269865,0.21739130434782608,0.4933431952662722,0.4883720930232558,0.3333333333333333,34.18604651162791,0.0,0.23255813953488372,31.441860465116278
Yoshihiro Akiyama,Middleweight,E,0.0,False,0.2857142857142857,19,0,0.7940199335548173,0.029900332225913623,0.1760797342192691,0.8039867109634552,0.0664451827242525,0.12956810631229235,0.3919270833333333,0.631578947368421,0.6,69.94736842105263,0.05263157894736842,0.0,40.421052631578945
Youssef Zalal,Featherweight,D+,0.0,False,0.6153846153846154,35,0,0.8568281938325991,0.06167400881057269,0.08149779735682819,0.6343612334801763,0.16740088105726872,0.19823788546255505,0.5089686098654709,0.5714285714285714,0.31746031746031744,81.28571428571429,0.4,0.05714285714285714,25.485714285714284
Yushin Okami,Middleweight,C+,2.0,False,0.65,55,3,0.5555555555555556,0.13450292397660818,0.30994152046783624,0.7894736842105263,0.14230019493177387,0.0682261208576998,0.38455772113943026,0.6,0.3793103448275862,104.63636363636364,0.16363636363636364,0.07272727272727272,24.254545454545454
Yuta Sasaki,Flyweight,E,0.0,False,0.4444444444444444,16,0,0.6834532374100719,0.09352517985611511,0.22302158273381295,0.5971223021582733,0.23741007194244604,0.16546762589928057,0.41369047619047616,0.8125,0.43333333333333335,49.6875,0.3125,0.0,21.0
Yves Edwards,Lightweight,E,0.0,False,0.47619047619047616,46,1,0.6755793226381461,0.16755793226381463,0.1568627450980392,0.5401069518716578,0.22103386809269163,0.23885918003565063,0.42759146341463417,0.13043478260869565,0.4,51.82608695652174,0.21739130434782608,0.17391304347826086,28.52173913043478
Yves Jabouin,Bantamweight,D,1.0,False,0.5,21,0,0.8066666666666666,0.06666666666666667,0.12666666666666668,0.5366666666666666,0.28,0.18333333333333332,0.4172461752433936,0.6190476190476191,0.5416666666666666,78.38095238095238,0.0,0.047619047619047616,34.23809523809524
Zabit Magomedsharipov,Featherweight,C+,2.0,False,1.0,16,0,0.8105263157894737,0.039473684210526314,0.15,0.6631578947368421,0.13157894736842105,0.20526315789473684,0.4846938775510204,1.6875,0.5625,94.5,0.25,0.0,49.0
Zach Makovsky,Flyweight,D+,0.0,False,0.42857142857142855,21,0,0.696078431372549,0.14215686274509803,0.16176470588235295,0.5833333333333334,0.18627450980392157,0.23039215686274508,0.43037974683544306,1.2380952380952381,0.3058823529411765,73.66666666666667,0.09523809523809523,0.0,22.571428571428573
Zach Reese,Middleweight,E,0.0,False,0.5,15,1,0.75390625,0.11328125,0.1328125,0.50390625,0.30078125,0.1953125,0.5423728813559322,0.7333333333333333,0.6111111111111112,42.0,0.26666666666666666,0.06666666666666667,31.466666666666665
Zak Cummings,Welterweight,E,0.0,False,0.7142857142857143,34,2,0.805668016194332,0.11740890688259109,0.07692307692307693,0.6032388663967612,0.1882591093117409,0.20850202429149797,0.3592727272727273,0.20588235294117646,0.3181818181818182,41.55882352941177,0.20588235294117646,0.23529411764705882,40.44117647058823
Zak Ottow,Welterweight,E,0.0,False,0.5,17,2,0.8571428571428571,0.034482758620689655,0.10837438423645321,0.5812807881773399,0.19704433497536947,0.22167487684729065,0.3684210526315789,0.29411764705882354,0.29411764705882354,38.94117647058823,0.11764705882352941,0.11764705882352941,32.411764705882355
Zhalgas Zhumagulov,Flyweight,E,0.0,False,0.14285714285714285,17,2,0.9505882352941176,0.04470588235294118,0.004705882352941176,0.36470588235294116,0.32235294117647056,0.3129411764705882,0.43059777102330293,0.4117647058823529,0.19444444444444445,31.352941176470587,0.058823529411764705,0.0,58.05882352941177
Zhang Weili,Women's Strawweight,A,6.0,True,0.75,43,0,0.5941872981700753,0.08826695371367062,0.317545748116254,0.589881593110872,0.17115177610333693,0.23896663078579117,0.526942711287578,0.6046511627906976,0.4482758620689655,80.55813953488372,0.13953488372093023,0.06976744186046512,41.0
Zubaira Tukhugov,Featherweight,E,0.0,False,0.5555555555555556,23,0,0.84593837535014,0.06722689075630252,0.08683473389355742,0.8739495798319328,0.10084033613445378,0.025210084033613446,0.39932885906040266,0.6956521739130435,0.3902439024390244,47.391304347826086,0.0,0.13043478260869565,38.869565217391305
