fighter,wc,tier_label,ever_champion,win_rate,n_rounds,meta_score_pct,striking_signal,grappling_signal
Aaron Riley,Lightweight,E,False,0.3333333333333333,20,63.75749380543066,0.5541228050421886,0.24896459585838343
Aaron Simpson,Middleweight,E,False,0.6363636363636364,28,28.53177979802819,0.26427381065056144,0.5916595094951809
Abdul Razak Alhassan,Middleweight,E,False,0.38461538461538464,24,75.27756634122306,0.6499444422860252,0.13792167668670674
Abel Trujillo,Lightweight,E,False,0.5454545454545454,24,56.98814078210346,0.4662155902297322,0.2826138387886885
Abus Magomedov,Middleweight,D,False,0.5714285714285714,17,73.8782758186921,0.8625982592131188,0.37570238516248183
Adrian Yanez,Bantamweight,D,False,0.6,20,97.27738950261971,0.9236374093278109,0.016566466265865065
Aiemann Zahabi,Bantamweight,D+,False,0.8,26,94.94141205295284,0.9089617524167429,0.043837675350701405
Ailin Perez,Women's Bantamweight,C,False,0.8571428571428571,18,27.300869789543665,0.4059941868370955,0.7554831885994211
Al Iaquinta,Lightweight,C,False,0.6,42,93.64386682496529,0.9328952444801438,0.09107103095079047
Alan Belcher,Middleweight,D+,False,0.6428571428571429,31,73.0287397548149,0.6400852728819952,0.16844441571314672
Alan Jouban,Welterweight,E,False,0.6153846153846154,27,86.57376018370299,0.7994066085252955,0.08453944926890819
Alan Patrick,Lightweight,E,False,0.5,25,54.035515933206604,0.6310961843504105,0.5005143620574483
Alatengheili,Bantamweight,E,False,0.5555555555555556,25,86.93761457038573,0.9710601673359037,0.24965931863727456
Albert Morales,Bantamweight,E,False,0.16666666666666666,16,87.20009358450244,0.8952336417512714,0.16911948897795592
Albert Tumenov,Welterweight,D,False,0.625,17,92.97463005852117,0.8701325589760236,0.040325749538292266
Alejandro Perez,Bantamweight,D,False,0.6153846153846154,30,85.55105086189272,0.7852856128174747,0.08878312179915386
Aleksandar Rakic,Light Heavyweight,C+,False,0.5454545454545454,26,66.17773193098584,0.6264879762468843,0.2778698422485998
Aleksei Oleinik,Heavyweight,D+,False,0.5294117647058824,29,66.34592624316329,0.6669241229262987,0.3152857439015963
Alessandro Costa,Flyweight,E,False,0.5,15,81.70333326177499,0.7526822567929965,0.1252727677577377
Alessio Di Chirico,Middleweight,E,False,0.36363636363636365,26,83.05761065623297,0.8301554528147947,0.17842736755562405
Alessio Sakara,Middleweight,E,False,0.4,22,51.71230122177488,0.36361818881358676,0.2747540535616688
Alex Caceres,Featherweight,D+,False,0.5333333333333333,77,87.00795277728484,0.8568305050182058,0.1341666016014713
Alex Garcia,Welterweight,E,False,0.5,25,59.751442535452924,0.7319595034918747,0.4987374749498998
Alex Morono,Welterweight,E,False,0.5416666666666666,60,92.54641285653061,0.8898250021624394,0.06770763749721666
Alex Oliveira,Welterweight,D,False,0.5238095238095238,49,54.89660512681179,0.5416416144183347,0.3955973170831459
Alex Pereira,Middleweight,S,True,0.8333333333333334,31,89.89518779522909,0.796192786486921,0.021683151248734024
Alex Perez,Flyweight,C,False,0.5714285714285714,25,67.2501624913175,0.6963659544952132,0.32849031396125583
Alex White,Lightweight,E,False,0.4,25,74.75302291689768,0.629143348601421,0.12653974615898464
Alexa Grasso,Women's Flyweight,B+,True,0.6428571428571429,46,85.53125477079817,0.8028168764544811,0.10666986146205454
Alexander Gustafsson,Light Heavyweight,C+,False,0.5882352941176471,44,76.00098879952539,0.7449492599297393,0.2199360842897917
Alexander Hernandez,Lightweight,D,False,0.5555555555555556,41,84.10832837322796,0.8442315865450736,0.17363588966550988
Alexander Volkanovski,Featherweight,A+,True,0.8666666666666667,63,72.380537571494,0.7432157458582164,0.2832145773027537
Alexander Volkov,Heavyweight,C+,False,0.7777777777777778,53,87.00663015047493,0.8390301658961111,0.11639001272986224
Alexander Yakovlev,Welterweight,E,False,0.3333333333333333,21,71.36486441791526,0.686848256856793,0.24508540891306424
Alexandr Romanov,Heavyweight,D,False,0.7,20,32.44334247611662,0.40746631997187527,0.6646125584502338
Alexandre Pantoja,Flyweight,A,True,0.75,48,66.81894693690313,0.7999286138927768,0.43979625918503673
Alexis Davis,Women's Bantamweight,C+,False,0.5714285714285714,38,69.28069591401669,0.7271411866293376,0.32280350174032274
Ali Bagautinov,Flyweight,C,False,0.5714285714285714,23,47.7299160908386,0.4457677252370396,0.42841480061572423
Alistair Overeem,Heavyweight,C+,False,0.6,44,53.70443005223585,0.3568965274594864,0.23225997449444344
Aljamain Sterling,Bantamweight,A,True,0.782608695652174,70,56.72838483674231,0.629839148791572,0.45090180360721444
Alonzo Menifield,Light Heavyweight,D,False,0.625,34,77.34601317831095,0.7421643591579695,0.19299874258320562
Amanda Lemos,Women's Strawweight,C+,False,0.6,36,72.19757356957743,0.6575757594277211,0.2008600534402138
Amanda Nunes,Women's Bantamweight,A+,True,0.875,47,58.600701880699766,0.6533476972419421,0.4407893801787973
Amanda Ribas,Women's Strawweight,D+,False,0.5833333333333334,35,74.68181965355947,0.8554332304428046,0.3541082164328657
Amir Albazi,Flyweight,C+,False,0.7142857142857143,21,78.22736846050866,0.8482887595660329,0.28329675223462797
Amir Sadollah,Welterweight,E,False,0.5454545454545454,28,73.99451385985853,0.6387887100779227,0.1498055635079683
Anderson Silva,Middleweight,S,True,0.6521739130434783,63,80.05769597801738,0.6449240078659443,0.04706502952995939
Andre Ewell,Bantamweight,E,False,0.4444444444444444,26,99.09843484599818,0.9970845798205058,0.05731334463799394
Andre Fialho,Welterweight,E,False,0.2857142857142857,15,89.46886607181432,0.8057876497467532,0.03893342240035627
Andre Fili,Featherweight,D,False,0.5,61,79.08624135306816,0.8706645832269349,0.29024989870451284
Andre Muniz,Middleweight,D+,False,0.6,19,61.93589426301881,0.8626898526612169,0.5902418872833386
Andre Petroski,Middleweight,E,False,0.6153846153846154,31,59.59816199456343,0.7279591911737683,0.49748960286163724
Andre Soukhamthath,Bantamweight,E,False,0.2857142857142857,20,69.8662772073738,0.6302837594393927,0.2154308617234469
Andrea Lee,Women's Flyweight,D+,False,0.38461538461538464,40,77.41592310684653,0.8099650689261787,0.2595440881763527
Andrei Arlovski,Heavyweight,B+,True,0.5609756097560976,95,89.69511998846241,0.8487727531273351,0.0778557114228457
Andrew Craig,Middleweight,E,False,0.42857142857142855,18,77.64748927706137,0.7046107311766618,0.15003154457062273
Andrew Sanchez,Middleweight,E,False,0.5,28,65.73515368226896,0.7695643109259411,0.42889350128829085
Andy Ogle,Featherweight,E,False,0.16666666666666666,16,57.966121193033814,0.6807787089702028,0.47961548096192386
Ange Loosa,Welterweight,E,False,0.3333333333333333,17,64.2806971537791,0.7283121990872876,0.41375889032967894
Angela Hill,Women's Strawweight,D+,False,0.4444444444444444,85,76.47557705597214,0.7085932589132679,0.17505795905536564
Anthony Hamilton,Heavyweight,E,False,0.3,17,28.686340091661144,0.09099544299767176,0.4156057212464144
Anthony Hernandez,Middleweight,C,False,0.75,33,28.151772897243717,0.42345741181011876,0.7576668488492136
Anthony Johnson,Welterweight,C+,False,0.6842105263157895,33,54.98622080421983,0.5025198135248051,0.3548662982530718
Anthony Njokuani,Lightweight,E,False,0.375,23,90.31783170975642,0.8286486221393957,0.04654962098109262
Anthony Perosh,Light Heavyweight,E,False,0.4166666666666667,18,50.95898933428708,0.33868777995306426,0.2633507756253247
Anthony Pettis,Lightweight,B+,True,0.5263157894736842,51,87.21320824237687,0.8503885786350538,0.12403892752825914
Anthony Rocco Martin,Welterweight,D,False,0.6,41,79.39618514097529,0.8304407734757819,0.24446046564674062
Anthony Smith,Light Heavyweight,C+,False,0.5,60,91.50825724218633,0.8805851043164071,0.07710977510576708
Antonina Shevchenko,Women's Flyweight,D,False,0.5,20,69.51237644531003,0.6248890598778166,0.21639111556446228
Antonio Carlos Junior,Middleweight,D,False,0.5384615384615384,32,45.86428534534136,0.6013474252811043,0.6174954074816299
Antonio Rodrigo Nogueira,Heavyweight,B,True,0.5,22,74.1520900696047,0.7533661334586003,0.2615534098500031
Antonio Silva,Heavyweight,C,False,0.3333333333333333,19,80.07771867209911,0.6436427051411815,0.04542418169672679
Aoriqileng,Bantamweight,E,False,0.4444444444444444,20,82.76136423083817,0.823955184030142,0.17754676018704074
Ariane Carnelossi,Women's Strawweight,E,False,0.5,16,76.00436617078495,0.7296183283673086,0.2045445056780227
Ariane da Silva,Women's Flyweight,D,False,0.42857142857142855,35,82.22607379930994,0.7748104014560365,0.13801412348506537
Arman Tsarukyan,Lightweight,C+,False,0.8333333333333334,32,47.0033280202683,0.5665134188930763,0.5622077488309953
Armen Petrosyan,Middleweight,E,False,0.42857142857142855,17,94.84704560943182,0.9254457394352519,0.06201618924122755
Arnold Allen,Featherweight,C+,False,0.8,46,84.82468233216684,0.892986929882097,0.20952775115448286
Artem Lobov,Featherweight,E,False,0.2857142857142857,23,93.54094431014975,0.9559979451847823,0.11602189887020417
Ashlee Evans-Smith,Women's Bantamweight,D+,False,0.3333333333333333,23,73.95134725728467,0.658396211573336,0.17018820249194042
Ashley Yoder,Women's Strawweight,E,False,0.3,33,70.36838849970599,0.726353005167256,0.30248375538956707
Askar Askarov,Flyweight,C+,False,0.6,15,61.820376817223796,0.7380311697997586,0.46765753729681586
Aspen Ladd,Women's Bantamweight,C+,False,0.5714285714285714,18,49.12267472979425,0.39232170153704765,0.34995917761448825
Asu Almabayev,Flyweight,D+,False,0.8571428571428571,20,42.78111724556859,0.6046652939119624,0.6761773547094189
Augusto Sakai,Heavyweight,D+,False,0.5555555555555556,23,69.7247806705677,0.5535946265598218,0.14128256513026052
Austin Hubbard,Lightweight,E,False,0.3333333333333333,32,80.86866911324793,0.8820910727761954,0.2696695474281897
Azamat Murzakanov,Light Heavyweight,D+,False,0.8571428571428571,16,77.37984012508122,0.6581042888127998,0.1083312458249833
BJ Penn,Lightweight,E,False,0.5217391304347826,77,67.74401063928372,0.5820937064342014,0.20535009412764926
Bec Rawlings,Women's Strawweight,D,False,0.2857142857142857,18,79.5251556678006,0.7562246655529223,0.16792844949157576
Belal Muhammad,Welterweight,B,True,0.7894736842105263,67,75.20587408542059,0.864632244811191,0.35389684842321456
Ben Rothwell,Heavyweight,C,False,0.5294117647058824,40,79.42658002951661,0.772168222753897,0.18564211756847027
Ben Saunders,Welterweight,E,False,0.47368421052631576,37,71.78060520135408,0.5319251805517784,0.08269692538229612
Beneil Dariush,Lightweight,C+,False,0.64,52,57.53125256436854,0.6325179279446919,0.4391635835774112
Benoit Saint Denis,Lightweight,C,False,0.75,22,39.222302593150324,0.43536065216546704,0.5707779194753142
Benson Henderson,Lightweight,A,True,0.7857142857142857,52,59.518143103127464,0.5831768845141022,0.3541441858075125
Bethe Correia,Women's Bantamweight,C,False,0.4166666666666667,33,87.69044216964707,0.8606049981814666,0.12568571486407157
Bill Algeo,Featherweight,E,False,0.5,25,77.59238476661834,0.7834961611681766,0.2299064796259185
Billy Quarantillo,Featherweight,E,False,0.5454545454545454,28,64.48974010533391,0.62409125530883,0.305784187422464
Blagoy Ivanov,Heavyweight,D+,False,0.375,26,89.70127375362925,0.8967533547207117,0.12572581059555007
Bojan Velickovic,Welterweight,E,False,0.3333333333333333,18,87.02078410383187,0.8467345871425284,0.12384027313887033
Brad Katona,Bantamweight,E,False,0.4444444444444444,25,65.23139521474455,0.7028673644191112,0.37124248496993983
Brad Pickett,Bantamweight,C,False,0.35714285714285715,33,69.80459330022606,0.7321041873196068,0.31835894010242705
Brad Riddell,Lightweight,D,False,0.5714285714285714,17,79.86163451581744,0.8154963285286919,0.22115800227906796
Brad Scott,Middleweight,E,False,0.375,19,82.47546061427288,0.8054097751208231,0.16413528812009986
Brad Tavares,Middleweight,D+,False,0.5714285714285714,77,84.9495774027814,0.8379913318226344,0.15228942733952752
Brandon Davis,Featherweight,E,False,0.2222222222222222,23,89.79866535974256,0.8929442654536923,0.12016787197583573
Brandon Moreno,Flyweight,B,True,0.6,70,81.58082645707586,0.8771969570326827,0.2519873079492318
Brandon Royval,Flyweight,C+,False,0.7,31,90.22414361330272,0.8780204650530323,0.09760380977007779
Brandon Vera,Light Heavyweight,E,False,0.5,37,66.15554830065679,0.5178202474032606,0.16960046218563252
Brendan Allen,Middleweight,C,False,0.8235294117647058,45,68.7630941656453,0.745896731541799,0.3508535589697914
Brendan Schaub,Heavyweight,D,False,0.5454545454545454,19,51.050013293486906,0.4422986561300811,0.3653271455191084
Brett Johns,Bantamweight,D,False,0.7142857142857143,19,30.724611819230045,0.47383897983512513,0.7618482579193475
Brian Ebersole,Welterweight,E,False,0.625,20,54.662475258866394,0.53524352908119,0.39340347361389444
Brian Kelleher,Bantamweight,D,False,0.47058823529411764,32,73.16245859727509,0.7626557160384289,0.28861368570474283
Brian Ortega,Featherweight,C+,False,0.5714285714285714,42,88.6649812873599,0.887339599917019,0.1349206349206349
Brian Stann,Light Heavyweight,E,False,0.5454545454545454,24,68.91357850928446,0.5130871965247815,0.11534179470051213
Brock Lesnar,Heavyweight,B+,True,0.5,15,13.490944356635584,0.007905250376340156,0.6053774215096861
Bruna Brasil,Women's Strawweight,E,False,0.375,23,78.40306394804503,0.7579177961010977,0.1897708460399059
Bruno Silva,Flyweight,D,False,0.4090909090909091,51,78.15484332100576,0.782417988413442,0.21872830628577417
Bryan Barberena,Welterweight,E,False,0.47368421052631576,47,83.53990510463728,0.7300953781043441,0.06970678946545573
Bryan Battle,Welterweight,E,False,0.7777777777777778,19,75.89964957206215,0.7510526665520367,0.2278592272263826
Bryan Caraway,Bantamweight,C+,False,0.6,26,72.2561537680918,0.8696362325766838,0.41186860901289757
Bryce Mitchell,Featherweight,D+,False,0.75,30,38.92073882112219,0.49901394770581614,0.6398463593854375
CB Dollaway,Middleweight,E,False,0.55,39,46.81454702598936,0.5109914594316768,0.5100757069694946
CJ Vergara,Flyweight,E,False,0.375,18,79.40318858574128,0.6818531174989062,0.09574704965486529
Cain Velasquez,Heavyweight,B+,True,0.8461538461538461,29,24.545971907645253,0.2647253176627406,0.6636836892175154
Caio Borralho,Middleweight,C,False,0.8888888888888888,29,75.79621121526785,0.8137484202274873,0.29241241102895443
Calvin Kattar,Featherweight,C,False,0.4666666666666667,47,96.39588888992986,0.9395548805557465,0.048312937932602794
Caol Uno,Lightweight,E,False,0.3333333333333333,27,40.7851531453072,0.3532468647822984,0.46060021277122143
Carla Esparza,Women's Strawweight,B,True,0.625,47,48.6691179047323,0.5113460734824917,0.4771280148950383
Carlos Condit,Welterweight,B,True,0.47368421052631576,54,83.03168372440834,0.7694773431751076,0.11821482471115069
Carlos Felipe,Heavyweight,E,False,0.6,15,93.1481846926013,0.8708658608898024,0.03794255177020708
Carlos Hernandez,Flyweight,E,False,0.42857142857142855,16,73.83532937945168,0.7484931769825145,0.2623684869739479
Carlos Newton,Welterweight,B,True,0.5,16,67.45172921950977,0.6453136202932231,0.27381847027388106
Carlos Prates,Welterweight,C+,False,0.875,17,94.7070804470451,0.9113012965071084,0.050385083893276755
Carlos Ulberg,Light Heavyweight,B,True,0.9090909090909091,20,92.29301157595049,0.883791183255868,0.06622411489645959
Casey Kenney,Bantamweight,D,False,0.625,22,87.09975130030767,0.9081876448597374,0.18387532641039656
Casey O'Neill,Women's Flyweight,D+,False,0.75,19,75.37936540868887,0.8005293796039014,0.2866786203986921
Cat Zingano,Women's Bantamweight,C+,False,0.42857142857142855,17,34.75290890851484,0.26832377463612095,0.4839974065778616
Cathal Pendred,Welterweight,E,False,0.6666666666666666,15,67.84168495978857,0.7557409139677294,0.3772433756401692
Cezar Ferreira,Middleweight,D,False,0.6,34,65.03412908675108,0.7673729407207786,0.4392903453966757
Chad Anheliger,Bantamweight,E,False,0.4,15,78.60552199620614,0.736779124858652,0.16499665998663993
Chad Laprise,Lightweight,E,False,0.6,20,84.25317335155779,0.8466602545818768,0.17346359385437543
Chad Mendes,Featherweight,C+,False,0.6923076923076923,28,59.83408032045156,0.6460226262851222,0.41131668098100965
Chael Sonnen,Middleweight,D+,False,0.5384615384615384,32,13.898070993571771,0.19439203486405274,0.7845534819639279
Chan Sung Jung,Featherweight,C+,False,0.5833333333333334,36,82.13896879476766,0.7786671620695071,0.14343501818451718
Charles Johnson,Flyweight,D,False,0.5714285714285714,37,86.23870423800801,0.800375993082498,0.09152539312859954
Charles Jourdain,Featherweight,E,False,0.5294117647058824,42,80.17136484428653,0.7164387493119961,0.11653863282119795
Charles Oliveira,Lightweight,B+,True,0.7272727272727273,76,56.19271433766664,0.5326173408387683,0.36329896635376013
Charles Rosa,Featherweight,E,False,0.38461538461538464,37,82.77301687587962,0.892388489909171,0.2457708209211215
Charlie Brenneman,Welterweight,E,False,0.36363636363636365,21,15.202812379067348,0.1205469575171873,0.6872793205458536
Chas Skelly,Featherweight,E,False,0.6666666666666666,27,59.23226963743107,0.6027619668785393,0.37886266359880255
Chase Hooper,Featherweight,E,False,0.6153846153846154,26,53.12659233998457,0.5641666133941254,0.4499062227018139
Chase Sherman,Heavyweight,E,False,0.26666666666666666,36,95.91043376453715,0.9167830148248125,0.034258331477770354
Cheick Kongo,Heavyweight,E,False,0.6111111111111112,37,39.02598045615277,0.27597732964780597,0.4149199299499901
Chepe Mariscal,Featherweight,E,False,0.8333333333333334,17,51.26994948030551,0.49638906953920375,0.41546819128452983
Chico Camus,Bantamweight,D,False,0.375,24,71.44166391638439,0.7047067235563111,0.26156479625918505
Chidi Njokuani,Welterweight,E,False,0.5,20,73.94224740599013,0.5933218252554896,0.10527722110888443
Chris Camozzi,Middleweight,E,False,0.5,49,85.65023474145855,0.8080677182485722,0.10978419423881776
Chris Cariaso,Flyweight,D+,False,0.5384615384615384,37,73.25950125012268,0.647416164965646,0.17163155139107045
Chris Curtis,Middleweight,D,False,0.5454545454545454,33,97.61461835428332,0.928186944853526,0.01506042387805915
Chris Duncan,Lightweight,E,False,0.75,16,72.19547166528555,0.8124415728994837,0.3557636105544422
Chris Gruetzemacher,Lightweight,E,False,0.42857142857142855,17,79.35313543767661,0.6492667610187858,0.06405949153208378
Chris Gutierrez,Bantamweight,D,False,0.6666666666666666,42,97.34540231735295,0.9663925686321281,0.0581003276394058
Chris Leben,Middleweight,E,False,0.5454545454545454,46,55.080042247967,0.4250527280714934,0.2757144724231071
Chris Lytle,Welterweight,E,False,0.5263157894736842,48,80.43802722998345,0.7474219242991356,0.14273338343353373
Chris Wade,Lightweight,E,False,0.7142857142857143,17,43.21369246093478,0.4769252147398804,0.5406695744430037
Chris Weidman,Middleweight,A,True,0.6,48,56.710549880966695,0.6247732863208912,0.4461562012914718
Christian Leroy Duncan,Middleweight,D,False,0.7777777777777778,20,77.79410239131866,0.7359861157549422,0.17877421509686037
Christian Rodriguez,Featherweight,E,False,0.5555555555555556,23,61.828242276248645,0.6291960019809653,0.35868113037669547
Christos Giagos,Lightweight,E,False,0.42857142857142855,27,63.642338828821984,0.713726472113228,0.4106360869887924
Chuck Liddell,Light Heavyweight,A,True,0.65,45,78.48554783970476,0.6713983104599877,0.10177020708082833
Ciryl Gane,Heavyweight,B,True,0.75,37,90.32304290793927,0.9057911264653025,0.12359854844824786
Claudia Gadelha,Women's Strawweight,C+,False,0.5833333333333334,36,62.54724028799169,0.7716801187408674,0.48825428635047874
Claudio Puelles,Lightweight,E,False,0.5555555555555556,23,42.50183646967105,0.49934205747664256,0.5758691295634748
Claudio Silva,Welterweight,E,False,0.625,20,58.07471963233907,0.6846263431682859,0.4815130260521042
Clay Guida,Lightweight,D+,False,0.4864864864864865,93,53.98987312013016,0.609140330851181,0.4793781110608314
Clint Hester,Middleweight,E,False,0.5714285714285714,16,77.02681142544583,0.7503162641353838,0.2068825150300601
Cody Brundage,Middleweight,E,False,0.375,30,68.84361319548735,0.6313476492038208,0.23485860610109108
Cody Durden,Flyweight,D,False,0.4375,37,62.88439481243575,0.8465717364180474,0.5570916607990757
Cody Garbrandt,Bantamweight,B,True,0.5882352941176471,38,88.79317966209557,0.8634032846208922,0.1086822768343705
Cody Gibson,Bantamweight,E,False,0.3,22,66.51303459119762,0.7023496961841394,0.34771057266047245
Cody Stamann,Bantamweight,D+,False,0.4666666666666667,38,70.92229515644716,0.7523914329532424,0.31857574798720245
Colby Covington,Welterweight,B,True,0.75,61,56.048832007599444,0.7823210607808962,0.6155863639848003
Cole Miller,Featherweight,E,False,0.5,45,81.08497964987632,0.7700651582205221,0.15375937059303793
Conor McGregor,Featherweight,B,True,0.8333333333333334,28,81.6094622621965,0.7496681759963462,0.12394431720584026
Constantinos Philippou,Middleweight,E,False,0.6,24,79.63716291497917,0.6922544661765427,0.10194694945446447
Corey Anderson,Light Heavyweight,C,False,0.6666666666666666,36,39.319612330168944,0.5322406366825757,0.6659105247532102
Cortney Casey,Women's Strawweight,D+,False,0.4,39,85.17774567180594,0.7671375321953638,0.07733843755887844
Cory McKenna,Women's Strawweight,E,False,0.5,15,67.6623098318581,0.8355080949975857,0.46023157425963035
Cory Sandhagen,Bantamweight,C+,False,0.6875,51,79.2640391166202,0.8208989541869609,0.23729157661728684
Court McGee,Welterweight,E,False,0.4583333333333333,63,75.62668263263572,0.8439908219198841,0.3256990170817826
Cristiane Justino,Women's Featherweight,E,False,0.8571428571428571,16,72.36717001930984,0.6023275117948234,0.14256638276553107
Cub Swanson,Featherweight,C+,False,0.64,68,86.5454566103228,0.8197412486887603,0.10538233329403905
Curtis Blaydes,Heavyweight,C+,False,0.6666666666666666,48,36.560280214967904,0.45345028881972027,0.6366691716766867
Cynthia Calvillo,Women's Strawweight,C+,False,0.46153846153846156,34,78.37069975718475,0.8668506343782149,0.29928484419820034
Da Woon Jung,Light Heavyweight,E,False,0.4444444444444444,21,74.18215449008247,0.7701939838696016,0.27784139707987404
Da'Mon Blackshear,Bantamweight,E,False,0.5,22,73.46879589726255,0.7635806648853956,0.2840377725147264
DaMarques Johnson,Welterweight,E,False,0.4,16,65.16623591371312,0.5445183654747746,0.21406354375417502
Dalcha Lungiambula,Middleweight,E,False,0.2857142857142857,17,55.651513633226166,0.4872554091745673,0.32765531062124253
Damian Stasiak,Bantamweight,E,False,0.3333333333333333,16,72.85433009005463,0.841306682494655,0.3727976786907148
Damir Hadzovic,Lightweight,E,False,0.4,23,82.85589513655448,0.7669958577636554,0.11888995382068485
Damir Ismagulov,Lightweight,D,False,0.7142857142857143,21,79.65354261825746,0.8248399629886726,0.23423831790565258
Damon Jackson,Featherweight,E,False,0.42857142857142855,31,54.36537885050069,0.5990054003652046,0.46250026935591615
Dan Argueta,Bantamweight,E,False,0.16666666666666666,15,44.20435299855641,0.6184514033331155,0.6644065909596972
Dan Hardy,Welterweight,E,False,0.6,26,71.1965485674929,0.6168787484075979,0.17813832793792717
Dan Henderson,Light Heavyweight,C+,False,0.5,47,60.924158778704374,0.4337279005967628,0.17944754757742437
Dan Hooker,Lightweight,C,False,0.5833333333333334,55,83.70652089039632,0.8377504402816037,0.17436995202526265
Dan Ige,Featherweight,D+,False,0.5238095238095238,56,81.24893562539175,0.7648894186246828,0.1456394932722588
Dan Miller,Middleweight,E,False,0.46153846153846156,32,68.80114280847894,0.6605424979876725,0.26481609051436206
Dan Severn,Heavyweight,E,False,0.6666666666666666,16,40.39696018621849,0.02630091775258937,0.140625
Daniel Cormier,Light Heavyweight,S,True,0.7857142857142857,45,57.65251780286332,0.5472835411151947,0.35175165145105025
Daniel Kelly,Middleweight,D,False,0.6,22,68.49187288404792,0.6567363145421344,0.2665634298900832
Daniel Marcos,Bantamweight,E,False,0.7142857142857143,18,77.81538970471556,0.8234684956585763,0.26587434127514287
Daniel Omielanczuk,Heavyweight,D,False,0.4444444444444444,24,69.71359437009073,0.5366101883738381,0.12449899799599198
Daniel Pineda,Featherweight,E,False,0.35714285714285715,30,61.31428894869067,0.5362135065846918,0.2749276330438655
Daniel Roberts,Welterweight,E,False,0.42857142857142855,15,63.93431568218898,0.6596471169376099,0.3513137385882877
Daniel Rodriguez,Welterweight,D,False,0.7142857142857143,35,97.51764905061829,0.9625447166377273,0.05115946178070427
Daniel Santos,Bantamweight,E,False,0.6666666666666666,15,64.6687094533095,0.7438320881793022,0.42231128924515704
Daniel Zellhuber,Lightweight,E,False,0.42857142857142855,19,97.17095796775972,0.926113953876356,0.020954189079914216
Danielle Taylor,Women's Strawweight,E,False,0.4,15,99.28853703649466,0.9600296780564571,0.016844800712536183
Danny Castillo,Lightweight,E,False,0.5,37,47.731366907593866,0.5086994555586544,0.49132047879542873
Danny Roberts,Welterweight,E,False,0.5,29,73.52913349359508,0.6038267911642945,0.1232004238361781
Daron Cruickshank,Lightweight,E,False,0.46153846153846156,30,72.07718386699833,0.6959366481147976,0.24138276553106214
Darren Elkins,Featherweight,D+,False,0.6333333333333333,76,48.24001861173039,0.5191010208815644,0.49258824666877615
Darren Stewart,Middleweight,E,False,0.38461538461538464,29,61.63541990703698,0.5110749113352168,0.2440225278142492
Darren Till,Welterweight,C+,False,0.5,35,82.56992421703919,0.7350692412292629,0.092098482679645
Dave Menne,Welterweight,B,True,0.3333333333333333,15,51.76759503855123,0.31700021490611646,0.2271431752393676
Davey Grant,Bantamweight,E,False,0.5625,42,87.94134911421526,0.8982662816403921,0.15884149250882718
Davi Ramos,Lightweight,E,False,0.5714285714285714,17,74.60747216065286,0.7658746756230651,0.26588471059766594
David Abbott,Heavyweight,E,False,0.4444444444444444,20,52.606303635521336,0.24635049475952386,0.14143286573146294
David Branch,Middleweight,D+,False,0.4444444444444444,20,45.3669161802904,0.4248707193463412,0.4499498997995992
David Dvorak,Flyweight,D+,False,0.5,16,87.49434251228712,0.8555942546503787,0.12419630928523714
David Loiseau,Middleweight,E,False,0.4444444444444444,22,50.54220608340801,0.20724529884564094,0.13939242120604844
David Onama,Featherweight,D,False,0.6666666666666666,21,76.86849639502736,0.7759743704961495,0.23538346534338517
David Teymur,Lightweight,E,False,0.8333333333333334,15,91.94221496853328,0.9082173103527941,0.09694945446448452
Deiveson Figueiredo,Bantamweight,B+,True,0.7368421052631579,57,73.66439941147244,0.7318013512119135,0.2487460300718396
Demetrious Johnson,Bantamweight,S,True,0.9333333333333333,69,46.93172027340402,0.5087510876694626,0.5057312693018888
Demian Maia,Welterweight,C+,False,0.6666666666666666,89,44.58217754829859,0.43162113316034323,0.47079177080753265
Denise Gomes,Women's Strawweight,D,False,0.75,20,58.61289571846034,0.5527405401936728,0.33996325985303943
Dennis Bermudez,Featherweight,D+,False,0.5882352941176471,42,40.53216821284888,0.46472930518694966,0.5766254731685594
Dennis Hallman,Welterweight,E,False,0.4444444444444444,19,31.965589923981323,0.12574196124268744,0.3914671448159477
Dennis Siver,Lightweight,C,False,0.5714285714285714,50,83.28081884129304,0.8429539766526785,0.1872177688710755
Derek Brunson,Middleweight,C,False,0.6666666666666666,43,52.84306685521416,0.5777807995648627,0.4686116418884281
Derrick Lewis,Heavyweight,C+,False,0.6451612903225806,68,57.7570687202595,0.3068291179403499,0.10941982003222131
Desmond Green,Lightweight,E,False,0.5714285714285714,19,82.54026282178289,0.823097697187419,0.18065956474352213
Devin Clark,Light Heavyweight,E,False,0.47058823529411764,42,50.04088161686532,0.4534652805914316,0.39461462607755193
Dhiego Lima,Welterweight,E,False,0.36363636363636365,23,78.30340935029987,0.7513651609925747,0.18500769655252536
Diana Belbita,Women's Strawweight,E,False,0.2857142857142857,18,85.08447245377734,0.8179857736849532,0.12986157500185558
Diego Brandao,Featherweight,D,False,0.6,18,60.663025871580466,0.6613128121567661,0.41172159133080977
Diego Ferreira,Lightweight,D+,False,0.625,38,81.06785782271746,0.7569864496213576,0.14098811658404528
Diego Lopes,Featherweight,C+,False,0.75,24,74.56852813309432,0.6571549915990179,0.1578643397906925
Diego Nunes,Featherweight,E,False,0.5,18,73.66023822673023,0.6526254444923842,0.16964484524604767
Diego Sanchez,Welterweight,D,False,0.59375,84,59.330343351604895,0.522452397856599,0.2967919966917963
Din Thomas,Lightweight,E,False,0.5555555555555556,21,59.1550370707996,0.5010457043636266,0.2785332569901708
Dominick Cruz,Bantamweight,B+,True,0.6666666666666666,38,80.80206615675188,0.890925294449907,0.27969975037794886
Dominick Reyes,Light Heavyweight,C+,False,0.6666666666666666,28,83.4757821217884,0.7243316146148424,0.06509447466361293
Don'Tale Mayes,Heavyweight,D,False,0.36363636363636365,32,85.65189348512125,0.8512807029896959,0.15296739311957247
Donald Cerrone,Lightweight,C+,False,0.6216216216216216,81,85.15737276569688,0.8399070478931125,0.1504737870803335
Dong Hyun Kim,Welterweight,D+,False,0.7222222222222222,45,30.139079392973144,0.26942339171083896,0.5679470051213538
Dong Hyun Ma,Lightweight,E,False,0.375,19,78.28336772765127,0.7706085557722241,0.2046109763386422
Dooho Choi,Featherweight,D,False,0.6,20,77.33812682672453,0.7606388987678082,0.21161489645958584
Douglas Silva de Andrade,Bantamweight,D,False,0.5,35,93.89839043213668,0.9333018109473181,0.0869071476285905
Drakkar Klose,Lightweight,E,False,0.7692307692307693,33,60.81592108341718,0.5384392497947585,0.2861025080463958
Drew Dober,Lightweight,D,False,0.5555555555555556,55,83.13953134852639,0.7795639761878315,0.1263648509139491
Drew Fickett,Welterweight,E,False,0.5714285714285714,15,49.338995989089206,0.2720096151315501,0.2257626363838789
Dricus Du Plessis,Middleweight,B+,True,0.9,32,77.68351380159373,0.8151104266959585,0.2598843520374081
Duane Ludwig,Welterweight,E,False,0.4444444444444444,15,77.5444854220472,0.6479533396702275,0.09522378089512357
Dusko Todorovic,Middleweight,E,False,0.4,16,51.30425105702194,0.43718562513575226,0.3556487975951904
Dustin Hazelett,Welterweight,E,False,0.5,15,75.68545845895292,0.6143149484834839,0.09496771320418615
Dustin Jacoby,Light Heavyweight,D,False,0.5882352941176471,38,92.5541503826613,0.8981756891158617,0.07591938262489892
Dustin Ortiz,Flyweight,D+,False,0.6153846153846154,37,35.45860446886183,0.29830286894827496,0.5013044106230479
Dustin Poirier,Lightweight,B,True,0.7777777777777778,81,75.36613062610633,0.738647534808722,0.22503443100192153
Dustin Stoltzfus,Middleweight,E,False,0.3,23,71.10249503465613,0.7892777040106226,0.3522261915134617
Dwight Grant,Welterweight,E,False,0.375,19,89.4101246174135,0.8371350678812356,0.07133565376366768
Ed Herman,Middleweight,E,False,0.5,60,52.12126603615557,0.42571688525265994,0.32950901803607213
Eddie Alvarez,Lightweight,B,True,0.5714285714285714,19,72.41100955873101,0.7649817786238783,0.30443342826002884
Eddie Wineland,Bantamweight,C,False,0.375,34,93.485053760957,0.8836647522756724,0.04469232582812684
Edmen Shahbazyan,Middleweight,D+,False,0.6428571428571429,27,68.12778823395028,0.6194400036171467,0.23580494321977286
Edson Barboza,Lightweight,C+,False,0.5806451612903226,85,93.56913850911846,0.9193282533015119,0.07884592714841449
Edwin Figueroa,Bantamweight,E,False,0.3333333333333333,16,69.7558398950921,0.567773345301489,0.15490355711422846
Efrain Escudero,Lightweight,E,False,0.4166666666666667,32,64.11289113440256,0.5808547072669812,0.269314671008684
Elias Silverio,Lightweight,E,False,0.6,15,61.690109917624426,0.6534274536994147,0.3853930082386996
Elias Theodorou,Middleweight,D,False,0.7272727272727273,31,63.79561772806649,0.5860860781389096,0.28024328226345163
Elise Reed,Women's Strawweight,E,False,0.4444444444444444,22,87.76739054060376,0.8307550955905593,0.09445405963442036
Elizeu Zaleski dos Santos,Welterweight,D,False,0.6111111111111112,45,76.31645670049298,0.6989664234893955,0.1682884287092704
Elves Brener,Lightweight,E,False,0.5,16,90.85402295029536,0.9313085685744354,0.1395812458249833
Emily Ducote,Women's Strawweight,D,False,0.4,15,99.98793177833899,0.9830985339899964,0.027354709418837678
Enrique Barzola,Featherweight,E,False,0.6,30,52.62175926535545,0.6934494502638298,0.5882542863504787
Eric Schafer,Light Heavyweight,E,False,0.3333333333333333,17,48.909543365621325,0.34912712143919367,0.3105917717788518
Eric Shelton,Flyweight,D+,False,0.3333333333333333,18,53.02462914477193,0.5192523549336169,0.406822905069398
Erick Silva,Welterweight,D,False,0.4666666666666667,28,71.73465661791259,0.5974035437010278,0.1490003817158126
Erik Koch,Lightweight,D+,False,0.5,22,65.07866964454621,0.5581819128683767,0.22929950810712335
Erik Perez,Bantamweight,D+,False,0.7777777777777778,20,43.385594386169586,0.43963471365386547,0.5002922511690047
Erin Blanchfield,Women's Flyweight,C+,False,0.8888888888888888,26,63.90488301068521,0.7517697121909934,0.4439648527824881
Eryk Anders,Middleweight,E,False,0.5263157894736842,50,52.831960127577126,0.48798441156341626,0.37901469605878424
Esteban Ribovics,Lightweight,E,False,0.5714285714285714,18,96.60307287737922,0.9481241998713161,0.053161879314183924
Evan Dunham,Lightweight,D,False,0.5238095238095238,50,75.62105196123639,0.8260464069721192,0.30785571142284573
Evan Tanner,Middleweight,B,True,0.6666666666666666,29,33.68659075200385,0.23009120501080832,0.46491258378826616
Fabio Maldonado,Light Heavyweight,D,False,0.45454545454545453,29,75.1230855057683,0.6355934151339948,0.1263446433096077
Fabricio Werdum,Heavyweight,B,True,0.6470588235294118,44,75.24147697363476,0.7336981479161382,0.22232343474828445
Fares Ziam,Lightweight,D,False,0.8,27,64.42709185502558,0.6602323989206146,0.3430502981271184
Farid Basharat,Bantamweight,D,False,1.0,16,63.06483478517724,0.8358272619269141,0.5431070474281897
Felice Herrig,Women's Strawweight,D+,False,0.5,24,69.87173793360498,0.6851023692588268,0.2701514139389891
Felicia Spencer,Women's Featherweight,E,False,0.5,16,51.50754197398116,0.4170802506479883,0.3318929525718103
Felipe Arantes,Featherweight,E,False,0.4166666666666667,30,72.06585745503213,0.6655339736341125,0.21118347806724558
Felipe Colares,Bantamweight,E,False,0.3333333333333333,18,68.43146359955749,0.7496889536911922,0.36060083129221404
Forrest Griffin,Light Heavyweight,B,True,0.6153846153846154,37,78.39705629402373,0.7382985091352877,0.17025943779450795
Forrest Petz,Welterweight,E,False,0.2857142857142857,17,69.161083906161,0.629458088470043,0.2272682620142245
Francimar Barroso,Light Heavyweight,E,False,0.4444444444444444,24,66.41088970837586,0.679632185795434,0.3268272656423959
Francis Carmont,Middleweight,D+,False,0.6666666666666666,24,52.18326190774675,0.4557393449628968,0.358418225339568
Francis Marshall,Featherweight,E,False,0.5714285714285714,16,74.67196802039892,0.8922010486303927,0.3910529392117569
Francis Ngannou,Heavyweight,B+,True,0.9230769230769231,27,74.4741849623174,0.6134640803863982,0.11586753754422426
Francisco Prado,Welterweight,E,False,0.16666666666666666,16,79.76017150013952,0.7784298607392287,0.1859134936539746
Francisco Rivera,Bantamweight,E,False,0.36363636363636365,24,87.39726188391937,0.8315181293228692,0.10186344912046316
Francisco Trinaldo,Lightweight,D,False,0.6923076923076923,68,70.85585030086972,0.6630368025814986,0.2304142598923337
Frank Camacho,Lightweight,E,False,0.25,16,88.94745218214848,0.9000785187158784,0.1425872578490314
Frank Mir,Heavyweight,B,True,0.56,43,50.556665746467985,0.33629618219932084,0.26818365412996537
Frankie Edgar,Featherweight,A,True,0.6153846153846154,99,64.19769835798131,0.6684420177531083,0.35537910838512043
Frankie Saenz,Bantamweight,D,False,0.5,28,58.835105589652784,0.5051000938772479,0.2883326176161848
Gabriel Benitez,Featherweight,E,False,0.4666666666666667,32,94.72314245291979,0.90480224801117,0.04359761189044756
Gabriel Gonzaga,Heavyweight,D,False,0.5714285714285714,37,54.812895068835545,0.4677460943917592,0.3232049684955497
Gabriella Fernandes,Women's Flyweight,D,False,0.5,15,92.83707507712691,0.8966531617866,0.06931641059897573
Gavin Tucker,Featherweight,E,False,0.5714285714285714,17,70.9132353760939,0.7850125814892365,0.35135958190891586
Gegard Mousasi,Middleweight,C,False,0.8181818181818182,27,66.79607031156529,0.6094123014027917,0.24969073950369874
Geoff Neal,Welterweight,D+,False,0.5714285714285714,32,84.37086876399846,0.8141555022190343,0.13884539913159652
George Roop,Bantamweight,E,False,0.38461538461538464,31,61.52781914381431,0.5137464943901582,0.24862628482771995
George Sotiropoulos,Lightweight,E,False,0.6363636363636364,25,67.8262404101018,0.752789340683696,0.37456913827655314
George Sullivan,Welterweight,E,False,0.42857142857142855,15,58.047648615969,0.5060562865154316,0.3034290803829882
Georges St-Pierre,Welterweight,S,True,0.8947368421052632,71,37.60805290847365,0.5183745482767771,0.6827787029457977
Gerald Meerschaert,Middleweight,E,False,0.46153846153846156,54,76.4608572770858,0.7956259353867767,0.26235495682723475
Germaine de Randamie,Women's Bantamweight,C+,False,0.7777777777777778,27,73.16601456098266,0.5398175546002133,0.06571167025408842
Gian Villante,Light Heavyweight,D,False,0.3888888888888889,46,92.52853402498299,0.8895731747022795,0.06777685806395399
Giga Chikadze,Featherweight,D+,False,0.6666666666666666,33,96.32927171964167,0.920581525224714,0.03053581911297342
Gilbert Burns,Welterweight,C+,False,0.6,66,69.27897894087775,0.734284991503318,0.32997813809437054
Gilbert Melendez,Lightweight,C+,False,0.14285714285714285,22,91.15839474391743,0.8739145154934425,0.07672162506831845
Gillian Robertson,Women's Flyweight,C,False,0.7,45,38.67132424613128,0.4313310540425036,0.5766421732353596
Gina Mazany,Women's Bantamweight,D,False,0.25,16,47.99564950804572,0.582025719724931,0.5599010521042085
Gleison Tibau,Lightweight,E,False,0.5714285714285714,67,48.47850179072542,0.5923660909634337,0.5615709030000299
Glover Teixeira,Light Heavyweight,B,True,0.6956521739130435,61,51.681859033317934,0.4423041503849259,0.35398666184828675
Godofredo Pepey,Featherweight,E,False,0.45454545454545453,19,76.40915253298454,0.6524599505290285,0.12011742783813241
Grant Dawson,Lightweight,D+,False,0.8,38,29.823444075525263,0.43145968798674816,0.7356511268150336
Gray Maynard,Lightweight,C+,False,0.6111111111111112,56,56.20187691609871,0.6064103320845937,0.4369274262811337
Greg Hardy,Heavyweight,E,False,0.4,19,83.88711273127643,0.7254866949305073,0.05886334071652076
Gregory Rodrigues,Middleweight,D,False,0.8333333333333334,28,78.75344408925345,0.8328066104275377,0.2583679263288482
Guido Cannetti,Bantamweight,E,False,0.4,18,65.1597766209562,0.628889638292086,0.2985508053143324
Gunnar Nelson,Welterweight,D+,False,0.625,36,48.11944269309537,0.4373495367352033,0.41300192978549694
Guram Kutateladze,Lightweight,E,False,0.4,15,79.30296577884663,0.7114384208210697,0.1271320418615008
Hacran Dias,Featherweight,D+,False,0.375,24,66.646795228501,0.7896006107650619,0.43255956357158765
Hakeem Dawodu,Featherweight,D,False,0.6,28,88.82623391003452,0.8307988608768403,0.07548430193720775
Hatsu Hioki,Featherweight,E,False,0.375,22,57.57958656028542,0.6744706476553091,0.4802483755389567
Heath Herring,Heavyweight,E,False,0.4,15,42.587956667710905,0.21498820448925124,0.2899688265419728
Hector Lombard,Middleweight,C,False,0.25,29,67.75674398683384,0.6628255793234739,0.2858533158270564
Henry Cejudo,Flyweight,A,True,0.6666666666666666,46,66.69265077732506,0.6547263093875819,0.29686183962127155
Hermes Franca,Lightweight,E,False,0.5454545454545454,32,73.21307606127078,0.6918013294457691,0.21685036740146962
Holly Holm,Women's Bantamweight,B,True,0.5,55,77.91115967939214,0.8079292969390048,0.24861541264346876
Hyun Gyu Lim,Welterweight,E,False,0.42857142857142855,15,94.19032258345855,0.8821979760788573,0.03056112224448898
Ian Heinisch,Middleweight,D+,False,0.42857142857142855,18,73.21331955468928,0.6574499532936823,0.18249461886736434
Ian Machado Garry,Welterweight,C+,False,0.9090909090909091,33,88.38295585844644,0.9146083676208693,0.16725369931782758
Ian McCall,Flyweight,C+,False,0.4,18,66.66337525547729,0.6490611062989589,0.2917223335560009
Iasmin Lucindo,Women's Strawweight,D+,False,0.7142857142857143,20,71.41003727627722,0.8291388077852639,0.38656479625918505
Ignacio Bahamondes,Lightweight,D,False,0.6,24,93.12732839253577,0.8840963345722661,0.05154753952349143
Igor Pokrajac,Light Heavyweight,E,False,0.3076923076923077,28,64.31247320946491,0.5034946967636661,0.1883707891974425
Ildemar Alcantara,Welterweight,E,False,0.5714285714285714,20,66.60308902003312,0.6504863469873106,0.29423012692050765
Ilia Topuria,Featherweight,A,True,1.0,20,73.6561221035928,0.7711080893240263,0.28820140280561124
Ilir Latifi,Light Heavyweight,C+,False,0.5625,34,63.4887445718462,0.66614727479243,0.3658149632598531
Ion Cutelaba,Light Heavyweight,D,False,0.45,38,53.88918257660262,0.5427837911340767,0.41482965931863724
Irene Aldana,Women's Bantamweight,C+,False,0.5714285714285714,42,94.86986455607394,0.8929212807440235,0.029081973470751026
Islam Makhachev,Lightweight,S,True,0.9411764705882353,45,42.694715939745954,0.5162075762121182,0.5892711348623172
Ismail Naurdiev,Welterweight,E,False,0.5714285714285714,19,75.30194154196624,0.7786859014689945,0.2662254333227859
Israel Adesanya,Middleweight,A+,True,0.6666666666666666,68,97.1189529620086,0.9320683667705698,0.02784244960509254
Iuri Alcantara,Bantamweight,D+,False,0.5555555555555556,40,67.39340599239301,0.5878534914701097,0.2174056446225785
Ivan Menjivar,Bantamweight,D+,False,0.4444444444444444,19,78.89012177246164,0.6387887100779227,0.061895721267095596
JJ Aldrich,Women's Flyweight,D,False,0.6470588235294118,48,80.32242808376283,0.7901649286147047,0.18755218770875082
Jacare Souza,Middleweight,E,False,0.5333333333333333,35,60.21892230965397,0.5694340464411327,0.3278175398415879
Jack Della Maddalena,Welterweight,B,True,0.8,26,91.1735811140417,0.8531346206146316,0.05566903036842917
Jack Hermansson,Middleweight,C,False,0.5789473684210527,46,75.99956497110719,0.7558406184929218,0.2308530103685632
Jack Jenkins,Featherweight,E,False,0.6666666666666666,17,73.60233892323131,0.7448196069935421,0.2628786985736178
Jack Marshman,Middleweight,E,False,0.375,18,99.19638101527268,0.9439051633707604,0.002375120611593557
Jack Shore,Bantamweight,D,False,0.6666666666666666,22,58.51476244425162,0.6790800306574036,0.4680649177142163
Jacob Malkoun,Middleweight,E,False,0.6666666666666666,22,41.10965477806398,0.653468526947214,0.7549948381611709
Jacob Volkmann,Lightweight,E,False,0.6,24,24.506796782314687,0.22519899820992942,0.6248608327766645
Jacqueline Cavalcanti,Women's Bantamweight,D+,False,0.8333333333333334,18,99.47826500040932,0.9661865446092744,0.019594745045646848
Jai Herbert,Lightweight,E,False,0.4,24,81.25406512663467,0.769051175692284,0.1497091405032287
Jailton Almeida,Heavyweight,C,False,0.7272727272727273,21,0.0,0.05401242497578045,0.8937398606737283
Jairzinho Rozenstruik,Heavyweight,C+,False,0.6,34,94.84590612611251,0.8667883962640415,0.003379307634877598
Jake Collier,Heavyweight,E,False,0.35714285714285715,33,85.1492960521526,0.8525187296463185,0.1632305014068541
Jake Ellenberger,Welterweight,C,False,0.47619047619047616,41,63.311746171705785,0.5731490521480015,0.27599507959007447
Jake Hadley,Flyweight,E,False,0.42857142857142855,18,88.92819981187704,0.8615859105762456,0.10444036220589326
Jake Matthews,Welterweight,E,False,0.6521739130434783,57,68.32617174936597,0.6751212101319479,0.2879238008180103
Jake O'Brien,Heavyweight,E,False,0.5714285714285714,16,14.940241241822624,0.24833808279433847,0.8197854041416166
Jake Shields,Welterweight,D+,False,0.5,26,66.70577769664686,0.679525089361344,0.3214249010842197
Jalin Turner,Lightweight,D+,False,0.5714285714285714,24,78.53087166273792,0.7025116727613924,0.13206969494544646
Jamahal Hill,Light Heavyweight,B,True,0.5454545454545454,27,90.97819017800114,0.8303754947618415,0.03641851604443455
Jamall Emmers,Featherweight,E,False,0.5555555555555556,19,66.2529229231597,0.7897250359929214,0.4397567063952466
James Krause,Lightweight,E,False,0.6923076923076923,32,86.02085530293184,0.9292623601331843,0.22432364729458917
James Te Huna,Light Heavyweight,D,False,0.5,16,52.6122147696462,0.5127037177720789,0.40767994321977286
James Vick,Lightweight,D+,False,0.6428571428571429,27,93.24354601597233,0.8975887675564549,0.06295306662708132
Jamey-Lyn Horth,Women's Flyweight,E,False,0.5714285714285714,19,78.45114297447107,0.7620103345118304,0.19300003515803538
Jamie Mullarkey,Lightweight,E,False,0.46153846153846156,28,75.77109806998767,0.8547193908077236,0.3338343353373413
Jamie Pickett,Middleweight,E,False,0.2222222222222222,20,79.90434600746337,0.7670408291081603,0.17193553774215098
Jamie Varner,Lightweight,E,False,0.3333333333333333,18,53.063240771742294,0.6126310700148069,0.499508275810881
Jan Blachowicz,Light Heavyweight,C+,False,0.5714285714285714,63,79.6549583243368,0.7656093063582452,0.1749822396114981
Jared Cannonier,Middleweight,C+,False,0.55,61,84.7328476745192,0.8022093833122177,0.12039926848231983
Jared Gooden,Welterweight,E,False,0.2857142857142857,18,88.52961558111245,0.8658959607054153,0.11590774140874341
Jared Gordon,Lightweight,E,False,0.5,41,62.009131855324405,0.6691880803450018,0.39542499633413164
Jared Rosholt,Heavyweight,D,False,0.75,22,39.12803399817814,0.33283743357172785,0.4699474706989737
Jared Vanderaa,Heavyweight,E,False,0.14285714285714285,17,93.19268181362577,0.8738024988885229,0.04008016032064128
Jasmine Jasudavicius,Women's Flyweight,C,False,0.75,32,49.505345997770014,0.611614074107982,0.5623799682698731
Jason Brilz,Light Heavyweight,E,False,0.42857142857142855,16,37.43243655898566,0.3167755735066043,0.48433324983299936
Jason Knight,Featherweight,D,False,0.4444444444444444,24,75.43385703979692,0.7456937656598753,0.2308645067913605
Jason MacDonald,Middleweight,E,False,0.42857142857142855,23,32.86242807729729,0.054349490596431044,0.30397025935929833
Javid Basharat,Bantamweight,E,False,0.5714285714285714,18,78.24270036799128,0.8208989541869609,0.2556316336376456
Jeff Monson,Heavyweight,E,False,0.5714285714285714,18,34.35640075654963,0.1320641827576829,0.35485786387589996
Jennifer Maia,Women's Flyweight,C+,False,0.5454545454545454,36,85.96360201197892,0.8454390496065621,0.14152842722482
Jens Pulver,Lightweight,B+,True,0.6666666666666666,26,40.998554333533924,0.210260080443153,0.31378140897178974
Jeremiah Wells,Welterweight,E,False,0.7142857142857143,16,40.041014877784285,0.46242970825865676,0.5831454575818303
Jeremy Horn,Middleweight,E,False,0.46153846153846156,23,59.426871860120436,0.4483792011369718,0.22098544915918794
Jeremy Stephens,Featherweight,C,False,0.42857142857142855,90,74.50929036080007,0.7089557913964839,0.21072886513768274
Jessica Andrade,Women's Strawweight,B,True,0.5666666666666667,64,67.6904167993341,0.6937713811316434,0.3179901469605878
Jessica Eye,Women's Flyweight,C+,False,0.3125,48,83.94840528071438,0.8203103999951381,0.15258642284569138
Jessica Penne,Women's Strawweight,C+,False,0.3333333333333333,23,76.04201646846472,0.7573435265812521,0.231593622026662
Jessica-Rose Clark,Women's Bantamweight,D+,False,0.4444444444444444,23,61.41063544729089,0.6784264872310002,0.4154105312073423
Jesus Aguilar,Flyweight,E,False,0.5714285714285714,15,85.25860803564794,0.8757646017617532,0.18451347138721888
Ji Yeon Kim,Women's Flyweight,D,False,0.3,29,93.25169689335623,0.917430119983982,0.08264805473014995
Jim Miller,Lightweight,C,False,0.6086956521739131,104,70.77437048328116,0.6845460002624977,0.2533865808540157
Jimi Manuwa,Light Heavyweight,C+,False,0.5454545454545454,22,70.97292448311434,0.5752103461807382,0.1404855164875205
Jimmie Rivera,Bantamweight,C+,False,0.7,29,88.88987572264205,0.8792316515117476,0.12277428420058507
Jimmy Crute,Light Heavyweight,D,False,0.5454545454545454,19,46.28840098992632,0.5696768610774594,0.578209049678304
Jinh Yu Frey,Women's Strawweight,E,False,0.25,22,79.92053086691455,0.8299179953917255,0.23452207445193418
Jiri Prochazka,Light Heavyweight,B,True,0.6666666666666666,22,82.48121675953057,0.7573294495785658,0.11595160017003704
Joanderson Brito,Featherweight,E,False,0.6666666666666666,19,52.80760793533441,0.6013250288679743,0.4927926027493583
Joanna Jedrzejczyk,Women's Strawweight,A+,True,0.7142857142857143,57,87.05624908825837,0.8046202332040926,0.08108907874227989
Joanne Wood,Women's Flyweight,C+,False,0.5625,39,74.87126558527095,0.7703992421930971,0.2656723703817892
Joaquim Silva,Lightweight,E,False,0.5833333333333334,30,84.32837226019328,0.7402506279630255,0.06570362948118459
Joaquin Buckley,Welterweight,D+,False,0.6470588235294118,45,77.15363096847709,0.7292299220115623,0.18351888963111407
Joe Doerksen,Middleweight,E,False,0.2222222222222222,22,71.45703561179457,0.7138679458729373,0.2704499908908726
Joe Duffy,Lightweight,E,False,0.5,15,86.64726564317778,0.8466257430358599,0.1304386550879537
Joe Lauzon,Lightweight,D+,False,0.5555555555555556,53,55.59361746186001,0.4753764859513123,0.31681602198106906
Joe Proctor,Lightweight,E,False,0.5,15,89.87118795902641,0.8146932355254358,0.040614562458249834
Joe Pyfer,Middleweight,D+,False,0.875,17,84.54760647719111,0.8402779375264035,0.16179417658847106
Joe Riggs,Welterweight,E,False,0.4166666666666667,19,42.51585798132208,0.28153682596978763,0.35781211545898817
Joe Solecki,Lightweight,E,False,0.5555555555555556,22,50.36747285455161,0.558657644388317,0.4939424303151758
Joe Soto,Bantamweight,D,False,0.375,18,89.4298994383922,0.8886587759933999,0.12250426779484896
Joe Stevenson,Lightweight,E,False,0.5,36,43.21061586914997,0.3846853271369965,0.44848493282862023
Joel Alvarez,Lightweight,D,False,0.7272727272727273,21,82.30850596154289,0.7201624966004895,0.0818859942106435
Joey Beltran,Heavyweight,E,False,0.3,27,63.57362064580584,0.5545902837675766,0.252733862787303
John Castaneda,Bantamweight,E,False,0.4444444444444444,24,83.82334711083732,0.9064254947621433,0.24094717212202182
John Dodson,Bantamweight,C+,False,0.625,49,88.64452680821549,0.8456913266484235,0.0936396602729268
John Hathaway,Welterweight,E,False,0.7777777777777778,25,43.076036309096956,0.44080447342411966,0.5070207080828323
John Howard,Welterweight,E,False,0.5,37,54.817074045299805,0.5499990050213258,0.4053828377475672
John Lineker,Bantamweight,C+,False,0.75,41,87.38537190833485,0.8152021261413603,0.08576095279990875
John Makdessi,Lightweight,E,False,0.55,51,98.60079168218004,0.9427805763134289,0.011945459546544069
John Moraga,Flyweight,C,False,0.5714285714285714,37,67.86848387472426,0.532145456966437,0.15316669374785608
Johnny Case,Lightweight,E,False,0.6666666666666666,17,69.34546624543594,0.7197076029997368,0.3142068450626744
Johnny Eduardo,Bantamweight,D+,False,0.375,16,95.33212817573748,0.906970196291734,0.03483007682030728
Johnny Munoz,Bantamweight,E,False,0.3333333333333333,15,64.56675823728442,0.7192781382338087,0.39958806501892674
Johnny Walker,Light Heavyweight,C,False,0.5333333333333333,28,80.16327368092195,0.6648492991074124,0.06509447466361293
Johny Hendricks,Welterweight,B,True,0.65,56,54.85184110676311,0.6474502519094879,0.5022097766962497
Jon Fitch,Welterweight,D+,False,0.7647058823529411,50,18.029319441956897,0.18583317145188236,0.7018102872411489
Jon Jones,Light Heavyweight,S,True,0.9130434782608695,77,62.461702295056156,0.6039994240829321,0.32210958713964727
Jon Tuck,Lightweight,E,False,0.4444444444444444,23,81.39426020099853,0.785048197504004,0.1631886962330458
Jonathan Goulet,Welterweight,E,False,0.4444444444444444,15,43.54603624000393,0.39252409875200195,0.4503006012024048
Jonathan Martinez,Bantamweight,D+,False,0.6666666666666666,42,84.49267715967116,0.8144578305864881,0.13696042879409612
Jonathan Pearce,Featherweight,D,False,0.5555555555555556,19,31.881563496639508,0.44890877592079775,0.7161428119396689
Jordan Leavitt,Lightweight,E,False,0.6666666666666666,17,66.51876318561784,0.8073923900412886,0.4526503988368895
Jordan Mein,Welterweight,D,False,0.5555555555555556,21,65.61058639826116,0.6893421354442398,0.35090816553742404
Jorge Gurgel,Lightweight,E,False,0.42857142857142855,21,67.03416405413168,0.6362080714309724,0.27221108884435535
Jorge Masvidal,Welterweight,C+,False,0.5714285714285714,62,73.23370541607797,0.6557494613083409,0.1804280604219191
Jorge Rivera,Middleweight,E,False,0.5333333333333333,30,42.71730472026679,0.1933796961808928,0.26603763081718995
Jose Aldo,Bantamweight,A+,True,0.5714285714285714,79,89.93552260017084,0.9058686095731019,0.1306346870957104
Jose Quinonez,Bantamweight,E,False,0.5555555555555556,21,69.08224984600247,0.7795078705147398,0.37873365779177404
Joselyne Edwards,Women's Bantamweight,C+,False,0.75,34,79.7242758389344,0.8471175787050301,0.2552457856890251
Joseph Benavidez,Flyweight,C+,False,0.7,51,77.7680832296768,0.8030149961177445,0.246270318414607
Josh Barnett,Heavyweight,B,True,0.7,21,44.39094622807802,0.23818718675939238,0.2807917422145879
Josh Culibao,Featherweight,E,False,0.375,22,93.55175384735783,0.8906954448838696,0.050525293010262956
Josh Emmett,Featherweight,C+,False,0.5882352941176471,45,85.4429553062311,0.8379259389228596,0.14336450679136048
Josh Fremd,Middleweight,E,False,0.3333333333333333,15,76.90440657266558,0.7624225579724613,0.22118681808060564
Josh Koscheck,Welterweight,D+,False,0.625,52,42.579613828294214,0.4014380882423959,0.476568521658702
Josh Neer,Welterweight,E,False,0.4,33,55.57986233210692,0.39277228138344694,0.23445881662314527
Josh Parisian,Heavyweight,E,False,0.2857142857142857,16,75.38441644665032,0.6899288515357014,0.1759873914495658
Josh Thomson,Lightweight,C+,False,0.42857142857142855,18,62.041925864517125,0.6071935712323415,0.33284160914421435
Joshua Burkman,Welterweight,E,False,0.3157894736842105,45,61.3004680107328,0.6316826863119556,0.3706449936910859
Joshua Van,Flyweight,B+,True,0.9090909090909091,32,88.69430216430997,0.8688856902167065,0.11594021376085505
Julia Avila,Women's Bantamweight,D,False,0.5,16,79.97317890033855,0.7726418330433785,0.1763005177020708
Julia Polastri,Women's Strawweight,E,False,0.4,15,83.41270787941507,0.8035843719561652,0.145479848586061
Julian Erosa,Featherweight,E,False,0.5,35,76.68121277394799,0.7579789015644907,0.22075102586124629
Julian Marquez,Middleweight,E,False,0.375,15,79.68537746307838,0.6298283875147456,0.03865508795368515
Juliana Lima,Women's Strawweight,D,False,0.42857142857142855,20,43.02343518847674,0.3589163676559608,0.42607715430861726
Julianna Pena,Women's Bantamweight,B,True,0.6666666666666666,33,58.7198156816942,0.5702467120596703,0.3555494828039918
Julija Stoliarenko,Women's Bantamweight,E,False,0.2222222222222222,21,89.71497742364726,0.905995443880416,0.1347218246015841
Julio Arce,Featherweight,E,False,0.6,27,93.28998688389566,0.9218893870932685,0.08641975308641975
JunYong Park,Middleweight,E,False,0.6923076923076923,33,72.36984299126479,0.8280709033424793,0.3682617760774073
Junior Dos Santos,Heavyweight,B+,True,0.6818181818181818,58,91.4235845388135,0.8445141281080233,0.04255925644392233
Jussier Formiga,Flyweight,C+,False,0.5625,38,64.52947362331919,0.6858858674545418,0.36686530956650143
Justin Edwards,Welterweight,E,False,0.2857142857142857,17,56.51962816440002,0.4837568433623819,0.3085681166254077
Justin Gaethje,Lightweight,B,True,0.6923076923076923,41,89.2985017108548,0.8341308085533987,0.07033579353829611
Justin Ledet,Light Heavyweight,D,False,0.42857142857142855,15,98.30862598587844,0.9689755060592378,0.04338677354709419
Justin Scoggins,Flyweight,D,False,0.4444444444444444,22,49.10703435765109,0.5699176466221176,0.5278359749802636
Justin Tafa,Heavyweight,E,False,0.4,16,91.11335628004149,0.8406393171690969,0.04425517702070808
Justine Kish,Women's Flyweight,D,False,0.42857142857142855,21,84.90859456004966,0.846097767891573,0.1611317873842924
Kai Kara-France,Flyweight,C+,False,0.6666666666666666,34,88.38837483870144,0.8565623538974434,0.10911037761798106
Kailin Curran,Women's Strawweight,E,False,0.14285714285714285,18,56.27129221903384,0.5926380201251019,0.4219086320789728
Kajan Johnson,Lightweight,E,False,0.5714285714285714,19,72.14560219414514,0.6878342851962651,0.23205182294413387
Kamaru Usman,Welterweight,A+,True,0.875,71,44.70346478719277,0.5163934176611098,0.5533861149529106
Karine Silva,Women's Flyweight,D+,False,0.625,18,68.83391970842365,0.739928130552246,0.3436131522303867
Karl Roberson,Middleweight,E,False,0.4,19,66.68055466310044,0.5320662747641264,0.17441901346552754
Karo Parisyan,Welterweight,E,False,0.6153846153846154,32,26.073513419923255,0.3388766929562143,0.7104051853707415
Karol Rosa,Women's Bantamweight,D+,False,0.6666666666666666,36,72.11742476095247,0.7855574157094749,0.33028093223484006
Karolina Kowalkiewicz,Women's Strawweight,C+,False,0.47368421052631576,52,83.77821832939428,0.7736744250291374,0.10900647448743642
Katlyn Cerminara,Women's Flyweight,C+,False,0.625,49,90.2449458728727,0.8684655496565016,0.08767535070140281
Keita Nakamura,Welterweight,E,False,0.36363636363636365,32,75.5593308258989,0.7766118521662851,0.25952947561790246
Keith Jardine,Light Heavyweight,E,False,0.46153846153846156,30,90.4222181092023,0.8379202376270457,0.053946782453796485
Kelvin Gastelum,Middleweight,C+,False,0.5384615384615384,73,83.6512225020007,0.8483484647714276,0.18596096302193427
Ken Shamrock,Light Heavyweight,E,False,0.5,19,45.14756019575606,0.06857178720110457,0.09758991667545618
Kendall Grove,Middleweight,E,False,0.5384615384615384,27,50.31132187869621,0.2190608354678295,0.15535391771196716
Kennedy Nzechukwu,Light Heavyweight,D,False,0.5333333333333333,32,78.76162631478816,0.7339720926340454,0.1593864812959252
Kenny Florian,Lightweight,E,False,0.7058823529411765,42,51.37880710426499,0.4082644944942906,0.3253888729840634
Kenny Robertson,Welterweight,E,False,0.4444444444444444,20,57.415625158343786,0.5364350175776524,0.34515698062792255
Ketlen Vieira,Women's Bantamweight,C+,False,0.6666666666666666,46,68.92419494634831,0.7593690508566766,0.3614330109494351
Kevin Aguilar,Featherweight,E,False,0.3333333333333333,16,89.9676903311605,0.8452107696491705,0.0693992150968604
Kevin Casey,Middleweight,E,False,0.14285714285714285,15,58.46707927721769,0.4571751267817435,0.2470162547316856
Kevin Holland,Middleweight,D+,False,0.5517241379310345,70,78.42716873246519,0.7226617702454575,0.15408197347075103
Kevin Lee,Lightweight,C,False,0.5789473684210527,48,46.83387685195067,0.5398887186579652,0.5386258628367847
Kevin Randleman,Light Heavyweight,B+,True,0.5714285714285714,22,18.896997032086542,0.05548057162242864,0.5558769053258031
Khabib Nurmagomedov,Lightweight,A,True,1.0,38,20.95418003414873,0.3373256412778688,0.8007813873360756
Khalil Rountree Jr.,Light Heavyweight,C,False,0.5555555555555556,41,96.93549217288478,0.9133791933961509,0.012447659546735747
Khamzat Chimaev,Middleweight,B,True,0.9,23,31.670265937350305,0.4982421440403491,0.7692704249077866
Khaos Williams,Welterweight,E,False,0.6363636363636364,24,91.73765969431933,0.8898703438775822,0.08227566243598308
King Green,Lightweight,D+,False,0.5517241379310345,68,79.67580847580157,0.7990327290035061,0.2080312585956226
Krzysztof Jotko,Middleweight,D+,False,0.6470588235294118,45,58.618505750111815,0.49235178134348656,0.2794737623394938
Krzysztof Soszynski,Light Heavyweight,E,False,0.75,19,62.81753652058028,0.5076217024748436,0.21934219315824632
Kurt Holobaugh,Lightweight,E,False,0.2222222222222222,22,79.62519785990327,0.7654509540099912,0.17535829234226027
Kurt Pellegrino,Lightweight,E,False,0.5833333333333334,28,37.572548369221124,0.38229105535118735,0.5473327607596145
Kyle Bochniak,Featherweight,E,False,0.2857142857142857,21,85.42731073329765,0.8813848718827967,0.1871043674650889
Kyle Daukaus,Middleweight,E,False,0.4444444444444444,16,59.53474522838288,0.65168594799272,0.4223551269205077
Kyle Kingsbury,Light Heavyweight,E,False,0.4444444444444444,22,62.661478945432314,0.6481571074817858,0.36267990526507565
Kyle Nelson,Featherweight,E,False,0.4166666666666667,27,80.60610435423943,0.8306773141858855,0.22297063262327121
Kyle Noke,Welterweight,E,False,0.5,25,71.6302828575252,0.6672570578408138,0.22072812291249166
Kyler Phillips,Bantamweight,D+,False,0.6,29,69.78646684153094,0.7942849312125182,0.3808651786331283
Kyoji Horiguchi,Flyweight,C+,False,0.9,29,67.64808557147313,0.6655734665117313,0.29055236910602816
Kyung Ho Kang,Bantamweight,E,False,0.5714285714285714,36,63.93639068913715,0.7290592384204873,0.42068859942106435
Lando Vannata,Lightweight,E,False,0.3076923076923077,34,86.627720846035,0.8663577558755591,0.15052163149829068
Laureano Staropoli,Welterweight,E,False,0.3333333333333333,18,93.15612444953003,0.963669682572421,0.13060380019297857
Lauren Murphy,Women's Flyweight,C+,False,0.5333333333333333,45,73.13558385107399,0.6988396337594054,0.22528019000964894
Leandro Silva,Lightweight,E,False,0.375,21,78.35560742292515,0.8578759412742927,0.29058116232464926
Leon Edwards,Welterweight,B+,True,0.7777777777777778,71,73.41579410416338,0.7362237817135776,0.25763263616434745
Leonard Garcia,Featherweight,E,False,0.2222222222222222,24,89.52195251351213,0.8633597097347323,0.0955522155421955
Leonardo Santos,Lightweight,E,False,0.6363636363636364,26,75.31355313141997,0.6732915031664012,0.16062252710549302
Lerone Murphy,Featherweight,C+,False,0.8181818181818182,34,80.6957040490072,0.8049470714972348,0.1956314589964242
Leslie Smith,Women's Bantamweight,D+,False,0.5714285714285714,15,84.3518845849066,0.7170088412928914,0.042039634825205965
Li Jingliang,Welterweight,D,False,0.6111111111111112,41,86.70772849925788,0.8689542237832646,0.1516814116036952
Lina Lansberg,Women's Bantamweight,D+,False,0.36363636363636365,30,50.89181630494808,0.31949373444070206,0.24536294811845913
Liz Carmouche,Women's Bantamweight,C+,False,0.5,29,49.739052746862164,0.5049141764350265,0.45148342662336166
Loma Lookboonmee,Women's Strawweight,D,False,0.7,29,60.65207045764247,0.5121326156940378,0.2627381199179969
Loopy Godinez,Women's Strawweight,D+,False,0.6,41,67.1127663205111,0.8291978013790592,0.46378936735259135
Lorenz Larkin,Middleweight,D+,False,0.5,23,84.27550960252513,0.7255930450362974,0.05199529493770149
Louis Smolka,Flyweight,D+,False,0.47058823529411764,37,60.19956213135716,0.5588860746221219,0.3176172164148116
Luana Carolina,Women's Flyweight,D,False,0.6,28,76.18629327033752,0.6810925981625534,0.15275193243630117
Luana Pinheiro,Women's Strawweight,D+,False,0.42857142857142855,18,80.82728387206663,0.8744075375793969,0.2627291620277592
Lucas Martins,Featherweight,E,False,0.5714285714285714,16,96.35089900901993,0.9026251135090786,0.012191048764195057
Lucie Pudilova,Women's Bantamweight,D,False,0.2727272727272727,31,69.47180342959854,0.6390222077891393,0.2312528282371194
Ludovit Klein,Lightweight,E,False,0.6666666666666666,32,73.1998403712419,0.7820675822681535,0.3073542919171677
Luigi Fioravanti,Welterweight,E,False,0.4444444444444444,20,42.62036773225808,0.4292085939624694,0.5036072144288577
Luis Henrique,Heavyweight,E,False,0.3333333333333333,16,34.908886700427,0.3571735851855515,0.5700463426853708
Luis Pena,Lightweight,E,False,0.625,22,60.331238805451946,0.6125530178973378,0.36891965749681177
Luke Barnatt,Middleweight,E,False,0.5,15,86.96983486429919,0.7947805825109449,0.07280115787129815
Luke Cummo,Welterweight,E,False,0.42857142857142855,18,64.94653545620626,0.49793587274452883,0.17142618570474283
Luke Rockhold,Middleweight,B,True,0.6,22,65.44124390901312,0.5398474704748899,0.20445436327199853
Luke Sanders,Bantamweight,E,False,0.375,16,73.90747156399514,0.6463525867659674,0.1589324482297929
Lyoto Machida,Light Heavyweight,B+,True,0.6956521739130435,63,75.19877173359446,0.6798723151463955,0.16926445483559713
Mac Danzig,Lightweight,E,False,0.38461538461538464,31,68.85510224571024,0.6514629503107652,0.2547675997155602
Mackenzie Dern,Women's Strawweight,B,True,0.7333333333333333,47,69.57960051379817,0.7014019477378464,0.29169686891513524
Macy Chiasson,Women's Bantamweight,C,False,0.5384615384615384,34,48.11087681218058,0.40980324465929974,0.3856094542025227
Magomed Ankalaev,Light Heavyweight,B,True,0.8,42,70.27403145504523,0.6789821570041742,0.25680726532429937
Maheshate,Lightweight,E,False,0.3333333333333333,15,99.39233102586526,0.9478988382563371,0.002850144733912269
Mairbek Taisumov,Lightweight,D,False,0.7777777777777778,19,85.28793009101841,0.8398545184600714,0.1480768554653166
Makhmud Muradov,Middleweight,E,False,0.5714285714285714,18,79.6851184893969,0.9128490470345244,0.3216803978327024
Makwan Amirkhani,Featherweight,E,False,0.5,30,51.092594071901445,0.5995018822552709,0.5217657537296816
Manel Kape,Flyweight,C+,False,0.7,24,93.76993827640419,0.8984954893768026,0.05440742596303719
Manon Fiorot,Women's Flyweight,C+,False,0.8888888888888888,27,83.84621879511171,0.8532328501720545,0.18734382344936784
Manvel Gamburyan,Featherweight,E,False,0.4,34,57.106656153744595,0.5809419103223604,0.39521199261267637
Mara Romero Borella,Women's Flyweight,E,False,0.2857142857142857,15,74.52522680033915,0.8099804741889624,0.31146737920285017
Marc Diakiese,Lightweight,E,False,0.5333333333333333,39,64.91208495976251,0.8232618736163332,0.4973708099960605
Marc-Andre Barriault,Middleweight,E,False,0.35294117647058826,39,75.21998128443568,0.6113775294749516,0.10038881181165751
Marcin Prachnio,Light Heavyweight,E,False,0.36363636363636365,24,90.76659141751053,0.8270714312248649,0.03691410598975729
Marcin Tybura,Heavyweight,D+,False,0.6086956521739131,58,65.96002977937083,0.6525400622565127,0.3078311796005805
Marcos Rogerio de Lima,Heavyweight,D,False,0.6111111111111112,29,62.31130085193006,0.6273048680989937,0.3481157717734319
Marcus Brimage,Featherweight,E,False,0.5,18,96.39799217055766,0.9489784417752307,0.05769873079492317
Marcus Davis,Welterweight,E,False,0.6,31,67.7000246417792,0.6428854739299564,0.2669317128881419
Marina Rodriguez,Women's Strawweight,C+,False,0.42857142857142855,46,79.61516811001403,0.6476330721465114,0.05772051349074961
Mario Bautista,Bantamweight,D+,False,0.7857142857142857,31,74.19745602268937,0.8063838999184118,0.3137565453487621
Marion Reneau,Women's Bantamweight,D+,False,0.38461538461538464,36,73.41594629089495,0.6164204574321517,0.1378265790840941
Mark Bocek,Lightweight,E,False,0.6153846153846154,31,18.170477602369758,0.1945758312243959,0.7080181869114572
Mark Coleman,Light Heavyweight,B,True,0.5833333333333334,21,26.996260575272135,0.06480927487182588,0.41976810764385913
Mark De La Rosa,Bantamweight,D,False,0.2857142857142857,18,86.28127159672735,0.8367859855766978,0.12717100868403475
Mark Hominick,Featherweight,E,False,0.42857142857142855,18,88.8817521899122,0.8375294855499993,0.08121799153863282
Mark Hunt,Heavyweight,C,False,0.47058823529411764,46,87.5899743686924,0.8398758177987297,0.10676062269466469
Mark Munoz,Middleweight,C,False,0.6,30,32.65063992957467,0.20898989327262762,0.46241371632153194
Markus Perez,Middleweight,E,False,0.2857142857142857,16,70.50588994148927,0.6149238509654611,0.18858550434201737
Marlon Moraes,Bantamweight,C+,False,0.5,21,92.62449579862562,0.9292309135070758,0.10571142284569138
Marlon Vera,Bantamweight,C+,False,0.6,75,84.78766292389406,0.784978794404957,0.10218436873747495
Martin Buday,Heavyweight,D,False,0.875,21,74.9254438714952,0.6891221451345049,0.1834224003562681
Martin Kampmann,Welterweight,D+,False,0.6470588235294118,36,59.059072543637214,0.5543220302592217,0.3335328063534476
Marvin Vettori,Middleweight,C+,False,0.5625,62,80.58387951174471,0.8716777308657717,0.2643701381257138
Maryna Moroz,Women's Strawweight,D+,False,0.5454545454545454,31,79.34777276209834,0.8026589717908418,0.21754799922425497
Mason Jones,Lightweight,E,False,0.5714285714285714,19,57.23399773877287,0.6807652304352831,0.49274865520514716
Mateusz Gamrot,Lightweight,C,False,0.6923076923076923,34,52.1276609738577,0.7299330583143017,0.6336103579708436
Mateusz Rebecki,Lightweight,E,False,0.5,21,66.75941634380862,0.7857818874082134,0.4267185163978751
Matheus Nicolau,Flyweight,C,False,0.6363636363636364,27,83.93066364106942,0.8661856692636262,0.1987802766025879
Matt Brown,Welterweight,C,False,0.5666666666666667,67,60.558528022880076,0.5052821390832329,0.2575673735530763
Matt Frevola,Lightweight,D,False,0.4166666666666667,24,69.59140514870326,0.6669241229262987,0.25700706969494547
Matt Hamill,Light Heavyweight,E,False,0.6666666666666666,34,60.40051173953624,0.6425697298538222,0.3976924437109513
Matt Hughes,Welterweight,A+,True,0.7619047619047619,51,23.181096024010305,0.1773912963312944,0.6008585799049079
Matt Lindland,Middleweight,E,False,0.7272727272727273,27,7.241939374900672,0.0,0.7096848017021697
Matt Mitrione,Heavyweight,D,False,0.6428571428571429,23,84.76898556193252,0.7273023483340443,0.04484330980802185
Matt Schnell,Flyweight,D+,False,0.4375,30,87.38972149478886,0.8167882607513214,0.08726898240926297
Matt Serra,Welterweight,B,True,0.5384615384615384,35,53.09352568815662,0.5416416144183347,0.42797499761427615
Matt Wiman,Lightweight,E,False,0.5555555555555556,40,44.7396367833015,0.3619910072267367,0.39833416833667334
Matthew Lopez,Bantamweight,D,False,0.3333333333333333,15,60.26347049479822,0.6758945202456884,0.43347806724560234
Matthew Riddle,Welterweight,E,False,0.5833333333333334,35,23.654551083884424,0.24135188866799204,0.6563173966981581
Matthew Semelsberger,Welterweight,E,False,0.45454545454545453,27,79.58960075514118,0.7852524541588507,0.1957990054182439
Maurice Greene,Heavyweight,D,False,0.5,16,94.40827784752746,0.873586722430889,0.018036072144288578
Maurice Smith,Heavyweight,B+,True,0.5714285714285714,16,65.14355158372182,0.39016772241731495,0.06012024048096192
Mauricio Rua,Light Heavyweight,B,True,0.5263157894736842,60,68.43291798161233,0.6661210299230426,0.27700679136049877
Max Griffin,Welterweight,E,False,0.42105263157894735,53,81.24416646030097,0.8481757681123854,0.22901148208366418
Max Holloway,Featherweight,A,True,0.7931034482758621,111,92.61030579605645,0.8833608508052102,0.060096168312601186
Maximo Blanco,Featherweight,E,False,0.4444444444444444,19,78.53102051938325,0.8259996204051149,0.25555496958829943
Maycee Barber,Women's Flyweight,C,False,0.7692307692307693,32,53.15144483181685,0.40206784459258343,0.2873611806947228
Mayra Bueno Silva,Women's Bantamweight,C+,False,0.35714285714285715,35,76.0790777525324,0.6593908843323744,0.13297547475904187
Melissa Gatto,Women's Flyweight,E,False,0.5,17,74.37275595568839,0.8440894699842469,0.34831427561004363
Melquizael Costa,Featherweight,D,False,0.7,24,79.20997884229706,0.8176831055808482,0.23504648185259408
Melvin Guillard,Lightweight,E,False,0.5454545454545454,38,75.50345297964033,0.6626792027662303,0.1466002179798193
Merab Dvalishvili,Bantamweight,A,True,0.8235294117647058,60,36.08186911562347,0.5910421613357268,0.7828518147405923
Michael Bisping,Middleweight,B+,True,0.7142857142857143,79,82.93515019623611,0.7989798778484515,0.1494508003348469
Michael Chandler,Lightweight,C,False,0.3333333333333333,19,72.4264956160018,0.7103166401181089,0.24949020848714976
Michael Chiesa,Welterweight,C,False,0.6818181818181818,48,50.60999102794709,0.5585281665650416,0.48945808283233133
Michael Johnson,Lightweight,C,False,0.5,81,91.29768784314541,0.8999399188557664,0.10024575900772739
Michael McDonald,Bantamweight,C+,False,0.6666666666666666,19,85.04348959363176,0.8254011422355181,0.13801286784094505
Michael Page,Welterweight,D+,False,0.8,15,96.09956641722954,0.9349077782488762,0.04898686261411712
Michael Trizano,Featherweight,E,False,0.5714285714285714,18,84.93920647042678,0.8109702878282217,0.12545461292956284
Michal Oleksiejczuk,Light Heavyweight,E,False,0.5555555555555556,30,84.24817179465698,0.800962559794873,0.12785571142284569
Michel Pereira,Welterweight,D,False,0.6666666666666666,37,86.18451617563161,0.8461225098230206,0.13824495838523895
Michel Prazeres,Lightweight,E,False,0.7142857142857143,37,55.60114815094873,0.7051805532632294,0.5464848616151221
Michelle Waterson-Gomez,Women's Strawweight,D+,False,0.42857142857142855,46,70.43186744314804,0.6669241229262987,0.241914989399088
Michihiro Omigawa,Featherweight,E,False,0.14285714285714285,21,71.13490448803647,0.6839038035665721,0.246270318414607
Michinori Tanaka,Bantamweight,E,False,0.4,15,48.947375594216055,0.5657344045160201,0.5265197060788243
Mickey Gall,Welterweight,E,False,0.46153846153846156,25,77.52937844071981,0.7474616245424592,0.19500334001336006
Miesha Tate,Women's Bantamweight,B,True,0.5,44,61.43097119541857,0.6042256905296899,0.34084456792372625
Miguel Baeza,Welterweight,E,False,0.42857142857142855,16,94.69756144898271,0.9208863966754255,0.06014111556446226
Mike Davis,Lightweight,E,False,0.7142857142857143,18,61.88886553468127,0.7105554541918115,0.4389519780301343
Mike Easton,Bantamweight,D+,False,0.42857142857142855,20,78.72029851646002,0.7119613955077648,0.13811790247160988
Mike Malott,Welterweight,D,False,0.875,18,81.29418509403162,0.8379055582109134,0.21784309359459658
Mike Perry,Welterweight,D,False,0.4666666666666667,36,79.09387693446179,0.7601007083788799,0.179548912640095
Mike Pierce,Welterweight,D+,False,0.6428571428571429,37,38.66308837483572,0.4050067867150208,0.5504657964577805
Mike Pyle,Welterweight,D,False,0.5263157894736842,37,63.93570866829775,0.5362736820728102,0.22791529003953853
Mike Rodriguez,Light Heavyweight,E,False,0.25,17,73.01632353186798,0.5539358776780589,0.08251797713073206
Mike Swick,Welterweight,E,False,0.6666666666666666,31,59.234529130264235,0.4312792867234784,0.20733941000280132
Miles Johns,Bantamweight,E,False,0.5,34,88.71275908530784,0.9551070360153853,0.20183013084993517
Miranda Maverick,Women's Flyweight,D+,False,0.6666666666666666,33,68.3882299301387,0.7968814451808435,0.40856966458168864
Mirko Filipovic,Heavyweight,D,False,0.5,26,67.26582640350797,0.4795720534887044,0.11141513796824418
Mirsad Bektic,Featherweight,D+,False,0.6,23,25.56660666763876,0.33537351673990523,0.7160044727135431
Misha Cirkunov,Light Heavyweight,D+,False,0.46153846153846156,19,54.62528530777939,0.5119576705005113,0.3707854305101431
Mitch Clarke,Lightweight,E,False,0.2857142857142857,16,78.60964693237871,0.7227729520202103,0.15091641616566465
Mitch Gagnon,Bantamweight,D,False,0.5,18,63.288374027447546,0.5314815540980704,0.2347472723224226
Mizuto Hirota,Featherweight,E,False,0.14285714285714285,21,79.14710485108142,0.8259409140996503,0.24443331106657756
Modestas Bukauskas,Light Heavyweight,E,False,0.6153846153846154,29,89.36436098711202,0.8615500973699204,0.09657245525533825
Mohammed Usman,Heavyweight,E,False,0.6666666666666666,17,90.75921108743124,0.9774879591532368,0.18746316161735235
Molly McCann,Women's Flyweight,D,False,0.46153846153846156,31,79.74323379317366,0.8204159379857247,0.22820371926648997
Montana De La Rosa,Women's Flyweight,C,False,0.5454545454545454,31,62.26019066506393,0.6758945202456884,0.3976232033960394
Montel Jackson,Bantamweight,D,False,0.6923076923076923,31,53.82884557734876,0.5543977647848249,0.427527097205163
Movsar Evloev,Featherweight,C+,False,1.0,32,49.22614439039224,0.7287301604568943,0.6845096442885772
Muhammad Mokaev,Flyweight,D+,False,1.0,19,40.53834789008191,0.6803165470932749,0.7921017473543578
Muhammad Naimov,Featherweight,E,False,0.7142857142857143,18,66.7756582887364,0.6635281867982439,0.30417316113708903
Muslim Salikhov,Welterweight,D,False,0.6428571428571429,29,86.20969304489621,0.8314321763427193,0.12310252689286619
Myles Jury,Lightweight,D+,False,0.6666666666666666,25,59.793734311655165,0.6127656920155792,0.37878423513694054
Nam Phan,Featherweight,E,False,0.25,24,100.0,1.0,0.044039467824537964
Nasrat Haqparast,Lightweight,E,False,0.6666666666666666,38,93.81894598669886,0.9003947317300595,0.055426642759202616
Nassourdine Imavov,Middleweight,C+,False,0.75,39,76.18308584591674,0.7036123614526039,0.175329291060754
Natalia Silva,Women's Flyweight,C+,False,1.0,22,95.70867405155701,0.9572022489319308,0.07830054047488917
Nate Diaz,Lightweight,C,False,0.6153846153846154,72,76.75296612642151,0.7063380966405086,0.16782175462035182
Nate Landwehr,Featherweight,E,False,0.45454545454545453,24,80.68094760492582,0.7404036165552231,0.13135298374526833
Nate Maness,Bantamweight,E,False,0.7142857142857143,15,69.84936062525898,0.5514785430706591,0.1369294143843242
Nate Marquardt,Middleweight,E,False,0.52,54,59.01354091314164,0.570527668267738,0.35055605037234966
Nate Quarry,Middleweight,E,False,0.6666666666666666,17,80.10591457099805,0.7163817162006523,0.11765688239223546
Nathaniel Wood,Featherweight,E,False,0.7857142857142857,40,82.8775220064751,0.8678371074153723,0.2193428523714095
Neil Magny,Welterweight,C,False,0.6486486486486487,95,58.10657529213537,0.5318082578578804,0.32812291249164993
Neil Seery,Flyweight,D,False,0.42857142857142855,20,80.98641987732186,0.7298081727394047,0.11527221108884436
Nicholas Musoke,Welterweight,E,False,0.5,16,72.32894983445208,0.804661821116532,0.3455870073480294
Nick Catone,Middleweight,E,False,0.5,21,35.68678484919054,0.33218184744662077,0.5310859814867832
Nick Diaz,Welterweight,C+,False,0.5,45,77.33279901074592,0.7318051961985363,0.18287686484079269
Nick Hein,Lightweight,E,False,0.5,21,94.24007038168816,0.9761265682089607,0.12359639914750135
Nick Ring,Middleweight,E,False,0.5,18,75.93304981878816,0.7720675299679922,0.24827432643063907
Nicolas Dalby,Welterweight,E,False,0.5333333333333333,41,64.45978767882346,0.5693129536497004,0.2515437378822686
Nik Lentz,Lightweight,D+,False,0.5833333333333334,67,50.25868744109766,0.5564381750343984,0.4936764075414511
Nikita Krylov,Light Heavyweight,C,False,0.6,37,54.80357589316631,0.5111794660189622,0.36680568343895004
Niko Price,Welterweight,E,False,0.4,41,79.59478405211551,0.7611906257912655,0.17164410121055118
Nina Nunes,Women's Strawweight,C+,False,0.5555555555555556,25,87.9433949001274,0.8524474970069256,0.11298597194388778
Nora Cornolle,Women's Bantamweight,D,False,0.6,15,69.83648653198593,0.5223673823401862,0.10804943219772879
Nordine Taleb,Welterweight,E,False,0.5833333333333334,27,71.56344261584248,0.7663658287511236,0.32103713600039585
Norma Dumont,Women's Featherweight,C+,False,0.75,36,74.22316113943202,0.8020448129705131,0.3089558747123877
Norman Parke,Lightweight,E,False,0.5555555555555556,26,67.03736449989367,0.7580282977322332,0.39397384512614975
Ode Osbourne,Flyweight,E,False,0.38461538461538464,25,86.62508055607228,0.8221748185525128,0.10638610554442218
Olivier Aubin-Mercier,Lightweight,D,False,0.5833333333333334,32,63.196492020758136,0.6927912397143737,0.39770687207748834
Omar Morales,Lightweight,E,False,0.42857142857142855,19,89.36868267199732,0.8800483902731799,0.11499314418310305
Omari Akhmedov,Middleweight,D,False,0.6,38,65.22414724132399,0.6991379095615838,0.36764318109904015
Ovince Saint Preux,Light Heavyweight,C,False,0.5384615384615384,62,84.43991796952078,0.8136602533522689,0.13711024198935506
Paddy Pimblett,Lightweight,C,False,0.875,19,76.36320442083783,0.7337816154473755,0.20226417747776254
Paige VanZant,Women's Strawweight,D+,False,0.5555555555555556,23,42.57623833537679,0.24620536928396597,0.32139641602044666
Pannie Kianzad,Women's Bantamweight,D+,False,0.5,30,83.44772161063295,0.7951171395975362,0.1363838788688488
Pat Barry,Heavyweight,E,False,0.4166666666666667,19,92.9688289710499,0.8844085430421423,0.05470590303413845
Pat Healy,Lightweight,D+,False,0.0,16,63.91431471762967,0.631965956902206,0.3239917334669339
Pat Miletich,Lightweight,A,True,0.8,21,58.45863063915233,0.44942249948660457,0.23941533861373543
Pat Sabatini,Featherweight,E,False,0.8181818181818182,24,17.9812966092949,0.29566054398279007,0.8125
Patrick Cote,Middleweight,E,False,0.47619047619047616,53,68.54244317679405,0.562070747612948,0.17098977829873585
Patrick Cummins,Light Heavyweight,D+,False,0.46153846153846156,27,33.72100063896675,0.3695410415117091,0.6037445260892155
Paul Craig,Light Heavyweight,D+,False,0.45,39,71.12935666887165,0.6338923926546027,0.1963585290238597
Paul Felder,Lightweight,D+,False,0.6428571428571429,43,79.29387114821489,0.7025970299595339,0.11845396218794177
Paul Kelly,Lightweight,E,False,0.5555555555555556,22,38.46589549820658,0.2445219137674944,0.3935218922693873
Paul Taylor,Welterweight,E,False,0.4444444444444444,24,78.55174605124601,0.6897352090389893,0.11891839234023603
Paulo Costa,Middleweight,C+,False,0.6666666666666666,34,92.67312503976925,0.8860601726456316,0.061667452552163146
Paulo Thiago,Welterweight,E,False,0.38461538461538464,32,64.51422217721522,0.5415151430792392,0.2227684535738143
Payton Talbott,Bantamweight,D,False,0.8333333333333334,15,68.4996284046397,0.6032268679277036,0.21291471832554
Pedro Munhoz,Bantamweight,C,False,0.47619047619047616,54,94.32746263149106,0.9307218417396204,0.07662238056359633
Pedro Rizzo,Heavyweight,E,False,0.6666666666666666,35,81.49478355231724,0.7076516086578637,0.08398702166237237
Pete Sell,Middleweight,E,False,0.3333333333333333,16,83.20894792729578,0.814975022544122,0.16052939211756848
Pete Williams,Heavyweight,E,False,0.375,16,68.3258536924732,0.5045409799017111,0.1173492818971276
Peter Sobotta,Welterweight,E,False,0.4,25,71.13954617362982,0.7914643303316514,0.3537474949899799
Petr Yan,Bantamweight,B,True,0.75,58,72.74548104272279,0.7214550203671771,0.2549006058093198
Phil Baroni,Middleweight,E,False,0.375,21,41.21069993008595,0.18256698782410904,0.2822788434010879
Phil Davis,Light Heavyweight,C+,False,0.75,35,43.63237236853327,0.4255325806279772,0.481758755606451
Phil Rowe,Welterweight,E,False,0.4444444444444444,25,88.14395580563985,0.8757283037729054,0.13266533066132263
Phillipe Nover,Featherweight,E,False,0.14285714285714285,19,75.08886056500262,0.6661949341871458,0.15756073550609992
Piera Rodriguez,Women's Strawweight,E,False,0.6666666666666666,19,46.35591684640384,0.5838449712221032,0.5911647857117744
Piotr Hallmann,Lightweight,E,False,0.3333333333333333,16,57.441796476806374,0.5624477249653275,0.3706997327989312
Poliana Botelho,Women's Flyweight,D,False,0.42857142857142855,15,61.99385065870713,0.4874722040026237,0.2139835226007571
Polyana Viana,Women's Strawweight,D,False,0.3333333333333333,22,85.66061904020867,0.7923850965460975,0.09391510293313901
Priscila Cachoeira,Women's Flyweight,E,False,0.38461538461538464,27,93.62862209420835,0.8752103781508438,0.03365991241742745
Punahele Soriano,Middleweight,E,False,0.6363636363636364,24,47.613920506453326,0.368566877390064,0.35329687152081946
Quinton Jackson,Light Heavyweight,B+,True,0.6153846153846154,39,69.1822412864877,0.5355793559501751,0.13300960896151276
Rafa Garcia,Lightweight,E,False,0.6363636363636364,31,70.15337133343357,0.846237014083473,0.4262288016894003
Rafael Dos Anjos,Lightweight,B+,True,0.5833333333333334,112,62.682746041554374,0.6333934473260221,0.34753435442313196
Rafael Fiziev,Lightweight,D+,False,0.6363636363636364,32,89.19623788137413,0.8751433784724427,0.11318470273881096
Rafael Natal,Middleweight,D,False,0.5294117647058824,44,58.88226476130932,0.6176416352142853,0.40002732738203683
Rafaello Oliveira,Lightweight,E,False,0.25,19,59.4218436185713,0.6701364949393234,0.44283303449003264
Ramazan Emeev,Welterweight,E,False,0.625,22,58.048420787485256,0.6083691948359436,0.40572812291249166
Ramiz Brahimaj,Welterweight,E,False,0.5555555555555556,18,75.4315134040359,0.7816356863216347,0.2668485118384918
Ramsey Nijem,Lightweight,E,False,0.5,20,34.03787441882707,0.47527749492445176,0.7037909151636607
Randa Markos,Women's Strawweight,D+,False,0.3888888888888889,46,61.26744000874089,0.5579417810126144,0.29749716824954253
Randy Brown,Welterweight,E,False,0.6363636363636364,53,79.56362399824468,0.7520899226731824,0.16310293543060966
Randy Couture,Light Heavyweight,A+,True,0.6666666666666666,63,25.819864957851742,0.15268860204439041,0.5287718293730318
Rani Yahya,Bantamweight,D,False,0.65,51,61.45116669684813,0.7425608821420626,0.47881711134687677
Raoni Barcelos,Bantamweight,D,False,0.7333333333333333,41,64.85482812605785,0.7166424034938971,0.3917794939472441
Raphael Assuncao,Bantamweight,C+,False,0.6666666666666666,49,79.1907959557294,0.8012061774554846,0.2189140185132169
Raquel Pennington,Women's Bantamweight,B,True,0.6842105263157895,59,64.4787373854299,0.5661988925061682,0.24808939913725753
Rashad Evans,Light Heavyweight,B,True,0.6363636363636364,62,52.76606689926157,0.5298698928722343,0.4220834141401082
Rashid Magomedov,Lightweight,D,False,0.8333333333333334,18,85.17242095506914,0.8133953074393651,0.12369182810064573
Raul Rosas Jr.,Bantamweight,D,False,0.8571428571428571,16,31.78339395209551,0.6356457638521105,0.9046426185704743
Raulian Paiva,Flyweight,D+,False,0.42857142857142855,16,90.8050265547313,0.9168808170028833,0.12603331663326653
Ray Borg,Flyweight,C+,False,0.5833333333333334,36,23.30886666367088,0.24165736863929616,0.6628302902100498
Reinier de Ridder,Middleweight,C,False,0.6666666666666666,18,63.06745445043461,0.7365993641743176,0.443832108661768
Renan Barao,Bantamweight,B+,True,0.5294117647058824,51,79.96654724159438,0.8301279513797737,0.23390571993660525
Renato Moicano,Lightweight,C,False,0.65,43,76.82112596230945,0.815380708135227,0.2756404281431079
Renato Sobral,Light Heavyweight,E,False,0.6666666666666666,20,23.054202661660526,0.10638503611035564,0.5321309285237141
Reza Madadi,Lightweight,E,False,0.42857142857142855,20,56.107470476997726,0.586984387522533,0.4191967267869071
Ricardo Almeida,Middleweight,E,False,0.5454545454545454,25,30.81360182021391,0.37560607272552754,0.6620173680694723
Ricardo Lamas,Featherweight,C+,False,0.6470588235294118,38,63.7035263069162,0.6114571661680719,0.30726804486165316
Ricardo Ramos,Featherweight,E,False,0.5333333333333333,31,78.19875263147559,0.8511536578732664,0.28667550154071586
Ricco Rodriguez,Heavyweight,B,True,0.7142857142857143,19,22.50335110581874,0.12204807900920696,0.5576855465316598
Rich Clementi,Lightweight,E,False,0.5,23,64.69283266713677,0.6481571074817858,0.32620313089948016
Rich Franklin,Light Heavyweight,B+,True,0.7222222222222222,46,72.11500393641937,0.6624808420110868,0.20724782899131597
Richard Walsh,Welterweight,E,False,0.3333333333333333,16,53.126853922234154,0.4712290157490049,0.3569639278557114
Rick Story,Welterweight,D+,False,0.631578947368421,51,53.79698412373322,0.5578282614096024,0.4315297261189045
Ricky Glenn,Featherweight,E,False,0.36363636363636365,27,64.8648008938891,0.5209275876958708,0.19588559835720823
Ricky Simon,Bantamweight,D+,False,0.5882352941176471,46,61.861754012618306,0.787972813942442,0.5168561761203566
Ricky Turcios,Bantamweight,E,False,0.3333333333333333,16,71.26559302318415,0.6535427852031692,0.213562541750167
Riki Fukuda,Middleweight,E,False,0.4,15,65.99226602707013,0.7586143983837756,0.4133266533066132
Rinat Fakhretdinov,Welterweight,D,False,0.8571428571428571,17,42.94300906012564,0.6170408124442516,0.685645801406735
Roan Carneiro,Welterweight,D,False,0.4444444444444444,20,38.43513552771199,0.3800568868458882,0.5296092184368738
Rob Emerson,Lightweight,E,False,0.42857142857142855,17,72.93473653081371,0.7215344471477189,0.2515815945616724
Rob Font,Bantamweight,C+,False,0.5714285714285714,58,90.15210290386528,0.8938496085275894,0.11472657959597356
Robbie Lawler,Welterweight,B+,True,0.6521739130434783,72,76.29262260719078,0.6608654062960361,0.13061539746158984
Robert Peralta,Featherweight,E,False,0.5,20,73.77112886219702,0.6063145344156535,0.12134268537074148
Robert Whittaker,Middleweight,B,True,0.7083333333333334,70,88.04685435947263,0.8594985497001323,0.11817921557400515
Rodolfo Vieira,Middleweight,E,False,0.5454545454545454,26,72.3335944962262,0.8877461625221401,0.4285879451210112
Rodrigo Damm,Lightweight,E,False,0.42857142857142855,19,96.72303823449916,0.9754046792984353,0.07828815525788418
Rodrigo Nascimento,Heavyweight,D,False,0.42857142857142855,20,78.98799117775583,0.8153070645725105,0.23665664662658653
Roger Huerta,Lightweight,E,False,0.75,21,43.98579715073044,0.36317650258362794,0.41305627127270417
Rogerio Nogueira,Light Heavyweight,E,False,0.5,28,82.56755288385013,0.688883182053456,0.04595500524859242
Roland Delorme,Bantamweight,E,False,0.42857142857142855,15,62.55020044583943,0.6114571661680719,0.32797817857938094
Roman Dolidze,Middleweight,D+,False,0.6923076923076923,38,74.93751535414913,0.7972975185690908,0.2913810076292937
Roman Kopylov,Middleweight,D,False,0.5833333333333334,32,89.89985952093534,0.9274147923896564,0.15282126753507014
Rongzhu,Lightweight,E,False,0.5,17,80.51659416536403,0.8759134959510398,0.2698141380800817
Rony Jason,Featherweight,E,False,0.4444444444444444,18,77.90856312583236,0.7014312158404029,0.14216395754471908
Roosevelt Roberts,Lightweight,E,False,0.4,21,78.59008350289291,0.7829519406348344,0.21144670292966883
Rory MacDonald,Welterweight,C+,False,0.6923076923076923,38,73.60562752007638,0.7419452906127845,0.25994532925500125
Rose Namajunas,Women's Flyweight,B+,True,0.631578947368421,63,78.29188593711174,0.8303535490889312,0.26420300919298917
Ross Pearson,Lightweight,D,False,0.46153846153846156,66,85.9231351025179,0.8111751979528233,0.10799123499524302
Rousimar Palhares,Middleweight,E,False,0.6666666666666666,20,60.950112165603656,0.6333536092940022,0.3786072144288577
Roxanne Modafferi,Women's Flyweight,C+,False,0.3333333333333333,37,76.1987593426687,0.8515167282149313,0.3229522107277618
Roy Nelson,Heavyweight,C,False,0.47368421052631576,45,71.96699831061383,0.6877716123684566,0.235196318563052
Russell Doane,Bantamweight,E,False,0.375,17,48.16183699666361,0.41619497011408463,0.3910860937561398
Rustam Khabilov,Lightweight,D,False,0.7692307692307693,36,52.416567476335516,0.6167864818616561,0.5152759222148
Ryan Bader,Light Heavyweight,C+,False,0.75,47,41.31597142866873,0.40757936472399275,0.5054008726673205
Ryan Benoit,Flyweight,D+,False,0.3333333333333333,23,87.84644298306529,0.8020956982194565,0.06437512706572565
Ryan Jimmo,Light Heavyweight,D,False,0.42857142857142855,15,51.34851759819811,0.351692660604699,0.2693609441104431
Ryan LaFlare,Welterweight,D,False,0.7,31,58.933754198593306,0.6059642858735136,0.38742538841123103
Ryan Spann,Light Heavyweight,D+,False,0.6666666666666666,26,72.99198706555211,0.6911648512087946,0.22018395765890755
Sabina Mazo,Women's Flyweight,E,False,0.42857142857142855,20,82.86249853354157,0.8077769185578915,0.15955243820975284
Sage Northcutt,Lightweight,E,False,0.75,18,64.34664056968595,0.5560792414431649,0.24034179470051215
Said Nurmagomedov,Bantamweight,D,False,0.6363636363636364,24,80.01954520307504,0.7383868909792877,0.14121298151859274
Sam Alvey,Middleweight,D,False,0.4166666666666667,52,85.35138841653476,0.7381133380645429,0.045196161553876985
Sam Hughes,Women's Strawweight,E,False,0.5454545454545454,33,71.3878466257458,0.7439305618864123,0.301755025201919
Sam Sicilia,Featherweight,E,False,0.4166666666666667,25,66.8658920504484,0.617982690492569,0.2570073480293921
Sam Stout,Lightweight,E,False,0.42105263157894735,51,87.18037948960333,0.8574549112164028,0.13169476207316594
Santiago Ponzinibbio,Welterweight,D+,False,0.6,50,95.88039762939415,0.964233157073581,0.08224782899131597
Sara McMann,Women's Bantamweight,C+,False,0.5384615384615384,28,24.714172741269962,0.2479390303703603,0.6438770397938735
Sarah Moras,Women's Bantamweight,D,False,0.3333333333333333,24,69.19210496475799,0.5887647369440279,0.1860178690714763
Scott Holtzman,Lightweight,E,False,0.5384615384615384,35,58.47163022908052,0.5927818659673173,0.38254127302223495
Scott Jorgensen,Bantamweight,D+,False,0.3333333333333333,27,66.56210311440053,0.7271090978166319,0.3715888567257972
Sean Brady,Welterweight,C+,False,0.8181818181818182,32,50.42623587790859,0.6881558104047042,0.6223853957915831
Sean O'Malley,Bantamweight,B+,True,0.7857142857142857,39,98.76710499656609,0.961342438615445,0.027520853673158284
Sean Pierson,Welterweight,E,False,0.6666666666666666,16,78.55825832621848,0.7443013253071424,0.17336756847027388
Sean Sherk,Welterweight,B+,True,0.6666666666666666,38,33.833491181354105,0.46500912543292566,0.6971926308757868
Sean Spencer,Welterweight,E,False,0.375,23,91.0034277921608,0.8540729713868572,0.05966280386860678
Sean Strickland,Middleweight,B,True,0.72,84,91.97550248046252,0.930074235236052,0.11820863950122468
Sean Woodson,Featherweight,E,False,0.7,26,93.3691430355563,0.944368807563001,0.10747777606495042
Sedriques Dumas,Middleweight,E,False,0.3333333333333333,17,72.12517481335922,0.7505647720061646,0.29514912177295766
Sergei Pavlovich,Heavyweight,C+,False,0.7272727272727273,17,86.49132759266578,0.813999917824783,0.10061299068725688
Serghei Spivac,Heavyweight,D+,False,0.6428571428571429,29,50.149179146264025,0.5645154240646489,0.5037200838458527
Sergio Moraes,Welterweight,E,False,0.5714285714285714,37,85.33613827016919,0.9167221196743414,0.22407878820704472
Sergio Pettis,Flyweight,C+,False,0.6428571428571429,43,88.90749739318818,0.8943357431255174,0.1375619455966196
Seth Baczynski,Welterweight,E,False,0.45454545454545453,23,70.32798768886354,0.6362511514470948,0.21310737416862713
SeungWoo Choi,Featherweight,E,False,0.36363636363636365,24,73.30787390171285,0.6706384280663585,0.1939851926074371
Shamil Abdurakhimov,Heavyweight,D+,False,0.45454545454545453,24,73.52552052734023,0.6351971499371022,0.15463566020930752
Shane Burgos,Featherweight,D+,False,0.7272727272727273,31,85.8114530389183,0.8109248760486183,0.10974637446936884
Shane Young,Featherweight,E,False,0.2857142857142857,16,93.31898050554553,0.9406475001111905,0.10465723112892451
Shara Magomedov,Middleweight,D,False,0.8333333333333334,17,89.04641198473453,0.7775008136533257,0.018232543518409368
Shavkat Rakhmonov,Welterweight,C+,False,1.0,16,47.848838395973324,0.502276891799712,0.48278849365397464
Shawn Jordan,Heavyweight,E,False,0.6,19,53.10652552577493,0.43173748256846756,0.31783742924445385
Shayilan Nuerdanbieke,Featherweight,E,False,0.5,15,45.802472740671995,0.5538175405967347,0.5710754843019372
Sijara Eubanks,Women's Bantamweight,C+,False,0.5,28,62.10304805187683,0.6965357459114123,0.42108622005916596
Siyar Bahadurzada,Welterweight,E,False,0.5,20,57.5942796963598,0.42020421786535467,0.22571810287241148
Soa Palelei,Heavyweight,D,False,0.5714285714285714,15,37.26679815951334,0.2081920897605621,0.3787241148964596
Sodiq Yusuff,Featherweight,D+,False,0.6,24,80.65799369390561,0.767699630102987,0.15906117791137833
Song Kenan,Welterweight,E,False,0.5454545454545454,24,90.0764768505333,0.8319497793970562,0.05418475840570029
Song Yadong,Bantamweight,C,False,0.6875,45,85.09938969421212,0.8542459958571107,0.165853930082387
Spencer Fisher,Lightweight,E,False,0.5625,42,71.20629986686008,0.5887429560221822,0.14982743264306392
Stefan Struve,Heavyweight,D+,False,0.5416666666666666,46,86.85333506007429,0.8284487772222339,0.10856132554965002
Stephan Bonnar,Light Heavyweight,E,False,0.6153846153846154,37,45.51742354482476,0.3502290336858159,0.3726055715033671
Stephen Thompson,Welterweight,C+,False,0.5714285714285714,66,93.1846964551641,0.8993999824582104,0.06582103601141678
Steve Cantwell,Light Heavyweight,E,False,0.16666666666666666,16,88.82101637464811,0.833324993200979,0.07810412491649966
Steve Erceg,Flyweight,D+,False,0.625,25,86.27579416588281,0.88833425459658,0.17881763527054106
Steve Garcia,Featherweight,D+,False,0.8,17,71.4748521332931,0.6001683921898808,0.1564305080749735
Steven Peterson,Featherweight,E,False,0.375,23,75.6306443670057,0.8086391498085815,0.2902762045830792
Steven Siler,Featherweight,E,False,0.5555555555555556,21,68.2986261647308,0.5324784549057723,0.1457756783408086
Stevie Ray,Lightweight,E,False,0.6363636363636364,26,77.33091661915303,0.70319030050764,0.15429577102923797
Stipe Miocic,Heavyweight,A,True,0.8235294117647058,49,67.42461414588593,0.685927201458164,0.31491895355336524
Sumudaerji,Flyweight,D,False,0.6,24,84.78854581766954,0.8016938802191794,0.11888360053440214
TJ Brown,Featherweight,E,False,0.375,22,63.72631587887141,0.7732705437785381,0.4686721928705897
TJ Dillashaw,Bantamweight,C+,False,0.7222222222222222,50,69.81075095262862,0.7028037152320592,0.28894789579158314
TJ Grant,Welterweight,C+,False,0.7272727272727273,27,60.61390905107906,0.5690412580588395,0.320332022068829
TJ Waldburger,Welterweight,E,False,0.5,15,46.546464164870414,0.4193037802556432,0.42320195947450456
Tabatha Ricci,Women's Strawweight,D+,False,0.6363636363636364,30,67.67289107519888,0.7849521647940289,0.4094856379425518
Tafon Nchukwi,Middleweight,E,False,0.3333333333333333,16,75.38236419210487,0.6605729446715398,0.1466683366733467
Tagir Ulanbekov,Flyweight,D+,False,0.75,21,58.472704345245454,0.732335778547218,0.5220758978274008
Tai Tuivasa,Heavyweight,C+,False,0.4444444444444444,35,79.72737860398887,0.6749125266491158,0.08298501765435633
Taila Santos,Women's Flyweight,C+,False,0.5714285714285714,21,55.06088696027231,0.64617117992152,0.4971768934694787
Takanori Gomi,Lightweight,E,False,0.3076923076923077,23,91.49924850665921,0.88423627542593,0.08092271499520781
Takashi Sato,Welterweight,E,False,0.2857142857142857,15,71.11333988651488,0.5244762677838514,0.08723001558672902
Takeya Mizugaki,Bantamweight,C,False,0.5714285714285714,35,65.70874358667504,0.651218610816943,0.31102204408817635
Talita Alencar,Women's Strawweight,E,False,0.8,15,52.319165412108916,0.5961988415816883,0.4964373190826097
Tamdan McCrory,Welterweight,E,False,0.4444444444444444,18,39.540697453831505,0.2732077780799565,0.40290766718622434
Tanner Boser,Heavyweight,D,False,0.45454545454545453,26,91.70724826354385,0.8625441936361165,0.05549560659781101
Tarec Saffiedine,Welterweight,D+,False,0.3333333333333333,20,84.310559055139,0.8287027468044602,0.1544756179024716
Tatiana Suarez,Women's Strawweight,C+,False,0.9,25,14.50323449443304,0.1918610456936307,0.7711556446225786
Tatsuro Taira,Flyweight,C+,False,0.8,27,38.127872823459356,0.4803491751193763,0.6354189861203889
Tatsuya Kawajiri,Featherweight,D,False,0.5,17,34.37985557229044,0.43794813546849254,0.6603206412825651
Taylor Lapilus,Bantamweight,E,False,0.75,23,81.18901830092652,0.7333173273048682,0.11514333013853795
Tecia Pennington,Women's Strawweight,C,False,0.5555555555555556,54,84.35844855103186,0.8457308314667128,0.17064375664910067
Terrance McKinney,Lightweight,E,False,0.6153846153846154,15,53.82684960867908,0.36952019695190097,0.24268537074148297
Terry Etim,Lightweight,E,False,0.5454545454545454,25,91.31209588169368,0.8677885546053421,0.06783567134268537
Teruto Ishihara,Featherweight,E,False,0.3333333333333333,20,84.40833821811421,0.7817528106461143,0.10576987307949232
Thales Leites,Middleweight,D+,False,0.6190476190476191,57,61.26510755154037,0.6449290917766205,0.3845263626668542
Themba Gorimbo,Welterweight,E,False,0.5,19,34.99233499689065,0.4875762461634097,0.6989505326442359
Thiago Alves,Welterweight,D,False,0.5769230769230769,65,82.2101615792902,0.7666528801046141,0.1301423359539592
Thiago Moises,Lightweight,D,False,0.5,40,72.6412749634138,0.729784233934055,0.2651010354041416
Thiago Santos,Light Heavyweight,C+,False,0.5833333333333334,57,67.36005817218266,0.5202258009981698,0.15037677694570428
Thiago Silva,Light Heavyweight,D,False,0.5833333333333334,23,64.66792486972196,0.5272950986320105,0.20578838837094476
Thiago Tavares,Lightweight,D,False,0.5555555555555556,38,49.32326975034025,0.5899736553437824,0.5440090707731252
Thomas Almeida,Bantamweight,D+,False,0.5,21,95.52131393164699,0.895076383483537,0.019539078156312624
Thomas Petersen,Heavyweight,E,False,0.5,16,59.805678620976344,0.7223910796845254,0.4881951402805611
Tim Boetsch,Middleweight,D+,False,0.5,51,67.69382601513513,0.5780147715421893,0.20217231849319556
Tim Elliott,Flyweight,C,False,0.45454545454545453,57,52.824033103240794,0.6210359986642937,0.5122086277818796
Tim Kennedy,Middleweight,C,False,0.6,15,55.936791549228225,0.567773345301489,0.40305054553551545
Tim Means,Welterweight,E,False,0.5172413793103449,66,78.05784392357008,0.7453196697122424,0.18337179409323695
Tim Sylvia,Heavyweight,B+,True,0.6666666666666666,32,75.74280291752262,0.6394954080458569,0.1191184452237809
Timothy Johnson,Heavyweight,E,False,0.5714285714285714,17,40.74080651778383,0.29946948484488656,0.4076191598884043
Tito Ortiz,Light Heavyweight,A+,True,0.5909090909090909,65,30.736956885583805,0.22999154882658707,0.5177791480396691
Tom Lawlor,Middleweight,D,False,0.5454545454545454,24,46.99075100091616,0.41946615425083705,0.4153863282119795
Tom Watson,Middleweight,E,False,0.2857142857142857,20,80.0451979960847,0.6906956758226817,0.09306112224448897
Tony Ferguson,Lightweight,B,True,0.625,59,94.83617172532095,0.9146336981528714,0.051399408987466456
Tony Gravely,Bantamweight,E,False,0.5,20,36.762778224676026,0.5349881578217786,0.7145708082832332
Tracy Cortez,Women's Flyweight,D+,False,0.75,25,57.99472081706886,0.6390314974347711,0.4373547094188377
Travis Browne,Heavyweight,C+,False,0.5625,31,67.86040117736285,0.571837911340767,0.19300428814618484
Tresean Gore,Middleweight,E,False,0.42857142857142855,15,80.42305705246824,0.8346579774755426,0.23023825428635047
Trevin Giles,Middleweight,E,False,0.5,35,76.26456377557625,0.7355052970934813,0.20575913732226359
Trevin Jones,Bantamweight,E,False,0.16666666666666666,16,79.33884473616884,0.7610841701132701,0.17613351703406813
Trevor Smith,Middleweight,E,False,0.4166666666666667,32,49.34635435395726,0.45903776265484175,0.41265865063460255
Trey Ogden,Lightweight,E,False,0.42857142857142855,21,77.51594518743359,0.9226484040843573,0.3704313388682126
Tyron Woodley,Welterweight,A,True,0.6,48,64.54608619264653,0.43596187603530556,0.11664300823869962
Tyson Griffin,Lightweight,E,False,0.5714285714285714,35,69.83334801948611,0.7185845238285689,0.3043229315774406
Tyson Nam,Flyweight,D,False,0.375,18,96.58602419403779,0.917665160326502,0.023008980924812586
Tyson Pedro,Light Heavyweight,D,False,0.5454545454545454,19,79.08395166418467,0.7276505790153118,0.1472770101606722
Umar Nurmagomedov,Bantamweight,C+,False,0.8888888888888888,26,47.04294588686466,0.6345967554905224,0.6295796721648426
Uriah Hall,Middleweight,D+,False,0.5555555555555556,45,85.93900806332343,0.7854069417789328,0.08193794997402212
Urijah Faber,Bantamweight,C+,False,0.6470588235294118,54,64.42212929031372,0.5750719094206395,0.2579789208045721
Valentina Shevchenko,Women's Bantamweight,A+,True,0.8823529411764706,75,59.678143822755125,0.688534625559374,0.4566288131819194
Valerie Letourneau,Women's Strawweight,C,False,0.5,20,83.908380882745,0.8132727989210371,0.1462675350701403
Vanessa Demopoulos,Women's Strawweight,E,False,0.5,26,79.9464874475309,0.723058721229287,0.12719670109449668
Vaughan Lee,Bantamweight,E,False,0.375,17,82.12085415126622,0.7701184610811391,0.1352115996699281
Veronica Hardy,Women's Flyweight,E,False,0.5,27,77.94063809180176,0.7278768226606139,0.16803359806031815
Viacheslav Borshchev,Lightweight,E,False,0.3,24,96.39244016266714,0.9262501545232034,0.03507014028056112
Vicente Luque,Welterweight,C,False,0.6956521739130435,54,86.80194355508775,0.8852663598820626,0.1663017392810312
Victor Altamirano,Flyweight,E,False,0.3333333333333333,16,68.17917382218252,0.7489323677208111,0.36437458249833
Victor Henry,Bantamweight,E,False,0.5714285714285714,19,80.46273105054799,0.8053044187723923,0.20017227437330803
Vinc Pichel,Lightweight,E,False,0.5833333333333334,31,60.026525307676394,0.6294011249681635,0.39123946818367916
Vince Morales,Bantamweight,E,False,0.25,33,90.13892884449253,0.9050782414269616,0.1261917774943827
Virna Jandiroba,Women's Strawweight,C+,False,0.6923076923076923,36,57.124076364001475,0.7694502861816905,0.5834075558524456
Vitor Belfort,Middleweight,B,True,0.5833333333333334,40,62.99755087360257,0.3608757328491735,0.06936372745490982
Vitor Miranda,Middleweight,E,False,0.42857142857142855,17,65.80182351296119,0.5177196951724059,0.17585170340681364
Vitor Petrino,Light Heavyweight,D,False,0.7777777777777778,22,67.6862863531127,0.805187236711383,0.42948017246614445
Viviane Araujo,Women's Flyweight,C,False,0.5384615384615384,41,83.26945453746572,0.9588338657471668,0.3033017254020236
Vladimir Matyushenko,Light Heavyweight,E,False,0.5833333333333334,24,46.10319046145302,0.41997094387320144,0.43182893564907593
Volkan Oezdemir,Light Heavyweight,C+,False,0.5625,35,84.2789347668245,0.7860984194041704,0.11243916404237046
Waldo Cortes Acosta,Heavyweight,C,False,0.7692307692307693,31,90.12710619216465,0.882559355721551,0.10388518973430733
Walt Harris,Heavyweight,D+,False,0.375,27,78.22806913225189,0.6185561367491157,0.053551547539523486
Wanderlei Silva,Middleweight,E,False,0.4166666666666667,28,81.8384979000091,0.6724098659023872,0.04257324172153831
Warlley Alves,Welterweight,E,False,0.5,37,75.9253855313536,0.76372580740126,0.24007023055119248
Wellington Turman,Middleweight,E,False,0.3333333333333333,21,69.29482763285363,0.7377816363674401,0.3331901899036167
William Gomis,Featherweight,E,False,0.7142857142857143,21,82.54231346480834,0.8199489512042375,0.17747399561026816
William Knight,Light Heavyweight,E,False,0.42857142857142855,19,69.31516615822161,0.6273048680989937,0.2223482051822944
Wilson Gouveia,Light Heavyweight,E,False,0.6,18,79.32033088959427,0.7100913707232129,0.1254731685593409
Wilson Reis,Flyweight,C+,False,0.5384615384615384,32,43.95933692991944,0.633152728590109,0.6835076402805611
Wu Yanan,Women's Bantamweight,E,False,0.16666666666666666,15,80.45799765689215,0.7811660518943524,0.1761189044756179
Yair Rodriguez,Featherweight,B,True,0.7333333333333333,46,82.8011389032858,0.7637980325955015,0.11667537974499724
Yan Xiaonan,Women's Strawweight,C+,False,0.6923076923076923,40,87.5066405056895,0.8638958330611747,0.13227705410821644
Yana Santos,Women's Bantamweight,C,False,0.5833333333333334,32,58.701591178337,0.5038238818573197,0.2894539078156313
Yancy Medeiros,Lightweight,D,False,0.4,29,89.00260242582416,0.842298646562953,0.08381705940616865
Yaotzin Meza,Featherweight,E,False,0.2857142857142857,18,75.67895687828347,0.8172153457835956,0.2979848586061011
Yoel Romero,Middleweight,C+,False,0.6923076923076923,43,74.012344272658,0.7027418300640271,0.21343850491681038
Yoshihiro Akiyama,Middleweight,E,False,0.2857142857142857,19,70.92583565392843,0.778674114116936,0.344794852863622
Youssef Zalal,Featherweight,D+,False,0.6153846153846154,35,74.23342070147729,0.8533266081930898,0.36005344021376084
Yushin Okami,Middleweight,C+,False,0.65,55,50.41959712617473,0.4952406853413109,0.4295894819942916
Yuta Sasaki,Flyweight,E,False,0.4444444444444444,16,64.10322595282615,0.6472570108177804,0.33589053106212424
Yves Edwards,Lightweight,E,False,0.47619047619047616,46,72.75969750292829,0.6378982517426582,0.1710885539194331
Yves Jabouin,Bantamweight,D,False,0.5,21,70.68246541251646,0.7937057383736743,0.36419664726277956
Zabit Magomedsharipov,Featherweight,C+,False,1.0,16,53.66414844651506,0.7982932310378884,0.6743800100200401
Zach Makovsky,Flyweight,D+,False,0.42857142857142855,21,55.44552045924257,0.6622630341230863,0.5063619302096256
Zach Reese,Middleweight,E,False,0.5,15,71.01264600938978,0.7309958865923308,0.29555778223112894
Zak Cummings,Welterweight,E,False,0.7142857142857143,34,81.84773846301472,0.7925187647472691,0.162516208888365
Zak Ottow,Welterweight,E,False,0.5,17,84.41596877008428,0.8537006099693072,0.1775806514990766
Zhalgas Zhumagulov,Flyweight,E,False,0.14285714285714285,17,90.09240980044645,0.964767697451567,0.18671657039569334
Zhang Weili,Women's Strawweight,A,True,0.75,43,56.494778842282564,0.5411575109933362,0.3664150005437231
Zubaira Tukhugov,Featherweight,E,False,0.5555555555555556,23,76.82668473323336,0.8403832133887006,0.3005431152159391
