name,wc,n_fights,tier_label,tier_score,best_rank,ever_champion,max_defenses,dual_weight_champ,is_incumbent,win_rate,height_cm,reach_cm,ko_rate,sig_per_r,sig_acc,str_def,leg_pct,clinch_pct,td_per_r,td_def,ctrl_per_r,sub_rate,gnp_per_r,gas_tank,pct_height,pct_reach,pct_striking_power,pct_striking_volume,pct_striking_accuracy,pct_striking_defense,pct_leg_kicks,pct_clinch,pct_takedown_offense,pct_takedown_defense,pct_ground_control,pct_submission,pct_ground_pound,pct_cardio,x,y,z
Aaron Riley,Lightweight,9,E,11,,False,0.0,False,False,0.6818181818181818,172.72,175.26,0.0,15.7,0.3473,0.609,0.2389,0.3248,0.4,0.6071,55.75,0.0,1.1,,3.71,3.2,2.21,5.85,1.6,8.36,8.38,9.58,5.84,4.96,6.03,3.07,3.58,5.5,0.103,-1.612,0.0745
Aaron Simpson,Middleweight,11,E,12,,False,0.0,False,False,0.7058823529411765,182.88,185.42,0.1818,16.2143,0.5279,0.5616,0.2291,0.4053,1.1429,0.8333,114.5,0.0,3.7857,,7.04,6.25,6.31,6.15,8.61,6.13,8.13,9.87,9.51,9.07,9.35,3.07,8.83,5.5,0.6619,-0.7898,1.5525
Abdul Razak Alhassan,Middleweight,14,E,12,,False,0.0,False,False,0.631578947368421,177.8,185.42,0.4286,13.125,0.4984,0.5492,0.1016,0.1651,0.2083,0.5091,32.125,0.0,1.9583,,5.37,6.25,9.46,4.23,7.5,5.49,3.38,7.13,3.62,3.46,3.56,3.07,5.98,5.5,-0.9528,0.7554,-1.167
Abel Trujillo,Lightweight,11,E,11,,False,0.0,False,False,0.6521739130434783,172.72,177.8,0.2727,11.375,0.4124,0.5966,0.0696,0.2308,0.625,0.4035,47.2917,0.0909,2.7083,,3.71,3.88,7.98,3.17,3.5,7.93,2.1,8.65,7.66,2.29,5.27,5.95,7.57,5.5,0.4991,0.4713,-0.8863
Abus Magomedov,Middleweight,7,D,35,14.0,False,0.0,False,False,0.8235294117647058,187.96,198.12,0.1429,13.4706,0.4935,0.5586,0.1266,0.0306,0.7647,1.0,69.0588,0.1429,1.4118,,8.62,9.15,5.23,4.44,7.33,5.97,4.54,1.42,8.33,9.9,7.11,7.04,4.41,5.5,-0.2553,-0.1297,-0.343
Adam Fugitt,Welterweight,6,E,10,,False,0.0,False,False,0.6666666666666666,185.42,195.58,0.1667,20.3636,0.4676,0.5139,0.1652,0.0759,0.4545,0.5,31.8182,0.0,0.5455,,7.92,8.81,5.94,8.22,6.08,3.72,6.03,3.32,6.28,3.27,3.52,3.07,1.96,5.5,-0.9708,-0.7042,1.0987
Adrian Yanez,Bantamweight,10,D,36,12.0,False,0.0,False,False,0.7391304347826086,170.18,177.8,0.5,24.4,0.4146,0.5645,0.1352,0.0102,0.0,0.7333,6.2,0.0,1.8,,2.97,3.88,9.67,9.32,3.61,6.31,4.87,1.06,1.29,7.59,1.22,3.07,5.57,5.5,-2.0311,1.9669,0.4131
Adriano Martins,Lightweight,7,E,11,,False,0.0,False,False,0.7567567567567568,177.8,182.88,0.2857,7.3571,0.4402,0.6842,0.3592,0.0,0.2857,0.8571,26.8571,0.1429,0.5,,5.37,5.47,8.17,1.46,4.77,9.88,9.8,1.01,4.65,9.28,3.04,7.04,1.86,5.5,-0.6337,0.8914,-2.0086
Aiemann Zahabi,Bantamweight,10,D+,45,6.0,False,0.0,False,False,0.8666666666666667,172.72,172.72,0.2,21.1538,0.4766,0.6916,0.1127,0.0382,0.0385,0.8387,12.8077,0.0,1.2308,,3.71,2.69,6.75,8.56,6.55,9.92,3.9,1.64,1.62,9.16,1.65,3.07,3.93,5.5,-1.1449,-0.2433,-0.5493
Ailin Perez,Women's Bantamweight,7,C,48,5.0,False,0.0,False,False,0.8571428571428571,165.1,167.64,0.0,14.2222,0.5626,0.5652,0.1914,0.1719,1.6111,0.7273,132.0,0.1429,4.9444,,1.73,1.88,2.21,4.97,9.34,6.34,7.0,7.34,9.91,7.48,9.67,7.04,9.4,5.5,1.5244,-0.5368,1.0622
Akira Corassani,Featherweight,6,E,10,,False,0.0,False,False,0.6666666666666666,172.72,172.72,0.0,12.6364,0.4528,0.5024,0.223,0.1295,0.1818,0.8667,26.7273,0.0,0.0,,3.71,2.69,2.21,3.95,5.47,3.08,8.01,5.81,3.25,9.38,3.02,3.07,1.03,5.5,-0.5663,-1.4358,-1.6157
Al Iaquinta,Lightweight,15,C,51,4.0,False,0.0,False,False,0.6666666666666666,177.8,177.8,0.2667,18.4286,0.4054,0.6121,0.1395,0.0401,0.1905,0.7407,16.2619,0.0,0.6667,,5.37,3.88,7.89,7.39,3.2,8.47,5.1,1.73,3.43,7.72,2.03,3.07,2.27,5.5,-1.3226,-0.0157,0.4226
Alan Belcher,Middleweight,15,D+,41,9.0,False,0.0,False,False,0.6923076923076923,187.96,190.5,0.3333,12.0,0.4184,0.5964,0.2688,0.1559,0.129,0.551,50.9677,0.2,2.0,,8.62,7.74,8.71,3.54,3.83,7.92,9.02,6.81,2.54,3.95,5.62,8.21,6.08,5.5,0.0361,1.3445,-0.6296
Alan Jouban,Welterweight,13,E,12,,False,0.0,False,False,0.7083333333333334,182.88,185.42,0.3077,24.5556,0.503,0.6002,0.1916,0.1297,0.1481,0.5882,17.7778,0.0,1.4444,,7.04,6.25,8.44,9.37,7.78,8.08,7.01,5.82,2.84,4.56,2.22,3.07,4.53,5.5,-1.7768,0.19,0.4283
Alan Patrick,Lightweight,10,E,12,,False,0.0,False,False,0.7894736842105263,180.34,187.96,0.1,8.36,0.4074,0.4348,0.1388,0.1148,0.92,0.4375,101.24,0.0,1.8,,6.22,7.01,4.23,1.77,3.28,1.57,5.03,5.17,9.06,2.53,8.96,3.07,5.57,5.5,0.8029,-1.0627,-0.2695
Alatengheili,Bantamweight,9,E,11,,False,0.0,False,False,0.6296296296296297,165.1,167.64,0.1111,13.6,0.3272,0.5728,0.1353,0.0059,0.56,0.75,41.04,0.0,0.52,,1.73,1.88,4.47,4.5,1.33,6.77,4.88,1.02,7.16,7.9,4.58,3.07,1.89,5.5,-0.5271,-0.9124,-0.126
Albert Morales,Bantamweight,6,E,10,,False,0.0,False,False,0.6363636363636364,175.26,182.88,0.0,17.375,0.3453,0.5683,0.3129,0.0396,0.1875,0.6429,45.75,0.0,1.1875,,4.48,5.47,2.21,6.86,1.56,6.51,9.48,1.69,3.35,5.63,5.11,3.07,3.83,5.5,-0.374,-1.7239,-0.101
Albert Tumenov,Welterweight,8,D,36,13.0,False,0.0,False,False,0.8181818181818182,180.34,185.42,0.375,16.4118,0.4202,0.5853,0.043,0.0717,0.0588,0.75,9.5882,0.0,0.9412,,6.22,6.25,9.06,6.33,3.92,7.42,1.5,3.14,1.77,7.9,1.47,3.07,3.05,5.5,-1.4894,0.5899,-0.6402
Alejandro Perez,Bantamweight,13,D,36,12.0,False,0.0,False,False,0.71875,167.64,170.18,0.2308,15.9667,0.3564,0.6173,0.2568,0.0585,0.1667,0.7097,17.6333,0.0769,2.2667,,2.25,2.24,7.43,6.03,1.7,8.65,8.82,2.43,3.1,7.07,2.18,5.74,6.71,5.5,-0.144,0.4974,-0.1992
Aleksandar Rakic,Light Heavyweight,11,C+,56,2.0,False,0.0,False,False,0.7368421052631579,193.04,198.12,0.1818,18.6538,0.5031,0.5116,0.3196,0.0969,0.1923,0.8571,86.0,0.0,4.4231,,9.68,9.15,6.31,7.52,7.79,3.6,9.56,4.25,3.44,9.28,8.21,3.07,9.24,5.5,-0.2065,-0.9804,-0.0026
Aleksei Oleinik,Heavyweight,17,D+,42,8.0,False,0.0,False,False,0.7792207792207793,187.96,203.2,0.0588,13.1034,0.4891,0.443,0.1316,0.2263,0.4828,0.375,72.8276,0.4118,0.9655,,8.62,9.58,3.53,4.21,7.16,1.73,4.78,8.55,6.56,2.04,7.32,9.79,3.14,5.5,0.3901,0.6651,1.3916
Alessandro Costa,Flyweight,6,E,11,,False,0.0,False,False,0.7777777777777778,162.56,170.18,0.5,15.8,0.4837,0.5294,0.2194,0.0928,0.2667,0.84,21.9333,0.0,2.1333,,1.42,2.24,9.67,5.92,6.89,4.52,7.92,4.12,4.42,9.18,2.61,3.07,6.44,5.5,-0.7621,1.5696,-0.7094
Alessio Di Chirico,Middleweight,11,E,11,,False,0.0,False,False,0.65,182.88,187.96,0.1818,14.4231,0.3972,0.6152,0.144,0.12,0.4231,0.8333,27.1923,0.0,0.6154,,7.04,7.01,6.31,5.09,2.79,8.56,5.35,5.42,6.03,9.07,3.06,3.07,2.1,5.5,-0.908,-0.727,-0.1041
Alessio Sakara,Middleweight,15,E,12,,False,0.0,False,False,0.6333333333333333,182.88,182.88,0.2667,13.5909,0.4776,0.5923,0.0301,0.1873,0.5,0.6286,56.0455,0.0,5.0,,7.04,5.47,7.89,4.48,6.58,7.76,1.33,7.73,6.7,5.32,6.09,3.07,9.42,5.5,0.6051,-0.2784,-1.6396
Alex Caceres,Featherweight,30,D+,40,10.0,False,0.0,False,False,0.5833333333333334,177.8,185.42,0.0667,19.7273,0.4997,0.6285,0.1238,0.0843,0.1688,0.6489,34.4156,0.1333,1.1039,,5.37,6.25,3.62,7.96,7.59,8.98,4.43,3.67,3.16,5.76,3.8,6.76,3.59,5.5,-0.5157,-0.2045,-0.3912
Alex Chambers,Women's Strawweight,5,E,8,,False,0.0,False,False,0.5,160.02,160.02,0.0,12.2727,0.54,0.5053,0.2074,0.237,0.6364,0.5333,56.5455,0.2,1.3636,,1.21,1.2,2.21,3.69,8.9,3.23,7.53,8.75,7.74,3.69,6.14,8.21,4.32,5.5,0.6034,0.2818,-0.3403
Alex Garcia,Welterweight,10,E,11,,False,0.0,False,False,0.7142857142857143,175.26,182.88,0.2,8.48,0.3136,0.592,0.0519,0.1415,1.16,0.6667,78.12,0.1,0.88,,4.48,5.47,6.75,1.81,1.21,7.74,1.64,6.3,9.55,6.2,7.66,6.13,2.84,5.5,0.1254,0.0669,-0.0768
Alex Morono,Welterweight,24,E,14,,False,0.0,False,False,0.6666666666666666,180.34,182.88,0.0833,23.2667,0.3977,0.5538,0.0695,0.0723,0.1,0.4783,15.9833,0.0833,0.9333,,6.22,5.47,3.93,9.11,2.84,5.71,2.09,3.17,2.22,3.02,2.0,5.84,3.02,5.5,-1.3255,-0.69,1.1323
Alex Oliveira,Welterweight,22,D,35,13.0,False,0.0,False,False,0.6470588235294118,180.34,193.04,0.1818,12.8367,0.5114,0.4667,0.1828,0.2258,0.6735,0.6383,85.0408,0.1364,2.3061,,6.22,8.37,6.31,4.07,8.06,2.15,6.7,8.54,7.94,5.52,8.14,6.83,6.79,5.5,0.2694,0.1723,-0.1968
Alex Pereira,Middleweight,12,S,97,1.0,True,3.0,True,False,0.8,193.04,200.66,0.6667,22.0968,0.621,0.5388,0.2672,0.1051,0.0323,0.7907,5.0968,0.0,1.9032,,9.68,9.39,9.93,8.85,9.91,4.92,9.0,4.7,1.61,8.52,1.15,3.07,5.85,5.5,-1.5435,2.2078,-0.8399
Alex Perez,Flyweight,14,C,51,4.0,False,0.0,False,False,0.7352941176470589,167.64,165.1,0.2857,17.44,0.4678,0.5964,0.2339,0.133,0.6,0.7429,66.8,0.1429,2.48,,2.25,1.58,8.17,6.9,6.11,7.92,8.23,6.01,7.45,7.75,6.92,7.04,7.17,5.5,-0.5298,1.1351,-0.1286
Alex White,Lightweight,10,E,11,,False,0.0,False,False,0.6842105263157895,182.88,180.34,0.2,17.24,0.4201,0.6076,0.065,0.2738,0.28,0.7105,21.16,0.0,1.0,,7.04,4.7,6.75,6.76,3.91,8.34,1.99,9.21,4.61,7.1,2.57,3.07,3.22,5.5,-0.5104,-0.433,0.1871
Alexa Grasso,Women's Flyweight,15,B+,70,1.0,True,1.0,False,False,0.7619047619047619,165.1,167.64,0.0667,20.0217,0.4112,0.5872,0.1922,0.1542,0.1304,0.5479,27.7174,0.1333,0.6304,,1.73,1.88,3.62,8.07,3.42,7.49,7.04,6.75,2.58,3.91,3.1,6.76,2.15,5.5,-0.4757,0.0028,0.2961
Alexander Gustafsson,Light Heavyweight,18,C+,58,1.0,False,0.0,False,False,0.6923076923076923,195.58,200.66,0.2778,17.0682,0.407,0.5144,0.1571,0.0786,0.4318,0.8367,41.9091,0.1111,2.6591,,9.87,9.39,8.05,6.67,3.24,3.77,5.77,3.46,6.08,9.14,4.7,6.35,7.49,5.5,-0.6107,0.4315,0.9333
Alexander Hernandez,Lightweight,18,D,37,11.0,False,0.0,False,False,0.68,175.26,182.88,0.2778,19.2439,0.4044,0.5972,0.1343,0.0773,0.3171,0.6875,35.3171,0.0,1.4146,,4.48,5.47,8.05,7.76,3.14,7.97,4.84,3.42,5.03,6.63,3.91,3.07,4.43,5.5,-0.8987,0.0315,0.1323
Alexander Volkanovski,Featherweight,18,A+,90,1.0,True,5.0,False,True,0.8709677419354839,167.64,180.34,0.2778,28.8095,0.5711,0.5874,0.2463,0.0848,0.5238,0.6889,56.9841,0.0,4.3492,,2.25,4.7,8.05,9.84,9.46,7.5,8.6,3.71,6.86,6.67,6.21,3.07,9.21,5.5,-0.5049,0.2748,0.6995
Alexander Volkov,Heavyweight,19,C+,56,2.0,False,0.0,False,False,0.7755102040816326,200.66,203.2,0.3158,23.5849,0.5766,0.5442,0.1976,0.0832,0.1887,0.6939,25.9057,0.0526,1.6981,,9.97,9.58,8.5,9.18,9.55,5.2,7.2,3.63,3.41,6.77,2.93,5.3,5.22,5.5,-1.0345,0.1679,0.237
Alexander Yakovlev,Welterweight,9,E,11,,False,0.0,False,False,0.7058823529411765,190.5,187.96,0.1111,8.2381,0.474,0.5851,0.2428,0.1272,0.5238,0.7222,42.7143,0.1111,1.2857,,9.22,7.01,4.47,1.72,6.38,7.41,8.49,5.73,6.86,7.35,4.81,6.35,4.05,5.5,0.036,-0.4049,-1.2368
Alexandr Romanov,Heavyweight,10,D,37,12.0,False,0.0,False,False,0.8571428571428571,187.96,190.5,0.1,16.4,0.5165,0.5409,0.1402,0.0823,1.3,0.2857,127.1,0.3,7.15,,8.62,7.74,4.23,6.32,8.25,4.99,5.13,3.6,9.73,1.46,9.59,9.24,9.91,5.5,1.3833,0.2425,1.5592
Alexandre Pantoja,Flyweight,18,A,82,1.0,True,4.0,False,False,0.8571428571428571,165.1,170.18,0.1111,19.6042,0.5032,0.4985,0.1509,0.0999,0.8333,0.6923,86.625,0.3333,1.7292,,1.73,2.24,4.47,7.94,7.8,2.95,5.6,4.45,8.69,6.73,8.23,9.43,5.32,5.5,-0.1681,1.2151,0.8128
Alexis Davis,Women's Bantamweight,14,C+,56,2.0,False,0.0,False,False,0.65625,167.64,172.72,0.0,19.8421,0.4739,0.5509,0.3183,0.1207,0.3158,0.2727,91.2632,0.0714,2.5526,,2.25,2.69,2.21,8.0,6.36,5.58,9.54,5.48,5.01,1.41,8.53,5.63,7.31,5.5,0.2761,-0.9835,0.5931
Ali Bagautinov,Flyweight,7,C,51,4.0,False,0.0,False,False,0.7142857142857143,162.56,165.1,0.1429,14.0435,0.4244,0.5237,0.1146,0.1981,0.8261,0.65,83.0435,0.0,4.0435,,1.42,1.58,5.23,4.81,4.08,4.23,4.02,7.98,8.68,5.79,8.01,3.07,8.99,5.5,0.9935,-0.627,-0.2814
Alice Ardelean,Women's Strawweight,5,E,9,,False,0.0,False,False,0.5882352941176471,160.02,157.48,0.0,34.7857,0.4616,0.6138,0.1232,0.0205,0.3571,0.8571,50.9286,0.2,0.2857,,1.21,1.11,2.21,9.98,5.87,8.51,4.39,1.21,5.44,9.28,5.6,8.21,1.5,5.5,-1.243,0.3556,1.4293
Alistair Overeem,Heavyweight,20,C+,58,1.0,False,0.0,False,False,0.7121212121212122,193.04,203.2,0.45,16.25,0.7432,0.5112,0.1371,0.2014,0.2273,0.6316,65.6591,0.0,5.8409,,9.68,9.58,9.55,6.21,9.99,3.56,4.97,8.07,3.94,5.38,6.83,3.07,9.74,5.5,0.0663,0.5664,-1.001
Aljamain Sterling,Bantamweight,23,A,80,1.0,True,3.0,False,False,0.8333333333333334,170.18,180.34,0.087,20.1,0.526,0.5917,0.1855,0.1485,0.8,0.449,93.9,0.1739,3.6714,,2.97,4.7,4.0,8.11,8.53,7.73,6.82,6.56,8.49,2.69,8.65,7.79,8.75,5.5,0.8748,0.1172,0.7484
Allan Nascimento,Flyweight,5,E,10,,False,0.0,False,False,0.7777777777777778,172.72,175.26,0.0,9.5,0.477,0.5726,0.4123,0.0351,0.4167,0.4,97.5,0.4,1.6667,,3.71,3.2,2.21,2.25,6.56,6.75,9.91,1.55,5.97,2.23,8.83,9.73,5.13,5.5,1.2192,0.895,-0.7899
Alonzo Menifield,Light Heavyweight,17,D,37,11.0,False,0.0,False,False,0.7727272727272727,182.88,193.04,0.2353,16.0294,0.5343,0.5095,0.0826,0.1358,0.1471,0.8,58.4706,0.1176,1.6176,,7.04,8.37,7.49,6.07,8.79,3.47,2.64,6.12,2.82,8.62,6.32,6.49,5.03,5.5,-0.5643,0.1874,-0.8584
Amanda Cooper,Women's Strawweight,6,E,8,,False,0.0,False,False,0.375,160.02,162.56,0.1667,15.8182,0.4416,0.5199,0.0977,0.0402,0.4545,0.2857,92.7273,0.0,5.0,,1.21,1.36,5.94,5.93,4.81,4.01,3.24,1.74,6.28,1.46,8.58,3.07,9.42,5.5,1.4599,0.0087,0.962
Amanda Lemos,Women's Strawweight,15,C+,54,3.0,False,0.0,False,False,0.7894736842105263,162.56,165.1,0.2,12.3611,0.5535,0.4534,0.1393,0.1303,0.3056,0.6304,46.5833,0.1333,2.1944,,1.42,1.58,6.75,3.74,9.2,1.88,5.09,5.88,4.84,5.35,5.18,6.76,6.56,5.5,-0.3066,1.2737,-1.4634
Amanda Nunes,Women's Bantamweight,18,A+,90,1.0,True,5.0,False,False,0.8214285714285714,172.72,175.26,0.3889,19.7447,0.5202,0.593,0.1886,0.0356,0.8085,0.8125,89.3191,0.1667,5.4468,,3.71,3.2,9.16,7.97,8.33,7.79,6.91,1.56,8.56,8.8,8.47,7.58,9.6,5.5,-0.2232,2.4023,0.9821
Amanda Ribas,Women's Strawweight,13,D+,43,7.0,False,0.0,False,False,0.65,162.56,167.64,0.0769,19.6,0.3995,0.6015,0.207,0.0525,0.6286,0.8235,73.7143,0.1538,1.7429,,1.42,1.88,3.81,7.94,2.92,8.1,7.5,2.15,7.69,8.95,7.41,7.29,5.37,5.5,-0.1832,0.5338,0.5478
Amir Albazi,Flyweight,7,C+,56,2.0,False,0.0,False,False,0.8947368421052632,165.1,172.72,0.1429,11.9524,0.3378,0.5938,0.1315,0.0279,0.381,0.625,70.381,0.2857,1.4286,,1.73,2.69,5.23,3.52,1.44,7.83,4.77,1.36,5.68,5.23,7.19,9.09,4.47,5.5,-0.3098,1.1263,-0.1786
Amir Sadollah,Welterweight,11,E,11,,False,0.0,False,False,0.5454545454545454,177.8,190.5,0.0909,22.1786,0.4648,0.6069,0.2786,0.2399,0.1786,0.6078,39.3571,0.0909,1.8571,,5.37,7.74,4.07,8.87,5.98,8.28,9.13,8.81,3.22,4.97,4.42,5.95,5.74,5.5,-0.5356,-0.629,0.3909
Anderson Silva,Middleweight,25,S,98,1.0,True,10.0,False,False,0.7555555555555555,187.96,195.58,0.44,13.2063,0.5901,0.5951,0.2428,0.1478,0.0476,0.7632,13.1587,0.12,2.254,,8.62,8.81,9.51,4.31,9.7,7.86,8.49,6.53,1.69,8.13,1.68,6.52,6.69,5.5,-0.8444,1.5397,-1.8441
Andre Ewell,Bantamweight,9,E,11,,False,0.0,False,False,0.6538461538461539,172.72,190.5,0.0,20.7692,0.4003,0.5138,0.1074,0.0204,0.1154,0.7273,10.6538,0.0,0.0385,,3.71,7.74,2.21,8.4,2.96,3.71,3.67,1.2,2.38,7.48,1.54,3.07,1.07,5.5,-1.262,-1.6884,0.1987
Andre Fialho,Welterweight,7,E,10,,False,0.0,False,False,0.6666666666666666,182.88,187.96,0.2857,13.4667,0.4156,0.4583,0.1139,0.1584,0.0667,0.6667,8.3333,0.0,0.3333,,7.04,7.01,8.17,4.43,3.69,1.98,3.98,6.89,1.86,6.2,1.38,3.07,1.56,5.5,-1.0765,0.0277,-1.364
Andre Fili,Featherweight,26,D,33,15.0,False,0.0,False,False,0.6756756756756757,180.34,187.96,0.1538,17.7213,0.3794,0.5069,0.123,0.0555,0.7049,0.716,42.6721,0.0,1.2951,,6.22,7.01,5.57,7.06,2.28,3.32,4.37,2.27,8.1,7.23,4.79,3.07,4.09,5.5,-0.4468,-0.4919,0.4922
Andre Muniz,Middleweight,10,D+,40,10.0,False,0.0,False,False,0.7741935483870968,185.42,198.12,0.0,8.9474,0.4558,0.5116,0.2235,0.0412,1.3158,0.3333,97.7895,0.3,0.8421,,7.92,9.15,2.21,2.02,5.62,3.6,8.03,1.78,9.75,1.76,8.85,9.24,2.68,5.5,0.662,-0.0807,0.9462
Andre Petroski,Middleweight,13,E,12,,False,0.0,False,False,0.7222222222222222,182.88,185.42,0.0769,11.9355,0.492,0.5151,0.1595,0.0243,0.9032,0.8636,101.6774,0.1538,2.6774,,7.04,6.25,3.81,3.48,7.28,3.79,5.84,1.28,9.01,9.36,8.98,7.29,7.53,5.5,0.7008,-0.4976,0.4986
Andre Soukhamthath,Bantamweight,7,E,10,,False,0.0,False,False,0.6190476190476191,175.26,177.8,0.1429,13.3,0.4404,0.4988,0.2105,0.218,0.4,0.5882,43.2,0.0,1.5,,4.48,3.88,5.23,4.34,4.78,2.96,7.63,8.35,5.84,4.56,4.86,3.07,4.71,5.5,-0.4714,-0.6845,-1.178
Andre Winner,Lightweight,6,E,10,,False,0.0,False,False,0.65625,180.34,185.42,0.1667,12.0714,0.3347,0.5174,0.2189,0.4438,0.0,0.7429,32.9286,0.0,0.2143,,6.22,6.25,5.94,3.62,1.38,3.91,7.89,9.95,1.29,7.75,3.62,3.07,1.37,5.5,-0.399,-0.6298,-1.3788
Andrea Lee,Women's Flyweight,14,D+,44,6.0,False,0.0,False,False,0.5416666666666666,167.64,175.26,0.0714,23.1,0.4547,0.6146,0.2175,0.1082,0.55,0.5385,45.675,0.0714,1.65,,2.25,3.2,3.71,9.09,5.53,8.54,7.85,4.88,7.09,3.78,5.09,5.63,5.09,5.5,-0.0915,-0.4418,0.9646
Andrei Arlovski,Heavyweight,42,B+,69,2.0,True,1.0,False,False,0.5862068965517241,190.5,195.58,0.2143,16.6842,0.4556,0.5676,0.2341,0.1205,0.0947,0.7778,20.2737,0.0476,0.4421,,9.22,8.81,7.13,6.47,5.6,6.47,8.23,5.47,2.18,8.36,2.49,5.23,1.74,5.5,-0.9392,-0.4137,0.0011
Andrew Craig,Middleweight,7,E,10,,False,0.0,False,False,0.6923076923076923,185.42,193.04,0.1429,11.3889,0.4004,0.5057,0.1707,0.1268,0.1667,0.7222,40.5556,0.0,1.6111,,7.92,8.37,5.23,3.19,2.97,3.27,6.3,5.71,3.1,7.35,4.52,3.07,5.0,5.5,-0.2176,-0.9884,-1.4626
Andrew Holbrook,Lightweight,5,E,13,,False,0.0,False,False,0.8,180.34,177.8,0.0,8.6667,0.4937,0.5411,0.1026,0.3462,0.2222,0.1,41.8889,0.0,1.4444,,6.22,3.88,2.21,1.91,7.34,5.01,3.43,9.71,3.84,1.11,4.69,3.07,4.53,5.5,1.1383,-1.6534,-0.1737
Andrew Sanchez,Middleweight,10,E,11,,False,0.0,False,False,0.65,185.42,187.96,0.1,19.8929,0.4369,0.5067,0.0916,0.0969,0.7857,1.0,87.0,0.0,2.3214,,7.92,7.01,4.23,8.02,4.66,3.31,2.94,4.25,8.45,9.9,8.27,3.07,6.82,5.5,-0.4887,-1.2348,1.4209
Andy Ogle,Featherweight,6,E,9,,False,0.0,False,False,0.6,172.72,175.26,0.0,10.1875,0.449,0.5031,0.1288,0.0491,0.4375,0.5833,138.5625,0.0,2.4375,,3.71,3.2,2.21,2.55,5.21,3.12,4.66,2.05,6.15,4.47,9.76,3.07,7.1,5.5,0.7102,-1.4869,-1.5469
Ange Loosa,Welterweight,6,E,10,,False,0.0,False,False,0.6666666666666666,177.8,187.96,0.0,26.7647,0.4835,0.5248,0.2176,0.1231,0.8824,0.7778,72.2941,0.0,3.3529,,5.37,7.01,2.21,9.69,6.88,4.29,7.86,5.57,8.9,8.36,7.28,3.07,8.42,5.5,-0.5533,-1.7396,1.9493
Angela Hill,Women's Strawweight,29,D+,41,9.0,False,0.0,False,False,0.5454545454545454,160.02,162.56,0.069,26.3765,0.502,0.6027,0.0825,0.2297,0.2471,0.7266,42.4,0.0345,0.9294,,1.21,1.36,3.65,9.64,7.72,8.15,2.62,8.63,4.17,7.43,4.76,5.15,3.01,5.5,-0.7211,-0.3571,0.042
Anthony Birchak,Bantamweight,6,E,10,,False,0.0,False,False,0.6666666666666666,172.72,175.26,0.1667,13.6667,0.3661,0.5677,0.2033,0.2195,0.1111,0.619,24.5556,0.0,1.5556,,3.71,3.2,5.94,4.54,1.92,6.48,7.41,8.37,2.34,5.13,2.82,3.07,4.86,5.5,-0.2266,-0.5216,-0.5264
Anthony Hamilton,Heavyweight,10,E,11,,False,0.0,False,False,0.625,195.58,193.04,0.2,14.4706,0.656,0.4571,0.0732,0.3699,0.6471,0.7857,95.0,0.0,6.0,,9.87,8.37,6.75,5.12,9.94,1.95,2.21,9.8,7.81,8.48,8.72,3.07,9.76,5.5,0.9884,-0.8265,-0.6506
Anthony Hernandez,Middleweight,12,C,52,4.0,False,0.0,False,False,0.8823529411764706,182.88,190.5,0.1667,18.7879,0.6067,0.5092,0.0742,0.1161,1.6364,0.6818,130.4545,0.4167,7.303,,7.04,7.74,5.94,7.58,9.82,3.45,2.27,5.22,9.93,6.51,9.62,9.8,9.93,5.5,1.9709,1.5672,2.2975
Anthony Johnson,Welterweight,19,C+,58,1.0,False,0.0,False,False,0.7857142857142857,187.96,198.12,0.5789,11.5455,0.4762,0.6041,0.1811,0.1759,0.5758,0.7742,78.9394,0.0,3.0303,,8.62,9.15,9.85,3.27,6.52,8.2,6.62,7.42,7.28,8.29,7.72,3.07,8.02,5.5,-0.1791,1.7841,-0.9517
Anthony Njokuani,Lightweight,8,E,10,,False,0.0,False,False,0.5714285714285714,185.42,190.5,0.125,18.5652,0.4495,0.6261,0.2412,0.1522,0.1304,0.5323,5.2174,0.0,0.2174,,7.92,7.74,4.77,7.46,5.23,8.92,8.45,6.66,2.58,3.67,1.16,3.07,1.38,5.5,-0.9049,-0.8501,-0.5884
Anthony Perosh,Light Heavyweight,12,E,11,,False,0.0,False,False,0.6,190.5,190.5,0.1667,8.3889,0.4314,0.5394,0.1391,0.1523,0.5,0.3333,51.7778,0.25,3.5556,,9.22,7.74,5.94,1.79,4.36,4.96,5.06,6.67,6.7,1.76,5.7,8.82,8.64,5.5,1.0453,0.5525,0.4635
Anthony Pettis,Lightweight,20,B+,70,1.0,True,1.0,False,False,0.7058823529411765,177.8,182.88,0.15,15.0784,0.484,0.5291,0.143,0.0689,0.1569,0.5588,31.7451,0.2,1.1569,,5.37,5.47,5.48,5.47,6.91,4.49,5.31,2.99,2.98,4.11,3.5,8.21,3.77,5.5,-0.2256,0.4215,-0.9286
Anthony Rocco Martin,Welterweight,15,D,33,15.0,False,0.0,False,False,0.7391304347826086,182.88,185.42,0.0667,12.4634,0.3719,0.5828,0.182,0.0822,0.2195,0.6875,70.9512,0.2,1.0,,7.04,6.25,3.62,3.85,2.04,7.34,6.65,3.59,3.78,6.63,7.21,8.21,3.22,5.5,-0.0717,-0.1289,0.2104
Anthony Smith,Light Heavyweight,25,C+,56,2.0,False,0.0,False,False,0.6333333333333333,193.04,193.04,0.24,14.0,0.5006,0.4438,0.1881,0.0762,0.1333,0.5,16.3833,0.2,0.6167,,9.68,8.37,7.56,4.79,7.67,1.73,6.89,3.35,2.62,3.27,2.05,8.21,2.12,5.5,-0.7764,0.7826,-0.4771
Antoni Hardonk,Heavyweight,8,E,10,,False,0.0,False,False,0.5714285714285714,193.04,198.12,0.5,12.4286,0.6148,0.4696,0.2701,0.3908,0.0,0.4,10.2857,0.0,1.7857,,9.68,9.15,9.67,3.79,9.87,2.2,9.04,9.85,1.29,2.23,1.52,3.07,5.51,5.5,-0.1889,0.8478,-0.9364
Antonina Shevchenko,Women's Flyweight,8,D,37,11.0,False,0.0,False,False,0.7142857142857143,172.72,170.18,0.125,16.4,0.5333,0.5285,0.1128,0.1982,0.15,0.4848,66.95,0.125,2.25,,3.71,2.24,4.77,6.32,8.76,4.44,3.91,7.99,2.86,3.08,6.93,6.62,6.67,5.5,0.6881,0.3319,-1.6832
Antonio Carlos Junior,Middleweight,13,D,37,11.0,False,0.0,False,False,0.6875,187.96,200.66,0.0,9.0625,0.4258,0.5281,0.1448,0.1,1.0625,0.5333,131.6875,0.3846,2.3125,,8.62,9.39,2.21,2.06,4.12,4.41,5.37,4.46,9.39,3.69,9.66,9.67,6.81,5.5,1.2458,0.4037,0.4984
Antonio Rodrigo Nogueira,Heavyweight,11,D+,43,7.0,False,0.0,False,False,0.7727272727272727,190.5,195.58,0.0909,12.0,0.408,0.561,0.0492,0.1856,0.3636,0.375,63.8636,0.1818,0.5,,9.22,8.81,4.07,3.54,3.3,6.11,1.58,7.68,5.51,2.04,6.68,7.87,1.86,5.5,0.0413,-0.3942,2.1366
Antonio Silva,Heavyweight,11,C,51,4.0,False,0.0,False,False,0.6129032258064516,193.04,208.28,0.2727,10.2105,0.5079,0.4121,0.2474,0.2165,0.0,0.6154,17.0,0.0,1.0526,,9.68,9.73,7.98,2.58,7.93,1.34,8.64,8.33,1.29,5.07,2.1,3.07,3.35,5.5,-0.6493,-0.3666,-1.188
Aoriqileng,Bantamweight,9,E,11,,False,0.0,False,False,0.6756756756756757,170.18,175.26,0.2222,20.55,0.4988,0.4866,0.1144,0.056,0.35,0.5833,33.7,0.0,2.3,,2.97,3.2,7.28,8.3,7.55,2.62,4.0,2.31,5.34,4.47,3.7,3.07,6.76,5.5,-0.7564,-0.0977,-0.5503
Ariane Carnelossi,Women's Strawweight,6,E,14,,False,0.0,False,False,0.8333333333333334,157.48,154.94,0.1667,11.375,0.3864,0.4423,0.2033,0.1648,0.3125,0.2273,47.3125,0.1667,0.9375,,1.1,1.06,5.94,3.17,2.45,1.71,7.41,7.11,4.96,1.24,5.29,7.58,3.03,5.5,0.4216,1.2445,-1.8944
Ariane da Silva,Women's Flyweight,14,D,37,11.0,False,0.0,False,False,0.6071428571428571,167.64,170.18,0.0,18.5714,0.4114,0.5056,0.12,0.14,0.1429,0.68,38.2857,0.1429,1.2857,,2.25,2.24,2.21,7.47,3.43,3.26,4.24,6.26,2.75,6.49,4.27,7.04,4.05,5.5,-0.6567,-0.4192,-0.6556
Arman Tsarukyan,Lightweight,12,C+,58,1.0,False,0.0,False,False,0.88,170.18,182.88,0.3333,17.7188,0.5004,0.5486,0.1182,0.0741,1.0,0.75,116.8438,0.0833,5.5,,2.97,5.47,8.71,7.05,7.65,5.46,4.16,3.27,9.28,7.9,9.38,5.84,9.63,5.5,0.8494,0.7634,0.2215
Armen Petrosyan,Middleweight,7,E,10,,False,0.0,False,False,0.6428571428571429,190.5,180.34,0.0,29.2353,0.5304,0.5309,0.4547,0.0483,0.0588,0.4167,17.7059,0.0,1.0,,9.22,4.7,2.21,9.86,8.67,4.6,9.95,2.02,1.77,2.35,2.21,3.07,3.22,5.5,-1.5199,-1.7936,0.7269
Arnold Allen,Featherweight,15,C+,55,3.0,False,0.0,False,False,0.8695652173913043,172.72,177.8,0.1333,16.6304,0.4399,0.6021,0.085,0.0392,0.3913,0.7308,41.8043,0.1333,1.1739,,3.71,3.88,4.94,6.44,4.75,8.11,2.72,1.68,5.77,7.55,4.68,6.76,3.8,5.5,-0.6509,0.2121,-0.6924
Artem Lobov,Featherweight,7,E,9,,False,0.0,False,False,0.4642857142857143,175.26,165.1,0.0,17.6087,0.4145,0.5054,0.3235,0.042,0.1304,0.52,31.2174,0.0,0.2609,,4.48,1.58,2.21,7.01,3.59,3.24,9.6,1.85,2.58,3.51,3.46,3.07,1.46,5.5,-0.8912,-1.4228,-0.6804
Ashlee Evans-Smith,Women's Bantamweight,9,D+,40,10.0,False,0.0,False,False,0.5,172.72,170.18,0.1111,19.3913,0.3407,0.5386,0.1839,0.2197,0.3043,0.5,35.2174,0.0,1.6957,,3.71,2.24,4.47,7.86,1.46,4.9,6.76,8.39,4.82,3.27,3.9,3.07,5.21,5.5,-0.4465,-0.6787,0.8572
Ashley Yoder,Women's Strawweight,11,E,10,,False,0.0,False,False,0.47058823529411764,170.18,175.26,0.0,17.0909,0.3917,0.4705,0.1135,0.0851,0.3636,0.6667,79.1818,0.0,2.8182,,2.97,3.2,2.21,6.69,2.61,2.25,3.95,3.74,5.51,6.2,7.73,3.07,7.74,5.5,0.4368,-1.1447,0.3297
Askar Askarov,Flyweight,5,C+,57,2.0,False,0.0,False,False,0.9333333333333333,167.64,170.18,0.0,15.2667,0.5401,0.5792,0.1266,0.1048,0.8667,0.6667,93.9333,0.0,2.0667,,2.25,2.24,2.21,5.64,8.91,7.16,4.54,4.68,8.85,6.2,8.66,3.07,6.23,5.5,0.5117,-1.4583,0.85
Aspen Ladd,Women's Bantamweight,7,C+,56,2.0,False,0.0,False,False,0.75,167.64,167.64,0.4286,16.1111,0.47,0.4703,0.0517,0.1793,0.4444,0.625,89.3889,0.0,5.6667,,2.25,1.88,9.46,6.11,6.21,2.24,1.63,7.54,6.21,5.23,8.47,3.07,9.67,5.5,0.959,1.4722,-0.4526
Asu Almabayev,Flyweight,7,D+,44,7.0,False,0.0,False,False,0.88,162.56,165.1,0.0,10.5,0.5097,0.5383,0.219,0.1095,1.35,0.4444,126.75,0.2857,2.55,,1.42,1.58,2.21,2.7,8.01,4.87,7.9,4.95,9.77,2.63,9.58,9.09,7.31,5.5,1.3847,0.2079,0.8687
Ateba Gautier,Middleweight,5,E,13,,False,0.0,False,False,0.8888888888888888,193.04,205.74,0.8,13.75,0.3754,0.5385,0.0364,0.1091,0.125,1.0,0.625,0.0,0.625,,9.68,9.68,9.99,4.6,2.14,4.89,1.38,4.92,2.48,9.9,1.03,3.07,2.14,5.5,-2.5974,3.05,-0.6789
Augusto Sakai,Heavyweight,9,D+,42,8.0,False,0.0,False,False,0.7619047619047619,190.5,195.58,0.2222,18.6957,0.4931,0.4564,0.1256,0.3488,0.087,0.375,44.7391,0.0,0.8696,,9.22,8.81,7.28,7.55,7.31,1.94,4.51,9.72,2.09,2.04,4.99,3.07,2.79,5.5,-0.5655,-0.6439,-0.2923
Austen Lane,Heavyweight,7,E,10,,False,0.0,False,False,0.65,198.12,203.2,0.0,7.7273,0.5152,0.3623,0.2,0.0118,0.3636,0.5,78.1818,0.0,1.0909,,9.93,9.58,2.21,1.54,8.2,1.08,7.27,1.09,5.51,3.27,7.67,3.07,3.52,5.5,-0.1336,-1.8665,-0.964
Austin Hubbard,Lightweight,12,E,11,,False,0.0,False,False,0.6296296296296297,177.8,180.34,0.0833,19.4375,0.4203,0.5517,0.1929,0.0643,0.5312,0.6818,51.2188,0.0,1.0625,,5.37,4.7,3.93,7.87,3.93,5.63,7.07,2.69,6.92,6.51,5.64,3.07,3.39,5.5,-0.4473,-1.109,0.82
Austin Lingo,Featherweight,5,E,10,,False,0.0,False,False,0.75,177.8,177.8,0.0,19.0714,0.3766,0.5741,0.0674,0.0112,0.1429,0.7556,29.0,0.0,0.0,,5.37,3.88,2.21,7.7,2.19,6.85,2.04,1.08,2.75,8.03,3.23,3.07,1.03,5.5,-1.4764,-1.3995,-0.2232
Azamat Murzakanov,Light Heavyweight,7,D+,46,6.0,False,0.0,False,False,1.0,177.8,180.34,0.7143,17.6875,0.5649,0.5584,0.0389,0.0636,0.1875,0.8889,23.0,0.0,4.3125,,5.37,4.7,9.97,7.04,9.39,5.94,1.4,2.66,3.35,9.52,2.71,3.07,9.19,5.5,-0.9595,2.6387,-0.3827
BJ Penn,Lightweight,27,E,13,,False,0.0,False,False,0.5333333333333333,175.26,177.8,0.2593,12.974,0.4755,0.5687,0.0541,0.2102,0.3377,0.7622,45.2597,0.1481,2.0909,,4.48,3.88,7.81,4.16,6.47,6.54,1.71,8.2,5.27,8.11,5.03,7.23,6.29,5.5,0.1414,0.7382,-1.3715
Bartosz Fabinski,Welterweight,6,E,10,,False,0.0,False,False,0.75,182.88,190.5,0.0,9.4167,0.6807,0.5132,0.0973,0.4425,2.0,0.8,200.8333,0.0,2.75,,7.04,7.74,2.21,2.22,9.97,3.67,3.22,9.94,9.99,8.62,9.99,3.07,7.67,5.5,2.0789,-1.8449,-1.0247
Batgerel Danaa,Bantamweight,7,E,10,,False,0.0,False,False,0.7058823529411765,170.18,177.8,0.4286,22.2143,0.3655,0.474,0.1254,0.0579,0.1429,0.625,7.5,0.0,2.4286,,2.97,3.88,9.46,8.89,1.9,2.35,4.5,2.39,2.75,5.23,1.33,3.07,7.08,5.5,-1.2987,1.4198,0.519
Bec Rawlings,Women's Strawweight,7,D,34,14.0,False,0.0,False,False,0.4666666666666667,167.64,162.56,0.0,21.0,0.4281,0.5732,0.127,0.172,0.2222,0.6842,42.0556,0.1429,1.1111,,2.25,1.36,2.21,8.51,4.21,6.79,4.58,7.35,3.84,6.57,4.72,7.04,3.62,5.5,-0.4092,-0.0872,-0.2574
Belal Muhammad,Welterweight,21,B,61,1.0,True,0.0,False,False,0.8571428571428571,180.34,182.88,0.0952,21.3284,0.4334,0.556,0.0826,0.0504,0.6866,0.9038,68.209,0.0476,1.7761,,6.22,5.47,4.14,8.63,4.5,5.84,2.64,2.08,7.99,9.64,7.03,5.23,5.49,5.5,-0.565,-0.866,1.39
Ben Nguyen,Flyweight,7,D+,42,8.0,False,0.0,False,False,0.6666666666666666,165.1,165.1,0.1429,15.0,0.4008,0.5937,0.119,0.1476,0.0714,0.6316,27.3571,0.2857,1.0714,,1.73,1.58,5.23,5.45,2.99,7.82,4.2,6.52,1.93,5.38,3.06,9.09,3.43,5.5,-0.6988,1.1418,-0.3682
Ben Rothwell,Heavyweight,17,C,51,4.0,False,0.0,False,False,0.7358490566037735,193.04,198.12,0.2353,17.025,0.4332,0.4471,0.1116,0.1263,0.225,0.5926,48.425,0.1765,1.45,,9.68,9.15,7.49,6.65,4.48,1.78,3.83,5.69,3.91,4.68,5.39,7.81,4.56,5.5,-0.5841,0.385,0.7846
Ben Saunders,Welterweight,19,E,13,,False,0.0,False,False,0.6285714285714286,187.96,195.58,0.1579,13.1351,0.5021,0.5114,0.1049,0.3292,0.0541,0.6667,25.8919,0.1579,1.1081,,8.62,8.81,5.65,4.24,7.73,3.56,3.54,9.61,1.73,6.2,2.92,7.36,3.61,5.5,-0.1678,0.1751,-0.7197
Beneil Dariush,Lightweight,26,C+,54,3.0,False,0.0,False,False,0.7931034482758621,177.8,182.88,0.1154,16.0769,0.4915,0.5723,0.1675,0.1531,0.6346,0.8269,104.9808,0.1923,2.8269,,5.37,5.47,4.61,6.09,7.25,6.73,6.19,6.71,7.72,8.99,9.09,7.96,7.76,5.5,0.2655,0.1577,0.1524
Benoit Saint Denis,Lightweight,12,C,48,5.0,False,0.0,False,False,0.8333333333333334,180.34,185.42,0.4167,21.9545,0.5855,0.4217,0.1077,0.1801,1.0909,0.7222,111.5455,0.3333,6.9091,,6.22,6.25,9.4,8.8,9.64,1.43,3.68,7.57,9.43,7.35,9.3,9.43,9.87,5.5,0.8957,2.6857,1.9857
Benson Henderson,Lightweight,14,A,80,1.0,True,3.0,False,False,0.7741935483870968,175.26,177.8,0.0,15.8846,0.4586,0.6457,0.2627,0.1864,0.6154,0.6543,74.9615,0.1429,2.9231,,4.48,3.88,2.21,5.98,5.71,9.38,8.92,7.7,7.58,5.87,7.49,7.04,7.89,5.5,0.436,-0.8007,-0.1863
Bethe Correia,Women's Bantamweight,12,C,47,5.0,False,0.0,False,False,0.6470588235294118,165.1,162.56,0.0833,20.1212,0.4383,0.5604,0.1807,0.131,0.1212,0.8571,35.697,0.0,0.1212,,1.73,1.36,3.93,8.13,4.72,6.04,6.6,5.91,2.43,9.28,3.96,3.07,1.2,5.5,-0.9471,-0.8518,-0.3875
Bill Algeo,Featherweight,10,E,11,,False,0.0,False,False,0.6666666666666666,182.88,185.42,0.1,24.96,0.5123,0.4912,0.1955,0.101,0.36,0.5385,52.36,0.1,2.52,,7.04,6.25,4.23,9.45,8.11,2.74,7.11,4.49,5.47,3.78,5.77,6.13,7.25,5.5,-0.51,-0.2047,-0.2427
Billy Quarantillo,Featherweight,11,E,12,,False,0.0,False,False,0.72,177.8,177.8,0.2727,30.8214,0.5221,0.4304,0.0765,0.1715,0.4643,0.6136,71.0,0.0909,5.0714,,5.37,3.88,7.98,9.91,8.39,1.52,2.41,7.33,6.39,5.04,7.23,5.95,9.46,5.5,-0.0568,0.7863,2.4616
Blagoy Ivanov,Heavyweight,8,D+,42,8.0,False,0.0,False,False,0.76,180.34,185.42,0.0,16.2308,0.405,0.5349,0.019,0.0877,0.2308,0.6154,25.4615,0.0,0.3077,,6.22,6.25,2.21,6.18,3.17,4.72,1.17,3.89,4.0,5.07,2.88,3.07,1.52,5.5,-0.8066,-1.8396,0.5375
Bo Nickal,Middleweight,6,D,34,15.0,False,0.0,False,False,0.875,185.42,193.04,0.3333,12.9167,0.6102,0.5968,0.1742,0.0839,0.5833,1.0,69.0833,0.3333,1.0,,7.92,8.37,8.71,4.12,9.84,7.94,6.4,3.65,7.33,9.9,7.12,9.43,3.22,5.5,-0.3671,2.1607,0.2633
Bogdan Guskov,Light Heavyweight,6,D+,43,8.0,False,0.0,False,False,0.8571428571428571,190.5,193.04,0.5,19.9,0.559,0.4455,0.0754,0.0553,0.0,0.5714,37.4,0.1667,7.1,,9.22,8.37,9.67,8.02,9.3,1.76,2.33,2.25,1.29,4.28,4.2,7.58,9.9,5.5,-0.366,2.294,-0.4039
Bojan Velickovic,Welterweight,6,E,10,,False,0.0,False,False,0.7142857142857143,182.88,193.04,0.1667,10.8333,0.3482,0.5758,0.3744,0.0974,0.2222,0.5517,25.5556,0.0,0.5556,,7.04,8.37,5.94,2.9,1.61,6.96,9.84,4.29,3.84,3.97,2.91,3.07,2.0,5.5,-0.2165,-0.7344,-0.3258
Bolaji Oki,Lightweight,5,E,10,,False,0.0,False,False,0.7692307692307693,177.8,185.42,0.0,28.8333,0.447,0.611,0.0867,0.0723,0.3333,0.75,33.6667,0.0,0.9167,,5.37,6.25,2.21,9.85,5.14,8.44,2.76,3.17,5.18,7.9,3.69,3.07,2.98,5.5,-1.4254,-1.5509,1.1487
Brad Blackburn,Welterweight,5,E,9,,False,0.0,False,False,0.5806451612903226,177.8,185.42,0.2,21.0,0.3555,0.6532,0.2347,0.0544,0.2857,0.7692,41.5714,0.0,1.6429,,5.37,6.25,6.75,8.51,1.68,9.55,8.25,2.21,4.65,8.22,4.65,3.07,5.07,5.5,-1.5674,-0.4766,1.8013
Brad Katona,Bantamweight,9,E,11,,False,0.0,False,False,0.7619047619047619,167.64,162.56,0.0,23.28,0.5248,0.5026,0.1615,0.1478,0.6,0.6154,82.8,0.0,2.84,,2.25,1.36,2.21,9.12,8.48,3.08,5.93,6.53,7.45,5.07,7.99,3.07,7.77,5.5,0.1058,-1.7431,0.2888
Brad Pickett,Bantamweight,14,C,47,5.0,False,0.0,False,False,0.6410256410256411,167.64,172.72,0.0714,14.0909,0.324,0.5609,0.2022,0.1204,0.6364,0.6053,59.6061,0.0714,1.7576,,2.25,2.69,3.71,4.88,1.28,6.1,7.34,5.45,7.74,4.94,6.42,5.63,5.41,5.5,0.1882,-0.7108,0.1973
Brad Riddell,Lightweight,7,D,36,12.0,False,0.0,False,False,0.7142857142857143,170.18,180.34,0.0,21.1765,0.5365,0.5361,0.1306,0.0444,0.5294,0.6341,33.2353,0.0,2.7647,,2.97,4.7,2.21,8.58,8.84,4.77,4.75,1.89,6.9,5.46,3.64,3.07,7.68,5.5,-0.4557,-1.5897,0.0135
Brad Scott,Middleweight,8,E,10,,False,0.0,False,False,0.6470588235294118,185.42,193.04,0.0,17.2105,0.4155,0.5725,0.1621,0.1437,0.1053,0.6364,51.5789,0.25,0.6842,,7.92,8.37,2.21,6.72,3.67,6.74,5.96,6.38,2.27,5.49,5.69,8.82,2.33,5.5,-0.7594,-0.3238,0.6907
Brad Tavares,Middleweight,28,D+,42,8.0,False,0.0,False,False,0.6363636363636364,185.42,187.96,0.0714,16.1429,0.4371,0.5492,0.2349,0.1207,0.2208,0.8028,36.3377,0.0,0.5714,,7.92,7.01,3.71,6.12,4.68,5.49,8.26,5.48,3.79,8.69,4.04,3.07,2.05,5.5,-0.8847,-1.3904,-0.2338
Brandon Davis,Featherweight,9,E,10,,False,0.0,False,False,0.5833333333333334,177.8,182.88,0.0,19.0,0.385,0.582,0.2677,0.0641,0.2609,0.5763,20.5652,0.1111,0.8696,,5.37,5.47,2.21,7.66,2.41,7.28,9.0,2.68,4.37,4.36,2.53,6.35,2.79,5.5,-0.7295,-0.7441,-0.0895
Brandon Moreno,Flyweight,20,B,61,1.0,True,0.0,False,False,0.7419354838709677,170.18,177.8,0.15,18.6857,0.444,0.5986,0.1009,0.055,0.4429,0.6533,52.8714,0.15,1.2714,,2.97,3.88,5.48,7.54,4.94,8.01,3.35,2.24,6.18,5.85,5.79,7.24,4.01,5.5,-0.5805,0.3716,0.0568
Brandon Royval,Flyweight,12,C+,58,1.0,False,0.0,False,False,0.68,175.26,172.72,0.0833,24.7742,0.4154,0.4304,0.0703,0.0469,0.1935,0.4516,18.4194,0.25,1.871,,4.48,2.69,3.93,9.42,3.64,1.52,2.11,1.97,3.45,2.72,2.28,8.82,5.76,5.5,-0.8298,0.58,1.457
Brandon Thatch,Welterweight,6,E,10,,False,0.0,False,False,0.6875,187.96,187.96,0.3333,10.8182,0.4281,0.528,0.2101,0.2605,0.3636,0.5,8.3636,0.0,0.8182,,8.62,7.01,8.71,2.87,4.21,4.39,7.6,9.06,5.51,3.27,1.39,3.07,2.61,5.5,-0.7506,0.3057,-0.8487
Brandon Vera,Light Heavyweight,16,E,13,,False,0.0,False,False,0.6818181818181818,190.5,198.12,0.25,13.5946,0.5583,0.5248,0.3579,0.34,0.2162,0.6042,43.2432,0.0625,1.1622,,9.22,9.15,7.69,4.49,9.29,4.29,9.79,9.66,3.76,4.9,4.86,5.45,3.77,5.5,-0.4191,-0.091,-1.3421
Brendan Allen,Middleweight,18,C,51,4.0,False,0.0,False,False,0.78125,187.96,190.5,0.1111,16.5556,0.5318,0.4797,0.1275,0.0617,0.4667,0.5476,87.6444,0.3889,2.8444,,8.62,7.74,4.47,6.39,8.71,2.47,4.59,2.61,6.4,3.89,8.34,9.69,7.78,5.5,0.671,1.1191,0.1844
Brendan Schaub,Heavyweight,11,D,35,13.0,False,0.0,False,False,0.6666666666666666,193.04,198.12,0.2727,11.9474,0.3771,0.5721,0.0132,0.2643,0.6316,0.7273,77.6316,0.0909,2.6842,,9.68,9.15,7.98,3.51,2.22,6.69,1.11,9.11,7.7,7.48,7.62,5.95,7.54,5.5,0.2195,0.0918,0.4637
Brendson Ribeiro,Light Heavyweight,7,E,10,,False,0.0,False,False,0.6538461538461539,190.5,205.74,0.0,10.75,0.4188,0.513,0.2481,0.0233,0.25,0.2143,11.0833,0.1429,0.0833,,9.22,9.68,2.21,2.81,3.85,3.67,8.65,1.27,4.25,1.23,1.59,7.04,1.12,5.5,-0.3874,-1.2357,-0.4563
Brett Johns,Bantamweight,7,D,36,13.0,False,0.0,False,False,0.8947368421052632,170.18,180.34,0.0,13.3158,0.4903,0.5343,0.0316,0.1265,1.5263,0.5833,142.3158,0.2857,4.4737,,2.97,4.7,2.21,4.36,7.21,4.69,1.35,5.7,9.86,4.47,9.82,9.09,9.27,5.5,2.2745,0.2413,0.39
Brian Ebersole,Welterweight,8,E,11,,False,0.0,False,False,0.7391304347826086,182.88,185.42,0.125,12.05,0.4898,0.5672,0.2448,0.1743,0.5,0.4167,100.45,0.0,2.85,,7.04,6.25,4.77,3.58,7.19,6.43,8.55,7.38,6.7,2.35,8.93,3.07,7.78,5.5,0.6842,-1.0251,0.1048
Brian Foster,Welterweight,5,E,10,,False,0.0,False,False,0.7297297297297297,175.26,180.34,0.4,10.125,0.399,0.6522,0.0741,0.0617,0.75,0.375,50.75,0.2,5.375,,4.48,4.7,9.27,2.52,2.9,9.52,2.26,2.61,8.27,2.04,5.58,8.21,9.58,5.5,1.5709,1.8428,-0.4445
Brian Johnston,Heavyweight,6,E,9,,False,0.0,False,False,0.5,190.5,,0.3333,4.8333,0.5472,0.4,0.2069,0.4828,0.3333,0.2,47.5971,0.0,1.1667,,9.22,9.9,8.71,1.1,9.11,1.21,7.49,9.98,5.18,1.19,5.31,3.07,3.79,5.5,1.2233,-0.1127,-1.972
Brian Kelleher,Bantamweight,17,D,33,15.0,False,0.0,False,False,0.6,167.64,167.64,0.1176,13.8125,0.4139,0.5462,0.1968,0.0656,0.4688,0.6,64.1562,0.1765,2.125,,2.25,1.88,4.63,4.64,3.57,5.31,7.16,2.78,6.43,4.83,6.74,7.81,6.39,5.5,0.2604,0.3828,-0.4944
Brian Ortega,Featherweight,14,C+,58,1.0,False,0.0,False,False,0.7619047619047619,172.72,175.26,0.2143,17.6667,0.3734,0.4928,0.1051,0.066,0.2857,0.5455,23.7619,0.2857,0.8571,,3.71,3.2,7.13,7.03,2.08,2.82,3.57,2.81,4.65,3.85,2.74,9.09,2.74,5.5,-0.7162,1.6536,1.1356
Brian Stann,Light Heavyweight,11,E,11,,False,0.0,False,False,0.6666666666666666,185.42,187.96,0.2727,13.875,0.433,0.5912,0.2823,0.2252,0.0,0.5536,43.1667,0.0909,2.8333,,7.92,7.01,7.98,4.72,4.47,7.7,9.16,8.52,1.29,3.99,4.85,5.95,7.76,5.5,-0.3842,0.2522,-0.6112
Brock Larson,Welterweight,6,E,14,,False,0.0,False,False,0.8076923076923077,180.34,180.34,0.0,5.3846,0.4605,0.553,0.1571,0.3571,0.6923,0.4348,84.6154,0.3333,1.9231,,6.22,4.7,2.21,1.15,5.83,5.69,5.77,9.75,8.04,2.49,8.11,9.43,5.88,5.5,1.7399,0.2061,0.3246
Brock Lesnar,Heavyweight,8,B+,71,8.0,True,2.0,False,False,0.625,190.5,205.74,0.25,14.2,0.7196,0.5095,0.0657,0.1315,1.0,0.6,133.0,0.125,10.2667,,9.22,9.68,7.69,4.95,9.98,3.47,2.01,5.93,9.28,4.83,9.69,6.62,10.0,5.5,1.7511,0.0922,-0.294
Bruna Brasil,Women's Strawweight,8,E,11,,False,0.0,False,False,0.6875,167.64,165.1,0.0,11.8696,0.5471,0.5233,0.1758,0.1905,0.3478,0.5641,38.4783,0.0,0.3913,,2.25,1.58,2.21,3.44,9.11,4.19,6.47,7.8,5.31,4.17,4.29,3.07,1.68,5.5,-0.0546,-1.1251,-1.9144
Brunno Ferreira,Middleweight,9,D,34,15.0,False,0.0,False,False,0.875,177.8,182.88,0.3333,15.0,0.5012,0.5193,0.1238,0.0429,0.3571,0.5882,18.9286,0.2222,0.6429,,5.37,5.47,8.71,5.45,7.7,3.99,4.43,1.87,5.44,4.56,2.34,8.6,2.22,5.5,-1.0364,1.5207,0.5671
Bruno Silva,Flyweight,22,D,33,15.0,False,0.0,False,False,0.6666666666666666,162.56,165.1,0.3182,16.6275,0.4971,0.4742,0.1415,0.0849,0.4118,0.7361,43.3333,0.0909,1.9608,,1.42,1.58,8.51,6.43,7.45,2.36,5.19,3.72,5.92,7.64,4.87,5.95,5.99,5.5,-0.7663,1.0285,-0.4571
Bryan Barberena,Welterweight,19,E,13,,False,0.0,False,False,0.6,182.88,182.88,0.2105,25.3404,0.4804,0.4418,0.1679,0.1696,0.0426,0.5,22.1064,0.0526,1.9574,,7.04,5.47,7.09,9.56,6.71,1.7,6.2,7.31,1.65,3.27,2.63,5.3,5.96,5.5,-1.151,-0.1072,0.3972
Bryan Battle,Welterweight,9,E,15,,False,0.0,False,False,0.8666666666666667,185.42,195.58,0.3333,20.8947,0.5293,0.4423,0.0882,0.2217,0.2105,0.5357,65.5789,0.2222,0.1579,,7.92,8.81,8.71,8.46,8.65,1.71,2.82,8.42,3.65,3.72,6.82,8.6,1.27,5.5,-1.0193,1.6747,0.3384
Bryan Caraway,Bantamweight,10,C+,54,3.0,False,0.0,False,False,0.7,172.72,172.72,0.0,11.8846,0.3453,0.544,0.0939,0.1068,0.7308,0.7619,85.7692,0.4,0.2692,,3.71,2.69,2.21,3.46,1.56,5.17,3.05,4.83,8.18,8.1,8.18,9.73,1.48,5.5,0.251,1.1507,1.4559
Bryce Mitchell,Featherweight,12,D+,42,9.0,False,0.0,False,False,0.8181818181818182,177.8,177.8,0.0833,10.5,0.5943,0.587,0.1333,0.0762,1.0,0.3333,145.9,0.0833,3.8333,,5.37,3.88,3.93,2.7,9.74,7.46,4.81,3.35,9.28,1.76,9.84,5.84,8.9,5.5,1.8329,-0.5039,0.31
CB Dollaway,Middleweight,20,E,13,,False,0.0,False,False,0.6538461538461539,187.96,193.04,0.1,11.1795,0.4749,0.5445,0.1284,0.1353,1.0,0.625,97.3333,0.1,3.3077,,8.62,8.37,4.23,3.06,6.44,5.23,4.65,6.09,9.28,5.23,8.81,6.13,8.37,5.5,1.2924,-0.7059,0.2677
CJ Vergara,Flyweight,8,E,10,,False,0.0,False,False,0.631578947368421,167.64,172.72,0.125,23.0,0.5679,0.5344,0.1425,0.0845,0.0,0.6,35.8333,0.0,4.6667,,2.25,2.69,4.77,9.07,9.42,4.7,5.26,3.68,1.29,4.83,3.99,3.07,9.35,5.5,-0.0747,-0.6906,-1.3457
Cain Velasquez,Heavyweight,15,B+,72,1.0,True,2.0,False,False,0.8235294117647058,185.42,195.58,0.6667,24.7931,0.5757,0.5764,0.1391,0.2712,1.1724,0.75,138.6897,0.0,9.1034,,7.92,8.81,9.93,9.43,9.54,7.0,5.06,9.19,9.57,7.9,9.77,3.07,9.96,5.5,0.2926,1.7326,2.3935
Caio Borralho,Middleweight,9,C,52,4.0,False,0.0,False,False,0.8947368421052632,185.42,190.5,0.1111,15.8276,0.551,0.5982,0.1678,0.037,0.3448,0.7368,77.1724,0.1111,2.2069,,7.92,7.74,4.47,5.94,9.16,8.0,6.19,1.58,5.29,7.66,7.57,6.35,6.58,5.5,-0.1416,-0.5152,-0.6511
Caio Magalhaes,Middleweight,7,E,11,,False,0.0,False,False,0.7692307692307693,185.42,185.42,0.2857,9.2143,0.4019,0.5635,0.2093,0.2171,0.2857,0.5833,63.7143,0.1429,1.7143,,7.92,6.25,8.17,2.12,3.04,6.24,7.57,8.34,4.65,4.47,6.65,7.04,5.29,5.5,0.4264,0.7003,0.8376
Calvin Kattar,Featherweight,15,C,51,4.0,False,0.0,False,False,0.696969696969697,180.34,182.88,0.2667,20.7872,0.3797,0.5479,0.088,0.0164,0.1064,0.7727,8.1277,0.0,1.1277,,6.22,5.47,7.89,8.42,2.3,5.41,2.81,1.12,2.29,8.27,1.37,3.07,3.68,5.5,-1.2333,0.2354,0.0314
Cameron Saaiman,Bantamweight,6,E,10,,False,0.0,False,False,0.75,172.72,170.18,0.3333,23.1538,0.4871,0.5021,0.2292,0.0764,0.2308,0.5,63.0,0.0,5.0769,,3.71,2.24,8.71,9.1,7.07,3.07,8.13,3.36,4.0,3.27,6.59,3.07,9.47,5.5,0.9384,0.6399,-0.1108
Caol Uno,Lightweight,10,E,11,,False,0.0,False,False,0.6346153846153846,170.18,177.8,0.1,9.8519,0.5462,0.4858,0.4173,0.218,0.7407,0.2692,103.0741,0.0,3.4074,,2.97,3.88,4.23,2.38,9.08,2.61,9.91,8.35,8.23,1.38,9.01,3.07,8.49,5.5,1.8488,-1.1045,-1.1451
Carla Esparza,Women's Strawweight,16,B,61,1.0,True,0.0,False,False,0.7142857142857143,154.94,160.02,0.0625,10.4681,0.3945,0.5439,0.1179,0.128,1.0426,0.4722,81.0213,0.0625,3.1702,,1.04,1.2,3.58,2.69,2.7,5.16,4.15,5.76,9.36,2.91,7.85,5.45,8.21,5.5,1.5089,-0.2918,0.1176
Carlos Condit,Welterweight,19,B,61,2.0,True,0.0,False,False,0.6956521739130435,187.96,190.5,0.2632,18.6296,0.3857,0.5454,0.2376,0.0885,0.1667,0.3448,28.6481,0.0,2.3333,,8.62,7.74,7.85,7.5,2.42,5.26,8.32,3.93,3.1,1.84,3.18,3.07,6.85,5.5,-0.3692,-0.1385,0.4771
Carlos Felipe,Heavyweight,5,E,13,,False,0.0,False,False,0.8461538461538461,182.88,190.5,0.0,24.4,0.4552,0.5059,0.0656,0.1093,0.0,0.7273,14.2,0.0,0.4667,,7.04,7.74,2.21,9.32,5.57,3.28,2.0,4.93,1.29,7.48,1.79,3.07,1.8,5.5,-1.2266,-1.8228,0.9521
Carlos Hernandez,Flyweight,7,E,10,,False,0.0,False,False,0.6666666666666666,172.72,170.18,0.0,15.9375,0.4474,0.5069,0.1137,0.1765,0.5625,0.64,45.5625,0.0,0.875,,3.71,2.24,2.21,6.01,5.17,3.32,3.96,7.45,7.2,5.56,5.07,3.07,2.82,5.5,-0.3213,-1.425,-0.0421
Carlos Newton,Welterweight,7,B,60,,True,0.0,False,False,0.5333333333333333,175.26,,0.0,2.75,0.4,0.4153,0.25,0.2273,0.625,0.1765,54.1538,0.4286,0.25,,4.48,9.9,2.21,1.03,2.94,1.38,8.69,8.57,7.66,1.15,5.87,9.84,1.44,5.5,0.7514,0.8277,-0.9428
Carlos Prates,Welterweight,8,C+,56,2.0,False,0.0,False,False,0.7586206896551724,185.42,198.12,0.875,19.9412,0.5407,0.4767,0.2212,0.0088,0.0588,0.7949,13.3529,0.0,1.7059,,7.92,9.15,10.0,8.04,8.92,2.45,7.96,1.04,1.77,8.55,1.7,3.07,5.25,5.5,-2.7315,3.6957,-0.8193
Carlos Ulberg,Light Heavyweight,11,B,62,1.0,True,0.0,False,True,0.9285714285714286,193.04,195.58,0.5455,27.65,0.5603,0.5066,0.226,0.0416,0.15,0.8571,10.75,0.0909,2.1,,9.68,8.81,9.78,9.75,9.33,3.3,8.06,1.82,2.86,9.28,1.54,5.95,6.32,5.5,-2.0599,2.1575,0.7732
Carlston Harris,Welterweight,7,E,11,,False,0.0,False,False,0.7307692307692307,182.88,193.04,0.1429,14.9231,0.4399,0.5415,0.1186,0.067,0.3846,0.5556,55.7692,0.2857,2.0769,,7.04,8.37,5.23,5.39,4.75,5.06,4.17,2.85,5.73,4.04,6.03,9.09,6.24,5.5,-0.5148,0.8784,0.4886
Casey Kenney,Bantamweight,8,D,35,14.0,False,0.0,False,False,0.8,170.18,172.72,0.0,24.3636,0.4527,0.5887,0.209,0.0672,0.3182,0.5556,39.0455,0.125,0.7273,,2.97,2.69,2.21,9.31,5.46,7.55,7.55,2.86,5.05,4.04,4.38,6.62,2.43,5.5,-0.5967,-0.8089,0.7703
Casey O'Neill,Women's Flyweight,8,D+,41,10.0,False,0.0,False,False,0.8333333333333334,167.64,175.26,0.375,35.6316,0.522,0.5759,0.0945,0.0458,0.4211,0.7,67.8947,0.125,5.0526,,2.25,3.2,9.06,9.99,8.38,6.97,3.1,1.94,6.0,6.91,6.99,6.62,9.44,5.5,-0.5101,2.2579,2.181
Cat Zingano,Women's Bantamweight,7,C+,58,1.0,False,0.0,False,False,0.7142857142857143,167.64,172.72,0.2857,10.6471,0.6136,0.4749,0.1547,0.2431,0.7647,0.4286,109.5882,0.0,4.1765,,2.25,2.69,8.17,2.73,9.85,2.39,5.71,8.85,8.33,2.43,9.24,3.07,9.12,5.5,2.2195,0.4286,-1.0154
Cathal Pendred,Welterweight,6,E,14,,False,0.0,False,False,0.8095238095238095,185.42,190.5,0.0,12.1333,0.4472,0.5556,0.489,0.2198,0.8,0.8333,66.3333,0.1667,0.0667,,7.92,7.74,2.21,3.65,5.16,5.83,9.97,8.4,8.49,9.07,6.88,7.58,1.09,5.5,-0.1385,-0.7375,1.5138
Cesar Almeida,Middleweight,5,E,13,,False,0.0,False,False,0.875,185.42,187.96,0.4,14.6667,0.577,0.4608,0.2216,0.1705,0.0,0.4688,14.9167,0.0,1.5833,,7.92,7.01,9.27,5.26,9.56,2.02,7.97,7.31,1.29,2.85,1.84,3.07,4.93,5.5,-0.3267,0.5589,-1.6809
Cezar Ferreira,Middleweight,15,D,33,15.0,False,0.0,False,False,0.6190476190476191,185.42,198.12,0.0,8.7353,0.4286,0.5382,0.2189,0.0606,0.8235,0.8462,87.3529,0.2,1.3529,,7.92,9.15,2.21,1.96,4.24,4.86,7.89,2.55,8.66,9.21,8.31,8.21,4.28,5.5,0.2607,-0.6647,-0.6356
Chad Anheliger,Bantamweight,5,E,9,,False,0.0,False,False,0.6190476190476191,167.64,162.56,0.2,15.2,0.4402,0.5409,0.1754,0.1272,0.2667,0.2727,36.8,0.0,1.7333,,2.25,1.36,6.75,5.58,4.77,4.99,6.45,5.73,4.42,1.41,4.12,3.07,5.33,5.5,-0.1722,-0.2822,-0.7117
Chad Laprise,Lightweight,10,E,12,,False,0.0,False,False,0.7647058823529411,177.8,180.34,0.3,20.5,0.428,0.6528,0.2,0.0683,0.3,0.7857,36.85,0.0,1.65,,5.37,4.7,8.38,8.27,4.2,9.54,7.27,2.95,4.78,8.48,4.14,3.07,5.09,5.5,-1.0392,0.1654,-0.1979
Chad Mendes,Featherweight,14,C+,58,1.0,False,0.0,False,False,0.782608695652174,167.64,167.64,0.4286,13.6071,0.5026,0.6748,0.2388,0.063,0.9643,1.0,63.7143,0.0,3.4643,,2.25,1.88,9.46,4.52,7.76,9.8,8.37,2.64,9.22,9.9,6.65,3.07,8.58,5.5,-0.0064,1.1848,-0.6009
Chael Sonnen,Middleweight,14,D+,44,6.0,False,0.0,False,False,0.6590909090909091,185.42,185.42,0.0,12.8125,0.4556,0.6217,0.2024,0.178,1.1562,0.5769,185.4375,0.1429,6.6562,,7.92,6.25,2.21,4.05,5.6,8.76,7.36,7.5,9.54,4.36,9.98,7.04,9.84,5.5,2.3037,-1.0892,-0.2896
Chan Sung Jung,Featherweight,12,C+,54,3.0,False,0.0,False,False,0.68,170.18,182.88,0.3333,15.7778,0.4098,0.5011,0.0898,0.0563,0.2222,0.7143,32.8889,0.1667,2.3611,,2.97,5.47,8.71,5.89,3.36,3.05,2.87,2.34,3.84,7.18,3.61,7.58,6.9,5.5,-0.3178,1.6377,-0.5277
Charles Johnson,Flyweight,14,D,36,12.0,False,0.0,False,False,0.72,175.26,177.8,0.2143,22.8919,0.4988,0.5565,0.2043,0.1417,0.1622,0.6923,19.0811,0.0,1.0541,,4.48,3.88,7.13,9.03,7.55,5.86,7.45,6.32,3.01,6.73,2.36,3.07,3.35,5.5,-1.1229,-0.1171,0.3557
Charles Jourdain,Featherweight,17,E,13,,False,0.0,False,False,0.6666666666666666,175.26,175.26,0.1176,24.9762,0.4943,0.5681,0.1773,0.183,0.119,0.4697,32.4762,0.2353,1.881,,4.48,3.2,4.63,9.46,7.36,6.49,6.51,7.65,2.41,2.86,3.56,8.73,5.8,5.5,-0.9328,0.7554,0.5478
Charles Oliveira,Lightweight,37,B+,70,1.0,True,1.0,False,False,0.7608695652173914,177.8,187.96,0.1081,12.5526,0.5563,0.4895,0.1499,0.1813,0.5921,0.549,80.5658,0.4595,2.9079,,5.37,7.01,4.34,3.91,9.25,2.69,5.56,7.58,7.41,3.92,7.81,9.9,7.86,5.5,1.0251,1.6274,0.5249
Charles Radtke,Welterweight,7,E,10,,False,0.0,False,False,0.6666666666666666,175.26,182.88,0.2857,10.7857,0.5393,0.5474,0.0993,0.0795,0.5714,1.0,132.8571,0.1429,2.7143,,4.48,5.47,8.17,2.85,8.89,5.38,3.28,3.51,7.25,9.9,9.68,7.04,7.6,5.5,0.3926,0.8421,-1.1187
Charles Rosa,Featherweight,13,E,12,,False,0.0,False,False,0.6363636363636364,175.26,175.26,0.0,14.9459,0.3629,0.4718,0.2839,0.0416,0.5405,0.38,41.4054,0.1538,1.027,,4.48,3.2,2.21,5.42,1.83,2.3,9.18,1.82,7.0,2.09,4.61,7.29,3.29,5.5,0.0883,-0.5132,1.1699
Charlie Brenneman,Welterweight,11,E,12,,False,0.0,False,False,0.7037037037037037,177.8,177.8,0.0,6.1429,0.5658,0.4699,0.2016,0.1395,1.1429,0.7273,150.2857,0.0,3.8095,,5.37,3.88,2.21,1.25,9.4,2.23,7.31,6.24,9.51,7.48,9.88,3.07,8.87,5.5,2.3384,-1.8552,-1.4112
Chas Skelly,Featherweight,12,E,16,,False,0.0,False,False,0.8636363636363636,180.34,182.88,0.1667,8.3704,0.4072,0.4901,0.0265,0.2389,0.4815,0.3913,96.7407,0.3333,0.963,,6.22,5.47,5.94,1.78,3.26,2.7,1.28,8.78,6.55,2.15,8.77,9.43,3.13,5.5,1.1723,1.5781,0.5879
Chase Hooper,Featherweight,13,E,16,,False,0.0,False,False,0.8,185.42,187.96,0.1538,19.3077,0.4763,0.4067,0.1076,0.1175,0.8077,0.5,92.8077,0.3077,5.1923,,7.92,7.01,5.57,7.8,6.54,1.29,3.67,5.29,8.55,3.27,8.59,9.29,9.52,5.5,1.5198,1.327,2.3419
Chase Sherman,Heavyweight,15,E,12,,False,0.0,False,False,0.5714285714285714,193.04,198.12,0.2,26.9167,0.4547,0.5235,0.2466,0.0691,0.0278,0.7419,10.2222,0.0,0.5556,,9.68,9.15,6.75,9.71,5.53,4.21,8.62,3.01,1.6,7.74,1.51,3.07,2.0,5.5,-1.5588,-0.7247,1.3384
Cheick Kongo,Heavyweight,18,E,13,,False,0.0,False,False,0.7297297297297297,193.04,208.28,0.3889,15.5135,0.5816,0.5447,0.2927,0.3763,0.6486,0.5333,94.5946,0.0,3.9189,,9.68,9.73,9.16,5.77,9.6,5.24,9.28,9.82,7.82,3.69,8.71,3.07,8.93,5.5,0.6084,0.2132,-0.4403
Chelsea Chandler,Women's Bantamweight,5,D,35,13.0,False,0.0,False,False,0.6,172.72,172.72,0.2,16.7273,0.451,0.4026,0.0326,0.212,0.2727,0.2857,78.0,0.0,3.0909,,3.71,2.69,6.75,6.51,5.31,1.24,1.36,8.21,4.51,1.46,7.65,3.07,8.08,5.5,0.1992,-0.0865,-1.6099
Chepe Mariscal,Featherweight,6,E,10,,False,0.0,False,False,0.75,170.18,175.26,0.1667,20.2941,0.5547,0.5236,0.1797,0.2261,0.7647,0.5926,83.9412,0.0,4.4118,,2.97,3.2,5.94,8.2,9.22,4.22,6.58,8.55,8.33,4.68,8.08,3.07,9.23,5.5,1.0933,-0.4744,-0.3532
Chico Camus,Bantamweight,8,D,35,13.0,False,0.0,False,False,0.7083333333333334,167.64,167.64,0.0,12.5833,0.412,0.6461,0.0596,0.0894,0.25,0.7209,74.5,0.0,2.25,,2.25,1.88,2.21,3.91,3.49,9.4,1.81,3.96,4.25,7.32,7.45,3.07,6.67,5.5,0.8759,-1.7739,-1.347
Chidi Njokuani,Welterweight,10,E,11,,False,0.0,False,False,0.6944444444444444,190.5,203.2,0.3,23.9,0.5997,0.5722,0.2238,0.2845,0.0,0.75,39.4,0.0,1.85,,9.22,9.58,8.38,9.23,9.79,6.72,8.04,9.29,1.29,7.9,4.43,3.07,5.71,5.5,-1.0336,0.1133,-0.5175
Chris Barnett,Heavyweight,6,E,10,,False,0.0,False,False,0.71875,175.26,190.5,0.3333,13.6923,0.4759,0.3645,0.3034,0.0787,0.0,0.3529,7.5385,0.0,2.9231,,4.48,7.74,8.71,4.56,6.49,1.09,9.38,3.47,1.29,1.9,1.34,3.07,7.89,5.5,-0.406,-0.0476,-1.0727
Chris Beal,Bantamweight,5,E,9,,False,0.0,False,False,0.6666666666666666,170.18,175.26,0.2,16.1429,0.3593,0.6169,0.0265,0.1327,0.5,0.7826,69.3571,0.0,3.5714,,2.97,3.2,6.75,6.12,1.79,8.63,1.28,5.99,6.7,8.44,7.12,3.07,8.67,5.5,0.8935,-0.3248,-0.4988
Chris Camozzi,Middleweight,19,E,13,,False,0.0,False,False,0.6486486486486487,187.96,190.5,0.1053,16.3265,0.4494,0.5634,0.25,0.1575,0.0816,0.5783,33.449,0.0526,0.3878,,8.62,7.74,4.32,6.26,5.22,6.22,8.69,6.85,2.05,4.38,3.67,5.3,1.65,5.5,-0.7559,-0.8767,-0.1402
Chris Cariaso,Flyweight,13,D+,43,7.0,False,0.0,False,False,0.68,160.02,162.56,0.0769,15.973,0.432,0.6035,0.1354,0.225,0.2703,0.5676,38.9459,0.0,1.4595,,1.21,1.36,3.81,6.04,4.37,8.16,4.89,8.5,4.46,4.21,4.37,3.07,4.58,5.5,0.0486,-0.9818,-0.4848
Chris Clements,Welterweight,5,E,9,,False,0.0,False,False,0.6666666666666666,177.8,177.8,0.2,13.75,0.4985,0.4455,0.2545,0.2364,0.0,0.32,15.1667,0.0,1.5,,5.37,3.88,6.75,4.6,7.52,1.76,8.79,8.74,1.29,1.68,1.88,3.07,4.71,5.5,-0.6751,-0.5123,-1.3643
Chris Curtis,Middleweight,12,D,35,13.0,False,0.0,False,False,0.7272727272727273,177.8,190.5,0.25,25.697,0.493,0.5381,0.0531,0.0649,0.0,0.6463,5.6364,0.0,0.3939,,5.37,7.74,7.69,9.59,7.31,4.85,1.68,2.74,1.29,5.69,1.19,3.07,1.68,5.5,-1.6994,-0.2863,0.3126
Chris Daukaus,Heavyweight,8,D+,43,7.0,False,0.0,False,False,0.631578947368421,190.5,193.04,0.5,15.4,0.5,0.5547,0.0584,0.0844,0.0,1.0,13.0,0.0,3.1,,9.22,8.37,9.67,5.68,7.62,5.76,1.76,3.67,1.29,9.9,1.66,3.07,8.1,5.5,-1.5466,0.9021,-0.6666
Chris Duncan,Lightweight,8,E,15,,False,0.0,False,False,0.875,177.8,180.34,0.0,20.0625,0.4619,0.5234,0.1682,0.0685,0.8125,0.5556,57.125,0.375,2.1875,,5.37,4.7,2.21,8.1,5.89,4.2,6.22,2.97,8.59,4.04,6.22,9.62,6.53,5.5,-0.452,0.5749,1.1822
Chris Gruetzemacher,Lightweight,7,E,11,,False,0.0,False,False,0.75,172.72,172.72,0.1429,26.5294,0.5709,0.5286,0.1973,0.2506,0.0588,0.6591,18.4706,0.0,1.7059,,3.71,2.69,5.23,9.66,9.46,4.45,7.19,8.96,1.77,5.98,2.29,3.07,5.25,5.5,-0.7739,-0.7523,-0.6718
Chris Gutierrez,Bantamweight,15,D,36,12.0,False,0.0,False,False,0.7857142857142857,175.26,170.18,0.2,21.3095,0.5756,0.6341,0.5084,0.019,0.0952,0.6786,12.8333,0.0,0.619,,4.48,2.24,6.75,8.62,9.54,9.12,9.99,1.17,2.18,6.47,1.65,3.07,2.13,5.5,-1.3526,-0.235,-0.8689
Chris Leben,Middleweight,22,E,13,,False,0.0,False,False,0.6666666666666666,180.34,185.42,0.3182,12.4348,0.4291,0.5306,0.2308,0.2832,0.3696,0.5493,68.6087,0.0909,2.7391,,6.22,6.25,8.51,3.8,4.27,4.58,8.18,9.28,5.6,3.93,7.07,5.95,7.64,5.5,0.3704,0.5856,-0.5376
Chris Lytle,Welterweight,20,E,13,,False,0.0,False,False,0.6326530612244898,180.34,172.72,0.05,17.0417,0.4405,0.5803,0.0831,0.2005,0.1875,0.5424,35.875,0.3,0.5417,,6.22,2.69,3.44,6.66,4.79,7.24,2.66,8.05,3.35,3.83,4.0,9.24,1.94,5.5,-0.0054,0.3778,1.3171
Chris Padilla,Lightweight,5,E,10,,False,0.0,False,False,0.7272727272727273,175.26,187.96,0.4,30.0,0.5419,0.4942,0.3303,0.1212,0.3636,0.8,57.3636,0.2,1.5455,,4.48,7.01,9.27,9.88,8.95,2.88,9.64,5.51,5.51,8.62,6.25,8.21,4.84,5.5,-0.9012,1.8917,1.0061
Chris Wade,Lightweight,7,E,14,,False,0.0,False,False,0.8,177.8,177.8,0.0,8.0588,0.5394,0.5188,0.3066,0.2701,0.8235,0.5517,125.2941,0.2857,1.5294,,5.37,3.88,2.21,1.63,8.9,3.99,9.39,9.18,8.66,3.97,9.54,9.09,4.81,5.5,1.9524,-0.0366,-1.1606
Chris Weidman,Middleweight,20,A,80,1.0,True,3.0,False,False,0.6666666666666666,187.96,198.12,0.2,13.0417,0.4513,0.5101,0.1054,0.0927,0.9167,0.7241,81.2083,0.15,3.1667,,8.62,9.15,6.75,4.17,5.34,3.5,3.59,4.11,9.05,7.4,7.87,7.24,8.2,5.5,0.4348,0.2285,0.7543
Christian Leroy Duncan,Middleweight,9,D,37,12.0,False,0.0,False,False,0.8571428571428571,187.96,200.66,0.5556,20.05,0.5795,0.5282,0.3591,0.1646,0.1,0.6333,57.55,0.0,1.55,,8.62,9.39,9.8,8.08,9.58,4.42,9.8,7.09,2.22,5.45,6.27,3.07,4.85,5.5,-1.0448,1.5211,-0.8071
Christian Rodriguez,Featherweight,9,E,11,,False,0.0,False,False,0.75,170.18,180.34,0.0,18.2174,0.5231,0.5634,0.0931,0.1814,0.6522,0.6579,73.2174,0.1111,2.7391,,2.97,4.7,2.21,7.29,8.43,6.22,3.0,7.6,7.85,5.94,7.34,6.35,7.64,5.5,0.9082,-0.8096,0.8693
Christian Wellisch,Heavyweight,5,E,9,,False,0.0,False,False,0.6153846153846154,187.96,195.58,0.0,12.7778,0.2791,0.5608,0.1565,0.2087,0.3333,0.4545,30.3333,0.2,0.8889,,8.62,8.81,2.21,4.04,1.09,6.07,5.75,8.16,5.18,2.74,3.37,8.21,2.86,5.5,-0.0701,-0.7842,1.9592
Christos Giagos,Lightweight,14,E,12,,False,0.0,False,False,0.625,177.8,180.34,0.0714,13.0741,0.4182,0.5079,0.1133,0.1161,0.8148,0.5217,77.4444,0.1429,1.8889,,5.37,4.7,3.71,4.19,3.83,3.38,3.94,5.22,8.61,3.52,7.61,7.04,5.82,5.5,0.4221,-0.3878,0.1222
Chuck Liddell,Light Heavyweight,23,A,81,,True,4.0,False,False,0.7241379310344828,187.96,193.04,0.4348,13.5778,0.3735,0.6022,0.2439,0.1358,0.1556,0.814,24.6279,0.0,2.1778,,8.62,8.37,9.5,4.47,2.1,8.12,8.54,6.12,2.95,8.81,2.83,3.07,6.51,5.5,-0.8005,0.7484,-0.8381
Ciryl Gane,Heavyweight,13,B,61,1.0,True,0.0,False,False,0.8666666666666667,193.04,205.74,0.3077,25.1081,0.6165,0.6077,0.2939,0.07,0.2162,0.4706,26.027,0.1538,0.7297,,9.68,9.68,8.44,9.49,9.89,8.35,9.31,3.05,3.76,2.88,2.95,7.29,2.44,5.5,-1.1947,0.6794,1.386
Claudia Gadelha,Women's Strawweight,12,C+,58,1.0,False,0.0,False,False,0.782608695652174,162.56,160.02,0.0,16.3889,0.4155,0.5721,0.0424,0.1051,1.0,0.5882,89.1667,0.0833,1.75,,1.42,1.2,2.21,6.3,3.67,6.69,1.46,4.7,9.28,4.56,8.45,5.84,5.39,5.5,0.2963,-0.5419,1.3435
Claudio Puelles,Lightweight,9,E,11,,False,0.0,False,False,0.7647058823529411,177.8,182.88,0.0,7.0,0.4667,0.4811,0.0559,0.0621,1.0,0.6,121.9565,0.3333,2.6522,,5.37,5.47,2.21,1.39,6.06,2.5,1.73,2.63,9.28,4.83,9.46,9.43,7.48,5.5,1.6612,0.2499,-0.0755
Claudio Silva,Welterweight,8,E,11,,False,0.0,False,False,0.7777777777777778,180.34,180.34,0.0,11.75,0.4204,0.4601,0.2383,0.0468,0.9,0.4444,96.0,0.375,2.8,,6.22,4.7,2.21,3.4,3.94,2.0,8.36,1.96,9.0,2.63,8.74,9.62,7.72,5.5,0.7388,0.5008,1.9135
Clay Guida,Lightweight,37,D+,43,7.0,False,0.0,False,False,0.6333333333333333,170.18,177.8,0.0541,12.4301,0.3316,0.609,0.2413,0.1367,0.8387,0.6944,100.9355,0.1351,2.6344,,2.97,3.88,3.48,3.8,1.36,8.36,8.46,6.18,8.74,6.79,8.95,6.81,7.44,5.5,0.7099,-0.5442,0.8683
Clayton Carpenter,Flyweight,5,E,13,,False,0.0,False,False,0.8888888888888888,167.64,167.64,0.0,15.4,0.5,0.4617,0.2532,0.0909,0.4,0.5,66.9,0.4,2.6,,2.25,1.88,2.21,5.68,7.62,2.04,8.78,4.02,5.84,3.27,6.93,9.73,7.38,5.5,0.6785,0.9166,0.1394
Clint Hester,Middleweight,7,E,10,,False,0.0,False,False,0.6470588235294118,187.96,195.58,0.2857,15.5,0.4283,0.5688,0.1089,0.0927,0.3125,0.6,48.1875,0.0,2.125,,8.62,8.81,8.17,5.74,4.23,6.55,3.72,4.11,4.96,4.83,5.37,3.07,6.39,5.5,-0.5038,-0.1198,-0.4922
Cody Brundage,Middleweight,16,E,12,,False,0.0,False,False,0.6111111111111112,182.88,182.88,0.25,9.8,0.4983,0.5177,0.1429,0.0952,0.4667,0.6667,44.2333,0.0625,2.3,,7.04,5.47,7.69,2.37,7.49,3.93,5.28,4.19,6.4,6.2,4.94,5.45,6.76,5.5,0.1205,0.016,-1.1443
Cody Durden,Flyweight,16,D,35,13.0,False,0.0,False,False,0.68,170.18,170.18,0.0625,14.1622,0.4482,0.5077,0.1393,0.0382,1.1622,0.5652,99.7568,0.0625,1.5676,,2.97,2.24,3.58,4.9,5.19,3.36,5.09,1.64,9.56,4.18,8.92,5.45,4.89,5.5,0.2995,-0.7056,0.365
Cody Garbrandt,Bantamweight,17,B,61,1.0,True,0.0,False,False,0.6666666666666666,172.72,165.1,0.3529,12.8947,0.4036,0.5891,0.1449,0.0816,0.2632,0.8182,16.0526,0.0,0.6842,,3.71,1.58,8.91,4.08,3.1,7.59,5.38,3.57,4.39,8.86,2.01,3.07,2.33,5.5,-1.1478,0.8655,-0.8266
Cody Gibson,Bantamweight,10,E,11,,False,0.0,False,False,0.6666666666666666,177.8,180.34,0.1,16.3182,0.4614,0.5752,0.1114,0.2256,0.6364,0.6957,70.5909,0.1,0.7273,,5.37,4.7,4.23,6.25,5.87,6.92,3.82,8.53,7.74,6.84,7.2,6.13,2.43,5.5,-0.0354,-0.2877,0.2159
Cody McKenzie,Lightweight,7,E,10,,False,0.0,False,False,0.6153846153846154,182.88,182.88,0.0,7.2308,0.3431,0.6723,0.0957,0.1277,0.6923,0.1429,70.4615,0.2857,1.1538,,7.04,5.47,2.21,1.44,1.49,9.77,3.14,5.74,8.04,1.13,7.2,9.09,3.76,5.5,1.3322,-0.0118,1.6404
Cody Stamann,Bantamweight,15,D+,41,9.0,False,0.0,False,False,0.7241379310344828,167.64,162.56,0.0667,20.4211,0.4686,0.6048,0.1044,0.1302,0.6842,0.7627,55.2105,0.0,2.0,,2.25,1.36,3.62,8.25,6.14,8.22,3.5,5.87,7.98,8.12,5.99,3.07,6.08,5.5,-0.1526,-1.2495,0.3462
Colby Covington,Welterweight,17,B,61,1.0,True,0.0,False,False,0.7727272727272727,180.34,182.88,0.1765,18.0164,0.3848,0.5478,0.1474,0.0974,1.1475,0.6897,123.0164,0.1176,1.9016,,6.22,5.47,6.24,7.18,2.39,5.4,5.47,4.29,9.52,6.69,9.48,6.49,5.84,5.5,0.068,0.0333,1.6748
Cole Miller,Featherweight,20,E,13,,False,0.0,False,False,0.65625,185.42,185.42,0.05,13.4444,0.3331,0.5928,0.1339,0.1157,0.1778,0.3864,40.9111,0.35,1.3111,,7.92,6.25,3.44,4.42,1.36,7.78,4.82,5.19,3.21,2.13,4.56,9.55,4.15,5.5,0.2414,0.9986,0.9904
Conor McGregor,Featherweight,14,B,64,1.0,True,0.0,True,False,0.7857142857142857,175.26,187.96,0.5714,21.3929,0.4975,0.5416,0.1302,0.1018,0.1786,0.6667,29.6786,0.0,2.75,,4.48,7.01,9.83,8.65,7.46,5.07,4.73,4.53,3.22,6.2,3.3,3.07,7.67,5.5,-1.5984,2.1294,-0.7135
Constantinos Philippou,Middleweight,10,E,12,,False,0.0,False,False,0.7222222222222222,180.34,185.42,0.3,10.1667,0.3511,0.5441,0.0738,0.123,0.125,0.6591,26.4583,0.0,1.5833,,6.22,6.25,8.38,2.53,1.64,5.19,2.26,5.56,2.48,5.98,3.0,3.07,4.93,5.5,-0.5152,-0.0336,-1.1963
Corey Anderson,Light Heavyweight,15,C,51,4.0,False,0.0,False,False,0.7368421052631579,190.5,200.66,0.2,20.0278,0.4628,0.5921,0.0763,0.1609,1.4722,0.8333,111.4722,0.0,5.0556,,9.22,9.39,6.75,8.08,5.93,7.76,2.38,6.98,9.83,9.07,9.29,3.07,9.45,5.5,0.7581,-0.8964,1.8579
Cortney Casey,Women's Strawweight,15,D+,40,10.0,False,0.0,False,False,0.5,170.18,170.18,0.0667,20.9231,0.3914,0.5516,0.2096,0.1164,0.1282,0.3958,16.9487,0.1333,2.0769,,2.97,2.24,3.62,8.47,2.58,5.62,7.58,5.24,2.53,2.17,2.09,6.76,6.24,5.5,-0.3001,0.3179,-0.045
Cory McKenna,Women's Strawweight,6,E,10,,False,0.0,False,False,0.6666666666666666,160.02,147.32,0.0,13.0667,0.3664,0.4488,0.0765,0.0918,0.6667,0.6667,109.8667,0.1667,0.8667,,1.21,1.01,2.21,4.18,1.93,1.8,2.41,4.08,7.9,6.2,9.26,7.58,2.77,5.5,0.3889,0.0515,-0.2464
Cory Sandhagen,Bantamweight,16,C+,56,2.0,False,0.0,False,False,0.782608695652174,180.34,177.8,0.375,22.4314,0.45,0.5673,0.1958,0.0297,0.3529,0.5638,55.7843,0.0625,3.1569,,6.22,3.88,9.06,8.92,5.26,6.44,7.12,1.4,5.38,4.16,6.04,5.45,8.18,5.5,-0.2665,1.4432,0.2534
Court McGee,Welterweight,24,E,13,,False,0.0,False,False,0.6216216216216216,180.34,190.5,0.0,21.6508,0.3686,0.6096,0.2529,0.0609,0.5714,0.7083,68.4286,0.125,1.9524,,6.22,7.74,2.21,8.75,1.97,8.39,8.77,2.57,7.25,7.05,7.05,6.62,5.94,5.5,-0.5913,-0.9741,2.757
Cristiane Justino,Women's Featherweight,7,E,20,,False,0.0,False,False,0.9130434782608695,172.72,172.72,0.5714,28.75,0.57,0.679,0.1391,0.2196,0.1875,0.8824,35.8125,0.0,3.875,,3.71,2.69,9.83,9.83,9.45,9.82,5.06,8.38,3.35,9.47,3.99,3.07,8.92,5.5,-0.8377,0.7136,-0.1159
Cub Swanson,Featherweight,26,C+,56,2.0,False,0.0,False,False,0.6818181818181818,172.72,177.8,0.3077,24.1912,0.5257,0.5855,0.2006,0.0973,0.2059,0.7257,20.1765,0.0,1.7941,,3.71,3.88,8.44,9.27,8.5,7.43,7.29,4.28,3.59,7.42,2.47,3.07,5.54,5.5,-1.2425,0.4887,-0.4708
Curtis Blaydes,Heavyweight,21,C+,56,2.0,False,0.0,False,False,0.7916666666666666,193.04,203.2,0.381,16.8542,0.5213,0.5393,0.1669,0.1792,1.375,0.35,109.625,0.0,5.0625,,9.68,9.58,9.11,6.57,8.36,4.94,6.16,7.52,9.8,1.87,9.24,3.07,9.46,5.5,0.7124,0.166,1.3174
Curtis Millender,Welterweight,5,D,33,15.0,False,0.0,False,False,0.7727272727272727,187.96,193.04,0.2,18.5,0.4805,0.6154,0.2613,0.045,0.0833,0.5294,4.3333,0.0,0.4167,,8.62,8.37,6.75,7.42,6.73,8.57,8.9,1.92,2.06,3.63,1.12,3.07,1.71,5.5,-1.5795,-0.4761,-0.7398
Cynthia Calvillo,Women's Strawweight,13,C+,56,2.0,False,0.0,False,False,0.6,162.56,162.56,0.0,21.6471,0.3841,0.6401,0.1603,0.0258,0.5882,0.7778,56.9706,0.2308,2.2941,,1.42,1.36,2.21,8.74,2.36,9.26,5.87,1.31,7.38,8.36,6.19,8.7,6.75,5.5,-0.1195,0.5312,1.4773
Cyril Asker,Heavyweight,5,E,10,,False,0.0,False,False,0.6923076923076923,182.88,187.96,0.2,9.5,0.3904,0.3571,0.0,0.0702,0.8333,1.0,81.6667,0.2,5.5,,7.04,7.01,6.75,2.25,2.55,1.06,1.03,3.08,8.69,9.9,7.95,8.21,9.63,5.5,1.413,0.2413,-0.2462
Cyrille Diabate,Light Heavyweight,8,E,11,,False,0.0,False,False,0.6551724137931034,198.12,205.74,0.125,18.1429,0.7278,0.6231,0.1299,0.0945,0.3571,0.5714,42.3571,0.125,3.7857,,9.93,9.68,4.77,7.23,9.99,8.82,4.72,4.17,5.44,4.28,4.76,6.62,8.83,5.5,-0.2103,-0.5206,-1.2312
Da Woon Jung,Light Heavyweight,9,E,11,,False,0.0,False,False,0.7142857142857143,193.04,198.12,0.2222,14.5238,0.4072,0.493,0.2033,0.1279,0.4762,0.7586,59.4286,0.1111,1.2381,,9.68,9.15,7.28,5.16,3.26,2.83,7.41,5.75,6.51,8.06,6.4,6.35,3.95,5.5,-0.3932,0.0484,0.0181
Da'Mon Blackshear,Bantamweight,10,E,11,,False,0.0,False,False,0.68,177.8,182.88,0.1,19.9545,0.4592,0.5219,0.2141,0.1435,0.4545,0.7143,63.7727,0.3,1.5,,5.37,5.47,4.23,8.05,5.75,4.11,7.74,6.38,6.28,7.18,6.66,9.24,4.71,5.5,0.4596,1.1424,1.2744
DaMarques Johnson,Welterweight,10,E,10,,False,0.0,False,False,0.5,185.42,190.5,0.2,8.375,0.3775,0.5133,0.0821,0.1493,0.3125,0.1905,50.875,0.2,2.125,,7.92,7.74,6.75,1.78,2.24,3.68,2.6,6.58,4.96,1.16,5.59,8.21,6.39,5.5,0.5153,0.6625,-1.487
Dalcha Lungiambula,Middleweight,7,E,10,,False,0.0,False,False,0.6470588235294118,172.72,193.04,0.1429,12.6471,0.4507,0.5299,0.0651,0.2093,0.5882,0.7778,67.5882,0.0,3.0588,,3.71,8.37,5.23,3.96,5.3,4.55,2.0,8.18,7.38,8.36,6.99,3.07,8.06,5.5,0.3782,-1.0123,-0.9249
Damian Stasiak,Bantamweight,6,E,10,,False,0.0,False,False,0.625,165.1,177.8,0.0,8.5625,0.3634,0.5288,0.1533,0.0584,0.8125,0.4375,63.5,0.3333,0.8125,,1.73,3.88,2.21,1.85,1.84,4.46,5.68,2.42,8.59,2.53,6.62,9.43,2.59,5.5,0.6452,0.6517,-0.4216
Damien Brown,Lightweight,6,E,9,,False,0.0,False,False,0.5862068965517241,177.8,172.72,0.1667,17.2857,0.386,0.5008,0.186,0.0537,0.2143,0.5385,15.5714,0.0,1.5,,5.37,2.69,5.94,6.8,2.43,3.02,6.83,2.19,3.71,3.78,1.94,3.07,4.71,5.5,-0.8757,-0.6108,0.5711
Damir Hadzovic,Lightweight,10,E,11,,False,0.0,False,False,0.6363636363636364,175.26,177.8,0.2,14.3043,0.4782,0.5945,0.0942,0.1064,0.2609,0.3478,20.087,0.0,1.5652,,4.48,3.88,6.75,5.04,6.61,7.84,3.07,4.79,4.37,1.85,2.43,3.07,4.88,5.5,-0.4188,-0.4366,-1.3928
Damir Ismagulov,Lightweight,7,D,38,11.0,False,0.0,False,False,0.8888888888888888,177.8,187.96,0.0,16.8095,0.4279,0.6121,0.1416,0.051,0.3333,0.7027,56.4762,0.0,1.9524,,5.37,7.01,2.21,6.54,4.19,8.47,5.21,2.09,5.18,6.97,6.13,3.07,5.94,5.5,-0.3288,-1.5947,-0.2827
Damon Jackson,Featherweight,14,E,13,,False,0.0,False,False,0.7419354838709677,180.34,180.34,0.0714,13.0968,0.4287,0.4915,0.0887,0.2291,0.6774,0.3793,109.7097,0.1429,1.6774,,6.22,4.7,3.71,4.2,4.25,2.75,2.83,8.61,7.96,2.08,9.25,7.04,5.17,5.5,1.1029,-0.1811,0.6985
Dan Argueta,Bantamweight,6,E,10,,False,0.0,False,False,0.75,170.18,172.72,0.0,11.9333,0.4345,0.5079,0.1173,0.1676,1.4,0.5556,117.6667,0.0,2.0667,,2.97,2.69,2.21,3.47,4.54,3.38,4.11,7.25,9.81,4.04,9.4,3.07,6.23,5.5,1.7999,-1.8109,1.9719
Dan Hardy,Welterweight,10,E,11,,False,0.0,False,False,0.7142857142857143,182.88,187.96,0.2,11.6923,0.3535,0.5115,0.2007,0.227,0.2308,0.3548,45.0769,0.0,1.3462,,7.04,7.01,6.75,3.35,1.67,3.58,7.3,8.56,4.0,1.92,5.02,3.07,4.25,5.5,-0.2644,-0.5287,-0.6036
Dan Henderson,Light Heavyweight,18,C+,58,1.0,False,0.0,False,False,0.6808510638297872,180.34,187.96,0.2222,11.1915,0.4554,0.5257,0.2148,0.2852,0.3191,0.6327,40.7674,0.0,2.3617,,6.22,7.01,7.28,3.06,5.58,4.33,7.77,9.3,5.06,5.42,4.54,3.07,6.91,5.5,0.2085,-0.7246,-0.9285
Dan Hooker,Lightweight,24,C,51,4.0,False,0.0,False,False,0.6666666666666666,182.88,190.5,0.2917,21.2909,0.4869,0.4911,0.1947,0.0854,0.2,0.7714,46.5455,0.0833,1.5091,,7.04,7.74,8.29,8.6,7.05,2.73,7.09,3.75,3.52,8.26,5.17,5.84,4.76,5.5,-0.9632,0.5953,0.0947
Dan Ige,Featherweight,21,D+,42,8.0,False,0.0,False,False,0.6551724137931034,170.18,180.34,0.2381,16.6607,0.4525,0.5589,0.1243,0.0782,0.2321,0.5676,32.7857,0.0476,2.3214,,2.97,4.7,7.53,6.46,5.43,6.0,4.45,3.46,4.03,4.21,3.59,5.23,6.82,5.5,-0.4366,0.321,-0.8131
Dan Miller,Middleweight,13,E,12,,False,0.0,False,False,0.6363636363636364,185.42,187.96,0.0,9.3125,0.3603,0.49,0.1409,0.1443,0.4688,0.4706,55.25,0.3077,1.5,,7.92,7.01,2.21,2.16,1.81,2.69,5.16,6.4,6.43,2.88,6.0,9.29,4.71,5.5,0.4929,-0.0277,0.5162
Dan Severn,Heavyweight,13,E,16,,False,0.0,False,False,0.8416666666666667,187.96,,0.0769,7.375,0.4556,0.6933,0.0932,0.0678,0.5625,1.0,0.0,0.3846,5.6875,,8.62,9.9,3.81,1.47,5.6,9.93,3.01,2.91,7.2,9.9,1.01,9.67,9.68,5.5,1.7881,0.5601,-0.1808
Daniel Cormier,Light Heavyweight,15,S,97,1.0,True,3.0,True,False,0.88,180.34,182.88,0.2,20.2444,0.5475,0.5048,0.1207,0.2294,0.5111,0.7647,83.8222,0.2667,3.4667,,6.22,5.47,6.75,8.18,9.12,3.19,4.27,8.63,6.81,8.16,8.05,8.92,8.59,5.5,0.1708,0.9245,0.5606
Daniel Kelly,Middleweight,10,D,34,14.0,False,0.0,False,False,0.7647058823529411,182.88,177.8,0.1,15.9091,0.388,0.6169,0.0743,0.1514,0.5455,0.7895,48.7273,0.1,2.5,,7.04,3.88,4.23,5.99,2.49,8.63,2.28,6.63,7.05,8.5,5.43,6.13,7.2,5.5,-0.018,-0.6535,0.7556
Daniel Lacerda,Flyweight,6,E,10,,False,0.0,False,False,0.6470588235294118,167.64,177.8,0.0,12.75,0.4554,0.3495,0.1961,0.0588,0.5,0.6,30.75,0.0,1.875,,2.25,3.88,2.21,4.01,5.58,1.04,7.14,2.45,6.7,4.83,3.4,3.07,5.79,5.5,-0.9901,-1.3983,-0.2107
Daniel Marcos,Bantamweight,7,E,20,,False,0.0,False,False,0.9444444444444444,170.18,175.26,0.1429,22.7778,0.5533,0.5844,0.1854,0.1415,0.5,0.8571,52.7222,0.1429,0.6111,,2.97,3.2,5.23,9.0,9.19,7.39,6.81,6.3,6.7,9.28,5.79,7.04,2.09,5.5,-0.8654,0.3669,-0.1926
Daniel Omielanczuk,Heavyweight,9,D,35,13.0,False,0.0,False,False,0.7037037037037037,182.88,187.96,0.2222,13.8333,0.5734,0.4755,0.2108,0.3223,0.1667,0.6829,31.0,0.0,1.2083,,7.04,7.01,7.28,4.67,9.48,2.41,7.64,9.56,3.1,6.52,3.44,3.07,3.88,5.5,-0.1865,-0.659,-0.7941
Daniel Pineda,Featherweight,14,E,12,,False,0.0,False,False,0.6222222222222222,170.18,175.26,0.0714,12.0333,0.4959,0.4579,0.1801,0.0637,0.4,0.5472,65.4667,0.2857,4.1667,,2.97,3.2,3.71,3.56,7.4,1.97,6.59,2.67,5.84,3.88,6.81,9.09,9.11,5.5,1.4241,0.6871,0.1326
Daniel Roberts,Welterweight,7,E,10,,False,0.0,False,False,0.6818181818181818,177.8,187.96,0.0,3.2667,0.2042,0.461,0.1429,0.1429,0.7333,0.4,62.8667,0.2857,0.5333,,5.37,7.01,2.21,1.04,1.01,2.03,5.28,6.36,8.19,2.23,6.58,9.09,1.92,5.5,1.2232,-0.0643,0.9604
Daniel Rodriguez,Welterweight,14,D,36,13.0,False,0.0,False,False,0.8,185.42,187.96,0.2143,33.4286,0.4918,0.5742,0.1607,0.0197,0.0571,0.64,13.8,0.0714,1.0571,,7.92,7.01,7.13,9.95,7.27,6.87,5.89,1.19,1.74,5.56,1.73,5.63,3.37,5.5,-2.2372,0.0741,1.5297
Daniel Santos,Bantamweight,6,E,14,,False,0.0,False,False,0.8666666666666667,170.18,170.18,0.3333,23.8,0.4048,0.5046,0.112,0.0896,0.8,0.7333,83.2,0.0,3.4667,,2.97,2.24,8.71,9.22,3.16,3.18,3.85,3.97,8.49,7.59,8.03,3.07,8.59,5.5,-0.1291,0.6826,1.6644
Daniel Sarafian,Middleweight,6,E,10,,False,0.0,False,False,0.625,175.26,185.42,0.1667,8.5455,0.4677,0.5828,0.1702,0.0426,0.0909,0.5385,29.1818,0.1667,0.0909,,4.48,6.25,5.94,1.84,6.1,7.34,6.28,1.86,2.14,3.78,3.25,7.58,1.14,5.5,-0.7921,0.1775,-0.5763
Daniel Teymur,Featherweight,5,E,9,,False,0.0,False,False,0.6363636363636364,165.1,175.26,0.0,13.75,0.4674,0.5631,0.3515,0.1636,0.1667,0.6,49.5833,0.0,2.0,,1.73,3.2,2.21,4.6,6.07,6.19,9.75,7.07,3.1,4.83,5.52,3.07,6.08,5.5,0.1885,-1.466,-1.1633
Daniel Zellhuber,Lightweight,7,E,14,,False,0.0,False,False,0.8333333333333334,185.42,195.58,0.0,25.0526,0.359,0.5464,0.1008,0.0336,0.0,0.8182,7.8421,0.1429,1.2105,,7.92,8.81,2.21,9.47,1.77,5.32,3.34,1.52,1.29,8.86,1.36,7.04,3.89,5.5,-1.4638,-0.7247,1.3783
Danielle Taylor,Women's Strawweight,5,E,10,,False,0.0,False,False,0.6923076923076923,152.4,152.4,0.0,13.7333,0.2947,0.7169,0.2136,0.0485,0.0667,0.7,0.0667,0.0,0.0667,,1.01,1.03,2.21,4.58,1.12,9.96,7.72,2.02,1.86,6.91,1.01,3.07,1.09,5.5,-0.8308,-1.094,-0.5869
Danny Castillo,Lightweight,14,E,12,,False,0.0,False,False,0.6296296296296297,175.26,180.34,0.1429,12.7297,0.4341,0.6152,0.189,0.1529,0.8378,0.6061,105.4865,0.0,3.5676,,4.48,4.7,5.23,4.0,4.52,8.56,6.93,6.7,8.72,4.95,9.11,3.07,8.66,5.5,1.0899,-0.8268,-0.1442
Danny Roberts,Welterweight,14,E,12,,False,0.0,False,False,0.6923076923076923,185.42,187.96,0.2143,13.9655,0.3955,0.5098,0.163,0.2025,0.069,0.575,39.6552,0.0714,2.1034,,7.92,7.01,7.13,4.78,2.73,3.48,5.98,8.08,1.89,4.34,4.46,5.63,6.33,5.5,-0.1163,-0.0107,-0.6697
Daron Cruickshank,Lightweight,13,E,12,,False,0.0,False,False,0.6428571428571429,172.72,182.88,0.2308,12.7,0.3806,0.5739,0.1575,0.1627,0.6,0.6,34.2,0.0,1.4333,,3.71,5.47,7.43,3.97,2.33,6.83,5.79,7.04,7.45,4.83,3.75,3.07,4.49,5.5,-0.2403,-0.2661,-0.3555
Darren Elkins,Featherweight,30,D+,41,9.0,False,0.0,False,False,0.7073170731707317,177.8,180.34,0.1333,15.6579,0.3844,0.5119,0.0429,0.2034,0.8816,0.5614,101.8684,0.1,3.4605,,5.37,4.7,4.94,5.84,2.37,3.63,1.49,8.1,8.88,4.13,8.98,6.13,8.56,5.5,1.157,-0.0658,1.6448
Darren Stewart,Middleweight,14,E,12,,False,0.0,False,False,0.6,182.88,187.96,0.1429,13.5172,0.4558,0.4854,0.2194,0.2959,0.5172,0.675,42.931,0.0714,1.8276,,7.04,7.01,5.23,4.46,5.62,2.6,7.92,9.37,6.83,6.41,4.82,5.63,5.62,5.5,-0.0353,-0.5671,-0.7023
Darren Till,Welterweight,12,C+,56,2.0,False,0.0,False,False,0.782608695652174,182.88,187.96,0.1667,10.7143,0.4682,0.5628,0.1733,0.104,0.1714,0.6981,18.4286,0.0,1.4857,,7.04,7.01,5.94,2.78,6.12,6.16,6.37,4.64,3.18,6.86,2.29,3.07,4.64,5.5,-0.5272,-0.722,-1.8256
Darrick Minner,Featherweight,6,E,10,,False,0.0,False,False,0.65,170.18,175.26,0.0,9.5,0.6746,0.3434,0.1404,0.2281,0.6667,0.6667,113.75,0.1667,3.0,,2.97,3.2,2.21,2.25,9.96,1.02,5.15,8.59,7.9,6.2,9.33,7.58,7.98,5.5,2.2036,-0.5188,-0.0138
Dave Beneteau,Heavyweight,6,E,9,,False,0.0,False,False,0.5454545454545454,187.96,,0.3333,6.0,0.5,0.6579,0.0476,0.2857,0.8571,0.5,47.5971,0.0,4.1429,,8.62,9.9,8.71,1.24,7.62,9.64,1.55,9.31,8.81,3.27,5.31,3.07,9.1,5.5,1.7328,-0.1331,-2.2814
Dave Herman,Heavyweight,5,E,10,,False,0.0,False,False,0.7857142857142857,193.04,195.58,0.2,15.625,0.5869,0.4879,0.312,0.112,0.375,0.625,14.125,0.0,2.0,,9.68,8.81,6.75,5.83,9.66,2.64,9.46,5.05,5.63,5.23,1.78,3.07,6.08,5.5,-0.6285,-0.7619,-0.8671
Dave Menne,Welterweight,6,B,61,,True,0.0,False,False,0.7258064516129032,177.8,,0.0,9.5333,0.4206,0.4632,0.2657,0.3916,0.1333,0.6739,72.5333,0.0,1.9333,,5.37,9.9,2.21,2.28,3.95,2.07,8.98,9.85,2.62,6.39,7.31,3.07,5.9,5.5,1.5436,-1.8235,0.4216
Davey Grant,Bantamweight,16,E,13,,False,0.0,False,False,0.7083333333333334,172.72,175.26,0.1875,25.3095,0.4549,0.5482,0.27,0.0593,0.2857,0.6522,32.7143,0.0625,1.1667,,3.71,3.2,6.4,9.55,5.55,5.45,9.03,2.47,4.65,5.83,3.59,5.45,3.79,5.5,-1.0904,0.117,0.7301
Davi Ramos,Lightweight,7,E,11,,False,0.0,False,False,0.7142857142857143,167.64,177.8,0.0,11.9412,0.3773,0.5634,0.1232,0.0985,0.5882,0.8333,44.4706,0.4286,1.4118,,2.25,3.88,2.21,3.49,2.23,6.22,4.39,4.39,7.38,9.07,4.96,9.84,4.41,5.5,0.1404,0.8605,-0.2781
David Abbott,Heavyweight,18,E,11,,False,0.0,False,False,0.4,182.88,,0.2778,7.8,0.4444,0.3214,0.0,0.2949,0.5,0.7143,41.0,0.1111,2.8,,7.04,9.9,8.05,1.55,4.97,1.01,1.03,9.35,6.7,7.18,4.57,6.35,7.72,5.5,0.6338,0.2122,-0.7893
David Branch,Middleweight,9,D+,43,7.0,False,0.0,False,False,0.7857142857142857,185.42,198.12,0.1111,6.85,0.3983,0.5675,0.2263,0.3504,0.7,0.4375,102.9,0.0,1.05,,7.92,9.15,4.47,1.36,2.87,6.46,8.08,9.74,8.09,2.53,9.0,3.07,3.33,5.5,0.6791,-1.2148,-1.009
David Dvorak,Flyweight,6,D+,42,8.0,False,0.0,False,False,0.7692307692307693,165.1,172.72,0.0,16.8125,0.4304,0.5975,0.2751,0.1115,0.1875,0.7,28.9375,0.1667,0.5,,1.73,2.69,2.21,6.56,4.31,7.98,9.12,5.01,3.35,6.91,3.22,7.58,1.86,5.5,-0.5711,-0.4227,-0.758
David Heath,Light Heavyweight,5,E,10,,False,0.0,False,False,0.72,180.34,182.88,0.0,6.8,0.3009,0.4925,0.2206,0.1176,0.1,0.5714,28.9,0.2,0.9,,6.22,5.47,2.21,1.36,1.17,2.79,7.94,5.31,2.22,4.28,3.22,8.21,2.9,5.5,0.2547,-0.8762,-0.6743
David Loiseau,Middleweight,9,E,11,,False,0.0,False,False,0.6764705882352942,182.88,193.04,0.4444,7.5455,0.4462,0.4328,0.1145,0.3434,0.1364,0.3636,39.4091,0.0,2.5909,,7.04,8.37,9.53,1.52,5.07,1.53,4.01,9.69,2.66,1.95,4.44,3.07,7.38,5.5,0.6952,0.7848,-2.6884
David Mitchell,Welterweight,5,E,10,,False,0.0,False,False,0.7586206896551724,182.88,190.5,0.0,8.4286,0.3251,0.5584,0.0932,0.2373,0.2143,0.2917,32.8571,0.0,1.5,,7.04,7.74,2.21,1.8,1.31,5.94,3.01,8.76,3.71,1.5,3.6,3.07,4.71,5.5,0.7955,-1.7936,0.448
David Onama,Featherweight,9,D,36,13.0,False,0.0,False,False,0.875,180.34,187.96,0.2222,24.2381,0.5005,0.5186,0.0864,0.0747,0.3333,0.5263,56.9048,0.1111,3.2381,,6.22,7.01,7.28,9.29,7.66,3.97,2.75,3.29,5.18,3.59,6.19,6.35,8.3,5.5,-0.3696,0.612,0.4788
David Teymur,Lightweight,6,E,14,,False,0.0,False,False,0.8,175.26,185.42,0.3333,19.9333,0.4321,0.5545,0.3478,0.0702,0.2667,0.7778,11.3333,0.0,0.5333,,4.48,6.25,8.71,8.03,4.38,5.74,9.71,3.08,4.42,8.36,1.61,3.07,1.92,5.5,-1.5006,0.3763,0.0515
David Zawada,Welterweight,5,E,10,,False,0.0,False,False,0.7083333333333334,182.88,190.5,0.0,18.3077,0.4118,0.5554,0.105,0.1765,0.3077,0.5714,28.8462,0.2,0.4615,,7.04,7.74,2.21,7.34,3.47,5.81,3.55,7.45,4.88,4.28,3.2,8.21,1.78,5.5,-0.4854,-0.5199,2.0202
Dean Lister,Middleweight,6,E,10,,False,0.0,False,False,0.65,185.42,190.5,0.0,6.1429,0.3359,0.6094,0.2558,0.0465,0.5714,0.0,40.1429,0.3333,1.1429,,7.92,7.74,2.21,1.25,1.4,8.37,8.8,1.95,7.25,1.05,4.52,9.43,3.73,5.5,0.5865,0.1224,2.0244
Deiveson Figueiredo,Bantamweight,21,B+,72,1.0,True,2.0,False,False,0.8275862068965517,165.1,172.72,0.1905,12.4386,0.5392,0.4952,0.1171,0.0733,0.5088,0.5797,45.4912,0.1905,2.1404,,1.73,2.69,6.43,3.82,8.88,2.9,4.1,3.22,6.8,4.42,5.05,7.94,6.46,5.5,0.0751,1.0197,-0.206
Demetrious Johnson,Bantamweight,18,S,99,1.0,True,11.0,False,False,0.9,160.02,167.64,0.1111,17.0,0.5446,0.6716,0.231,0.3061,1.0725,0.7117,88.9275,0.2778,2.1594,,1.21,1.88,4.47,6.63,9.05,9.77,8.19,9.45,9.4,7.11,8.43,8.98,6.48,5.5,0.9363,1.0428,-0.3506
Demian Maia,Welterweight,33,C+,58,1.0,False,0.0,False,False,0.717948717948718,185.42,182.88,0.0303,8.3034,0.4357,0.6364,0.0528,0.1204,0.764,0.6154,104.7079,0.3333,3.1348,,7.92,5.47,3.41,1.76,4.6,9.17,1.66,5.45,8.31,5.07,9.08,9.43,8.12,5.5,1.5018,0.4008,0.6701
Denis Tiuliulin,Middleweight,6,E,9,,False,0.0,False,False,0.5,185.42,195.58,0.1667,15.4545,0.4116,0.3804,0.0529,0.1294,0.2727,0.72,18.9091,0.0,0.5455,,7.92,8.81,5.94,5.71,3.46,1.15,1.67,5.8,4.51,7.29,2.33,3.07,1.96,5.5,-1.2172,-0.8056,-0.3009
Denise Gomes,Women's Strawweight,8,D,36,12.0,False,0.0,False,False,0.7857142857142857,157.48,160.02,0.375,17.8,0.5145,0.4571,0.2051,0.2556,0.5,0.6591,80.45,0.0,2.5,,1.1,1.2,9.06,7.11,8.16,1.95,7.46,9.02,6.7,5.98,7.79,3.07,7.2,5.5,0.3166,1.5473,0.1026
Dennis Bermudez,Featherweight,17,D+,44,6.0,False,0.0,False,False,0.6538461538461539,167.64,167.64,0.0588,20.7143,0.4625,0.5901,0.1839,0.1828,1.2143,0.8276,102.1905,0.1176,5.9524,,2.25,1.88,3.53,8.37,5.92,7.64,6.76,7.64,9.63,9.0,8.99,6.49,9.75,5.5,1.1643,-0.4167,2.3174
Dennis Buzukja,Featherweight,5,E,10,,False,0.0,False,False,0.7058823529411765,175.26,177.8,0.2,18.0909,0.4129,0.5339,0.196,0.0402,0.0,0.5714,15.0,0.0,0.8182,,4.48,3.88,6.75,7.21,3.53,4.68,7.13,1.74,1.29,4.28,1.85,3.07,2.61,5.5,-1.0191,-0.1843,-0.9488
Dennis Hallman,Welterweight,9,E,11,,False,0.0,False,False,0.726027397260274,175.26,182.88,0.1111,4.9474,0.4498,0.4364,0.1277,0.2128,0.5263,0.25,97.2632,0.2222,2.6842,,4.48,5.47,4.47,1.12,5.25,1.6,4.6,8.25,6.87,1.31,8.8,8.6,7.54,5.5,2.2044,0.1875,-0.0441
Dennis Siver,Lightweight,21,C,47,5.0,False,0.0,False,False,0.6764705882352942,167.64,177.8,0.1429,17.38,0.3245,0.6505,0.2957,0.0529,0.26,0.65,45.74,0.0952,1.72,,2.25,3.88,5.23,6.87,1.29,9.51,9.34,2.17,4.36,5.79,5.1,6.02,5.31,5.5,-0.5923,-0.2098,0.5936
Derek Brunson,Middleweight,21,C,51,4.0,False,0.0,False,False,0.71875,185.42,195.58,0.3333,15.0698,0.4659,0.509,0.142,0.1481,0.8372,0.8421,97.0465,0.0952,3.4186,,7.92,8.81,8.71,5.47,6.02,3.42,5.23,6.55,8.71,9.19,8.79,6.02,8.5,5.5,0.345,0.7035,1.1565
Deron Winn,Middleweight,5,E,10,,False,0.0,False,False,0.7,167.64,177.8,0.0,21.6429,0.4456,0.4602,0.0726,0.165,1.3571,0.4,81.5714,0.0,0.7857,,2.25,3.88,2.21,8.74,5.02,2.01,2.18,7.12,9.77,2.23,7.92,3.07,2.54,5.5,-0.2046,-1.8462,1.9804
Derrick Lewis,Heavyweight,31,C+,56,2.0,False,0.0,False,False,0.7073170731707317,190.5,200.66,0.5161,9.9265,0.4985,0.3995,0.043,0.1822,0.1471,0.5243,27.1912,0.0,4.1765,,9.22,9.39,9.75,2.43,7.52,1.2,1.5,7.62,2.82,3.55,3.05,3.07,9.12,5.5,0.3972,0.9119,-1.6513
Desmond Green,Lightweight,7,E,11,,False,0.0,False,False,0.7419354838709677,177.8,185.42,0.1429,18.1053,0.4611,0.6902,0.1453,0.0901,0.5263,0.75,18.3684,0.0,1.4211,,5.37,6.25,5.23,7.22,5.85,9.91,5.39,3.99,6.87,7.9,2.26,3.07,4.45,5.5,-0.6351,-0.7578,-0.3666
Devin Clark,Light Heavyweight,17,E,12,,False,0.0,False,False,0.6086956521739131,182.88,190.5,0.0588,14.0,0.5419,0.4403,0.1701,0.3095,0.6667,0.5882,85.3095,0.0,2.381,,7.04,7.74,3.53,4.79,8.95,1.64,6.27,9.48,7.9,4.56,8.15,3.07,6.98,5.5,0.4487,-1.8356,-0.0191
Devonte Smith,Lightweight,6,E,10,,False,0.0,False,False,0.7333333333333333,175.26,193.04,0.5,16.3,0.5158,0.4882,0.1963,0.184,0.1,0.8333,20.7,0.0,1.6,,4.48,8.37,9.67,6.24,8.23,2.65,7.15,7.67,2.22,9.07,2.54,3.07,4.98,5.5,-0.8086,1.3107,-1.1708
Dhiego Lima,Welterweight,11,E,11,,False,0.0,False,False,0.6538461538461539,187.96,190.5,0.0909,12.913,0.3903,0.5824,0.1987,0.037,0.3478,0.7353,36.6957,0.0,2.4783,,8.62,7.74,4.07,4.11,2.55,7.31,7.24,1.58,5.31,7.62,4.09,3.07,7.17,5.5,-0.1915,-1.1984,-0.0424
Diana Belbita,Women's Strawweight,8,E,10,,False,0.0,False,False,0.6,170.18,172.72,0.0,31.1667,0.419,0.5153,0.1765,0.1462,0.2778,0.641,22.6111,0.0,0.8333,,2.97,2.69,2.21,9.92,3.87,3.81,6.48,6.45,4.58,5.59,2.68,3.07,2.66,5.5,-1.3286,-1.0741,0.9278
Diego Brandao,Featherweight,10,D,34,14.0,False,0.0,False,False,0.6666666666666666,170.18,162.56,0.2,12.9444,0.4794,0.6246,0.1116,0.1116,0.9444,0.8077,65.7222,0.2,2.5,,2.97,1.36,6.75,4.15,6.67,8.87,3.83,5.02,9.15,8.74,6.84,8.21,7.2,5.5,0.2504,0.9983,-0.7661
Diego Ferreira,Lightweight,17,D+,42,8.0,False,0.0,False,False,0.76,175.26,187.96,0.2941,20.4211,0.3977,0.5591,0.076,0.0644,0.2368,0.5789,30.6053,0.1176,3.2632,,4.48,7.01,8.31,8.25,2.84,6.01,2.37,2.71,4.07,4.4,3.38,6.49,8.31,5.5,-0.215,0.7776,0.4304
Diego Lopes,Featherweight,9,C+,56,2.0,False,0.0,False,False,0.7878787878787878,180.34,182.88,0.3333,18.25,0.4782,0.4636,0.1621,0.0776,0.2917,0.7419,31.7917,0.1111,4.2083,,6.22,5.47,8.71,7.31,6.61,2.09,5.96,3.43,4.7,7.74,3.51,6.35,9.16,5.5,-0.0832,1.2857,0.1065
Diego Nunes,Featherweight,6,E,10,,False,0.0,False,False,0.7307692307692307,167.64,170.18,0.0,14.7778,0.4433,0.5735,0.3158,0.2218,0.2778,0.7101,37.5,0.0,1.3333,,2.25,2.24,2.21,5.3,4.9,6.81,9.51,8.42,4.58,7.09,4.22,3.07,4.2,5.5,-0.499,-1.4385,-1.4135
Diego Sanchez,Welterweight,32,D,35,13.0,False,0.0,False,False,0.7045454545454546,177.8,182.88,0.1875,12.5952,0.3735,0.5652,0.0737,0.1059,0.4286,0.4714,70.9762,0.0,3.9762,,5.37,5.47,6.4,3.92,2.1,6.34,2.25,4.77,6.06,2.9,7.23,3.07,8.96,5.5,0.6624,-0.6422,0.6715
Din Thomas,Lightweight,9,E,11,,False,0.0,False,False,0.7428571428571429,175.26,,0.0,8.6667,0.3768,0.5907,0.0824,0.3297,0.4286,0.7667,64.1429,0.2222,0.9524,,4.48,9.9,2.21,1.91,2.21,7.67,2.61,9.62,6.06,8.19,6.73,8.6,3.11,5.5,0.639,-0.3506,-0.7375
Dione Barbosa,Women's Flyweight,5,E,9,,False,0.0,False,False,0.6666666666666666,167.64,167.64,0.0,11.3846,0.4526,0.64,0.0946,0.1014,0.7692,0.6667,78.6154,0.2,1.0769,,2.25,1.88,2.21,3.18,5.45,9.24,3.11,4.5,8.36,6.2,7.69,8.21,3.48,5.5,1.2723,-0.0671,0.9468
Dominick Cruz,Bantamweight,10,B+,72,1.0,True,2.0,False,False,0.8571428571428571,172.72,172.72,0.1,20.5263,0.3799,0.6583,0.1551,0.0679,0.7368,0.8378,35.7368,0.0,0.8947,,3.71,2.69,4.23,8.28,2.32,9.64,5.73,2.92,8.22,9.14,3.98,3.07,2.88,5.5,-0.5156,-0.9934,1.6483
Dominick Reyes,Light Heavyweight,15,C+,58,1.0,False,0.0,False,False,0.7894736842105263,193.04,195.58,0.4,21.0,0.5365,0.4956,0.1973,0.102,0.0714,0.8293,17.6786,0.0667,3.1429,,9.68,8.81,9.27,8.51,8.84,2.9,7.19,4.56,1.93,9.0,2.2,5.53,8.16,5.5,-1.1307,0.9765,-0.1251
Dominique Steele,Welterweight,5,E,9,,False,0.0,False,False,0.6086956521739131,177.8,187.96,0.2,10.6923,0.486,0.5163,0.0504,0.3453,0.8462,0.7778,97.2308,0.0,2.5385,,5.37,7.01,6.75,2.76,7.01,3.88,1.6,9.7,8.77,8.36,8.79,3.07,7.28,5.5,0.5978,-0.5632,-0.5629
Don'Tale Mayes,Heavyweight,12,D,34,14.0,False,0.0,False,False,0.55,198.12,205.74,0.1667,13.1562,0.4115,0.476,0.1639,0.1188,0.2188,0.3125,36.7812,0.0,0.3438,,9.93,9.68,5.94,4.28,3.44,2.42,6.01,5.37,3.77,1.64,4.11,3.07,1.59,5.5,-0.6523,-0.9417,-0.3969
Donald Cerrone,Lightweight,38,C+,56,2.0,False,0.0,False,False,0.6792452830188679,185.42,185.42,0.2632,21.5802,0.4736,0.5157,0.2363,0.0864,0.2963,0.8857,28.5926,0.1579,1.4691,,7.92,6.25,7.85,8.71,6.33,3.84,8.3,3.8,4.75,9.5,3.17,7.36,4.6,5.5,-1.2412,0.8723,0.5502
Dong Hyun Kim,Welterweight,18,D+,45,6.0,False,0.0,False,False,0.8461538461538461,187.96,193.04,0.2222,9.4222,0.4902,0.5857,0.125,0.1981,0.8667,0.7167,131.4667,0.0556,4.1111,,8.62,8.37,7.28,2.23,7.2,7.44,4.49,7.98,8.85,7.23,9.65,5.35,9.07,5.5,1.5717,-0.1267,-0.7519
Dong Hyun Ma,Lightweight,8,E,10,,False,0.0,False,False,0.5925925925925926,180.34,177.8,0.125,12.3684,0.4145,0.5468,0.1745,0.1362,0.3684,0.3333,42.1053,0.0,0.9474,,6.22,3.88,4.77,3.76,3.59,5.34,6.42,6.14,5.58,1.76,4.73,3.07,3.09,5.5,-0.2204,-0.8775,-1.4048
Dongi Yang,Middleweight,5,E,13,,False,0.0,False,False,0.8125,177.8,185.42,0.4,16.8462,0.5117,0.6374,0.1416,0.0457,0.5385,0.6154,60.6923,0.0,4.9231,,5.37,6.25,9.27,6.56,8.08,9.19,5.21,1.94,6.98,5.07,6.51,3.07,9.39,5.5,0.2147,0.5373,-0.0027
Dooho Choi,Featherweight,10,D,38,11.0,False,0.0,False,False,0.8,177.8,177.8,0.6,20.8,0.5561,0.5701,0.1202,0.0938,0.35,0.5926,46.45,0.0,2.65,,5.37,3.88,9.88,8.44,9.24,6.61,4.25,4.15,5.34,4.68,5.15,3.07,7.47,5.5,-0.7837,2.273,-0.5629
Douglas Silva de Andrade,Bantamweight,14,D,35,14.0,False,0.0,False,False,0.8285714285714286,170.18,172.72,0.1429,16.9429,0.3861,0.5665,0.2496,0.0556,0.1714,0.717,16.4857,0.0714,0.3429,,2.97,2.69,5.23,6.6,2.44,6.4,8.67,2.28,3.18,7.24,2.05,5.63,1.58,5.5,-1.1962,-0.1377,-0.2566
Drakkar Klose,Lightweight,13,E,16,,False,0.0,False,False,0.8421052631578947,175.26,177.8,0.1538,19.4545,0.5506,0.4931,0.19,0.3271,0.4545,0.6923,64.5455,0.0,1.5758,,4.48,3.88,5.57,7.89,9.15,2.85,6.96,9.59,6.28,6.73,6.76,3.07,4.9,5.5,-0.0856,-0.7164,-0.2563
Drew Dober,Lightweight,27,D,35,13.0,False,0.0,False,False,0.6428571428571429,172.72,177.8,0.4074,18.0727,0.4102,0.5308,0.1419,0.1117,0.1636,0.5821,31.9818,0.037,1.6909,,3.71,3.88,9.36,7.2,3.37,4.6,5.22,5.02,3.02,4.44,3.54,5.16,5.19,5.5,-0.9255,0.9947,-0.1307
Drew Fickett,Welterweight,7,E,10,,False,0.0,False,False,0.6666666666666666,177.8,177.8,0.0,10.3333,0.4155,0.5791,0.1742,0.3226,0.4,0.3043,47.0667,0.4286,3.2,,5.37,3.88,2.21,2.6,3.67,7.13,6.4,9.56,5.84,1.56,5.23,9.84,8.26,5.5,1.1939,0.8101,0.1744
Drew McFedries,Middleweight,9,E,11,,False,0.0,False,False,0.631578947368421,182.88,182.88,0.4444,10.8,0.5118,0.5248,0.1019,0.2407,0.2,0.5625,6.2,0.0,2.5,,7.04,5.47,9.53,2.86,8.09,4.29,3.4,8.82,3.52,4.15,1.22,3.07,7.2,5.5,-1.1509,0.8586,-1.6239
Dricus Du Plessis,Middleweight,10,C+,58,1.0,False,0.0,False,False,0.8846153846153846,185.42,193.04,0.4,24.0625,0.488,0.5299,0.2286,0.0792,0.6875,0.3478,32.9375,0.2,2.3125,,7.92,8.37,9.27,9.25,7.14,4.55,8.1,3.49,8.0,1.85,3.62,8.21,6.81,5.5,-0.8434,1.7797,1.7356
Duane Ludwig,Welterweight,9,E,11,,False,0.0,False,False,0.6,177.8,177.8,0.1111,20.4667,0.4132,0.5822,0.0814,0.2573,0.0667,0.6786,29.4,0.0,1.2,,5.37,3.88,4.47,8.26,3.54,7.29,2.58,9.04,1.86,6.47,3.26,3.07,3.85,5.5,-0.8577,-1.0483,0.0392
Dusko Todorovic,Middleweight,10,E,11,,False,0.0,False,False,0.6666666666666666,185.42,187.96,0.3,18.625,0.5408,0.5148,0.0705,0.2517,0.625,0.4286,74.625,0.1,4.5,,7.92,7.01,8.38,7.49,8.94,3.78,2.12,8.97,7.66,2.43,7.46,6.13,9.28,5.5,0.6645,0.5193,0.5154
Dustin Hazelett,Welterweight,10,E,11,,False,0.0,False,False,0.631578947368421,185.42,193.04,0.0,8.1333,0.404,0.4694,0.0902,0.1066,0.1333,0.25,23.0667,0.4,1.9333,,7.92,8.37,2.21,1.67,3.12,2.18,2.9,4.81,2.62,1.31,2.72,9.73,5.9,5.5,0.9608,0.6447,1.0002
Dustin Jacoby,Light Heavyweight,17,D,35,13.0,False,0.0,False,False,0.7,190.5,193.04,0.4118,23.7105,0.4621,0.5801,0.1842,0.0832,0.0789,0.5745,21.0263,0.0,0.5263,,9.22,8.37,9.37,9.19,5.9,7.22,6.77,3.63,2.03,4.33,2.56,3.07,1.9,5.5,-1.6648,0.6278,0.814
Dustin Kimura,Bantamweight,5,E,10,,False,0.0,False,False,0.7857142857142857,170.18,180.34,0.0,5.8182,0.2126,0.5171,0.1094,0.1094,0.2727,0.5,19.0909,0.4,0.6364,,2.97,4.7,2.21,1.22,1.01,3.89,3.76,4.94,4.51,3.27,2.37,9.73,2.18,5.5,0.8119,1.1283,0.2277
Dustin Ortiz,Flyweight,14,D+,44,6.0,False,0.0,False,False,0.7037037037037037,165.1,165.1,0.2857,13.8649,0.4465,0.564,0.1092,0.2671,0.9459,0.5263,99.1081,0.0,4.7568,,1.73,1.58,8.17,4.7,5.11,6.29,3.75,9.14,9.16,3.59,8.9,3.07,9.36,5.5,1.9168,0.1867,-0.7761
Dustin Pague,Bantamweight,6,E,9,,False,0.0,False,False,0.5217391304347826,175.26,187.96,0.0,7.3846,0.5363,0.4116,0.25,0.1354,0.3077,0.5556,60.5385,0.1667,1.9231,,4.48,7.01,2.21,1.48,8.83,1.32,8.69,6.1,4.88,4.04,6.5,7.58,5.88,5.5,1.7892,-0.6022,-0.4383
Dustin Poirier,Lightweight,32,B,61,1.0,True,0.0,False,False,0.75,175.26,182.88,0.3438,22.9753,0.5,0.5232,0.1016,0.1505,0.3457,0.6304,51.8765,0.125,2.0494,,4.48,5.47,8.88,9.06,7.62,4.18,3.38,6.6,5.29,5.35,5.71,6.62,6.18,5.5,-0.706,1.1262,0.9155
Dustin Stoltzfus,Middleweight,10,E,11,,False,0.0,False,False,0.6956521739130435,182.88,190.5,0.1,14.7826,0.4433,0.4767,0.2353,0.1088,0.6087,0.5,74.8696,0.1,1.3043,,7.04,7.74,4.23,5.31,4.9,2.45,8.28,4.9,7.5,3.27,7.48,6.13,4.13,5.5,0.0445,-0.656,1.1703
Dwight Grant,Welterweight,8,E,10,,False,0.0,False,False,0.6470588235294118,185.42,193.04,0.125,15.1053,0.3475,0.6096,0.2021,0.0523,0.2105,0.6552,7.0,0.0,1.5789,,7.92,8.37,4.77,5.49,1.6,8.39,7.33,2.13,3.65,5.88,1.31,3.07,4.91,5.5,-1.0135,-0.9572,-0.4683
Dylan Andrews,Middleweight,5,E,10,,False,0.0,False,False,0.72,185.42,187.96,0.4,9.1111,0.5031,0.4684,0.1829,0.2317,0.7778,0.5714,38.8889,0.0,2.0,,7.92,7.01,9.27,2.09,7.79,2.17,6.71,8.66,8.4,4.28,4.33,3.07,6.08,5.5,-0.1647,0.5525,-0.8785
Ed Herman,Middleweight,26,E,14,,False,0.0,False,False,0.627906976744186,185.42,195.58,0.1538,14.1833,0.488,0.4243,0.1187,0.2785,0.5667,0.6129,70.3,0.1923,3.1833,,7.92,8.81,5.57,4.94,7.14,1.44,4.18,9.24,7.23,5.03,7.18,7.96,8.23,5.5,0.7637,0.1922,-0.017
Eddie Alvarez,Lightweight,8,B,61,1.0,True,0.0,False,False,0.8285714285714286,175.26,175.26,0.25,21.0526,0.4124,0.5376,0.09,0.1775,0.6316,1.0,54.8421,0.0,0.8421,,4.48,3.2,7.69,8.53,3.5,4.84,2.88,7.48,7.7,9.9,5.95,3.07,2.68,5.5,-0.5693,-0.142,1.648
Eddie Sanchez,Heavyweight,6,E,10,,False,0.0,False,False,0.6521739130434783,187.96,187.96,0.5,14.0769,0.4326,0.4337,0.0492,0.4262,0.3077,0.4286,63.8462,0.0,2.6154,,8.62,7.01,9.67,4.84,4.44,1.54,1.58,9.91,4.88,2.43,6.67,3.07,7.4,5.5,-0.1564,0.8465,-0.0434
Eddie Wineland,Bantamweight,16,C,51,4.0,False,0.0,False,False,0.6,170.18,175.26,0.3125,15.5,0.2954,0.6151,0.0588,0.0398,0.0882,0.9333,8.4706,0.0,1.2059,,2.97,3.2,8.48,5.74,1.14,8.55,1.78,1.71,2.12,9.76,1.4,3.07,3.88,5.5,-1.1982,0.5744,0.0507
Edgar Chairez,Flyweight,6,E,10,,False,0.0,False,False,0.6666666666666666,170.18,180.34,0.0,16.5833,0.4682,0.4559,0.2362,0.0201,0.0,0.3333,6.8333,0.3333,0.25,,2.97,4.7,2.21,6.41,6.12,1.93,8.29,1.2,1.29,1.76,1.29,9.43,1.44,5.5,-0.9536,0.585,0.4816
Edmen Shahbazyan,Middleweight,14,D+,41,9.0,False,0.0,False,False,0.75,187.96,190.5,0.4286,14.9259,0.4832,0.4929,0.0769,0.1464,0.4444,0.6604,46.6667,0.0714,2.8889,,8.62,7.74,9.46,5.4,6.84,2.82,2.43,6.46,6.21,6.0,5.2,5.63,7.84,5.5,-0.4177,1.1626,-0.2677
Edson Barboza,Lightweight,32,C+,54,3.0,False,0.0,False,False,0.6486486486486487,180.34,190.5,0.2812,18.6588,0.4466,0.5569,0.2472,0.0498,0.1294,0.7308,17.4,0.0,0.7059,,6.22,7.74,8.07,7.53,5.12,5.89,8.63,2.06,2.55,7.55,2.15,3.07,2.4,5.5,-1.3939,0.0714,-0.6124
Eduarda Moura,Women's Flyweight,5,D,36,13.0,False,0.0,False,False,0.9230769230769231,167.64,170.18,0.2,12.6429,0.3774,0.5851,0.0734,0.0508,1.1429,0.8,119.5714,0.0,4.0714,,2.25,2.24,6.75,3.96,2.23,7.41,2.23,2.08,9.51,8.62,9.43,3.07,9.04,5.5,1.8176,-0.0889,1.0085
Edwin Figueroa,Bantamweight,6,E,10,,False,0.0,False,False,0.6428571428571429,170.18,175.26,0.1667,12.0625,0.3947,0.5178,0.0933,0.0415,0.0625,0.3714,52.125,0.0,4.125,,2.97,3.2,5.94,3.6,2.71,3.93,3.02,1.81,1.81,2.01,5.74,3.07,9.08,5.5,1.2164,-0.5793,-1.7663
Efrain Escudero,Lightweight,12,E,12,,False,0.0,False,False,0.7,175.26,180.34,0.0833,13.5938,0.4485,0.6304,0.2391,0.2138,0.4062,0.6667,62.7812,0.0833,2.1562,,4.48,4.7,3.93,4.49,5.2,9.04,8.4,8.26,5.89,6.2,6.56,5.84,6.47,5.5,0.114,-0.6504,-0.3666
Elias Silverio,Lightweight,5,E,13,,False,0.0,False,False,0.8125,180.34,185.42,0.0,18.2,0.4991,0.5154,0.2125,0.1868,0.5333,0.8571,94.3333,0.2,2.2667,,6.22,6.25,2.21,7.26,7.57,3.83,7.69,7.71,6.93,9.28,8.67,8.21,6.71,5.5,0.0163,-0.454,-0.2657
Elias Theodorou,Middleweight,11,D,36,13.0,False,0.0,False,False,0.8421052631578947,185.42,190.5,0.1818,20.7742,0.4226,0.5301,0.2391,0.2562,0.4194,0.5918,65.6452,0.0,2.3226,,7.92,7.74,6.31,8.41,4.0,4.56,8.4,9.03,6.0,4.65,6.83,3.07,6.83,5.5,-0.0806,-0.7601,0.8939
Eliot Marshall,Light Heavyweight,6,E,10,,False,0.0,False,False,0.7142857142857143,187.96,195.58,0.0,8.7857,0.2703,0.6793,0.1626,0.1057,0.1429,0.7917,15.6429,0.1667,0.3571,,8.62,8.81,2.21,1.99,1.08,9.83,5.98,4.73,2.75,8.53,1.95,7.58,1.61,5.5,-0.335,-1.0773,0.4475
Elise Reed,Women's Strawweight,9,E,11,,False,0.0,False,False,0.6153846153846154,160.02,160.02,0.0,15.1364,0.5319,0.5175,0.2072,0.1201,0.1364,0.5306,22.5909,0.0,0.6364,,1.21,1.2,2.21,5.51,8.73,3.92,7.52,5.42,2.66,3.64,2.66,3.07,2.18,5.5,-0.7138,-1.0987,-2.0376
Elizeu Zaleski dos Santos,Welterweight,18,D,35,13.0,False,0.0,False,False,0.7142857142857143,180.34,185.42,0.2222,19.2889,0.4191,0.5565,0.197,0.197,0.2444,0.6714,40.1111,0.0556,1.4667,,6.22,6.25,7.28,7.78,3.88,5.86,7.17,7.94,4.15,6.37,4.5,5.35,4.59,5.5,-0.5001,-0.0439,0.796
Elves Brener,Lightweight,6,E,10,,False,0.0,False,False,0.7272727272727273,177.8,182.88,0.3333,22.5625,0.475,0.5077,0.2355,0.0305,0.3125,0.76,23.0,0.0,1.0625,,5.37,5.47,8.71,8.97,6.45,3.36,8.29,1.41,4.96,8.08,2.71,3.07,3.39,5.5,-1.1104,0.3607,0.922
Elvis Sinosic,Light Heavyweight,7,E,9,,False,0.0,False,False,0.3888888888888889,190.5,195.58,0.0,4.5833,0.3793,0.5304,0.4909,0.1818,0.0,0.0,6.25,0.1429,0.1667,,9.22,8.81,2.21,1.08,2.27,4.57,9.98,7.62,1.29,1.05,1.23,7.04,1.29,5.5,-0.1169,-1.2465,-1.2591
Emily Ducote,Women's Strawweight,5,D,35,13.0,False,0.0,False,False,0.5909090909090909,157.48,160.02,0.0,37.2667,0.5215,0.5791,0.2308,0.0286,0.0667,0.9412,4.0,0.0,0.2,,1.1,1.2,2.21,9.99,8.37,7.13,8.18,1.38,1.86,9.77,1.11,3.07,1.34,5.5,-1.8463,-1.0534,0.9713
Emily Whitmire,Women's Strawweight,6,D,33,15.0,False,0.0,False,False,0.4444444444444444,165.1,160.02,0.0,8.7778,0.3135,0.5437,0.2025,0.0759,0.4444,0.7,79.6667,0.1667,1.4444,,1.73,1.2,2.21,1.98,1.2,5.15,7.37,3.32,6.21,6.91,7.75,7.58,4.53,5.5,0.9361,0.0296,-1.7864
Enrique Barzola,Featherweight,10,E,12,,False,0.0,False,False,0.7727272727272727,170.18,177.8,0.0,19.5667,0.4157,0.687,0.1823,0.063,1.4,0.6667,89.1667,0.0,4.2,,2.97,3.88,2.21,7.92,3.71,9.9,6.68,2.64,9.81,6.2,8.45,3.07,9.15,5.5,0.75,-1.4885,1.6685
Eric Schafer,Light Heavyweight,9,E,11,,False,0.0,False,False,0.6363636363636364,190.5,193.04,0.1111,8.2941,0.3447,0.5692,0.0851,0.1773,0.5294,0.5,66.7059,0.2222,3.2353,,9.22,8.37,4.47,1.74,1.53,6.56,2.73,7.47,6.9,3.27,6.9,8.6,8.29,5.5,1.9101,-0.0437,1.0473
Eric Shelton,Flyweight,6,D+,40,10.0,False,0.0,False,False,0.6666666666666666,167.64,172.72,0.0,12.8333,0.4254,0.635,0.0736,0.013,0.9444,0.4615,63.8889,0.0,5.2778,,2.25,2.69,2.21,4.06,4.12,9.14,2.24,1.11,9.15,2.79,6.69,3.07,9.56,5.5,1.4257,-1.4949,-1.0382
Eric Spicely,Middleweight,7,E,10,,False,0.0,False,False,0.6666666666666666,185.42,185.42,0.0,14.1667,0.4521,0.5567,0.0353,0.2235,0.3333,0.75,44.1667,0.2857,2.0,,7.92,6.25,2.21,4.91,5.4,5.87,1.37,8.47,5.18,7.9,4.93,9.09,6.08,5.5,0.1038,-0.1441,0.7089
Erick Silva,Welterweight,15,D,34,14.0,False,0.0,False,False,0.6785714285714286,182.88,187.96,0.1333,9.4643,0.4871,0.4966,0.1585,0.1245,0.2143,0.5686,35.7143,0.3333,2.2143,,7.04,7.01,4.94,2.23,7.07,2.93,5.8,5.62,3.71,4.23,3.96,9.43,6.59,5.5,0.2765,1.0796,-0.9399
Erik Koch,Lightweight,10,D+,42,8.0,False,0.0,False,False,0.7272727272727273,177.8,180.34,0.2,10.6818,0.4038,0.4915,0.1191,0.1915,0.3182,0.8621,56.0455,0.1,2.1364,,5.37,4.7,6.75,2.74,3.11,2.75,4.21,7.83,5.05,9.34,6.09,6.13,6.45,5.5,0.4845,0.1045,-0.9573
Erik Perez,Bantamweight,9,D+,41,9.0,False,0.0,False,False,0.7391304347826086,172.72,172.72,0.2222,14.25,0.406,0.6673,0.1333,0.1509,0.95,0.6923,98.35,0.1111,4.85,,3.71,2.69,7.28,4.99,3.21,9.7,4.81,6.62,9.18,6.73,8.87,6.35,9.37,5.5,1.4942,0.6177,-0.9098
Erin Blanchfield,Women's Flyweight,9,C+,56,2.0,False,0.0,False,False,0.8666666666666667,162.56,167.64,0.0,24.7308,0.4441,0.5878,0.1353,0.0669,0.6154,0.7826,108.5769,0.4444,4.0,,1.42,1.88,2.21,9.41,4.95,7.52,4.88,2.85,7.58,8.44,9.21,9.87,8.97,5.5,0.6648,1.7936,2.0748
Eryk Anders,Middleweight,20,E,13,,False,0.0,False,False,0.6538461538461539,185.42,190.5,0.25,16.38,0.4787,0.5046,0.0513,0.254,0.58,0.8043,87.58,0.0,3.22,,7.92,7.74,7.69,6.3,6.63,3.18,1.62,9.0,7.31,8.69,8.34,3.07,8.28,5.5,0.1378,-0.3597,0.5241
Esteban Ribovics,Lightweight,7,E,14,,False,0.0,False,False,0.8823529411764706,177.8,175.26,0.1429,34.1667,0.4322,0.5414,0.0878,0.0228,0.1111,0.6607,9.5,0.0,1.3889,,5.37,3.2,5.23,9.97,4.4,5.04,2.8,1.25,2.34,6.01,1.46,3.07,4.37,5.5,-1.8079,-0.7109,1.9536
Eugene Jackson,Middleweight,7,E,10,,False,0.0,False,False,0.625,172.72,,0.2857,4.6364,0.2948,0.6111,0.0392,0.3137,0.1818,0.4667,19.7273,0.1429,0.5455,,3.71,9.9,8.17,1.09,1.13,8.45,1.41,9.51,3.25,2.83,2.39,7.04,1.96,5.5,0.089,0.7138,-0.8103
Evan Dunham,Lightweight,21,D,36,12.0,False,0.0,False,False,0.6666666666666666,177.8,177.8,0.0952,24.56,0.3926,0.6167,0.0423,0.1156,0.56,0.7973,62.82,0.0476,1.24,,5.37,3.88,4.14,9.38,2.66,8.61,1.46,5.18,7.16,8.57,6.57,5.23,3.96,5.5,-0.5541,-0.7611,2.6433
Evan Elder,Lightweight,5,E,13,,False,0.0,False,False,0.8333333333333334,177.8,182.88,0.0,25.2143,0.5094,0.574,0.1615,0.0397,0.1429,0.4,24.5,0.2,0.9286,,5.37,5.47,2.21,9.52,7.97,6.83,5.93,1.7,2.75,2.23,2.79,8.21,3.0,5.5,-1.1238,-0.4084,0.8067
Evan Tanner,Middleweight,17,B,61,,True,0.0,False,False,0.8,182.88,187.96,0.2941,13.3793,0.5997,0.5755,0.1392,0.2448,0.7241,0.2222,114.1111,0.2353,5.6552,,7.04,7.01,8.31,4.39,9.79,6.95,5.08,8.89,8.15,1.23,9.35,8.73,9.66,5.5,1.7295,1.2533,0.4066
Fabiano Iha,Lightweight,7,E,10,,False,0.0,False,False,0.6428571428571429,172.72,,0.1429,4.0909,0.4327,0.5152,0.2667,0.4222,0.5455,0.5,55.8,0.2857,1.0909,,3.71,9.9,5.23,1.05,4.45,3.8,8.99,9.89,7.05,3.27,6.05,9.09,3.52,5.5,1.8202,0.7933,0.2158
Fabio Maldonado,Light Heavyweight,11,D,36,12.0,False,0.0,False,False,0.6764705882352942,185.42,190.5,0.1818,24.7241,0.5887,0.535,0.0056,0.2552,0.1379,0.619,34.3793,0.0,1.7586,,7.92,7.74,6.31,9.4,9.68,4.73,1.06,9.0,2.69,5.13,3.78,3.07,5.42,5.5,-0.6146,-0.964,0.5465
Fabricio Camoes,Lightweight,6,E,9,,False,0.0,False,False,0.6086956521739131,177.8,180.34,0.0,6.0,0.33,0.6138,0.2121,0.2424,0.7273,0.2,47.0,0.1667,0.6364,,5.37,4.7,2.21,1.24,1.34,8.51,7.68,8.84,8.17,1.19,5.22,7.58,2.18,5.5,0.942,-0.6835,0.3976
Fabricio Werdum,Heavyweight,18,C+,58,1.0,False,0.0,False,False,0.7272727272727273,193.04,195.58,0.2222,20.2273,0.5636,0.5495,0.1719,0.1258,0.3636,0.2667,49.1818,0.2222,2.3864,,9.68,8.81,7.28,8.18,9.35,5.51,6.32,5.68,5.51,1.37,5.5,8.6,7.01,5.5,-0.4397,0.5565,0.9744
Fares Ziam,Lightweight,10,D,35,14.0,False,0.0,False,False,0.8095238095238095,185.42,190.5,0.2,13.8148,0.5254,0.6503,0.1609,0.1233,0.5556,0.7121,76.4074,0.0,2.5185,,7.92,7.74,6.75,4.65,8.49,9.49,5.9,5.58,7.13,7.13,7.55,3.07,7.25,5.5,0.7593,-0.4837,-0.8982
Farid Basharat,Bantamweight,6,D,35,15.0,False,0.0,False,False,1.0,172.72,180.34,0.0,17.8125,0.4831,0.6225,0.2175,0.0807,1.125,0.5455,98.0,0.1667,1.375,,3.71,4.7,2.21,7.12,6.83,8.8,7.85,3.54,9.48,3.85,8.86,7.58,4.35,5.5,0.3399,-0.5443,0.7718
Felice Herrig,Women's Strawweight,10,D+,42,8.0,False,0.0,False,False,0.5833333333333334,162.56,165.1,0.0,17.7083,0.3758,0.481,0.1012,0.2,0.3333,0.75,69.9167,0.2,1.5,,1.42,1.58,2.21,7.04,2.17,2.5,3.35,8.03,5.18,7.9,7.14,8.21,4.71,5.5,0.4062,0.2897,0.5763
Felicia Spencer,Women's Featherweight,6,E,10,,False,0.0,False,False,0.75,167.64,172.72,0.3333,15.3125,0.488,0.4535,0.1429,0.2612,0.375,0.2727,89.125,0.1667,3.8125,,2.25,2.69,8.71,5.66,7.14,1.89,5.28,9.07,5.63,1.41,8.44,7.58,8.88,5.5,1.1553,0.3619,0.762
Felipe Arantes,Featherweight,12,E,12,,False,0.0,False,False,0.6428571428571429,172.72,185.42,0.0833,11.4,0.4512,0.6408,0.1813,0.0702,0.3,0.4146,50.9667,0.1667,2.6333,,3.71,6.25,3.93,3.19,5.33,9.27,6.63,3.08,4.78,2.32,5.61,7.58,7.44,5.5,0.7999,0.0513,-1.3281
Felipe Colares,Bantamweight,6,E,10,,False,0.0,False,False,0.7142857142857143,172.72,175.26,0.0,10.6111,0.4526,0.3688,0.0733,0.1047,0.6111,0.4318,77.7778,0.0,1.3333,,3.71,3.2,2.21,2.71,5.45,1.11,2.22,4.66,7.54,2.47,7.63,3.07,4.2,5.5,0.8352,-1.7723,-0.221
Forrest Griffin,Light Heavyweight,15,B,61,,True,0.0,False,False,0.7307692307692307,190.5,195.58,0.0667,21.5135,0.364,0.6181,0.2588,0.142,0.2703,0.6087,38.4324,0.1333,2.1081,,9.22,8.81,3.62,8.68,1.85,8.67,8.85,6.32,4.46,4.98,4.28,6.76,6.35,5.5,-0.3048,-0.8539,2.2854
Forrest Petz,Welterweight,7,E,11,,False,0.0,False,False,0.7222222222222222,175.26,180.34,0.0,10.8235,0.2958,0.5742,0.1087,0.2446,0.4118,0.6667,46.5294,0.0,0.9412,,4.48,4.7,2.21,2.88,1.15,6.87,3.71,8.88,5.92,6.2,5.15,3.07,3.05,5.5,-0.5249,-1.7408,-0.8309
Francimar Barroso,Light Heavyweight,9,E,11,,False,0.0,False,False,0.7307692307692307,185.42,190.5,0.0,13.25,0.5274,0.5902,0.3396,0.2421,0.7083,0.8333,56.0417,0.0,0.625,,7.92,7.74,2.21,4.33,8.57,7.65,9.67,8.83,8.11,9.07,6.08,3.07,2.14,5.5,-0.0174,-2.2134,0.8449
Francis Carmont,Middleweight,9,D+,43,7.0,False,0.0,False,False,0.6756756756756757,190.5,198.12,0.0,9.3333,0.4125,0.5871,0.1429,0.2009,0.5417,0.7333,83.4583,0.2222,2.5833,,9.22,9.15,2.21,2.18,3.51,7.48,5.28,8.06,7.02,7.59,8.04,8.6,7.37,5.5,0.9849,-0.5603,-0.6267
Francis Marshall,Featherweight,7,E,11,,False,0.0,False,False,0.7272727272727273,175.26,182.88,0.1429,10.75,0.293,0.5361,0.1105,0.0523,0.625,0.8889,87.875,0.1429,0.625,,4.48,5.47,5.23,2.81,1.11,4.77,3.78,2.13,7.66,9.52,8.37,7.04,2.14,5.5,-0.221,0.3123,0.2619
Francis Ngannou,Heavyweight,14,B+,70,1.0,True,1.0,False,False,0.85,193.04,210.82,0.7143,8.4815,0.4126,0.4192,0.1397,0.1572,0.1852,0.7179,26.037,0.0714,1.5926,,9.68,9.76,9.97,1.82,3.52,1.41,5.12,6.85,3.28,7.25,2.95,5.63,4.96,5.5,-0.4112,2.4065,-1.3975
Francisco Prado,Welterweight,6,E,10,,False,0.0,False,False,0.75,177.8,175.26,0.1667,18.1875,0.4363,0.5423,0.2749,0.0687,0.25,0.4,46.1875,0.0,2.5,,5.37,3.2,5.94,7.25,4.63,5.12,9.1,2.98,4.25,2.23,5.13,3.07,7.2,5.5,-0.0527,-0.7409,0.9794
Francisco Rivera,Bantamweight,11,E,11,,False,0.0,False,False,0.6111111111111112,172.72,177.8,0.2727,17.5417,0.4136,0.6828,0.1781,0.1069,0.2917,0.6842,10.8333,0.0,0.9583,,3.71,3.88,7.98,6.96,3.56,9.86,6.53,4.84,4.7,6.57,1.56,3.07,3.12,5.5,-0.997,0.278,-0.0036
Francisco Trinaldo,Lightweight,26,D,37,11.0,False,0.0,False,False,0.7567567567567568,175.26,177.8,0.1923,14.8382,0.4525,0.6075,0.115,0.1665,0.3088,0.6027,57.3382,0.0769,2.0294,,4.48,3.88,6.45,5.37,5.43,8.33,4.03,7.2,4.92,4.89,6.24,5.74,6.16,5.5,0.0429,-0.0555,-0.775
Frank Camacho,Lightweight,8,E,11,,False,0.0,False,False,0.6875,177.8,185.42,0.125,27.6875,0.4639,0.5182,0.0203,0.0993,0.3125,0.7308,24.125,0.0,0.125,,5.37,6.25,4.77,9.75,5.96,3.96,1.19,4.42,4.96,7.55,2.77,3.07,1.21,5.5,-1.072,-0.8435,1.0204
Frank Mir,Heavyweight,27,B,61,5.0,True,0.0,False,False,0.6206896551724138,190.5,200.66,0.1852,7.8837,0.4702,0.3898,0.1593,0.3333,0.4884,0.5455,54.6744,0.2963,1.9302,,9.22,9.39,6.38,1.57,6.23,1.17,5.82,9.64,6.59,3.85,5.92,9.2,5.89,5.5,0.6276,0.7147,0.679
Frank Trigg,Welterweight,7,E,10,,False,0.0,False,False,0.7,175.26,180.34,0.2857,9.25,0.4713,0.5115,0.0135,0.2027,0.25,0.7692,91.0,0.0,5.625,,4.48,4.7,8.17,2.14,6.28,3.58,1.12,8.09,4.25,8.22,8.5,3.07,9.65,5.5,1.9379,-0.0929,-2.0212
Frankie Edgar,Featherweight,30,A,80,1.0,True,3.0,False,False,0.6764705882352942,167.64,172.72,0.1667,18.1919,0.4046,0.6593,0.1455,0.0716,0.7374,0.6562,64.0101,0.0667,4.1313,,2.25,2.69,5.94,7.25,3.14,9.66,5.41,3.13,8.23,5.9,6.71,5.53,9.09,5.5,0.4544,-0.0377,0.9004
Frankie Saenz,Bantamweight,10,D,37,11.0,False,0.0,False,False,0.65,167.64,167.64,0.0,18.1786,0.4744,0.5217,0.279,0.3418,0.5357,0.6167,57.7857,0.0,1.7143,,2.25,1.88,2.21,7.24,6.4,4.09,9.14,9.67,6.95,5.1,6.28,3.07,5.29,5.5,0.3655,-1.7535,-0.1508
Gabe Green,Welterweight,6,E,10,,False,0.0,False,False,0.7058823529411765,177.8,185.42,0.1667,25.2143,0.4514,0.4723,0.2408,0.0312,0.2143,0.5,36.7143,0.1667,1.7143,,5.37,6.25,5.94,9.52,5.35,2.32,8.45,1.45,3.71,3.27,4.1,7.58,5.29,5.5,-1.3801,0.3309,1.0659
Gabriel Benitez,Featherweight,15,E,12,,False,0.0,False,False,0.6388888888888888,172.72,180.34,0.2,22.8438,0.4168,0.6391,0.2052,0.026,0.0625,0.5577,10.4688,0.1333,1.6875,,3.71,4.7,6.75,9.02,3.76,9.21,7.47,1.32,1.81,4.09,1.52,6.76,5.18,5.5,-1.0335,0.6385,0.7756
Gabriel Bonfim,Welterweight,7,D+,41,10.0,False,0.0,False,False,0.9473684210526315,185.42,182.88,0.1429,18.7143,0.4704,0.6203,0.2901,0.1031,1.0,0.7647,52.1429,0.4286,0.2857,,7.92,5.47,5.23,7.56,6.24,8.72,9.26,4.6,9.28,8.16,5.75,9.84,1.5,5.5,-0.6044,1.7551,1.7244
Gabriel Gonzaga,Heavyweight,22,D,37,11.0,False,0.0,False,False,0.6071428571428571,187.96,193.04,0.3182,7.9189,0.4508,0.5905,0.2218,0.1468,0.6486,0.75,60.2703,0.1818,2.5405,,8.62,8.37,8.51,1.57,5.31,7.66,7.99,6.49,7.82,7.9,6.44,7.87,7.29,5.5,0.4838,0.8209,0.46
Gabriella Fernandes,Women's Flyweight,6,D,34,14.0,False,0.0,False,False,0.7857142857142857,167.64,167.64,0.0,16.8667,0.4659,0.5307,0.1383,0.1067,0.1333,0.6897,13.4667,0.1667,0.0,,2.25,1.88,2.21,6.58,6.02,4.59,5.01,4.82,2.62,6.69,1.71,7.58,1.03,5.5,-1.1343,-0.2212,-0.7693
Gadzhimurad Antigulov,Light Heavyweight,6,D,36,12.0,False,0.0,False,False,0.7142857142857143,180.34,177.8,0.0,6.1429,0.5513,0.4041,0.1163,0.2791,1.0,0.0,86.8571,0.3333,2.1429,,6.22,3.88,2.21,1.25,9.17,1.27,4.08,9.26,9.28,1.05,8.26,9.43,6.46,5.5,1.6659,-0.034,0.1622
Garreth McLellan,Middleweight,5,E,9,,False,0.0,False,False,0.6842105263157895,185.42,182.88,0.2,15.4167,0.5441,0.4516,0.1351,0.1784,0.3333,0.3478,71.1667,0.0,7.8333,,7.92,5.47,6.75,5.69,9.02,1.84,4.86,7.51,5.18,1.85,7.24,3.07,9.96,5.5,1.505,-0.7144,-0.1029
Garrett Armfield,Bantamweight,5,E,9,,False,0.0,False,False,0.6666666666666666,167.64,177.8,0.2,24.25,0.5369,0.5619,0.0584,0.055,0.3333,0.6471,50.6667,0.0,2.4167,,2.25,3.88,6.75,9.3,8.85,6.14,1.76,2.24,5.18,5.71,5.56,3.07,7.05,5.5,-0.7347,-0.2597,0.3034
Gary Goodridge,Heavyweight,8,E,10,,False,0.0,False,False,0.5111111111111111,190.5,,0.5,5.5,0.5714,0.4726,0.0909,0.3636,0.5,0.375,47.5971,0.0,2.125,,9.22,9.9,9.67,1.17,9.47,2.33,2.91,9.77,6.7,2.04,5.31,3.07,6.39,5.5,1.5575,0.778,-2.0487
Gavin Tucker,Featherweight,7,E,14,,False,0.0,False,False,0.8125,167.64,167.64,0.0,18.1765,0.4472,0.5743,0.1359,0.1586,0.8824,0.5385,48.9412,0.2857,0.7647,,2.25,1.88,2.21,7.23,5.16,6.88,4.92,6.91,8.9,3.78,5.47,9.09,2.49,5.5,0.2129,0.295,1.8149
Gegard Mousasi,Middleweight,12,C,52,4.0,False,0.0,False,False,0.875,187.96,193.04,0.4167,17.2222,0.5032,0.6801,0.1828,0.114,0.3333,0.7368,62.2593,0.0833,4.037,,8.62,8.37,9.4,6.75,7.8,9.84,6.7,5.13,5.18,7.66,6.56,5.84,8.98,5.5,0.0748,1.1429,-0.7082
Geoff Neal,Welterweight,14,D+,44,6.0,False,0.0,False,False,0.6956521739130435,180.34,190.5,0.3571,21.4688,0.5074,0.5696,0.064,0.1048,0.1562,0.8966,37.3438,0.0714,1.5312,,6.22,7.74,8.94,8.67,7.89,6.57,1.94,4.68,2.96,9.56,4.19,5.63,4.82,5.5,-1.4503,0.9158,-0.3143
George Roop,Bantamweight,13,E,11,,False,0.0,False,False,0.5357142857142857,185.42,182.88,0.1538,15.1935,0.387,0.5551,0.1231,0.1868,0.2581,0.5965,68.9032,0.0,3.6774,,7.92,5.47,5.57,5.57,2.47,5.78,4.38,7.71,4.33,4.75,7.09,3.07,8.76,5.5,0.7976,-0.6555,-1.2449
George Sotiropoulos,Lightweight,11,E,11,,False,0.0,False,False,0.6666666666666666,177.8,180.34,0.0909,11.24,0.2676,0.6757,0.0747,0.0427,0.68,0.5,76.56,0.3636,2.08,,5.37,4.7,4.07,3.1,1.07,9.8,2.3,1.86,7.97,3.27,7.56,9.58,6.26,5.5,0.678,0.9889,1.8196
George Sullivan,Welterweight,7,E,10,,False,0.0,False,False,0.7083333333333334,182.88,185.42,0.1429,15.4667,0.3979,0.576,0.1983,0.1379,0.4,0.3846,76.1333,0.0,4.6,,7.04,6.25,5.23,5.72,2.86,6.98,7.22,6.2,5.84,2.12,7.52,3.07,9.32,5.5,0.825,-0.9216,0.8734
Georges St-Pierre,Welterweight,22,S,99,3.0,True,9.0,True,False,0.9285714285714286,180.34,193.04,0.2273,18.493,0.5316,0.7307,0.166,0.0739,1.2676,0.8519,136.9296,0.1364,6.493,,6.22,8.37,7.39,7.41,8.7,9.99,6.09,3.25,9.69,9.22,9.73,6.83,9.82,5.5,1.1767,0.4138,0.6978
Gerald Meerschaert,Middleweight,26,E,14,,False,0.0,False,False,0.6491228070175439,185.42,195.58,0.0385,12.0741,0.4506,0.536,0.0966,0.1028,0.463,0.4,54.8704,0.4231,1.0741,,7.92,8.81,3.43,3.63,5.29,4.76,3.18,4.58,6.38,2.23,5.95,9.81,3.45,5.5,0.3187,0.9024,0.7883
Germaine de Randamie,Women's Bantamweight,10,C+,58,1.0,False,0.0,False,False,0.6666666666666666,175.26,180.34,0.3,11.7407,0.4803,0.6474,0.1861,0.3722,0.0,0.661,24.5926,0.1,0.4074,,4.48,4.7,8.38,3.39,6.7,9.42,6.84,9.81,1.29,6.02,2.82,6.13,1.69,5.5,-0.5022,1.332,-1.9433
Gian Villante,Light Heavyweight,18,D,36,12.0,False,0.0,False,False,0.5483870967741935,190.5,193.04,0.2222,20.0652,0.4376,0.5295,0.2037,0.0563,0.1087,0.8537,15.1957,0.0,1.1304,,9.22,8.37,7.28,8.1,4.71,4.52,7.42,2.34,2.31,9.24,1.89,3.07,3.69,5.5,-1.1694,-0.6695,0.415
Giga Chikadze,Featherweight,12,D+,43,7.0,False,0.0,False,False,0.75,182.88,187.96,0.25,17.8485,0.4219,0.6107,0.1613,0.0085,0.0606,0.6875,5.7576,0.0,1.3939,,7.04,7.01,7.69,7.12,3.98,8.42,5.92,1.04,1.79,6.63,1.2,3.07,4.38,5.5,-1.134,0.1286,-0.7792
Gilbert Burns,Welterweight,25,C+,58,1.0,False,0.0,False,False,0.7096774193548387,177.8,180.34,0.12,14.7576,0.481,0.5253,0.192,0.1016,0.6364,0.5366,63.9545,0.2,2.0909,,5.37,4.7,4.66,5.29,6.76,4.31,7.03,4.52,7.74,3.73,6.7,8.21,6.29,5.5,-0.1162,0.1988,0.2206
Gilbert Melendez,Lightweight,7,C+,58,1.0,False,0.0,False,False,0.7333333333333333,175.26,185.42,0.0,13.3636,0.2885,0.5913,0.068,0.102,0.1364,0.75,15.9545,0.0,0.3182,,4.48,6.25,2.21,4.37,1.09,7.7,2.06,4.56,2.66,7.9,1.99,3.07,1.53,5.5,-0.653,-1.5818,-0.0511
Gillian Robertson,Women's Flyweight,20,C,47,5.0,False,0.0,False,False,0.6666666666666666,165.1,160.02,0.15,12.4444,0.4848,0.5604,0.1661,0.0357,0.8444,0.3889,136.8,0.35,5.7556,,1.73,1.2,5.48,3.83,6.94,6.04,6.1,1.57,8.76,2.15,9.72,9.55,9.72,5.5,2.9255,2.1205,-0.3053
Gina Mazany,Women's Bantamweight,8,D,33,15.0,False,0.0,False,False,0.5384615384615384,167.64,172.72,0.125,15.3125,0.5094,0.5011,0.1469,0.2286,1.1875,0.3333,98.4375,0.0,2.1875,,2.25,2.69,4.77,5.66,7.97,3.05,5.43,8.6,9.59,1.76,8.88,3.07,6.53,5.5,0.2493,-0.6099,0.602
Gleison Tibau,Lightweight,28,E,14,,False,0.0,False,False,0.7021276595744681,177.8,180.34,0.0357,8.9701,0.3182,0.6348,0.0715,0.1647,1.2537,0.9211,92.8657,0.1429,1.7761,,5.37,4.7,3.42,2.03,1.25,9.14,2.15,7.1,9.67,9.72,8.6,7.04,5.49,5.5,1.0581,-0.6194,0.3304
Glover Teixeira,Light Heavyweight,23,B,61,1.0,True,0.0,False,False,0.7857142857142857,187.96,193.04,0.2609,15.623,0.5066,0.5097,0.0178,0.0976,0.5902,0.6029,77.2623,0.3043,6.1148,,8.62,8.37,7.82,5.82,7.86,3.48,1.15,4.32,7.4,4.89,7.6,9.27,9.77,5.5,1.0812,1.5523,0.7177
Godofredo Pepey,Featherweight,11,E,12,,False,0.0,False,False,0.6842105263157895,170.18,185.42,0.0909,9.9474,0.3818,0.4782,0.1429,0.1323,0.1053,0.35,35.1053,0.2727,1.7895,,2.97,6.25,4.07,2.44,2.34,2.46,5.28,5.97,2.27,1.87,3.89,8.95,5.53,5.5,0.6988,0.7561,0.2296
Grant Dawson,Lightweight,15,D+,41,10.0,False,0.0,False,False,0.92,177.8,182.88,0.1333,13.8947,0.5116,0.4484,0.125,0.0985,1.0789,0.7,174.3684,0.3333,5.5526,,5.37,5.47,4.94,4.73,8.07,1.79,4.49,4.39,9.41,6.91,9.96,9.43,9.64,5.5,1.9003,1.01,0.5888
Gray Maynard,Lightweight,20,C+,54,3.0,False,0.0,False,False,0.65,175.26,177.8,0.05,8.8036,0.3254,0.6667,0.0446,0.1481,0.8929,0.8125,79.9821,0.0,1.7857,,4.48,3.88,3.44,2.0,1.31,9.69,1.54,6.55,8.96,8.8,7.76,3.07,5.51,5.5,0.732,-1.3485,-0.1018
Greg Hardy,Heavyweight,10,E,11,,False,0.0,False,False,0.5833333333333334,195.58,203.2,0.3,18.0526,0.4985,0.5513,0.2595,0.0408,0.0526,0.6429,17.1053,0.0,3.7895,,9.87,9.58,8.38,7.19,7.52,5.61,8.87,1.76,1.72,5.63,2.12,3.07,8.85,5.5,-0.5126,-0.2241,-0.5176
Gregor Gillespie,Lightweight,8,D+,43,8.0,False,0.0,False,False,0.9333333333333333,170.18,180.34,0.5,15.7857,0.5287,0.5789,0.0679,0.086,1.9286,1.0,181.7143,0.25,9.5714,,2.97,4.7,9.67,5.9,8.63,7.1,2.05,3.79,9.97,9.9,9.96,8.82,9.98,5.5,2.7607,2.6112,0.8342
Gregory Rodrigues,Middleweight,13,D,37,11.0,False,0.0,False,False,0.7391304347826086,190.5,190.5,0.5385,22.9286,0.5148,0.5085,0.0498,0.1028,0.5357,0.75,46.5714,0.0,1.3214,,9.22,7.74,9.76,9.05,8.18,3.4,1.59,4.58,6.95,7.9,5.18,3.07,4.17,5.5,-1.3889,1.4323,1.2962
Guido Cannetti,Bantamweight,10,E,11,,False,0.0,False,False,0.5555555555555556,167.64,172.72,0.1,13.8889,0.5531,0.5142,0.292,0.216,0.6111,0.6452,54.5556,0.1,1.6111,,2.25,2.69,4.23,4.73,9.18,3.75,9.27,8.3,7.54,5.67,5.92,6.13,5.0,5.5,0.6975,-0.317,-1.467
Gunnar Nelson,Welterweight,16,D+,42,8.0,False,0.0,False,False,0.76,180.34,182.88,0.0,8.1111,0.6122,0.4884,0.0788,0.1062,0.6111,0.6842,97.3889,0.5,3.1389,,6.22,5.47,2.21,1.66,9.85,2.66,2.5,4.78,7.54,6.57,8.82,9.93,8.14,5.5,1.3308,1.2412,-1.4123
Guram Kutateladze,Lightweight,5,E,10,,False,0.0,False,False,0.7222222222222222,180.34,182.88,0.0,17.2667,0.4504,0.5482,0.1892,0.2124,0.2,0.75,28.8667,0.0,0.8667,,6.22,5.47,2.21,6.78,5.27,5.45,6.93,8.23,3.52,7.9,3.21,3.07,2.77,5.5,-0.627,-1.5828,-0.1149
Guy Mezger,Lightweight,5,E,9,,False,0.0,False,False,0.6818181818181818,185.42,,0.4,11.3333,0.6182,0.5376,0.1618,0.2941,0.1667,0.625,51.5224,0.2,5.1667,,7.92,9.9,9.27,3.12,9.9,4.84,5.94,9.35,3.1,5.23,5.68,8.21,9.51,5.5,1.5001,1.7957,-0.9257
Hacran Dias,Featherweight,8,D+,40,10.0,False,0.0,False,False,0.7931034482758621,172.72,175.26,0.0,10.375,0.4185,0.5504,0.1928,0.0884,0.8333,0.7692,83.9167,0.0,1.125,,3.71,3.2,2.21,2.63,3.84,5.56,7.06,3.92,8.69,8.22,8.06,3.07,3.67,5.5,0.4405,-1.4761,-0.1286
Hakeem Dawodu,Featherweight,10,D,33,15.0,False,0.0,False,False,0.7647058823529411,172.72,185.42,0.1,26.2143,0.5087,0.5656,0.2466,0.1553,0.0,0.6531,28.25,0.0,0.1786,,3.71,6.25,4.23,9.62,7.94,6.37,8.62,6.79,1.29,5.84,3.13,3.07,1.32,5.5,-1.0846,-0.7984,-0.4797
Hannah Cifers,Women's Strawweight,7,E,10,,False,0.0,False,False,0.5882352941176471,154.94,157.48,0.0,20.7857,0.445,0.5292,0.2509,0.2234,0.0714,0.6471,32.6429,0.0,0.7857,,1.04,1.11,2.21,8.42,5.0,4.5,8.71,8.46,1.93,5.71,3.58,3.07,2.54,5.5,-1.3451,-1.0735,-0.6494
Hannah Goldy,Women's Strawweight,5,E,9,,False,0.0,False,False,0.6,162.56,154.94,0.0,19.3636,0.4277,0.5,0.2113,0.2864,0.2727,0.4,61.3636,0.2,1.4545,,1.42,1.06,2.21,7.83,4.18,3.0,7.66,9.32,4.51,2.23,6.54,8.21,4.57,5.5,0.04,0.3043,1.023
Hatsu Hioki,Featherweight,8,E,11,,False,0.0,False,False,0.7435897435897436,180.34,185.42,0.0,11.4545,0.436,0.6504,0.0714,0.0873,0.8182,0.5,103.1818,0.0,2.3636,,6.22,6.25,2.21,3.22,4.61,9.5,2.14,3.86,8.63,3.27,9.02,3.07,6.92,5.5,1.0086,-1.4988,-0.4907
Heath Herring,Heavyweight,5,E,9,,False,0.0,False,False,0.6363636363636364,193.04,198.12,0.0,11.4667,0.4175,0.4554,0.093,0.1105,0.3333,0.1923,77.3333,0.0,6.5333,,9.68,9.15,2.21,3.23,3.79,1.92,2.99,4.98,5.18,1.17,7.6,3.07,9.83,5.5,1.1785,-1.919,-1.0537
Hector Lombard,Middleweight,12,C,47,5.0,False,0.0,False,False,0.7727272727272727,175.26,180.34,0.1667,15.0,0.4893,0.5502,0.2161,0.1402,0.5172,0.7931,58.5862,0.0,2.4483,,4.48,4.7,5.94,5.45,7.17,5.55,7.81,6.27,6.83,8.53,6.35,3.07,7.13,5.5,-0.5356,-0.8328,-0.3505
Henrique da Silva,Light Heavyweight,6,E,10,,False,0.0,False,False,0.7368421052631579,190.5,193.04,0.1667,16.7273,0.5644,0.4276,0.087,0.3424,0.0909,0.25,47.0,0.1667,3.1818,,9.22,8.37,5.94,6.51,9.37,1.49,2.77,9.68,2.14,1.31,5.22,7.58,8.22,5.5,0.6677,0.0059,-1.1991
Henry Briones,Bantamweight,5,E,9,,False,0.0,False,False,0.6666666666666666,172.72,175.26,0.0,14.8333,0.4269,0.5322,0.0899,0.1124,0.0,0.5238,3.6667,0.2,0.6667,,3.71,3.2,2.21,5.35,4.16,4.63,2.87,5.07,1.29,3.54,1.1,8.21,2.27,5.5,-0.6744,-0.2621,-0.896
Henry Cejudo,Flyweight,16,A,77,1.0,True,1.0,True,False,0.7619047619047619,162.56,162.56,0.25,18.2174,0.4737,0.573,0.1683,0.1874,0.5652,0.7234,58.2174,0.0,2.2391,,1.42,1.36,7.69,7.29,6.35,6.78,6.22,7.73,7.22,7.39,6.32,3.07,6.64,5.5,-0.2868,0.0621,0.0042
Herbert Burns,Featherweight,6,E,10,,False,0.0,False,False,0.6470588235294118,175.26,185.42,0.1667,6.4545,0.3604,0.4139,0.1268,0.169,0.7273,0.5,46.6364,0.1667,1.0,,4.48,6.25,5.94,1.29,1.81,1.37,4.56,7.3,8.17,3.27,5.19,7.58,3.22,5.5,0.6338,0.5718,0.0643
Hermes Franca,Lightweight,11,E,11,,False,0.0,False,False,0.5853658536585366,167.64,180.34,0.1818,8.0625,0.3915,0.5678,0.2287,0.1667,0.5,0.3676,34.375,0.1818,0.9062,,2.25,4.7,6.31,1.64,2.59,6.48,8.11,7.22,6.7,1.97,3.77,7.87,2.92,5.5,0.5507,0.4692,0.6881
Holly Holm,Women's Bantamweight,16,B,61,1.0,True,0.0,False,False,0.6818181818181818,172.72,175.26,0.125,14.6364,0.4076,0.5501,0.2261,0.1168,0.2727,0.7632,67.5273,0.0,0.9455,,3.71,3.2,4.77,5.21,3.29,5.54,8.07,5.26,4.51,8.13,6.98,3.07,3.08,5.5,-0.5962,-0.5761,-0.6836
Houston Alexander,Light Heavyweight,6,E,9,,False,0.0,False,False,0.53125,182.88,182.88,0.3333,11.5,0.5576,0.4744,0.3913,0.2609,0.125,0.3636,13.625,0.0,2.875,,7.04,5.47,8.71,3.25,9.27,2.37,9.89,9.06,2.48,1.95,1.72,3.07,7.82,5.5,-0.563,0.0551,-2.1032
Hugo Viana,Bantamweight,6,E,10,,False,0.0,False,False,0.6666666666666666,167.64,170.18,0.1667,14.6429,0.3853,0.5759,0.078,0.0683,0.0714,0.5,34.2857,0.0,0.8571,,2.25,2.24,5.94,5.23,2.42,6.97,2.47,2.95,1.93,3.27,3.77,3.07,2.74,5.5,-1.2434,-0.481,-0.3199
Hyder Amil,Featherweight,5,E,19,,False,0.0,False,False,0.9166666666666666,175.26,177.8,0.4,28.6,0.5306,0.5103,0.1434,0.0734,0.2,0.4167,32.0,0.0,2.0,,4.48,3.88,9.27,9.81,8.68,3.51,5.33,3.23,3.52,2.35,3.55,3.07,6.08,5.5,-0.9959,1.0481,1.2736
Hyun Gyu Lim,Welterweight,7,E,10,,False,0.0,False,False,0.65,190.5,195.58,0.4286,19.0667,0.4103,0.5142,0.0979,0.0524,0.0667,0.7391,5.2,0.0,1.2667,,9.22,8.81,9.46,7.7,3.38,3.75,3.25,2.14,1.86,7.69,1.15,3.07,4.01,5.5,-1.6102,0.9222,-0.1094
HyunSung Park,Flyweight,5,E,19,,False,0.0,False,False,0.9090909090909091,170.18,167.64,0.2,12.3636,0.3842,0.5664,0.2206,0.1324,0.2727,0.4375,34.8182,0.4,0.8182,,2.97,1.88,6.75,3.75,2.37,6.39,7.94,5.98,4.51,2.53,3.83,9.73,2.61,5.5,-0.6125,2.159,-0.0384
Ian Freeman,Heavyweight,6,E,10,,False,0.0,False,False,0.7407407407407407,180.34,,0.3333,9.0,0.5051,0.4,0.0404,0.2828,0.2727,0.8148,94.4545,0.0,5.4545,,6.22,9.9,8.71,2.04,7.83,1.21,1.43,9.27,4.51,8.83,8.68,3.07,9.61,5.5,1.9044,-0.1399,-1.5041
Ian Heinisch,Middleweight,7,D+,41,9.0,False,0.0,False,False,0.7368421052631579,180.34,182.88,0.1429,15.3333,0.5,0.5914,0.2464,0.1196,0.3333,0.6078,37.1111,0.0,2.8889,,6.22,5.47,5.23,5.67,7.62,7.71,8.61,5.39,5.18,4.97,4.15,3.07,7.84,5.5,-0.1041,-0.993,0.946
Ian Machado Garry,Welterweight,11,C+,58,1.0,False,0.0,False,False,0.9411764705882353,190.5,187.96,0.2727,23.4848,0.5408,0.5289,0.2452,0.049,0.303,0.8,34.2424,0.0,1.0,,9.22,7.01,7.98,9.16,8.94,4.47,8.57,2.04,4.81,8.62,3.76,3.07,3.22,5.5,-1.3425,-0.0411,0.6972
Ian McCall,Flyweight,6,C+,54,3.0,False,0.0,False,False,0.7222222222222222,165.1,162.56,0.0,19.2222,0.4189,0.6273,0.263,0.2197,0.6111,0.9,52.0,0.0,1.8333,,1.73,1.36,2.21,7.76,3.86,8.92,8.93,8.39,7.54,9.6,5.73,3.07,5.64,5.5,-0.1228,-1.4329,0.7693
Iasmin Lucindo,Women's Strawweight,7,D+,43,7.0,False,0.0,False,False,0.75,160.02,167.64,0.0,15.9,0.4549,0.6214,0.0755,0.0975,0.75,0.6875,74.5,0.1429,1.05,,1.21,1.88,2.21,5.98,5.55,8.74,2.34,4.3,8.27,6.63,7.45,7.04,3.33,5.5,0.0915,-0.1072,-0.6653
Ibo Aslan,Light Heavyweight,5,E,13,,False,0.0,False,False,0.8235294117647058,190.5,195.58,0.4,19.4444,0.4642,0.5606,0.1429,0.1257,0.0,0.875,0.8889,0.0,0.1111,,9.22,8.81,9.27,7.88,5.97,6.06,5.28,5.67,1.29,9.43,1.04,3.07,1.16,5.5,-1.6551,0.5482,-0.1614
Ignacio Bahamondes,Lightweight,10,D,33,15.0,False,0.0,False,False,0.7391304347826086,190.5,190.5,0.3,27.0,0.4551,0.5525,0.2176,0.0648,0.0,0.6562,19.2917,0.2,1.4167,,9.22,7.74,8.38,9.72,5.56,5.66,7.86,2.73,1.29,5.9,2.38,8.21,4.44,5.5,-1.578,1.3415,1.1816
Igor Pokrajac,Light Heavyweight,13,E,12,,False,0.0,False,False,0.6829268292682927,182.88,187.96,0.1538,9.7143,0.4595,0.4039,0.0735,0.2978,0.25,0.5135,47.1071,0.0769,1.3571,,7.04,7.01,5.57,2.33,5.77,1.26,2.23,9.39,4.25,3.47,5.24,5.74,4.29,5.5,0.2456,-0.6685,-1.2668
Ihor Potieria,Middleweight,8,E,11,,False,0.0,False,False,0.7142857142857143,190.5,190.5,0.125,18.2857,0.4904,0.5153,0.207,0.1172,0.2143,0.6667,36.2857,0.0,2.0,,9.22,7.74,4.77,7.32,7.22,3.81,7.5,5.27,3.71,6.2,4.04,3.07,6.08,5.5,-1.0966,-1.0604,0.0563
Ike Villanueva,Light Heavyweight,6,E,9,,False,0.0,False,False,0.5625,185.42,185.42,0.1667,10.2222,0.3849,0.3636,0.0217,0.1196,0.1111,1.0,7.2222,0.0,0.3333,,7.92,6.25,5.94,2.58,2.4,1.09,1.2,5.39,2.34,9.9,1.32,3.07,1.56,5.5,-0.7793,-1.0596,-1.3898
Ikram Aliskerov,Middleweight,5,D,34,15.0,False,0.0,False,False,0.8888888888888888,182.88,193.04,0.6,26.5714,0.6503,0.412,0.0968,0.0269,0.7143,1.0,57.2857,0.0,3.8571,,7.04,8.37,9.88,9.67,9.93,1.33,3.19,1.33,8.13,9.9,6.23,3.07,8.9,5.5,-1.6212,1.8108,0.1823
Ildemar Alcantara,Welterweight,7,E,10,,False,0.0,False,False,0.65625,187.96,198.12,0.0,9.4,0.3868,0.5029,0.1064,0.1809,0.65,0.8182,49.3,0.1429,1.25,,8.62,9.15,2.21,2.21,2.46,3.11,3.63,7.57,7.84,8.86,5.51,7.04,3.98,5.5,0.3668,-0.9032,-0.3972
Ilia Topuria,Featherweight,9,A,80,1.0,True,1.0,True,True,1.0,170.18,175.26,0.6667,20.25,0.4821,0.6407,0.1185,0.0296,0.55,0.9375,56.4,0.1111,3.7,,2.97,3.2,9.93,8.19,6.8,9.27,4.17,1.39,7.09,9.77,6.11,6.35,8.78,5.5,-0.7382,3.3676,0.5173
Ilir Latifi,Light Heavyweight,16,C+,54,3.0,False,0.0,False,False,0.6538461538461539,177.8,185.42,0.1875,9.0,0.452,0.5631,0.1471,0.1111,0.6176,1.0,79.1176,0.125,1.7059,,5.37,6.25,6.4,2.04,5.39,6.19,5.45,5.0,7.6,9.9,7.73,6.62,5.25,5.5,0.2592,-0.1182,-0.5145
Ion Cutelaba,Light Heavyweight,20,D,33,15.0,False,0.0,False,False,0.6333333333333333,185.42,190.5,0.2,17.7632,0.4375,0.4754,0.1244,0.2015,1.0526,0.7561,56.7632,0.1,3.6053,,7.92,7.74,6.75,7.08,4.7,2.4,4.46,8.08,9.38,8.04,6.16,6.13,8.71,5.5,0.3223,-0.2049,1.2402
Irene Aldana,Women's Bantamweight,14,C+,56,2.0,False,0.0,False,False,0.6521739130434783,175.26,172.72,0.2143,25.3571,0.3993,0.563,0.1662,0.0516,0.0476,0.7778,6.4286,0.0714,1.4762,,4.48,2.69,7.13,9.56,2.91,6.18,6.11,2.1,1.69,8.36,1.25,5.63,4.62,5.5,-1.4845,0.5767,0.467
Islam Makhachev,Lightweight,18,S,98,1.0,True,4.0,True,True,0.9642857142857143,177.8,177.8,0.1667,10.7778,0.5843,0.6199,0.0557,0.1835,0.9111,0.913,135.2889,0.4444,2.6222,,5.37,3.88,5.94,2.83,9.62,8.71,1.73,7.66,9.03,9.67,9.71,9.87,7.41,5.5,1.1874,1.8723,-1.0333
Ismael Bonfim,Lightweight,5,E,13,,False,0.0,False,False,0.8,172.72,180.34,0.2,25.2222,0.547,0.5646,0.1454,0.0837,0.3333,0.7273,11.4444,0.0,0.3333,,3.71,4.7,6.75,9.53,9.1,6.32,5.4,3.64,5.18,7.48,1.62,3.07,1.56,5.5,-1.5019,-0.3933,0.289
Ismail Naurdiev,Welterweight,7,E,11,,False,0.0,False,False,0.75,177.8,187.96,0.1429,17.6316,0.5284,0.6491,0.191,0.1075,0.4737,0.7317,55.3158,0.0,1.7368,,5.37,7.01,5.23,7.01,8.61,9.46,6.99,4.86,6.48,7.57,6.01,3.07,5.35,5.5,-0.2976,-0.8767,-0.3272
Israel Adesanya,Middleweight,19,A+,90,1.0,True,5.0,False,False,0.8275862068965517,193.04,203.2,0.2632,19.3088,0.4838,0.5578,0.3001,0.0487,0.0147,0.7642,9.0441,0.0,0.5441,,9.68,9.58,7.85,7.81,6.9,5.91,9.36,2.03,1.58,8.15,1.44,3.07,1.94,5.5,-1.5821,-0.212,-0.3034
Istela Nunes,Women's Strawweight,5,E,8,,False,0.0,False,False,0.5,162.56,167.64,0.0,18.75,0.4737,0.597,0.1867,0.1067,0.0,0.4762,17.5,0.0,0.0833,,1.42,1.88,2.21,7.57,6.35,7.96,6.86,4.82,1.29,2.97,2.16,3.07,1.12,5.5,-1.4251,-1.0703,-1.3252
Iuri Alcantara,Bantamweight,18,D+,43,7.0,False,0.0,False,False,0.7777777777777778,175.26,180.34,0.1667,11.8,0.4587,0.4906,0.0784,0.0869,0.425,0.597,41.6,0.1111,3.3,,4.48,4.7,5.94,3.43,5.72,2.72,2.47,3.83,6.04,4.78,4.65,6.35,8.36,5.5,0.82,0.242,-1.3241
Ivan Menjivar,Bantamweight,9,D+,41,9.0,False,0.0,False,False,0.6756756756756757,167.64,162.56,0.1111,10.8947,0.3644,0.6552,0.2512,0.1546,0.1053,0.3077,13.3158,0.2222,1.8421,,2.25,1.36,4.47,2.94,1.88,9.61,8.73,6.76,2.27,1.59,1.7,8.6,5.66,5.5,0.2608,0.667,-0.8585
Ivan Salaverry,Middleweight,7,E,10,,False,0.0,False,False,0.6086956521739131,182.88,,0.1429,8.8462,0.4792,0.7177,0.4783,0.1565,0.1538,0.3684,35.3077,0.2857,1.2308,,7.04,9.9,5.23,2.0,6.65,9.98,9.96,6.83,2.92,1.99,3.91,9.09,3.93,5.5,0.4422,0.6996,0.9386
JJ Aldrich,Women's Flyweight,17,D,34,14.0,False,0.0,False,False,0.6666666666666666,165.1,170.18,0.0588,19.2083,0.4612,0.6191,0.0629,0.1106,0.2292,0.675,48.75,0.0,1.6458,,1.73,2.24,3.53,7.75,5.86,8.69,1.92,4.99,3.96,6.41,5.44,3.07,5.08,5.5,-0.2143,-1.0682,-0.9366
Jacare Souza,Middleweight,16,E,13,,False,0.0,False,False,0.7222222222222222,185.42,182.88,0.25,12.7143,0.5241,0.5946,0.0787,0.1483,0.4571,0.625,79.9143,0.25,2.9714,,7.92,5.47,7.69,3.99,8.46,7.85,2.49,6.56,6.31,5.23,7.76,8.82,7.94,5.5,0.4717,1.1271,-0.1602
Jack Della Maddalena,Welterweight,10,B,62,1.0,True,0.0,False,False,0.9,180.34,185.42,0.4,23.0769,0.5277,0.6066,0.1017,0.085,0.1154,0.6327,10.0385,0.1,1.3462,,6.22,6.25,9.27,9.08,8.59,8.27,3.39,3.73,2.38,5.42,1.5,6.13,4.25,5.5,-1.6633,1.3609,-0.0552
Jack Hermansson,Middleweight,19,C,51,4.0,False,0.0,False,False,0.7272727272727273,185.42,195.58,0.1579,22.7826,0.4525,0.5699,0.2376,0.0735,0.4348,0.8077,45.7174,0.1579,3.4565,,7.92,8.81,5.65,9.0,5.43,6.59,8.32,3.24,6.12,8.74,5.1,7.36,8.55,5.5,-0.4489,0.0585,1.4646
Jack Jenkins,Featherweight,6,E,10,,False,0.0,False,False,0.7647058823529411,170.18,172.72,0.1667,20.8235,0.597,0.5796,0.2429,0.1045,0.4706,0.7,54.3529,0.0,2.7059,,2.97,2.69,5.94,8.45,9.77,7.18,8.5,4.65,6.45,6.91,5.9,3.07,7.57,5.5,-0.614,-0.4061,-0.8186
Jack Marshman,Middleweight,8,E,11,,False,0.0,False,False,0.696969696969697,182.88,185.42,0.125,12.4444,0.256,0.5654,0.1339,0.0223,0.0,0.2,0.8889,0.0,0.5556,,7.04,6.25,4.77,3.83,1.04,6.36,4.82,1.24,1.29,1.19,1.04,3.07,2.0,5.5,-1.3413,-1.0507,-0.0257
Jack Shore,Bantamweight,9,D,35,14.0,False,0.0,False,False,0.85,172.72,180.34,0.0,16.0,0.5828,0.5637,0.1619,0.1307,0.9545,0.7407,85.8636,0.3333,2.5455,,3.71,4.7,2.21,6.06,9.61,6.27,5.95,5.89,9.19,7.72,8.2,9.43,7.3,5.5,0.5773,0.6544,-0.073
Jacob Malkoun,Middleweight,9,E,11,,False,0.0,False,False,0.7272727272727273,175.26,185.42,0.1111,19.2727,0.5684,0.5545,0.0094,0.0377,1.6364,0.5556,129.4545,0.0,5.2727,,4.48,6.25,4.47,7.78,9.43,5.74,1.08,1.62,9.93,4.04,9.62,3.07,9.55,5.5,0.9052,-1.2238,2.568
Jacob Volkmann,Lightweight,10,E,12,,False,0.0,False,False,0.7307692307692307,175.26,180.34,0.0,5.5833,0.3445,0.5282,0.1194,0.0821,1.0,0.5294,140.2917,0.1,3.2917,,4.48,4.7,2.21,1.19,1.52,4.42,4.22,3.58,9.28,3.63,9.79,6.13,8.34,5.5,2.8179,-1.1433,0.0506
Jacqueline Cavalcanti,Women's Bantamweight,6,D+,42,9.0,False,0.0,False,False,0.9,172.72,177.8,0.0,26.5,0.4681,0.6858,0.3208,0.0482,0.0,0.8571,7.3333,0.0,0.0,,3.71,3.88,2.21,9.65,6.11,9.89,9.58,2.01,1.29,9.28,1.33,3.07,1.03,5.5,-1.5734,-1.4061,-0.1828
Jafel Filho,Flyweight,6,E,14,,False,0.0,False,False,0.8,170.18,172.72,0.0,7.75,0.4009,0.522,0.2043,0.1505,0.75,0.4737,84.75,0.5,1.6667,,2.97,2.69,2.21,1.54,3.0,4.12,7.45,6.6,8.27,2.93,8.12,9.93,5.13,5.5,1.6062,1.4749,-0.3257
Jai Herbert,Lightweight,10,E,11,,False,0.0,False,False,0.6842105263157895,185.42,195.58,0.2,14.2083,0.4159,0.5296,0.173,0.1408,0.125,0.6667,44.3333,0.0,1.0417,,7.92,8.81,6.75,4.96,3.72,4.53,6.35,6.28,2.48,6.2,4.94,3.07,3.31,5.5,-1.0094,-0.413,-0.9837
Jailton Almeida,Heavyweight,11,C,48,5.0,False,0.0,False,False,0.88,190.5,200.66,0.2727,10.3333,0.6345,0.4424,0.0276,0.0876,1.619,0.6667,183.0,0.3636,7.5238,,9.22,9.39,7.98,2.6,9.93,1.72,1.3,3.88,9.91,6.2,9.97,9.58,9.93,5.5,2.7615,1.4695,1.4203
Jairzinho Rozenstruik,Heavyweight,15,C+,54,3.0,False,0.0,False,False,0.7142857142857143,187.96,198.12,0.5333,14.5,0.4852,0.5242,0.2454,0.0791,0.0,0.7234,1.2647,0.0,0.7647,,8.62,9.15,9.75,5.14,6.95,4.25,8.58,3.48,1.29,7.39,1.06,3.07,2.49,5.5,-1.1125,1.0655,-0.9623
Jake Collier,Heavyweight,14,E,12,,False,0.0,False,False,0.5652173913043478,190.5,198.12,0.0714,26.1212,0.4427,0.5078,0.1381,0.109,0.2121,0.6765,41.2424,0.0714,0.9091,,9.22,9.15,3.71,9.61,4.88,3.37,5.0,4.91,3.67,6.43,4.6,5.63,2.94,5.5,-1.0502,-1.055,2.4634
Jake Ellenberger,Welterweight,21,C,51,4.0,False,0.0,False,False,0.6739130434782609,175.26,180.34,0.2857,10.1707,0.3934,0.6069,0.0911,0.199,0.561,0.8621,50.8049,0.0476,1.8293,,4.48,4.7,8.17,2.55,2.67,8.28,2.92,8.01,7.17,9.34,5.58,5.23,5.63,5.5,-0.1416,0.2813,-0.7812
Jake Hadley,Flyweight,7,E,11,,False,0.0,False,False,0.7333333333333333,170.18,177.8,0.1429,17.9444,0.4312,0.6024,0.2848,0.0372,0.0556,0.5789,33.8889,0.1429,1.7778,,2.97,3.88,5.23,7.16,4.35,8.14,9.19,1.6,1.73,4.4,3.72,7.04,5.5,5.5,-0.4745,0.2823,0.4759
Jake Matthews,Welterweight,23,E,14,,False,0.0,False,False,0.7586206896551724,180.34,185.42,0.087,15.2632,0.4387,0.6045,0.1138,0.077,0.4386,0.641,66.7193,0.2609,3.2982,,6.22,6.25,4.0,5.62,4.73,8.21,3.97,3.39,6.16,5.59,6.91,8.91,8.35,5.5,0.2001,0.3563,0.042
Jake O'Brien,Heavyweight,7,E,11,,False,0.0,False,False,0.7894736842105263,190.5,193.04,0.1429,5.75,0.3183,0.6918,0.0,0.0652,1.875,0.25,131.375,0.0,3.375,,9.22,8.37,5.23,1.21,1.26,9.93,1.03,2.77,9.96,1.31,9.64,3.07,8.45,5.5,1.9919,-1.1766,0.6933
Jake Shields,Welterweight,8,D+,44,6.0,False,0.0,False,False,0.775,182.88,182.88,0.0,13.4231,0.3164,0.5721,0.2436,0.2092,0.3846,0.35,84.3077,0.0,1.0769,,7.04,5.47,2.21,4.41,1.23,6.69,8.53,8.17,5.73,1.87,8.1,3.07,3.48,5.5,0.0089,-1.7621,1.9135
Jalin Turner,Lightweight,14,D+,41,9.0,False,0.0,False,False,0.6086956521739131,190.5,195.58,0.3571,21.2917,0.4834,0.4078,0.0626,0.1018,0.1667,0.75,33.8333,0.2143,3.5833,,9.22,8.81,8.94,8.61,6.87,1.31,1.91,4.53,3.1,7.9,3.72,8.49,8.69,5.5,-1.0387,1.7322,0.2622
Jamahal Hill,Light Heavyweight,11,B,61,1.0,True,0.0,False,False,0.75,193.04,200.66,0.3636,25.0741,0.5026,0.4496,0.0945,0.0886,0.0,0.7083,13.6296,0.0,1.8519,,9.68,9.39,8.98,9.48,7.76,1.82,3.1,3.95,1.29,7.05,1.73,3.07,5.72,5.5,-1.3998,0.2928,0.2732
Jamall Emmers,Featherweight,9,E,11,,False,0.0,False,False,0.7241379310344828,177.8,187.96,0.2222,22.2105,0.4747,0.5929,0.128,0.109,0.8421,0.8,85.7895,0.0,1.9474,,5.37,7.01,7.28,8.88,6.43,7.78,4.62,4.91,8.75,8.62,8.18,3.07,5.92,5.5,-0.335,-0.0747,0.664
James Head,Welterweight,5,E,10,,False,0.0,False,False,0.6923076923076923,185.42,185.42,0.0,11.2222,0.4856,0.4978,0.0297,0.4257,0.1111,0.6667,31.7778,0.2,0.4444,,7.92,6.25,2.21,3.09,6.97,2.95,1.32,9.9,2.34,6.2,3.51,8.21,1.75,5.5,-0.0042,-0.5391,-1.4138
James Irvin,Light Heavyweight,10,E,11,,False,0.0,False,False,0.6296296296296297,187.96,190.5,0.3,4.9167,0.4876,0.3547,0.3729,0.1186,0.0,0.3684,8.5,0.0,1.4167,,8.62,7.74,8.38,1.12,7.11,1.05,9.83,5.36,1.29,1.99,1.41,3.07,4.44,5.5,0.034,-0.1934,-2.6589
James Krause,Lightweight,13,E,12,,False,0.0,False,False,0.7567567567567568,187.96,185.42,0.2308,24.4375,0.5022,0.6182,0.1202,0.0473,0.25,0.6486,60.5625,0.1538,0.7812,,8.62,6.25,7.43,9.34,7.73,8.68,4.25,1.99,4.25,5.75,6.51,7.29,2.53,5.5,-0.844,0.6461,1.7556
James Moontasri,Welterweight,6,E,10,,False,0.0,False,False,0.6428571428571429,177.8,180.34,0.1667,10.9231,0.4897,0.4067,0.1479,0.1761,0.0,0.7941,43.0,0.1667,3.0,,5.37,4.7,5.94,2.96,7.18,1.29,5.49,7.43,1.29,8.54,4.83,7.58,7.98,5.5,0.0529,0.2736,-2.1295
James Te Huna,Light Heavyweight,10,D,35,13.0,False,0.0,False,False,0.64,187.96,190.5,0.3,15.125,0.5138,0.6279,0.1529,0.1405,0.6875,0.5882,88.25,0.0,4.375,,8.62,7.74,8.38,5.5,8.14,8.96,5.66,6.27,8.0,4.56,8.39,3.07,9.22,5.5,0.4394,-0.2096,0.102
James Vick,Lightweight,14,D+,41,9.0,False,0.0,False,False,0.7222222222222222,190.5,193.04,0.1429,17.4815,0.3983,0.6054,0.1441,0.0657,0.0741,0.5789,16.6296,0.2143,0.7037,,9.22,8.37,5.23,6.92,2.87,8.25,5.37,2.8,1.98,4.4,2.08,8.49,2.39,5.5,-1.0168,0.4944,-0.116
Jamey-Lyn Horth,Women's Flyweight,7,E,14,,False,0.0,False,False,0.8,170.18,167.64,0.1429,18.4211,0.4762,0.6395,0.14,0.2114,0.3158,0.8056,42.6842,0.0,0.1579,,2.97,1.88,5.23,7.38,6.52,9.22,5.13,8.21,5.01,8.7,4.8,3.07,1.27,5.5,-0.2757,-0.4344,-0.9892
Jamie Mullarkey,Lightweight,13,E,12,,False,0.0,False,False,0.68,182.88,187.96,0.1538,17.8571,0.4664,0.5442,0.264,0.092,0.7143,0.7059,58.1071,0.0,0.8929,,7.04,7.01,5.57,7.13,6.04,5.2,8.95,4.09,8.13,7.02,6.3,3.07,2.87,5.5,-0.5023,-0.6997,0.734
Jamie Pickett,Middleweight,9,E,10,,False,0.0,False,False,0.5416666666666666,187.96,203.2,0.0,12.05,0.4522,0.4818,0.0954,0.2158,0.35,0.75,31.6,0.0,0.0,,8.62,9.58,2.21,3.58,5.41,2.51,3.13,8.28,5.34,7.9,3.48,3.07,1.03,5.5,-0.6675,-1.8277,-0.8983
Jamie Varner,Lightweight,9,E,11,,False,0.0,False,False,0.65625,172.72,180.34,0.1111,13.5,0.3797,0.5833,0.0453,0.1317,1.2778,0.6667,67.3889,0.1111,2.8889,,3.71,4.7,4.47,4.45,2.3,7.37,1.54,5.94,9.69,6.2,6.96,6.35,7.84,5.5,0.834,-0.3584,0.9247
Jan Blachowicz,Light Heavyweight,22,C+,58,1.0,False,0.0,False,False,0.725,187.96,198.12,0.2273,16.4603,0.5027,0.5224,0.1794,0.1032,0.3016,0.6949,37.2698,0.0909,1.873,,8.62,9.15,7.39,6.36,7.77,4.13,6.57,4.61,4.8,6.81,4.18,5.95,5.77,5.5,-0.542,-0.0478,-0.1974
Jaqueline Amorim,Women's Strawweight,6,E,20,,False,0.0,False,False,0.9090909090909091,160.02,172.72,0.1667,10.3846,0.5075,0.5489,0.0444,0.0222,0.6154,0.0,106.8462,0.5,7.1538,,1.21,2.69,5.94,2.64,7.9,5.47,1.53,1.23,7.58,1.05,9.16,9.93,9.91,5.5,3.7069,3.5018,1.9573
Jared Cannonier,Middleweight,20,C+,56,2.0,False,0.0,False,False,0.6666666666666666,180.34,195.58,0.35,20.1639,0.4968,0.5645,0.1724,0.1122,0.1639,0.6471,29.7213,0.0,1.4918,,6.22,8.81,8.9,8.15,7.44,6.31,6.33,5.06,3.03,5.71,3.32,3.07,4.65,5.5,-1.1403,0.2914,-0.4123
Jared Gooden,Welterweight,7,E,10,,False,0.0,False,False,0.696969696969697,182.88,195.58,0.1429,20.1111,0.4879,0.4527,0.1519,0.0884,0.2778,0.65,17.3889,0.1429,0.8889,,7.04,8.81,5.23,8.13,7.12,1.87,5.63,3.92,4.58,5.79,2.15,7.04,2.86,5.5,-1.0368,0.0261,0.085
Jared Gordon,Lightweight,18,E,13,,False,0.0,False,False,0.75,175.26,172.72,0.1667,25.6098,0.5374,0.5549,0.0943,0.121,0.5854,0.6047,93.2195,0.0,4.5366,,4.48,2.69,5.94,9.59,8.87,5.77,3.08,5.5,7.35,4.93,8.63,3.07,9.3,5.5,0.0519,-0.6479,0.4436
Jared Hamman,Light Heavyweight,7,E,10,,False,0.0,False,False,0.7,190.5,190.5,0.1429,21.5385,0.4148,0.5512,0.1143,0.075,0.1538,0.3056,51.6154,0.0,5.8462,,9.22,7.74,5.23,8.69,3.62,5.6,3.99,3.3,2.92,1.57,5.69,3.07,9.75,5.5,0.3114,-1.2637,0.6029
Jared Rosholt,Heavyweight,8,D,36,12.0,False,0.0,False,False,0.7777777777777778,187.96,190.5,0.125,10.0909,0.4606,0.599,0.1667,0.2387,0.5909,0.6667,120.5909,0.0,3.4545,,8.62,7.74,4.77,2.5,5.84,8.03,6.14,8.77,7.41,6.2,9.45,3.07,8.55,5.5,0.9625,-1.2323,-0.5443
Jared Vanderaa,Heavyweight,7,E,10,,False,0.0,False,False,0.5454545454545454,193.04,203.2,0.0,23.3529,0.4436,0.4521,0.2569,0.1083,0.0,0.2,15.0,0.0,0.4118,,9.68,9.58,2.21,9.14,4.92,1.85,8.82,4.89,1.29,1.19,1.85,3.07,1.7,5.5,-1.1811,-1.8246,0.865
Jasmine Jasudavicius,Women's Flyweight,12,C,48,5.0,False,0.0,False,False,0.8235294117647058,170.18,172.72,0.0,15.7812,0.4449,0.5171,0.0812,0.1208,0.7812,0.75,137.375,0.25,3.5625,,2.97,2.69,2.21,5.9,4.99,3.89,2.57,5.49,8.42,7.9,9.74,8.82,8.65,5.5,1.3411,0.3058,0.1541
Jason Brilz,Light Heavyweight,7,E,11,,False,0.0,False,False,0.7857142857142857,180.34,180.34,0.1429,11.5625,0.4031,0.6527,0.1514,0.2973,0.6875,0.25,116.9375,0.0,3.4375,,6.22,4.7,5.23,3.27,3.06,9.53,5.61,9.38,8.0,1.31,9.39,3.07,8.53,5.5,1.8697,-1.326,1.9871
Jason High,Welterweight,5,E,10,,False,0.0,False,False,0.7777777777777778,172.72,185.42,0.0,4.2,0.3529,0.4577,0.0238,0.1905,0.8,0.3333,92.0,0.2,0.5,,3.71,6.25,2.21,1.06,1.66,1.96,1.23,7.8,8.49,1.76,8.55,8.21,1.86,5.5,1.4961,-0.5991,0.677
Jason Knight,Featherweight,9,D,34,15.0,False,0.0,False,False,0.8,177.8,180.34,0.1111,14.0833,0.3373,0.5161,0.1775,0.0562,0.4167,0.4706,47.4167,0.1111,2.5,,5.37,4.7,4.47,4.85,1.43,3.87,6.51,2.33,5.97,2.88,5.3,6.35,7.2,5.5,0.3619,-0.1025,1.8915
Jason Lambert,Light Heavyweight,8,E,11,,False,0.0,False,False,0.6666666666666666,190.5,190.5,0.375,11.0,0.5813,0.509,0.1049,0.3357,0.3077,0.2857,72.3077,0.125,6.2308,,9.22,7.74,9.06,3.0,9.59,3.42,3.54,9.65,4.88,1.46,7.29,6.62,9.79,5.5,1.6267,1.091,0.1204
Jason MacDonald,Middleweight,14,E,12,,False,0.0,False,False,0.6097560975609756,190.5,203.2,0.1429,5.6522,0.5285,0.4695,0.4615,0.4692,0.3478,0.3529,81.2174,0.2857,1.9565,,9.22,9.58,5.23,1.2,8.62,2.19,9.96,9.96,5.31,1.9,7.88,9.09,5.95,5.5,2.081,0.6341,-0.1591
Jason Saggo,Lightweight,6,E,10,,False,0.0,False,False,0.75,180.34,180.34,0.3333,12.3846,0.3975,0.5215,0.2857,0.0373,0.7692,0.2308,81.6154,0.0,4.0769,,6.22,4.7,8.71,3.77,2.82,4.08,9.2,1.61,8.36,1.25,7.94,3.07,9.05,5.5,0.9833,0.277,-0.7865
Jason Witt,Welterweight,6,E,10,,False,0.0,False,False,0.6785714285714286,177.8,177.8,0.0,7.0,0.4459,0.5202,0.0857,0.0857,1.5,1.0,105.5,0.1667,2.0,,5.37,3.88,2.21,1.39,5.04,4.02,2.74,3.76,9.84,9.9,9.12,7.58,6.08,5.5,0.9539,-0.7812,0.3856
Javid Basharat,Bantamweight,7,E,14,,False,0.0,False,False,0.875,175.26,175.26,0.0,24.4444,0.534,0.6393,0.1477,0.0705,0.5,0.8387,48.8889,0.0,2.4444,,4.48,3.2,2.21,9.35,8.78,9.22,5.47,3.09,6.7,9.16,5.46,3.07,7.12,5.5,-0.5616,-1.7164,0.3348
Jean Matsumoto,Bantamweight,5,E,19,,False,0.0,False,False,0.9444444444444444,167.64,172.72,0.0,25.4286,0.4092,0.4745,0.25,0.1096,1.2143,0.5476,66.3571,0.2,0.0714,,2.25,2.69,2.21,9.57,3.35,2.37,8.69,4.96,9.63,3.89,6.88,8.21,1.11,5.5,-0.385,-0.2737,2.9645
Jean Silva,Featherweight,7,D+,45,6.0,False,0.0,False,False,0.8888888888888888,167.64,175.26,0.5714,19.5714,0.53,0.5325,0.0766,0.1204,0.3571,0.7812,5.5,0.1429,0.8571,,2.25,3.2,9.83,7.92,8.66,4.64,2.42,5.45,5.44,8.42,1.17,7.04,2.74,5.5,-1.4369,3.0039,-0.2588
Jeff Monson,Heavyweight,7,E,10,,False,0.0,False,False,0.6976744186046512,175.26,187.96,0.1429,6.4444,0.388,0.5866,0.1034,0.2759,0.4444,0.7,91.2222,0.1429,3.0556,,4.48,7.01,5.23,1.28,2.49,7.46,3.44,9.22,6.21,6.91,8.52,7.04,8.05,5.5,1.5187,-0.3828,0.4581
Jennifer Maia,Women's Flyweight,12,C+,56,2.0,False,0.0,False,False,0.6774193548387096,162.56,162.56,0.0,21.6944,0.3863,0.5571,0.1357,0.1421,0.1389,0.5854,39.9722,0.0833,0.1667,,1.42,1.36,2.21,8.77,2.45,5.9,4.91,6.33,2.69,4.51,4.49,5.84,1.29,5.5,-0.8237,-0.8597,-0.1173
Jens Pulver,Lightweight,9,B+,71,,True,2.0,False,False,0.5869565217391305,170.18,177.8,0.2222,8.7692,0.3911,0.5372,0.0965,0.3465,0.1538,0.7465,103.0385,0.0,2.9615,,2.97,3.88,7.28,1.97,2.56,4.82,3.16,9.72,2.92,7.78,9.0,3.07,7.92,5.5,1.7427,-0.3948,-2.4851
Jeremiah Wells,Welterweight,7,E,11,,False,0.0,False,False,0.75,175.26,187.96,0.2857,10.0625,0.46,0.4824,0.0248,0.0311,0.875,0.5,136.375,0.1429,4.4375,,4.48,7.01,8.17,2.49,5.8,2.52,1.25,1.44,8.87,3.27,9.72,7.04,9.25,5.5,1.2992,0.8058,0.0778
Jeremy Horn,Middleweight,13,E,16,,False,0.0,False,False,0.8053097345132744,185.42,187.96,0.0769,6.7391,0.433,0.5807,0.1871,0.1935,0.4783,0.3125,45.9474,0.3077,1.9565,,7.92,7.01,3.81,1.34,4.47,7.25,6.87,7.87,6.53,1.64,5.13,9.29,5.95,5.5,1.1513,0.4075,0.1236
Jeremy Stephens,Featherweight,36,C,51,4.0,False,0.0,False,False,0.5833333333333334,175.26,180.34,0.2222,14.2333,0.4082,0.579,0.2397,0.0984,0.3333,0.619,47.6778,0.0,2.3667,,4.48,4.7,7.28,4.98,3.31,7.11,8.42,4.38,5.18,5.13,5.34,3.07,6.93,5.5,-0.2318,-0.0788,-0.6558
Jerry Bohlander,Middleweight,7,E,11,,False,0.0,False,False,0.7333333333333333,180.34,,0.0,5.25,0.4828,0.4344,0.3095,0.2381,0.375,0.3333,50.9677,0.5714,2.0,,6.22,9.9,2.21,1.14,6.83,1.56,9.43,8.77,5.63,1.76,5.62,9.96,6.08,5.5,2.0106,1.4942,-0.8433
Jess Liaudin,Welterweight,5,E,9,,False,0.0,False,False,0.6451612903225806,175.26,182.88,0.2,10.0,0.5143,0.4162,0.1222,0.3889,0.8889,0.3077,92.2222,0.2,1.6667,,4.48,5.47,6.75,2.46,8.15,1.38,4.33,9.84,8.94,1.59,8.57,8.21,5.13,5.5,0.5461,0.6613,0.2755
Jesse Ronson,Lightweight,6,E,10,,False,0.0,False,False,0.6363636363636364,177.8,177.8,0.0,16.6429,0.4775,0.572,0.2489,0.0644,0.1429,0.5714,10.5,0.0,1.0714,,5.37,3.88,2.21,6.46,6.57,6.68,8.66,2.71,2.75,4.28,1.53,3.07,3.43,5.5,-0.8179,-1.5752,-0.4785
Jessica Aguilar,Women's Strawweight,5,D+,40,10.0,False,0.0,False,False,0.7142857142857143,160.02,160.02,0.0,24.1538,0.5065,0.5383,0.1847,0.3057,0.3077,0.5,52.0769,0.0,1.8462,,1.21,1.2,2.21,9.27,7.85,4.87,6.79,9.44,4.88,3.27,5.74,3.07,5.69,5.5,-0.1177,-1.1225,0.1965
Jessica Andrade,Women's Strawweight,30,C+,58,1.0,False,0.0,False,False,0.6341463414634146,154.94,157.48,0.2,28.5,0.4868,0.5416,0.1486,0.1689,0.625,0.75,60.5312,0.1,3.0938,,1.04,1.11,6.75,9.8,7.04,5.07,5.52,7.29,7.66,7.9,6.49,6.13,8.09,5.5,-0.7787,1.0537,0.8376
Jessica Eye,Women's Flyweight,16,C+,58,1.0,False,0.0,False,False,0.5769230769230769,167.64,167.64,0.0625,18.6458,0.3748,0.5582,0.1788,0.1441,0.1875,0.5714,39.5625,0.0,0.5,,2.25,1.88,3.58,7.52,2.13,5.92,6.54,6.39,3.35,4.28,4.45,3.07,1.86,5.5,-0.4251,-1.0321,0.0738
Jessica Penne,Women's Strawweight,9,C+,54,3.0,False,0.0,False,False,0.6086956521739131,165.1,170.18,0.0,14.1739,0.3414,0.4369,0.0706,0.1534,0.3478,0.4706,54.1304,0.1111,1.0,,1.73,2.24,2.21,4.93,1.47,1.61,2.13,6.72,5.31,2.88,5.86,6.35,3.22,5.5,0.008,-0.3314,0.8804
Jessica-Rose Clark,Women's Bantamweight,9,D+,43,7.0,False,0.0,False,False,0.55,165.1,162.56,0.1111,17.5217,0.516,0.5817,0.1836,0.129,0.5217,0.625,106.6522,0.0,2.8261,,1.73,1.36,4.47,6.95,8.23,7.28,6.74,5.78,6.85,5.23,9.14,3.07,7.75,5.5,0.3897,-0.7121,-0.2933
Jesus Aguilar,Flyweight,7,E,11,,False,0.0,False,False,0.7857142857142857,162.56,157.48,0.1429,11.8,0.3734,0.6071,0.2712,0.096,0.3333,0.4615,37.8667,0.1429,0.3333,,1.42,1.11,5.23,3.43,2.08,8.3,9.06,4.22,5.18,2.79,4.24,7.04,1.56,5.5,-0.391,0.2789,0.2437
Jhonata Diniz,Heavyweight,5,D,34,15.0,False,0.0,False,False,0.9,193.04,200.66,0.2,17.25,0.5881,0.5844,0.2029,0.0338,0.0,0.6923,6.4167,0.0,0.5,,9.68,9.39,6.75,6.77,9.67,7.39,7.39,1.52,1.29,6.73,1.24,3.07,1.86,5.5,-0.9969,-0.7472,-0.9103
Ji Yeon Kim,Women's Flyweight,10,D,35,13.0,False,0.0,False,False,0.5625,170.18,182.88,0.1,26.2759,0.3667,0.561,0.105,0.084,0.0,0.5,30.931,0.0,0.1379,,2.97,5.47,4.23,9.63,1.94,6.11,3.55,3.66,1.29,3.27,3.43,3.07,1.23,5.5,-1.385,-0.712,0.6519
Jim Miller,Lightweight,47,C,51,4.0,False,0.0,False,False,0.6666666666666666,172.72,180.34,0.1277,12.7115,0.4214,0.5675,0.2126,0.1467,0.4327,0.4762,54.3462,0.2979,1.7596,,3.71,4.7,4.88,3.98,3.96,6.46,7.7,6.48,6.11,2.97,5.89,9.21,5.42,5.5,0.3888,0.833,0.2413
Jimi Manuwa,Light Heavyweight,12,C+,56,2.0,False,0.0,False,False,0.7391304347826086,185.42,200.66,0.4167,13.1364,0.5422,0.4917,0.3114,0.3599,0.1364,0.7097,39.8182,0.0,0.2273,,7.92,9.39,9.4,4.25,8.96,2.77,9.46,9.75,2.66,7.07,4.48,3.07,1.39,5.5,-0.4792,0.6135,-0.9172
Jimmie Rivera,Bantamweight,11,C+,55,3.0,False,0.0,False,False,0.8214285714285714,162.56,172.72,0.0909,19.0345,0.4035,0.6013,0.2536,0.0978,0.2759,0.9259,20.1379,0.0,0.4483,,1.42,2.69,4.07,7.67,3.09,8.09,8.79,4.33,4.56,9.75,2.45,3.07,1.76,5.5,-0.9961,-1.0401,0.3579
Jimmy Crute,Light Heavyweight,12,D,36,12.0,False,0.0,False,False,0.7647058823529411,187.96,187.96,0.1667,14.4737,0.5074,0.3972,0.1527,0.1527,1.2632,0.5833,98.2105,0.3333,3.3158,,8.62,7.01,5.94,5.13,7.89,1.19,5.65,6.69,9.68,4.47,8.87,9.43,8.38,5.5,1.1979,1.1081,2.658
Jimmy Flick,Flyweight,6,E,10,,False,0.0,False,False,0.6538461538461539,170.18,172.72,0.0,6.5833,0.4759,0.4134,0.2405,0.1392,0.6667,0.0,64.5,0.3333,0.1667,,2.97,2.69,2.21,1.31,6.49,1.36,8.43,6.23,7.9,1.05,6.75,9.43,1.29,5.5,0.5798,0.5236,0.8267
Jimy Hettes,Featherweight,6,E,11,,False,0.0,False,False,0.7857142857142857,175.26,180.34,0.0,15.7143,0.5729,0.5787,0.0409,0.1955,1.5714,0.619,110.2857,0.3333,4.8571,,4.48,4.7,2.21,5.86,9.48,7.09,1.44,7.9,9.87,5.13,9.27,9.43,9.38,5.5,2.0356,0.5158,1.6765
Jinh Yu Frey,Women's Strawweight,8,E,10,,False,0.0,False,False,0.5238095238095238,160.02,165.1,0.0,13.9545,0.4324,0.5219,0.2573,0.1173,0.3182,0.9032,58.0,0.0,0.6364,,1.21,1.58,2.21,4.77,4.42,4.11,8.83,5.28,5.05,9.63,6.29,3.07,2.18,5.5,-0.1941,-1.1195,-0.9403
Jiri Prochazka,Light Heavyweight,9,C+,58,1.0,False,0.0,False,False,0.8611111111111112,190.5,203.2,0.5556,23.5455,0.5552,0.4541,0.0772,0.0753,0.1364,0.6842,30.6364,0.1111,3.5,,9.22,9.58,9.8,9.16,9.24,1.89,2.45,3.31,2.66,6.57,3.39,6.35,8.62,5.5,-0.7693,2.3101,-0.265
Joanderson Brito,Featherweight,9,E,12,,False,0.0,False,False,0.7727272727272727,172.72,182.88,0.3333,9.6316,0.4933,0.4368,0.3443,0.1585,0.9474,0.4762,95.7895,0.2222,1.8947,,3.71,5.47,8.71,2.32,7.32,1.6,9.69,6.9,9.16,2.97,8.73,8.6,5.82,5.5,1.0929,1.9239,-0.6642
Joanna Jedrzejczyk,Women's Strawweight,15,C+,58,1.0,False,0.0,False,False,0.7619047619047619,167.64,165.1,0.1333,30.7719,0.4813,0.6283,0.2896,0.175,0.0877,0.8015,22.1404,0.0,0.2807,,2.25,1.58,4.94,9.91,6.77,8.98,9.25,7.4,2.1,8.68,2.63,3.07,1.49,5.5,-1.3073,-0.1195,0.0279
Joanne Wood,Women's Flyweight,17,C+,54,3.0,False,0.0,False,False,0.68,167.64,165.1,0.0588,34.0769,0.5147,0.5148,0.3198,0.1685,0.4872,0.5882,53.8462,0.0588,1.5128,,2.25,1.58,3.53,9.96,8.17,3.78,9.57,7.27,6.58,4.56,5.85,5.38,4.78,5.5,-1.0151,-0.5943,1.4218
Joaquim Silva,Lightweight,12,E,12,,False,0.0,False,False,0.6842105263157895,172.72,175.26,0.25,14.9667,0.4309,0.5389,0.1269,0.1626,0.1,0.7059,15.2333,0.0,1.1333,,3.71,3.2,7.69,5.42,4.33,4.92,4.57,7.03,2.22,7.02,1.9,3.07,3.71,5.5,-0.6461,-0.1389,-0.6118
Joaquin Buckley,Welterweight,17,D+,44,6.0,False,0.0,False,False,0.75,177.8,193.04,0.4706,16.0667,0.3637,0.5887,0.0996,0.0581,0.4222,0.7018,29.1778,0.0,3.0444,,5.37,8.37,9.59,6.08,1.84,7.55,3.29,2.4,6.02,6.95,3.24,3.07,8.04,5.5,-0.596,1.1384,-0.0239
Joby Sanchez,Flyweight,5,E,10,,False,0.0,False,False,0.7333333333333333,167.64,172.72,0.0,15.75,0.3259,0.6456,0.0159,0.0741,0.1667,0.5,20.25,0.0,1.3333,,2.25,2.69,2.21,5.87,1.33,9.37,1.13,3.27,3.1,3.27,2.48,3.07,4.2,5.5,-0.8998,-1.4019,-0.0633
Joe Doerksen,Middleweight,9,E,11,,False,0.0,False,False,0.7611940298507462,182.88,190.5,0.0,5.4091,0.4327,0.4702,0.1261,0.1429,0.5455,0.2083,50.1818,0.2222,0.6364,,7.04,7.74,2.21,1.17,4.45,2.23,4.53,6.36,7.05,1.22,5.55,8.6,2.18,5.5,0.8029,-0.553,0.6905
Joe Duffy,Lightweight,8,E,11,,False,0.0,False,False,0.7619047619047619,177.8,185.42,0.125,11.2,0.3436,0.546,0.1369,0.0774,0.2667,0.64,23.8667,0.25,0.8,,5.37,6.25,4.77,3.08,1.51,5.29,4.96,3.43,4.42,5.56,2.76,8.82,2.57,5.5,-0.4814,0.5761,-0.8101
Joe Lauzon,Lightweight,27,D+,41,9.0,False,0.0,False,False,0.6363636363636364,177.8,180.34,0.2222,11.4151,0.3967,0.5473,0.0198,0.1636,0.6415,0.5476,58.5472,0.2593,3.3962,,5.37,4.7,7.28,3.2,2.77,5.37,1.18,7.07,7.79,3.89,6.34,8.9,8.47,5.5,1.349,1.1176,0.345
Joe Proctor,Lightweight,8,E,11,,False,0.0,False,False,0.6875,177.8,182.88,0.25,14.8,0.3651,0.5991,0.1667,0.1351,0.0,0.7037,15.2,0.125,0.6,,5.37,5.47,7.69,5.32,1.89,8.04,6.14,6.08,1.29,6.99,1.89,6.62,2.08,5.5,-0.6894,0.5844,0.5812
Joe Pyfer,Middleweight,8,D+,45,6.0,False,0.0,False,False,0.8235294117647058,187.96,190.5,0.5,14.8824,0.4325,0.5267,0.0751,0.0277,0.3529,0.6667,27.5294,0.25,1.8824,,8.62,7.74,9.67,5.38,4.43,4.35,2.31,1.35,5.38,6.2,3.08,8.82,5.81,5.5,-1.0272,2.6872,0.7894
Joe Riggs,Welterweight,12,E,12,,False,0.0,False,False,0.7213114754098361,182.88,177.8,0.1667,8.6842,0.5077,0.5242,0.0606,0.2242,0.6842,0.72,69.8947,0.0833,3.4737,,7.04,3.88,5.94,1.92,7.92,4.25,1.84,8.5,7.98,7.29,7.13,5.84,8.61,5.5,1.3864,-0.2891,-1.8578
Joe Solecki,Lightweight,9,E,11,,False,0.0,False,False,0.6842105263157895,175.26,177.8,0.0,9.1818,0.533,0.505,0.0891,0.0644,0.6364,0.1429,125.3182,0.2222,3.0,,4.48,3.88,2.21,2.11,8.74,3.22,2.85,2.71,7.74,1.13,9.55,8.6,7.98,5.5,1.3889,-0.3806,-0.7852
Joe Soto,Bantamweight,8,D,34,14.0,False,0.0,False,False,0.72,167.64,165.1,0.0,13.2222,0.4175,0.6707,0.1092,0.0126,0.2222,0.7,25.0556,0.25,1.3333,,2.25,1.58,2.21,4.32,3.79,9.75,3.75,1.1,3.84,6.91,2.86,8.82,4.2,5.5,0.0661,0.0707,0.6182
Joe Stevenson,Lightweight,16,E,13,,False,0.0,False,False,0.673469387755102,170.18,177.8,0.125,8.5278,0.42,0.6037,0.1238,0.114,0.8611,0.4103,87.2778,0.1875,3.6111,,2.97,3.88,4.77,1.84,3.91,8.17,4.43,5.13,8.82,2.3,8.31,7.92,8.72,5.5,2.0871,0.1126,0.4459
Joel Alvarez,Lightweight,11,D,34,15.0,False,0.0,False,False,0.88,190.5,195.58,0.3636,18.2857,0.5455,0.5386,0.112,0.1146,0.0476,0.4643,26.1905,0.2727,2.5714,,9.22,8.81,8.98,7.32,9.07,4.9,3.85,5.16,1.69,2.81,2.97,8.95,7.34,5.5,-0.2061,2.0738,-0.9002
Joey Beltran,Heavyweight,10,E,10,,False,0.0,False,False,0.5483870967741935,185.42,190.5,0.2,21.5926,0.3709,0.5045,0.1355,0.3208,0.1852,0.7222,77.2593,0.0,1.5926,,7.92,7.74,6.75,8.71,2.01,3.16,4.9,9.55,3.28,7.35,7.59,3.07,4.96,5.5,-0.3525,-0.7729,1.7413
John Albert,Bantamweight,5,E,9,,False,0.0,False,False,0.5454545454545454,172.72,172.72,0.2,11.1667,0.4963,0.3542,0.1045,0.2239,0.0,0.5,35.0,0.0,3.0,,3.71,2.69,6.75,3.04,7.41,1.04,3.51,8.49,1.29,3.27,3.87,3.07,7.98,5.5,1.7269,-0.3581,2.8061
John Alessio,Lightweight,5,E,9,,False,0.0,False,False,0.6730769230769231,177.8,182.88,0.0,7.0714,0.2991,0.5385,0.0808,0.1515,0.1429,0.6944,27.7143,0.0,0.1429,,5.37,5.47,2.21,1.41,1.16,4.89,2.55,6.64,2.75,6.79,3.09,3.07,1.24,5.5,-0.0124,-1.6074,-0.9625
John Castaneda,Bantamweight,9,E,11,,False,0.0,False,False,0.7241379310344828,167.64,180.34,0.1111,24.9583,0.5164,0.5293,0.2738,0.0634,0.4583,0.7826,47.2917,0.1111,0.875,,2.25,4.7,4.47,9.44,8.24,4.51,9.07,2.66,6.33,8.44,5.27,6.35,2.82,5.5,-1.2927,-0.0763,0.6163
John Dodson,Bantamweight,17,C+,58,1.0,False,0.0,False,False,0.6470588235294118,160.02,167.64,0.3529,15.1429,0.4072,0.6156,0.1415,0.1132,0.2245,0.8222,14.0408,0.0,0.551,,1.21,1.88,8.91,5.52,3.26,8.58,5.19,5.1,3.91,8.92,1.77,3.07,1.97,5.5,-1.131,0.8648,-0.7622
John Hathaway,Welterweight,9,E,15,,False,0.0,False,False,0.8947368421052632,185.42,190.5,0.1111,16.4,0.4047,0.62,0.122,0.122,0.84,0.6098,111.16,0.0,6.04,,7.92,7.74,4.47,6.32,3.15,8.71,4.32,5.54,8.74,5.0,9.28,3.07,9.77,5.5,1.1389,-1.1281,1.1727
John Howard,Welterweight,14,E,12,,False,0.0,False,False,0.6486486486486487,170.18,182.88,0.1429,9.973,0.5076,0.512,0.3415,0.2683,0.8378,0.537,73.3243,0.0,1.2973,,2.97,5.47,5.23,2.45,7.91,3.65,9.67,9.15,8.72,3.75,7.36,3.07,4.12,5.5,0.5345,-0.9099,-0.6953
John Lineker,Bantamweight,16,C+,56,2.0,False,0.0,False,False,0.775,160.02,170.18,0.375,24.6341,0.4018,0.5613,0.0871,0.0772,0.1707,0.678,16.122,0.0625,2.4146,,1.21,2.24,9.06,9.39,3.03,6.12,2.78,3.41,3.16,6.44,2.02,5.45,7.04,5.5,-1.3335,1.4859,1.311
John Maguire,Welterweight,5,E,10,,False,0.0,False,False,0.7272727272727273,175.26,175.26,0.0,7.0,0.4153,0.6545,0.1224,0.1531,0.9286,0.7778,104.8571,0.2,1.3571,,4.48,3.2,2.21,1.39,3.64,9.59,4.34,6.71,9.09,8.36,9.08,8.21,4.29,5.5,1.0621,-0.5818,0.008
John Makdessi,Lightweight,20,E,13,,False,0.0,False,False,0.6666666666666666,172.72,172.72,0.15,26.2745,0.4981,0.6804,0.2515,0.0478,0.0,0.8627,4.4706,0.0,0.5294,,3.71,2.69,5.48,9.62,7.49,9.85,8.74,2.0,1.29,9.35,1.12,3.07,1.91,5.5,-1.7408,-0.6724,0.0198
John Moraga,Flyweight,14,C,51,4.0,False,0.0,False,False,0.7307692307692307,167.64,167.64,0.1429,11.7027,0.4352,0.5645,0.1894,0.1894,0.1892,0.4462,39.6216,0.2143,2.6216,,2.25,1.88,5.23,3.37,4.58,6.31,6.94,7.78,3.42,2.66,4.46,8.49,7.41,5.5,0.6898,0.661,-0.905
John Phillips,Middleweight,6,E,10,,False,0.0,False,False,0.6666666666666666,180.34,190.5,0.1667,7.2308,0.3431,0.4931,0.266,0.1064,0.0,0.0769,6.6923,0.0,0.2308,,6.22,7.74,5.94,1.44,1.49,2.85,8.98,4.79,1.29,1.09,1.27,3.07,1.4,5.5,-0.8052,-0.8221,-2.1997
Johnny Bedford,Bantamweight,6,E,10,,False,0.0,False,False,0.6176470588235294,177.8,180.34,0.3333,15.5,0.5054,0.6327,0.0538,0.1667,0.4167,0.625,87.8333,0.0,6.3333,,5.37,4.7,8.71,5.74,7.84,9.09,1.7,7.22,5.97,5.23,8.37,3.07,9.8,5.5,1.2109,0.6291,-2.1091
Johnny Case,Lightweight,6,E,11,,False,0.0,False,False,0.7857142857142857,177.8,182.88,0.1667,18.4118,0.3883,0.6143,0.1821,0.0607,0.5294,0.7273,68.0588,0.1667,3.5882,,5.37,5.47,5.94,7.37,2.5,8.53,6.66,2.56,6.9,7.48,7.02,7.58,8.7,5.5,0.1504,0.3103,0.082
Johnny Eduardo,Bantamweight,8,D+,43,7.0,False,0.0,False,False,0.6829268292682927,170.18,180.34,0.25,12.75,0.3969,0.6302,0.3873,0.0441,0.0625,0.5882,7.1875,0.0,0.6875,,2.97,4.7,7.69,4.01,2.78,9.03,9.88,1.88,1.81,4.56,1.31,3.07,2.35,5.5,-0.7976,0.1053,-1.0493
Johnny Munoz,Bantamweight,6,E,10,,False,0.0,False,False,0.75,175.26,180.34,0.0,11.2,0.3668,0.5547,0.1369,0.1548,0.7333,0.4545,80.9333,0.1667,1.1333,,4.48,4.7,2.21,3.08,1.94,5.76,4.96,6.77,8.19,2.74,7.84,7.58,3.71,5.5,0.8668,-0.5654,1.8375
Johnny Walker,Light Heavyweight,16,C,47,5.0,False,0.0,False,False,0.7096774193548387,198.12,208.28,0.375,14.3214,0.529,0.4887,0.4339,0.0698,0.0714,0.5,17.6786,0.0625,3.3214,,9.93,9.73,9.06,5.05,8.64,2.66,9.93,3.03,1.93,3.27,2.2,5.45,8.39,5.5,-0.1978,0.7426,-1.2473
Johny Hendricks,Welterweight,21,B,61,1.0,True,0.0,False,False,0.6923076923076923,175.26,175.26,0.2381,15.8036,0.4567,0.5338,0.2531,0.235,1.0893,0.675,86.0357,0.0,1.2857,,4.48,3.2,7.53,5.92,5.64,4.68,8.77,8.72,9.42,6.41,8.21,3.07,4.05,5.5,-0.1029,-0.3023,0.7489
Jon Fitch,Welterweight,18,D+,42,9.0,False,0.0,False,False,0.8108108108108109,182.88,187.96,0.0556,12.6,0.5143,0.5368,0.1381,0.2159,1.16,0.5593,154.12,0.1667,6.16,,7.04,7.01,3.49,3.93,8.15,4.81,5.0,8.29,9.55,4.12,9.92,7.58,9.78,5.5,2.1681,-0.4902,-0.0864
Jon Jones,Light Heavyweight,24,S,99,1.0,True,8.0,True,False,0.9655172413793104,193.04,213.36,0.25,20.3117,0.5891,0.6409,0.2749,0.1598,0.5844,0.95,65.8701,0.25,3.9221,,9.68,9.78,7.69,8.21,9.69,9.28,9.1,6.96,7.34,9.78,6.85,8.82,8.94,5.5,0.0011,1.156,0.397
Jon Madsen,Heavyweight,5,E,13,,False,0.0,False,False,0.8,182.88,182.88,0.2,11.6667,0.4106,0.8139,0.1571,0.2429,0.4167,0.7,53.3333,0.0,2.1667,,7.04,5.47,6.75,3.34,3.39,10.0,5.77,8.85,5.97,6.91,5.82,3.07,6.49,5.5,0.2205,-0.7958,-0.848
Jon Tuck,Lightweight,9,E,11,,False,0.0,False,False,0.6666666666666666,180.34,185.42,0.1111,14.087,0.4005,0.607,0.1852,0.0926,0.1304,0.5,48.8696,0.2222,1.5217,,6.22,6.25,4.47,4.86,2.98,8.29,6.8,4.1,2.58,3.27,5.45,8.6,4.79,5.5,-0.2265,0.3254,-0.3602
Jonathan Brookins,Featherweight,5,E,9,,False,0.0,False,False,0.6153846153846154,182.88,187.96,0.2,12.6,0.4468,0.543,0.0397,0.3175,0.6,0.8,120.6,0.0,3.2,,7.04,7.01,6.75,3.93,5.13,5.13,1.42,9.53,7.45,8.62,9.46,3.07,8.26,5.5,1.3656,-0.2797,0.7821
Jonathan Goulet,Welterweight,9,E,11,,False,0.0,False,False,0.6571428571428571,182.88,185.42,0.2222,5.4,0.4197,0.4628,0.1605,0.1975,0.9333,0.45,81.2,0.1111,1.8,,7.04,6.25,7.28,1.16,3.89,2.05,5.88,7.96,9.12,2.7,7.86,6.35,5.57,5.5,1.4312,0.2184,-1.8784
Jonathan Martinez,Bantamweight,15,D+,40,10.0,False,0.0,False,False,0.76,172.72,177.8,0.2667,21.119,0.4958,0.5698,0.2244,0.0699,0.119,0.6842,40.119,0.0,2.2381,,3.71,3.88,7.89,8.54,7.39,6.58,8.05,3.04,2.41,6.57,4.51,3.07,6.63,5.5,-0.9362,0.2316,-0.6491
Jonathan Pearce,Featherweight,9,D,33,15.0,False,0.0,False,False,0.6666666666666666,182.88,180.34,0.2222,19.0526,0.5331,0.5493,0.1133,0.1961,1.5263,0.5,125.2105,0.1111,5.4737,,7.04,4.7,7.28,7.68,8.75,5.5,3.94,7.91,9.86,3.27,9.54,6.35,9.62,5.5,1.7952,0.5254,1.1446
Jordan Espinosa,Flyweight,6,D+,42,8.0,False,0.0,False,False,0.625,167.64,175.26,0.0,17.3571,0.4899,0.6098,0.251,0.1934,0.2143,0.5833,13.2143,0.0,1.5,,2.25,3.2,2.21,6.85,7.2,8.4,8.72,7.86,3.71,4.47,1.69,3.07,4.71,5.5,-0.417,-1.4212,-1.2808
Jordan Griffin,Featherweight,5,E,9,,False,0.0,False,False,0.6666666666666666,177.8,185.42,0.0,12.0714,0.4761,0.5061,0.0118,0.0651,0.5,0.4211,80.9286,0.2,2.2143,,5.37,6.25,2.21,3.62,6.51,3.29,1.1,2.76,6.7,2.38,7.83,8.21,6.59,5.5,1.2666,-0.2757,0.7089
Jordan Leavitt,Lightweight,9,E,15,,False,0.0,False,False,0.8,175.26,180.34,0.2222,9.0588,0.5768,0.5882,0.5195,0.1039,0.8235,0.3,92.3529,0.2222,0.7059,,4.48,4.7,7.28,2.05,9.56,7.53,9.99,4.63,8.66,1.53,8.58,8.6,2.4,5.5,0.4384,0.9402,-0.2675
Jordan Mein,Welterweight,9,D,35,13.0,False,0.0,False,False,0.7209302325581395,182.88,185.42,0.2222,13.381,0.4739,0.6528,0.1922,0.0996,0.6667,0.7273,68.9524,0.0,2.4286,,7.04,6.25,7.28,4.4,6.36,9.54,7.04,4.44,7.9,7.48,7.09,3.07,7.08,5.5,0.0648,-0.4061,-0.7191
Jordan Rinaldi,Featherweight,5,E,9,,False,0.0,False,False,0.6666666666666666,177.8,182.88,0.0,7.3636,0.3522,0.5932,0.3827,0.0123,0.4545,0.2,87.1818,0.2,1.0909,,5.37,5.47,2.21,1.46,1.65,7.8,9.86,1.09,6.28,1.19,8.29,8.21,3.52,5.5,0.7012,-0.2531,-0.3982
Jordan Wright,Middleweight,7,E,10,,False,0.0,False,False,0.7058823529411765,187.96,195.58,0.2857,13.1818,0.5754,0.3201,0.0621,0.3931,0.4545,1.0,41.5455,0.0,2.1818,,8.62,8.81,8.17,4.29,9.52,1.01,1.88,9.86,6.28,9.9,4.63,3.07,6.51,5.5,-0.0247,-0.1389,-1.1156
Jorge Gurgel,Lightweight,7,E,10,,False,0.0,False,False,0.5833333333333334,170.18,175.26,0.0,16.9524,0.3312,0.6298,0.2135,0.1657,0.2857,0.5556,75.1429,0.0,2.7143,,2.97,3.2,2.21,6.61,1.35,9.01,7.71,7.16,4.65,4.04,7.5,3.07,7.6,5.5,0.3476,-1.6218,0.3469
Jorge Masvidal,Welterweight,22,C+,54,3.0,False,0.0,False,False,0.6730769230769231,180.34,187.96,0.2727,18.871,0.4947,0.5748,0.1658,0.1726,0.2742,0.6967,41.871,0.0455,2.5806,,6.22,7.01,7.98,7.62,7.38,6.9,6.08,7.37,4.54,6.85,4.68,5.2,7.36,5.5,-0.5584,0.2054,-0.3735
Jorge Rivera,Middleweight,15,E,12,,False,0.0,False,False,0.6896551724137931,185.42,185.42,0.3333,12.6,0.4967,0.5712,0.1296,0.4365,0.2333,0.6429,77.7333,0.0,3.3,,7.92,6.25,8.71,3.93,7.44,6.65,4.7,9.93,4.04,5.63,7.62,3.07,8.36,5.5,0.5,0.1258,-1.8738
Jorge Santiago,Middleweight,6,E,10,,False,0.0,False,False,0.6756756756756757,185.42,190.5,0.1667,7.4286,0.3377,0.5686,0.1346,0.2788,0.1429,0.6,24.2857,0.0,0.5714,,7.92,7.74,5.94,1.49,1.44,6.52,4.84,9.25,2.75,4.83,2.78,3.07,2.05,5.5,0.0401,-0.8559,-1.0186
Jose Aldo,Bantamweight,23,C+,58,1.0,False,0.0,False,False,0.7619047619047619,170.18,177.8,0.1739,17.1392,0.4525,0.5836,0.1189,0.0414,0.1646,0.9159,33.4937,0.0,0.9873,,2.97,3.88,6.22,6.7,5.43,7.38,4.19,1.8,3.03,9.69,3.68,3.07,3.16,5.5,-0.7832,-0.4469,-0.8753
Jose Quinonez,Bantamweight,9,E,11,,False,0.0,False,False,0.6428571428571429,172.72,175.26,0.0,16.2381,0.4547,0.6401,0.2933,0.0587,0.8095,0.4286,66.0,0.1111,2.381,,3.71,3.2,2.21,6.19,5.53,9.26,9.29,2.45,8.57,2.43,6.85,6.35,6.98,5.5,0.0827,-0.9367,0.313
Joselyne Edwards,Women's Bantamweight,13,C+,54,3.0,False,0.0,False,False,0.7272727272727273,172.72,177.8,0.1538,22.0,0.5309,0.5,0.2955,0.0722,0.4118,0.62,57.0,0.1538,1.6765,,3.71,3.88,5.57,8.81,8.69,3.0,9.33,3.16,5.92,5.15,6.22,7.29,5.16,5.5,-0.2531,0.6803,0.7222
Joseph Benavidez,Flyweight,21,C+,58,1.0,False,0.0,False,False,0.7777777777777778,162.56,165.1,0.2381,18.3922,0.3689,0.5707,0.2026,0.1183,0.4706,0.6786,48.1373,0.0476,1.2353,,1.42,1.58,7.53,7.36,1.99,6.62,7.38,5.35,6.45,6.47,5.37,5.23,3.94,5.5,-0.7029,0.2914,0.7748
Joseph Morales,Flyweight,5,D,35,14.0,False,0.0,False,False,0.875,167.64,175.26,0.0,8.7778,0.4051,0.5781,0.0759,0.1392,0.3333,0.2667,44.6667,0.6,2.6667,,2.25,3.2,2.21,1.98,3.18,7.07,2.36,6.23,5.18,1.37,4.98,9.98,7.51,5.5,1.3376,2.0811,0.697
Josh Barnett,Heavyweight,10,B,61,5.0,True,0.0,False,False,0.813953488372093,190.5,198.12,0.4,18.6667,0.6154,0.5056,0.0714,0.4362,0.2381,0.5909,82.8095,0.2,4.1905,,9.22,9.15,9.27,7.54,9.88,3.26,2.14,9.93,4.09,4.63,8.0,8.21,9.14,5.5,0.4888,1.3631,-0.2216
Josh Culibao,Featherweight,8,E,11,,False,0.0,False,False,0.7333333333333333,177.8,185.42,0.0,16.2727,0.4475,0.5992,0.1927,0.0559,0.0,0.6562,18.9091,0.125,0.9091,,5.37,6.25,2.21,6.22,5.18,8.05,7.05,2.3,1.29,5.9,2.33,6.62,2.94,5.5,-1.1447,-0.6418,-0.4134
Josh Emmett,Featherweight,17,C+,54,3.0,False,0.0,False,False,0.7916666666666666,167.64,177.8,0.2353,17.2222,0.3576,0.596,0.1484,0.0555,0.3333,0.4375,22.4667,0.0,1.7333,,2.25,3.88,7.49,6.75,1.73,7.9,5.51,2.27,5.18,2.53,2.65,3.07,5.33,5.5,-1.1165,0.0372,0.0655
Josh Fremd,Middleweight,6,E,10,,False,0.0,False,False,0.6470588235294118,193.04,193.04,0.0,11.5333,0.4447,0.4706,0.2023,0.1618,0.2,0.3043,64.0667,0.1667,0.6667,,9.68,8.37,2.21,3.26,4.98,2.27,7.35,7.01,3.52,1.56,6.72,7.58,2.27,5.5,0.3223,-0.8671,-0.1338
Josh Koscheck,Welterweight,25,D+,42,8.0,False,0.0,False,False,0.6071428571428571,177.8,185.42,0.24,8.2308,0.3618,0.6317,0.0607,0.1051,0.7692,0.6429,106.3846,0.12,3.4423,,5.37,6.25,7.56,1.71,1.82,9.06,1.84,4.7,8.36,5.63,9.13,6.52,8.53,5.5,1.2119,0.3902,-0.9477
Josh Neer,Welterweight,15,E,12,,False,0.0,False,False,0.6923076923076923,180.34,182.88,0.0667,14.3333,0.4466,0.577,0.1036,0.2939,0.303,0.4219,59.3939,0.2,3.3939,,6.22,5.47,3.62,5.06,5.12,7.04,3.45,9.34,4.81,2.39,6.39,8.21,8.47,5.5,0.7941,-0.1636,0.035
Josh Parisian,Heavyweight,7,E,10,,False,0.0,False,False,0.6521739130434783,193.04,200.66,0.1429,19.375,0.4777,0.4175,0.0968,0.2226,0.3125,0.4167,36.625,0.0,1.125,,9.68,9.39,5.23,7.84,6.6,1.4,3.19,8.43,4.96,2.35,4.07,3.07,3.67,5.5,-0.5642,-1.0744,0.6009
Josh Samman,Middleweight,5,E,10,,False,0.0,False,False,0.7647058823529411,190.5,200.66,0.4,8.6,0.5276,0.3462,0.1977,0.4186,0.3,0.3333,73.2,0.2,1.4,,9.22,9.39,9.27,1.87,8.58,1.03,7.2,9.88,4.78,1.76,7.33,8.21,4.39,5.5,0.4025,1.7299,-1.9537
Josh Thomson,Lightweight,7,C+,54,3.0,False,0.0,False,False,0.7096774193548387,177.8,180.34,0.2857,10.9444,0.4311,0.5268,0.2944,0.1878,0.6111,0.4167,67.3889,0.0,1.7778,,5.37,4.7,8.17,2.98,4.34,4.36,9.32,7.74,7.54,2.35,6.96,3.07,5.5,5.5,0.1811,0.0342,-1.0602
Joshua Burkman,Welterweight,19,E,13,,False,0.0,False,False,0.6363636363636364,177.8,182.88,0.0526,12.0667,0.4361,0.5194,0.3554,0.2302,0.7556,0.7255,68.0222,0.0526,1.2,,5.37,5.47,3.47,3.61,4.62,4.0,9.77,8.64,8.31,7.41,7.01,5.3,3.85,5.5,0.1227,-1.1233,0.111
Joshua Van,Flyweight,11,B+,70,1.0,True,1.0,False,True,0.8823529411764706,165.1,165.1,0.3636,38.4375,0.5737,0.5826,0.0837,0.0764,0.25,0.7568,20.0,0.0,2.0625,,1.73,1.58,8.98,10.0,9.5,7.33,2.69,3.36,4.25,8.05,2.42,3.07,6.22,5.5,-2.2795,0.8184,1.4997
Josiane Nunes,Women's Bantamweight,6,D,35,13.0,False,0.0,False,False,0.7142857142857143,157.48,170.18,0.1667,27.2857,0.4307,0.5185,0.1126,0.1126,0.0,0.5833,14.5714,0.0,0.6429,,1.1,2.24,5.94,9.72,4.33,3.96,3.89,5.08,1.29,4.47,1.82,3.07,2.22,5.5,-2.6099,-0.206,0.4114
Journey Newson,Bantamweight,6,E,10,,False,0.0,False,False,0.6666666666666666,165.1,170.18,0.0,10.8462,0.3256,0.6496,0.3191,0.0284,0.1538,0.4375,9.2308,0.0,0.6923,,1.73,2.24,2.21,2.91,1.32,9.48,9.55,1.37,2.92,2.53,1.45,3.07,2.36,5.5,-0.5555,-1.7167,-0.6054
Julia Avila,Women's Bantamweight,6,D,37,11.0,False,0.0,False,False,0.6923076923076923,170.18,172.72,0.1667,12.4375,0.4243,0.5553,0.2312,0.1658,0.1875,0.5263,48.4375,0.1667,0.5625,,2.97,2.69,5.94,3.81,4.06,5.79,8.2,7.17,3.35,3.59,5.4,7.58,2.03,5.5,-0.4524,0.8665,-1.4209
Julia Polastri,Women's Strawweight,5,E,10,,False,0.0,False,False,0.7222222222222222,157.48,160.02,0.2,30.2667,0.5806,0.5801,0.1388,0.13,0.2,0.6154,35.7333,0.0,1.6667,,1.1,1.2,6.75,9.89,9.59,7.22,5.03,5.86,3.52,5.07,3.97,3.07,5.13,5.5,-0.878,0.341,-0.4594
Julian Erosa,Featherweight,18,E,13,,False,0.0,False,False,0.7045454545454546,185.42,187.96,0.1111,24.4286,0.4795,0.4925,0.0947,0.1626,0.4857,0.6154,37.1714,0.2222,1.4857,,7.92,7.01,4.47,9.33,6.68,2.79,3.11,7.03,6.56,5.07,4.17,8.6,4.64,5.5,-0.52,0.618,0.9439
Julian Marquez,Middleweight,8,E,10,,False,0.0,False,False,0.6,187.96,182.88,0.0,20.9333,0.4499,0.4964,0.0637,0.2229,0.0,0.4583,14.4667,0.375,2.2667,,8.62,5.47,2.21,8.48,5.26,2.92,1.93,8.45,1.29,2.77,1.81,9.62,6.71,5.5,-0.2138,0.4044,2.7136
Juliana Lima,Women's Strawweight,7,D,37,11.0,False,0.0,False,False,0.6428571428571429,165.1,165.1,0.0,9.3,0.4408,0.5599,0.2849,0.3495,0.55,0.7083,108.0,0.0,1.95,,1.73,1.58,2.21,2.15,4.8,6.03,9.19,9.73,7.09,7.05,9.19,3.07,5.92,5.5,1.5138,-1.1878,-1.6498
Juliana Miller,Women's Flyweight,5,E,9,,False,0.0,False,False,0.625,170.18,167.64,0.2,12.7692,0.399,0.4466,0.0663,0.1506,0.6923,0.4444,107.3846,0.0,2.3846,,2.97,1.88,6.75,4.03,2.9,1.77,2.02,6.61,8.04,2.63,9.17,3.07,7.0,5.5,1.4322,-0.0735,1.8987
Julianna Pena,Women's Bantamweight,12,C+,58,1.0,False,0.0,False,False,0.6842105263157895,167.64,175.26,0.1667,14.9394,0.4445,0.5716,0.0284,0.1318,0.5455,0.2414,82.0303,0.1667,3.7273,,2.25,3.2,5.94,5.41,4.97,6.67,1.31,5.95,7.05,1.27,7.97,7.58,8.79,5.5,0.8329,0.8151,0.1922
Julija Stoliarenko,Women's Bantamweight,9,E,10,,False,0.0,False,False,0.5238095238095238,170.18,167.64,0.0,12.5238,0.3891,0.4656,0.1939,0.076,0.2381,0.5455,28.1429,0.2222,0.2857,,2.97,1.88,2.21,3.88,2.51,2.13,7.08,3.34,4.09,3.85,3.12,8.6,1.5,5.5,-0.1366,0.0814,1.9543
Julio Arce,Featherweight,10,E,12,,False,0.0,False,False,0.76,170.18,177.8,0.3,18.6296,0.3486,0.6835,0.0517,0.0716,0.1481,0.9615,18.4815,0.1,0.2593,,2.97,3.88,8.38,7.5,1.62,9.87,1.63,3.13,2.84,9.79,2.3,6.13,1.45,5.5,-1.1435,1.054,0.3921
JunYong Park,Middleweight,13,E,12,,False,0.0,False,False,0.76,177.8,185.42,0.0,22.4848,0.5156,0.5139,0.097,0.0701,0.5455,0.5455,86.7879,0.2308,2.1212,,5.37,6.25,2.21,8.95,8.22,3.72,3.21,3.06,7.05,3.85,8.25,8.7,6.38,5.5,-0.2602,-0.4592,1.4763
Junior Albini,Heavyweight,5,D,37,11.0,False,0.0,False,False,0.7,190.5,187.96,0.2,14.5,0.511,0.5229,0.1638,0.1897,0.375,1.0,56.125,0.0,0.5,,9.22,7.01,6.75,5.14,8.03,4.16,6.0,7.79,5.63,9.9,6.1,3.07,1.86,5.5,-0.6252,-0.762,-0.1618
Junior Assuncao,Featherweight,5,E,10,,False,0.0,False,False,0.7272727272727273,175.26,182.88,0.0,14.3,0.6272,0.4403,0.1259,0.2098,0.7,0.6667,119.3,0.2,5.2,,4.48,5.47,2.21,5.03,9.91,1.64,4.52,8.19,8.09,6.2,9.41,8.21,9.53,5.5,1.5415,-0.2867,0.0685
Junior Dos Santos,Heavyweight,23,E,14,,False,0.0,False,False,0.7,193.04,195.58,0.4348,19.1207,0.4795,0.5622,0.0442,0.0848,0.0862,0.8182,7.8621,0.0,1.2586,,9.68,8.81,9.5,7.73,6.68,6.15,1.52,3.71,2.08,8.86,1.36,3.07,4.0,5.5,-1.335,0.5399,0.0366
Junior Tafa,Heavyweight,8,E,10,,False,0.0,False,False,0.6,190.5,190.5,0.375,14.2857,0.5319,0.51,0.025,0.13,0.0,0.7209,3.5,0.0,1.4286,,9.22,7.74,9.06,5.02,8.73,3.49,1.26,5.86,1.29,7.32,1.09,3.07,4.47,5.5,-0.7044,0.1904,-1.2609
Jussier Formiga,Flyweight,16,C+,58,1.0,False,0.0,False,False,0.7419354838709677,165.1,170.18,0.0,6.7632,0.396,0.6409,0.1089,0.1167,0.5789,0.871,83.1316,0.1875,1.1316,,1.73,2.24,2.21,1.35,2.76,9.28,3.72,5.25,7.29,9.4,8.02,7.92,3.69,5.5,0.5497,-0.3434,-1.3659
Justin Buchholz,Lightweight,5,E,9,,False,0.0,False,False,0.6,182.88,185.42,0.0,9.8889,0.2657,0.5139,0.1348,0.2584,0.0,0.3333,30.1111,0.2,1.1111,,7.04,6.25,2.21,2.41,1.06,3.72,4.85,9.05,1.29,1.76,3.35,8.21,3.62,5.5,0.3035,-0.4655,-0.8797
Justin Edwards,Welterweight,7,E,10,,False,0.0,False,False,0.6428571428571429,177.8,177.8,0.0,12.1765,0.4216,0.5105,0.0966,0.3623,0.6471,0.2727,54.9412,0.1429,1.1176,,5.37,3.88,2.21,3.66,3.97,3.52,3.18,9.77,7.81,1.41,5.96,7.04,3.64,5.5,0.2614,-0.899,1.2155
Justin Gaethje,Lightweight,15,B,61,1.0,True,0.0,False,True,0.8387096774193549,180.34,177.8,0.4,28.7805,0.5853,0.5135,0.2432,0.1246,0.0976,0.7407,17.1951,0.0,1.0,,6.22,3.88,9.27,9.83,9.64,3.69,8.51,5.63,2.19,7.72,2.13,3.07,3.22,5.5,-1.8364,0.7746,-0.1524
Justin Jaynes,Featherweight,5,E,9,,False,0.0,False,False,0.6666666666666666,170.18,172.72,0.2,13.4,0.4437,0.6291,0.0373,0.0597,0.2,0.2,22.6,0.0,1.1,,2.97,2.69,6.75,4.41,4.93,9.0,1.39,2.48,3.52,1.19,2.67,3.07,3.58,5.5,-0.0959,-0.2213,-0.4849
Justin Ledet,Light Heavyweight,7,D,33,15.0,False,0.0,False,False,0.6923076923076923,193.04,203.2,0.0,14.5333,0.39,0.4903,0.0092,0.0413,0.0667,0.4286,10.0,0.1429,0.0667,,9.68,9.58,2.21,5.18,2.54,2.71,1.07,1.79,1.86,2.43,1.49,7.04,1.09,5.5,-0.8784,-1.2161,-0.2974
Justin Salas,Lightweight,7,E,10,,False,0.0,False,False,0.631578947368421,172.72,177.8,0.1429,14.0833,0.4322,0.6894,0.2249,0.2071,0.6667,0.0,35.0,0.0,1.75,,3.71,3.88,5.23,4.85,4.4,9.91,8.05,8.15,7.9,1.05,3.87,3.07,5.39,5.5,-0.0613,-0.7808,0.9018
Justin Scoggins,Flyweight,9,D,37,11.0,False,0.0,False,False,0.6875,170.18,167.64,0.1111,16.3182,0.5173,0.5569,0.1365,0.1058,1.0455,0.825,99.7273,0.0,4.5,,2.97,1.88,4.47,6.25,8.27,5.89,4.94,4.75,9.37,8.98,8.91,3.07,9.28,5.5,0.926,-0.8133,-0.6491
Justin Tafa,Heavyweight,10,E,11,,False,0.0,False,False,0.5833333333333334,182.88,187.96,0.4,13.8125,0.5443,0.4706,0.1357,0.1176,0.0,0.5333,16.5625,0.0,0.5,,7.04,7.01,9.27,4.64,9.03,2.27,4.91,5.31,1.29,3.69,2.07,3.07,1.86,5.5,-1.1774,0.3449,-1.0885
Justin Willis,Heavyweight,5,D+,42,9.0,False,0.0,False,False,0.8,185.42,198.12,0.2,16.2308,0.5927,0.5785,0.0758,0.0664,0.3077,0.3636,29.7692,0.0,2.2308,,7.92,9.15,6.75,6.18,9.73,7.09,2.35,2.82,4.88,1.95,3.33,3.07,6.61,5.5,-0.7113,-0.7586,-0.7056
Justine Kish,Women's Flyweight,7,D,34,14.0,False,0.0,False,False,0.6363636363636364,165.1,162.56,0.0,22.3333,0.481,0.5771,0.3326,0.113,0.2857,0.5,33.5714,0.0,0.8095,,1.73,1.36,2.21,8.9,6.76,7.04,9.64,5.09,4.65,3.27,3.69,3.07,2.58,5.5,-0.6374,-1.4932,-0.1993
KJ Noons,Lightweight,6,E,9,,False,0.0,False,False,0.5909090909090909,177.8,177.8,0.1667,12.5385,0.3872,0.5993,0.1656,0.0982,0.0,0.5938,0.3846,0.0,0.1538,,5.37,3.88,5.94,3.89,2.47,8.05,6.06,4.37,1.29,4.71,1.02,3.07,1.25,5.5,-0.9878,-0.6063,-1.5858
Kai Kara-France,Flyweight,13,C+,56,2.0,False,0.0,False,False,0.6756756756756757,162.56,175.26,0.2308,20.9412,0.4025,0.6427,0.2149,0.0225,0.1765,0.8393,24.3235,0.0,2.4706,,1.42,3.2,7.43,8.49,3.05,9.33,7.78,1.25,3.2,9.17,2.79,3.07,7.15,5.5,-1.3498,-0.0099,0.092
Kailin Curran,Women's Strawweight,7,E,9,,False,0.0,False,False,0.4444444444444444,162.56,165.1,0.0,17.7778,0.4384,0.5345,0.1156,0.2438,0.6111,0.6154,100.7222,0.1429,2.1111,,1.42,1.58,2.21,7.09,4.73,4.71,4.06,8.87,7.54,5.07,8.94,7.04,6.36,5.5,0.6713,-0.1304,-0.3349
Kajan Johnson,Lightweight,7,E,10,,False,0.0,False,False,0.6388888888888888,180.34,190.5,0.1429,11.3684,0.4294,0.6436,0.2685,0.0741,0.4737,0.625,42.5263,0.0,2.3684,,6.22,7.74,5.23,3.15,4.28,9.35,9.01,3.27,6.48,5.23,4.78,3.07,6.95,5.5,0.1375,-0.7887,-1.0675
Kalib Starnes,Middleweight,5,E,9,,False,0.0,False,False,0.6071428571428571,190.5,187.96,0.0,11.5833,0.486,0.531,0.1511,0.3094,0.4167,0.25,49.9167,0.2,2.25,,9.22,7.01,2.21,3.29,7.01,4.61,5.61,9.47,5.97,1.31,5.53,8.21,6.67,5.5,0.6848,-0.6816,-0.7109
Kamaru Usman,Welterweight,19,A+,90,1.0,True,5.0,False,False,0.84,182.88,193.04,0.2105,19.8732,0.5189,0.552,0.0787,0.1687,0.8873,0.898,124.0845,0.0526,5.1268,,7.04,8.37,7.09,8.01,8.3,5.64,2.49,7.28,8.92,9.57,9.5,5.3,9.5,5.5,0.3474,-0.1672,0.3701
Karine Silva,Women's Flyweight,8,D+,41,9.0,False,0.0,False,False,0.7916666666666666,165.1,170.18,0.0,10.9444,0.3972,0.5374,0.3503,0.1523,0.6667,0.2941,66.2222,0.375,0.9444,,1.73,2.24,2.21,2.98,2.79,4.83,9.74,6.67,7.9,1.52,6.86,9.62,3.07,5.5,0.8246,1.2655,0.8295
Karl Roberson,Middleweight,10,E,11,,False,0.0,False,False,0.6,185.42,187.96,0.0,10.9474,0.5149,0.5772,0.2115,0.1587,0.2105,0.4074,45.5789,0.2,2.7895,,7.92,7.01,2.21,2.99,8.19,7.05,7.67,6.91,3.65,2.29,5.08,8.21,7.71,5.5,0.6233,-0.6792,-1.5682
Karlos Vemola,Middleweight,6,E,10,,False,0.0,False,False,0.7727272727272727,182.88,190.5,0.1667,7.0,0.4417,0.3797,0.1099,0.1648,0.5385,0.3125,56.2308,0.1667,3.7692,,7.04,7.74,5.94,1.39,4.82,1.15,3.77,7.11,6.98,1.64,6.11,7.58,8.82,5.5,1.9718,0.067,0.178
Karo Parisyan,Welterweight,13,E,12,,False,0.0,False,False,0.6857142857142857,177.8,182.88,0.0769,11.7188,0.4148,0.5833,0.0747,0.1893,1.6562,0.5952,110.9062,0.0769,4.5312,,5.37,5.47,3.81,3.38,3.62,7.37,2.3,7.78,9.95,4.74,9.27,5.74,9.29,5.5,1.8956,-0.8972,0.9963
Karol Rosa,Women's Bantamweight,12,D+,42,8.0,False,0.0,False,False,0.7307692307692307,165.1,170.18,0.0,29.4167,0.56,0.4973,0.288,0.1058,0.3889,0.7037,87.2222,0.0,2.7778,,1.73,2.24,2.21,9.87,9.32,2.94,9.22,4.75,5.77,6.99,8.3,3.07,7.7,5.5,-0.9663,-1.4304,0.5857
Karolina Kowalkiewicz,Women's Strawweight,19,C+,56,2.0,False,0.0,False,False,0.64,160.02,162.56,0.0,26.8077,0.4298,0.5687,0.1234,0.1815,0.1154,0.7463,30.0,0.0526,0.7692,,1.21,1.36,2.21,9.69,4.29,6.54,4.4,7.6,2.38,7.78,3.35,5.3,2.52,5.5,-0.7861,-0.7187,0.363
Katlyn Cerminara,Women's Flyweight,17,C+,58,1.0,False,0.0,False,False,0.75,175.26,172.72,0.0,22.5306,0.3495,0.6228,0.1431,0.0779,0.102,0.5,23.2653,0.0,1.1837,,4.48,2.69,2.21,8.95,1.62,8.81,5.31,3.45,2.24,3.27,2.73,3.07,3.83,5.5,-0.851,-1.4846,1.0917
Katsunori Kikuno,Featherweight,5,E,10,,False,0.0,False,False,0.75,172.72,167.64,0.0,9.875,0.4514,0.5551,0.1772,0.0633,0.5,0.9091,71.875,0.2,0.375,,3.71,1.88,2.21,2.4,5.35,5.78,6.5,2.65,6.7,9.66,7.28,8.21,1.64,5.5,0.1068,-0.2294,-1.7762
Keita Nakamura,Welterweight,11,E,12,,False,0.0,False,False,0.7727272727272727,180.34,185.42,0.0,10.5312,0.357,0.5764,0.0623,0.1098,0.5625,0.6389,44.5,0.1818,1.0312,,6.22,6.25,2.21,2.71,1.72,7.0,1.89,4.97,7.2,5.54,4.97,7.87,3.3,5.5,-0.2472,-0.6405,-0.3982
Keith Jardine,Light Heavyweight,13,E,12,,False,0.0,False,False,0.6071428571428571,187.96,193.04,0.1538,17.9333,0.3713,0.6256,0.2751,0.1134,0.1,0.6512,10.8333,0.0,0.7667,,8.62,8.37,5.57,7.15,2.02,8.9,9.12,5.11,2.22,5.82,1.56,3.07,2.51,5.5,-1.0889,-1.1336,0.4464
Kelvin Gastelum,Middleweight,26,C+,54,3.0,False,0.0,False,False,0.6666666666666666,175.26,180.34,0.1154,17.3836,0.4237,0.5732,0.1671,0.0859,0.3288,0.6044,38.8356,0.0769,1.0685,,4.48,4.7,4.61,6.88,4.01,6.79,6.16,3.77,5.08,4.92,4.33,5.74,3.4,5.5,-0.8123,-0.6679,0.1751
Ken Shamrock,Light Heavyweight,13,E,12,,False,0.0,False,False,0.6222222222222222,185.42,182.88,0.1538,6.1579,0.4105,0.5045,0.0684,0.2308,0.3684,0.6667,5.5714,0.3077,3.5263,,7.92,5.47,5.57,1.27,3.38,3.16,2.08,8.65,5.58,6.2,1.18,9.29,8.63,5.5,1.6849,0.8294,-0.73
Kendall Grove,Middleweight,13,E,11,,False,0.0,False,False,0.575,198.12,200.66,0.1538,9.7407,0.4488,0.4766,0.1065,0.4905,0.1852,0.593,40.8148,0.1538,1.8148,,9.93,9.39,5.57,2.36,5.21,2.44,3.64,9.99,3.28,4.7,4.55,7.29,5.6,5.5,1.1491,-0.054,-0.0256
Kennedy Nzechukwu,Light Heavyweight,15,D,34,14.0,False,0.0,False,False,0.7,195.58,210.82,0.4,19.5,0.4964,0.5117,0.0096,0.1298,0.1562,0.8077,45.0312,0.0667,2.2188,,9.87,9.76,9.27,7.89,7.42,3.61,1.09,5.83,2.96,8.74,5.01,5.53,6.6,5.5,-0.6557,0.9575,-0.2357
Kenny Florian,Lightweight,17,E,13,,False,0.0,False,False,0.7,177.8,187.96,0.1765,10.8095,0.4,0.64,0.1366,0.1784,0.619,0.5926,63.8571,0.4118,3.6667,,5.37,7.01,6.24,2.87,2.94,9.24,4.94,7.51,7.62,4.68,6.67,9.79,8.74,5.5,1.2901,1.7362,-0.1891
Kenny Robertson,Welterweight,9,E,11,,False,0.0,False,False,0.75,177.8,187.96,0.1111,16.35,0.4705,0.5234,0.2141,0.1988,0.4,0.5714,91.75,0.2222,3.45,,5.37,7.01,4.47,6.27,6.25,4.2,7.74,8.0,5.84,4.28,8.53,8.6,8.54,5.5,0.5486,0.2537,0.407
Ketlen Souza,Women's Strawweight,6,E,10,,False,0.0,False,False,0.7142857142857143,160.02,160.02,0.0,18.5714,0.564,0.5265,0.1808,0.1423,0.1429,0.5357,56.6429,0.1667,0.2143,,1.21,1.2,2.21,7.47,9.36,4.34,6.61,6.35,2.75,3.72,6.15,7.58,1.37,5.5,-0.8423,0.1008,-0.6548
Ketlen Vieira,Women's Bantamweight,15,C+,56,2.0,False,0.0,False,False,0.7894736842105263,172.72,172.72,0.0,13.5,0.4017,0.5052,0.095,0.1594,0.4348,0.9,94.587,0.0667,0.8478,,3.71,2.69,2.21,4.45,3.03,3.22,3.12,6.94,6.12,9.6,8.7,5.53,2.71,5.5,0.0511,-1.0076,0.188
Kevin Aguilar,Featherweight,6,E,10,,False,0.0,False,False,0.7727272727272727,170.18,185.42,0.0,20.0,0.3893,0.5231,0.0594,0.0875,0.0625,0.8095,20.125,0.0,1.25,,2.97,6.25,2.21,8.06,2.53,4.17,1.8,3.87,1.81,8.76,2.44,3.07,3.98,5.5,-0.8493,-1.4245,-0.2591
Kevin Borjas,Flyweight,5,E,10,,False,0.0,False,False,0.7142857142857143,165.1,172.72,0.0,16.4615,0.4367,0.4867,0.1121,0.0561,0.0,0.7895,17.8462,0.0,0.2308,,1.73,2.69,2.21,6.37,4.65,2.63,3.87,2.32,1.29,8.5,2.23,3.07,1.4,5.5,-1.633,-1.3726,-0.5378
Kevin Burns,Welterweight,5,E,9,,False,0.0,False,False,0.631578947368421,177.8,187.96,0.2,12.0833,0.3887,0.5261,0.3034,0.1655,0.0833,0.4762,11.0,0.2,1.0833,,5.37,7.01,6.75,3.64,2.5,4.33,9.38,7.15,2.06,2.97,1.58,8.21,3.51,5.5,-0.6722,0.71,-0.6257
Kevin Casey,Middleweight,7,E,10,,False,0.0,False,False,0.6428571428571429,180.34,195.58,0.0,11.3333,0.5466,0.4847,0.1706,0.1176,0.2,0.4286,73.7333,0.0,4.0667,,6.22,8.81,2.21,3.12,9.09,2.58,6.3,5.31,3.52,2.43,7.41,3.07,9.03,5.5,0.7791,-1.8855,-1.2878
Kevin Holland,Middleweight,29,D+,40,10.0,False,0.0,False,False,0.6666666666666666,190.5,205.74,0.1724,18.4,0.5025,0.4995,0.2655,0.1343,0.2429,0.5776,34.9429,0.2069,2.1857,,9.22,9.68,6.22,7.36,7.75,2.98,8.97,6.03,4.14,4.37,3.85,8.46,6.52,5.5,-0.5408,0.4434,0.037
Kevin Lee,Lightweight,19,C,51,4.0,False,0.0,False,False,0.6923076923076923,175.26,195.58,0.1579,17.5625,0.4226,0.5032,0.0285,0.0866,0.9583,0.75,111.9167,0.2105,5.625,,4.48,8.81,5.65,6.99,4.0,3.13,1.31,3.82,9.21,7.9,9.3,8.47,9.65,5.5,1.2206,0.47,0.808
Kevin Randleman,Light Heavyweight,7,B+,69,,True,1.0,False,False,0.5151515151515151,177.8,,0.0,4.4091,0.3688,0.5349,0.0103,0.1031,0.9545,0.0,153.6471,0.0,3.1364,,5.37,9.9,2.21,1.07,1.98,4.72,1.09,4.6,9.19,1.05,9.91,3.07,8.13,5.5,2.6051,-2.3183,-1.4456
Khabib Nurmagomedov,Lightweight,13,A,83,1.0,True,3.0,False,False,1.0,177.8,177.8,0.1538,18.5526,0.4882,0.654,0.0511,0.0383,1.6053,0.8462,149.5,0.3846,10.0,,5.37,3.88,5.57,7.44,7.15,9.57,1.61,1.65,9.9,9.21,9.87,9.67,9.99,5.5,2.2999,1.4085,1.1227
Khalid Taha,Bantamweight,6,E,10,,False,0.0,False,False,0.7222222222222222,165.1,175.26,0.1667,11.6429,0.3247,0.4664,0.1595,0.0982,0.0,0.619,11.6429,0.0,1.4286,,1.73,3.2,5.94,3.32,1.3,2.14,5.84,4.37,1.29,5.13,1.62,3.07,4.47,5.5,-0.107,-0.5264,-1.2578
Khalil Rountree Jr.,Light Heavyweight,18,C,51,4.0,False,0.0,False,False,0.7142857142857143,185.42,193.04,0.3889,16.5854,0.4065,0.495,0.2103,0.0529,0.0,0.5882,4.6585,0.0,0.6585,,7.92,8.37,9.16,6.42,3.22,2.89,7.61,2.17,1.29,4.56,1.14,3.07,2.25,5.5,-1.7504,0.4771,-0.192
Khama Worthy,Lightweight,5,E,9,,False,0.0,False,False,0.64,180.34,187.96,0.2,13.2857,0.4844,0.4649,0.3656,0.0108,0.0,0.5714,6.8571,0.2,0.8571,,6.22,7.01,6.75,4.33,6.92,2.11,9.83,1.07,1.29,4.28,1.3,8.21,2.74,5.5,-0.5581,0.7235,-1.6608
Khamzat Chimaev,Middleweight,10,B,63,1.0,True,0.0,False,False,1.0,187.96,190.5,0.2,17.2174,0.5425,0.5204,0.0934,0.0328,1.5217,0.875,145.5217,0.4,7.0435,,8.62,7.74,6.75,6.74,8.98,4.04,3.03,1.5,9.85,9.43,9.83,9.73,9.89,5.5,1.5295,1.6848,1.5202
Khaos Williams,Welterweight,11,E,12,,False,0.0,False,False,0.75,182.88,195.58,0.4545,21.125,0.3924,0.4106,0.3176,0.0769,0.0,0.5172,30.7917,0.0,0.75,,7.04,8.81,9.56,8.55,2.65,1.31,9.53,3.38,1.29,3.5,3.4,3.07,2.47,5.5,-1.7357,1.0859,0.1547
Kiichi Kunimoto,Welterweight,5,E,10,,False,0.0,False,False,0.72,177.8,180.34,0.0,8.0,0.44,0.4127,0.3295,0.2614,0.4545,0.2857,104.1818,0.2,0.6364,,5.37,4.7,2.21,1.6,4.76,1.35,9.62,9.08,6.28,1.46,9.06,8.21,2.18,5.5,0.5328,-0.5606,-0.4742
Kimo Leopoldo,Heavyweight,6,E,9,,False,0.0,False,False,0.5882352941176471,190.5,,0.1667,5.2857,0.4805,0.36,0.027,0.1351,0.5714,0.8,59.0,0.1667,3.1429,,9.22,9.9,5.94,1.15,6.73,1.07,1.29,6.08,7.25,8.62,6.37,7.58,8.16,5.5,2.3382,-0.1573,-0.2735
King Green,Lightweight,30,D+,43,7.0,False,0.0,False,False,0.6530612244897959,177.8,180.34,0.1333,30.6029,0.5351,0.6216,0.1672,0.086,0.3971,0.7027,40.7059,0.1,3.1471,,5.37,4.7,4.94,9.9,8.8,8.75,6.18,3.79,5.79,6.97,4.54,6.13,8.17,5.5,-0.9052,-0.2248,0.9481
Krzysztof Jotko,Middleweight,17,D+,42,9.0,False,0.0,False,False,0.8,185.42,195.58,0.0588,14.2222,0.4252,0.5727,0.1281,0.2703,0.4222,0.8214,65.0889,0.0,2.5111,,7.92,8.81,3.53,4.97,4.11,6.76,4.63,9.19,6.02,8.91,6.77,3.07,7.23,5.5,0.339,-1.5149,-0.5979
Krzysztof Soszynski,Light Heavyweight,9,E,11,,False,0.0,False,False,0.6842105263157895,185.42,195.58,0.2222,15.1579,0.412,0.5908,0.184,0.2257,0.1579,0.7368,67.3158,0.2222,3.1579,,7.92,8.81,7.28,5.54,3.49,7.68,6.77,8.53,2.99,7.66,6.95,8.6,8.19,5.5,0.3806,0.7663,0.6418
Kurt Holobaugh,Lightweight,9,E,11,,False,0.0,False,False,0.6875,180.34,177.8,0.0,20.7273,0.4497,0.4849,0.1316,0.1645,0.2273,0.3611,44.3636,0.1111,1.0909,,6.22,3.88,2.21,8.38,5.24,2.59,4.78,7.09,3.94,1.94,4.95,6.35,3.52,5.5,-0.5046,-0.9463,0.5066
Kurt Pellegrino,Lightweight,12,E,12,,False,0.0,False,False,0.6956521739130435,172.72,177.8,0.0833,10.8571,0.4349,0.6319,0.0592,0.1118,0.8571,0.6923,124.6429,0.3333,4.6429,,3.71,3.88,3.93,2.92,4.56,9.07,1.79,5.04,8.81,6.73,9.51,9.43,9.34,5.5,1.7508,0.7273,-0.9074
Kyle Bochniak,Featherweight,7,E,10,,False,0.0,False,False,0.6153846153846154,170.18,177.8,0.0,13.1429,0.314,0.5814,0.2138,0.1014,0.381,0.6279,34.381,0.0,0.2381,,2.97,3.88,2.21,4.26,1.22,7.27,7.73,4.5,5.68,5.3,3.79,3.07,1.42,5.5,-0.6011,-1.4344,0.8497
Kyle Daukaus,Middleweight,9,E,15,,False,0.0,False,False,0.8,187.96,193.04,0.1111,12.1875,0.4987,0.4294,0.1282,0.1282,0.5625,0.7692,105.4375,0.2222,2.25,,8.62,8.37,4.47,3.67,7.53,1.5,4.64,5.77,7.2,8.22,9.11,8.6,6.67,5.5,0.6199,0.1211,1.4359
Kyle Kingsbury,Light Heavyweight,9,E,11,,False,0.0,False,False,0.6470588235294118,193.04,200.66,0.1111,13.8182,0.4086,0.5119,0.3257,0.2697,0.8182,0.52,59.1818,0.0,0.6364,,9.68,9.39,4.47,4.65,3.33,3.63,9.62,9.16,8.63,3.51,6.38,3.07,2.18,5.5,-0.0649,-1.4626,0.5582
Kyle Nelson,Featherweight,12,E,12,,False,0.0,False,False,0.7272727272727273,180.34,180.34,0.1667,15.2963,0.4579,0.5383,0.1792,0.1308,0.3333,0.6667,52.2593,0.0,0.4815,,6.22,4.7,5.94,5.65,5.66,4.87,6.56,5.9,5.18,6.2,5.76,3.07,1.83,5.5,-0.3943,-0.4149,-0.0485
Kyle Noke,Welterweight,12,E,12,,False,0.0,False,False,0.6875,185.42,193.04,0.25,14.28,0.5107,0.6228,0.3221,0.0616,0.44,0.6667,41.44,0.1667,3.4,,7.92,8.37,7.69,5.01,8.02,8.81,9.59,2.59,6.17,6.2,4.62,7.58,8.48,5.5,0.0203,0.7842,-0.8461
Kyler Phillips,Bantamweight,10,D+,40,10.0,False,0.0,False,False,0.75,172.72,182.88,0.1,22.1724,0.429,0.5897,0.1415,0.0591,0.8966,0.75,58.6552,0.1,2.9655,,3.71,5.47,4.23,8.87,4.26,7.62,5.19,2.46,8.98,7.9,6.35,6.13,7.93,5.5,-0.0606,-0.2867,1.2326
Kyoji Horiguchi,Flyweight,10,C+,55,3.0,False,0.0,False,False,0.9047619047619048,165.1,167.64,0.2,18.2069,0.4744,0.6388,0.0871,0.1364,0.5172,0.6122,60.3448,0.1,3.0,,1.73,1.88,6.75,7.27,6.4,9.2,2.78,6.16,6.83,5.02,6.46,6.13,7.98,5.5,-0.4753,0.3674,-0.4969
Kyung Ho Kang,Bantamweight,14,E,12,,False,0.0,False,False,0.6333333333333333,175.26,185.42,0.0,15.25,0.477,0.5443,0.1403,0.0419,0.6389,0.6829,97.6667,0.2857,3.1389,,4.48,6.25,2.21,5.61,6.56,5.21,5.14,1.84,7.77,6.52,8.85,9.09,8.14,5.5,0.7026,0.3042,-0.3859
Lando Vannata,Lightweight,14,E,12,,False,0.0,False,False,0.631578947368421,175.26,180.34,0.0714,20.9118,0.4599,0.5479,0.2405,0.0788,0.3824,0.6667,20.5588,0.0714,1.1176,,4.48,4.7,3.71,8.47,5.79,5.41,8.43,3.48,5.7,6.2,2.52,5.63,3.64,5.5,-1.0809,-0.74,0.49
Laureano Staropoli,Welterweight,6,E,10,,False,0.0,False,False,0.6428571428571429,185.42,180.34,0.0,16.5556,0.3402,0.5404,0.094,0.047,0.2778,0.48,22.8889,0.0,0.0556,,7.92,4.7,2.21,6.39,1.45,4.98,3.06,1.98,4.58,3.04,2.69,3.07,1.07,5.5,-1.0261,-1.7207,0.6879
Lauren Murphy,Women's Flyweight,15,C+,56,2.0,False,0.0,False,False,0.6956521739130435,165.1,170.18,0.1333,19.2,0.3849,0.5682,0.1204,0.1493,0.3556,0.6735,51.0444,0.0667,2.3778,,1.73,2.24,4.94,7.74,2.4,6.5,4.26,6.58,5.41,6.38,5.63,5.53,6.97,5.5,0.0942,-0.02,0.3917
Leandro Issa,Bantamweight,5,E,9,,False,0.0,False,False,0.6842105263157895,170.18,175.26,0.0,10.0769,0.3786,0.5825,0.3511,0.0916,0.7692,0.5,109.4615,0.4,1.8462,,2.97,3.2,2.21,2.5,2.25,7.32,9.75,4.07,8.36,3.27,9.23,9.73,5.69,5.5,1.3847,1.1054,1.1291
Leandro Silva,Lightweight,8,E,11,,False,0.0,False,False,0.7692307692307693,175.26,182.88,0.0,11.619,0.4861,0.63,0.2377,0.1189,0.5714,0.6579,55.2857,0.125,0.2381,,4.48,5.47,2.21,3.3,7.03,9.02,8.33,5.38,7.25,5.94,6.0,6.62,1.42,5.5,-0.1736,-0.8794,-0.5697
Leon Edwards,Welterweight,20,B+,72,1.0,True,2.0,False,False,0.8148148148148148,187.96,187.96,0.15,12.2958,0.5436,0.5277,0.2027,0.1363,0.3944,0.6371,59.5211,0.05,1.2958,,8.62,7.01,5.48,3.72,9.0,4.37,7.38,6.15,5.78,5.51,6.41,5.26,4.1,5.5,-0.0808,-0.5361,-0.983
Leonard Garcia,Featherweight,9,E,10,,False,0.0,False,False,0.5806451612903226,177.8,172.72,0.0,13.9167,0.2429,0.5393,0.1766,0.0808,0.1667,0.4118,20.1667,0.1111,0.75,,5.37,2.69,2.21,4.75,1.02,4.94,6.49,3.55,3.1,2.31,2.46,6.35,2.47,5.5,-0.2779,-0.7622,0.5344
Leonardo Santos,Lightweight,11,E,12,,False,0.0,False,False,0.72,182.88,190.5,0.1818,12.9231,0.4686,0.5413,0.1548,0.122,0.2692,0.8696,34.9231,0.1818,2.2308,,7.04,7.74,6.31,4.13,6.14,5.02,5.71,5.54,4.45,9.4,3.85,7.87,6.61,5.5,-0.1663,0.4979,-1.1108
Lerone Murphy,Featherweight,11,C+,56,3.0,False,0.0,False,False,1.0,175.26,185.42,0.2727,20.7941,0.5108,0.604,0.1499,0.0976,0.3824,0.4407,37.4412,0.0,1.7941,,4.48,6.25,7.98,8.43,8.02,8.19,5.56,4.32,5.7,2.58,4.21,3.07,5.54,5.5,-0.5749,0.2464,-0.2178
Leslie Smith,Women's Bantamweight,7,D+,41,9.0,False,0.0,False,False,0.5882352941176471,175.26,167.64,0.2857,31.8,0.4032,0.5106,0.1237,0.2432,0.0,0.625,15.7333,0.0,0.4667,,4.48,1.88,8.17,9.93,3.08,3.53,4.41,8.86,1.29,5.23,1.97,3.07,1.8,5.5,-2.1974,0.6052,1.382
Li Jingliang,Welterweight,18,D,37,11.0,False,0.0,False,False,0.6785714285714286,182.88,180.34,0.4444,20.6341,0.4243,0.5659,0.3097,0.0473,0.3659,0.6047,22.5366,0.0,1.7073,,7.04,4.7,9.53,8.34,4.06,6.38,9.43,1.99,5.55,4.93,2.66,3.07,5.26,5.5,-1.3419,1.0085,0.4019
Lina Lansberg,Women's Bantamweight,11,D+,40,10.0,False,0.0,False,False,0.5555555555555556,170.18,165.1,0.0,13.0,0.5548,0.4411,0.0769,0.4359,0.1667,0.4737,76.2333,0.0,2.0333,,2.97,1.58,2.21,4.17,9.23,1.68,2.43,9.92,3.1,2.93,7.54,3.07,6.17,5.5,0.3494,-1.483,-1.9092
Livinha Souza,Women's Strawweight,6,D,33,15.0,False,0.0,False,False,0.7777777777777778,160.02,160.02,0.0,8.1429,0.4506,0.5683,0.307,0.1754,0.7857,0.4,48.3571,0.1667,1.0714,,1.21,1.2,2.21,1.68,5.29,6.51,9.4,7.41,8.45,2.23,5.38,7.58,3.43,5.5,0.8422,0.0334,0.222
Liz Carmouche,Women's Bantamweight,10,C+,56,2.0,False,0.0,False,False,0.65,167.64,167.64,0.1,10.8276,0.5304,0.6492,0.2962,0.1465,0.8621,0.6667,88.3103,0.0,3.1379,,2.25,1.88,4.23,2.9,8.67,9.47,9.35,6.48,8.83,6.2,8.39,3.07,8.13,5.5,1.078,-0.8169,-0.7075
Loma Lookboonmee,Women's Strawweight,10,D,34,14.0,False,0.0,False,False,0.7692307692307693,154.94,154.94,0.0,17.7931,0.5584,0.531,0.1822,0.3605,0.5862,0.6889,43.4828,0.1,1.2414,,1.04,1.06,2.21,7.1,9.3,4.61,6.67,9.76,7.36,6.67,4.89,6.13,3.96,5.5,0.281,-0.4219,-1.1285
Loopy Godinez,Women's Strawweight,15,D+,44,6.0,False,0.0,False,False,0.7368421052631579,157.48,154.94,0.0,21.6341,0.4942,0.6236,0.0586,0.1026,0.9756,0.766,82.2927,0.1333,1.3171,,1.1,1.06,2.21,8.73,7.36,8.85,1.77,4.57,9.23,8.18,7.97,6.76,4.16,5.5,0.0215,-0.1726,1.8141
Lorenz Larkin,Middleweight,10,D+,44,6.0,False,0.0,False,False,0.75,180.34,182.88,0.3,17.0,0.4463,0.6253,0.3555,0.1918,0.0435,0.7955,15.3913,0.0,1.0,,6.22,5.47,8.38,6.63,5.09,8.89,9.78,7.84,1.66,8.56,1.92,3.07,3.22,5.5,-0.9034,-0.0181,-0.8627
Louis Gaudinot,Flyweight,5,D+,44,6.0,False,0.0,False,False,0.6666666666666666,160.02,160.02,0.0,10.3333,0.3735,0.4864,0.2419,0.1048,0.1667,0.3125,20.1667,0.2,1.0,,1.21,1.2,2.21,2.6,2.1,2.61,8.47,4.68,3.1,1.64,2.46,8.21,3.22,5.5,-0.0302,-0.2458,-0.7999
Louis Smolka,Flyweight,17,D+,41,9.0,False,0.0,False,False,0.6538461538461539,175.26,172.72,0.2353,20.1892,0.4743,0.5363,0.075,0.1084,0.4865,0.322,73.3514,0.1176,5.7027,,4.48,2.69,7.49,8.16,6.39,4.79,2.31,4.89,6.57,1.7,7.36,6.49,9.69,5.5,1.3677,0.6089,1.1927
Luana Carolina,Women's Flyweight,10,D,33,15.0,False,0.0,False,False,0.7333333333333333,167.64,175.26,0.1,21.5714,0.5071,0.5205,0.1656,0.2185,0.1071,0.6531,47.1429,0.0,1.5,,2.25,3.2,4.23,8.7,7.87,4.04,6.06,8.36,2.3,5.84,5.25,3.07,4.71,5.5,-0.1293,-0.7622,-0.5125
Luana Pinheiro,Women's Strawweight,7,D+,41,9.0,False,0.0,False,False,0.6875,157.48,157.48,0.0,15.9444,0.3959,0.596,0.1672,0.101,0.7778,0.7143,25.5556,0.0,0.3889,,1.1,1.11,2.21,6.02,2.74,7.9,6.18,4.49,8.4,7.18,2.91,3.07,1.66,5.5,-0.578,-1.1041,0.7046
Luana Santos,Women's Bantamweight,6,D,36,13.0,False,0.0,False,False,0.8181818181818182,167.64,170.18,0.1667,14.3077,0.5269,0.6396,0.1237,0.086,0.6923,0.8571,139.3846,0.3333,0.1538,,2.25,2.24,5.94,5.05,8.55,9.23,4.41,3.79,8.04,9.28,9.77,9.43,1.25,5.5,0.184,1.9997,1.4752
Lucas Almeida,Featherweight,6,E,11,,False,0.0,False,False,0.7894736842105263,180.34,180.34,0.1667,18.4615,0.3762,0.4341,0.2792,0.0167,0.0,0.5455,15.1538,0.0,1.8462,,6.22,4.7,5.94,7.41,2.18,1.55,9.14,1.14,1.29,3.85,1.87,3.07,5.69,5.5,-1.326,-0.3776,-0.5813
Lucas Martins,Featherweight,7,E,14,,False,0.0,False,False,0.8636363636363636,182.88,182.88,0.2857,11.0625,0.3583,0.604,0.1695,0.0678,0.0,0.7667,4.5625,0.1429,0.375,,7.04,5.47,8.17,3.02,1.76,8.19,6.24,2.91,1.29,8.19,1.13,7.04,1.64,5.5,-1.0339,1.2258,-1.4121
Lucie Pudilova,Women's Bantamweight,11,D,36,12.0,False,0.0,False,False,0.5833333333333334,172.72,170.18,0.0909,17.4516,0.377,0.5028,0.0924,0.1793,0.2258,0.6786,65.4194,0.0,2.5161,,3.71,2.24,4.07,6.91,2.21,3.1,2.97,7.54,3.92,6.47,6.8,3.07,7.24,5.5,-0.1194,-0.8322,0.7052
Ludovit Klein,Lightweight,12,E,16,,False,0.0,False,False,0.8214285714285714,170.18,182.88,0.1667,18.0,0.5358,0.5303,0.1128,0.1059,0.4375,0.7609,74.0938,0.0,1.75,,2.97,5.47,5.94,7.17,8.82,4.57,3.91,4.77,6.15,8.09,7.44,3.07,5.39,5.5,-0.6342,-0.6204,-0.9107
Luigi Fioravanti,Welterweight,9,E,11,,False,0.0,False,False,0.6341463414634146,172.72,177.8,0.2222,10.7,0.4289,0.6993,0.3364,0.3037,1.2,0.6786,76.2,0.0,2.1,,3.71,3.88,7.28,2.77,4.25,9.94,9.65,9.41,9.62,6.47,7.53,3.07,6.32,5.5,0.856,-0.4377,0.2798
Luis Henrique,Heavyweight,6,E,10,,False,0.0,False,False,0.6666666666666666,187.96,187.96,0.0,8.25,0.4356,0.4706,0.0833,0.2045,0.9375,0.5,125.625,0.3333,2.9375,,8.62,7.01,2.21,1.73,4.6,2.27,2.67,8.12,9.14,3.27,9.56,9.43,7.92,5.5,1.323,-0.1167,1.209
Luis Pena,Lightweight,8,E,11,,False,0.0,False,False,0.75,190.5,190.5,0.125,17.0909,0.4688,0.5115,0.0426,0.0931,0.3636,0.4848,104.0455,0.125,4.3182,,9.22,7.74,4.77,6.69,6.15,3.58,1.47,4.13,5.51,3.08,9.05,6.62,9.2,5.5,1.2624,-0.2152,0.0478
Luiz Cane,Light Heavyweight,9,E,11,,False,0.0,False,False,0.7083333333333334,187.96,195.58,0.3333,18.4286,0.4155,0.6096,0.0891,0.0581,0.1429,1.0,20.6429,0.0,2.8571,,8.62,8.81,8.71,7.39,3.67,8.39,2.85,2.4,2.75,9.9,2.53,3.07,7.8,5.5,-1.4662,0.0913,0.6987
Lukasz Brzeski,Heavyweight,7,E,10,,False,0.0,False,False,0.5625,190.5,198.12,0.0,21.3077,0.4929,0.5531,0.2455,0.0469,0.0,0.3158,5.5385,0.0,0.0,,9.22,9.15,2.21,8.61,7.3,5.69,8.58,1.97,1.29,1.66,1.17,3.07,1.03,5.5,-1.1067,-1.8276,0.3705
Luke Barnatt,Middleweight,6,E,10,,False,0.0,False,False,0.7647058823529411,198.12,195.58,0.1667,21.1333,0.3644,0.5908,0.0978,0.1514,0.2,0.6364,8.5333,0.1667,0.8667,,9.93,8.81,5.94,8.55,1.88,7.68,3.24,6.63,3.52,5.49,1.41,7.58,2.77,5.5,-1.2844,0.1972,1.4949
Luke Cummo,Welterweight,7,E,9,,False,0.0,False,False,0.5,182.88,187.96,0.2857,8.1667,0.4324,0.5955,0.1293,0.2653,0.2778,0.4259,38.1667,0.0,1.4444,,7.04,7.01,8.17,1.69,4.42,7.87,4.68,9.12,4.58,2.39,4.26,3.07,4.53,5.5,0.0646,-0.018,-0.5733
Luke Rockhold,Middleweight,11,B,61,1.0,True,0.0,False,False,0.7272727272727273,190.5,195.58,0.2727,17.0909,0.5688,0.4828,0.1543,0.0691,0.2727,0.5385,51.0,0.2727,5.7727,,9.22,8.81,7.98,6.69,9.44,2.53,5.7,3.01,4.51,3.78,5.63,8.95,9.73,5.5,0.4498,1.4007,-0.2349
Luke Sanders,Bantamweight,8,E,11,,False,0.0,False,False,0.7222222222222222,167.64,170.18,0.125,26.0,0.5259,0.5081,0.0721,0.0986,0.1875,0.7273,41.9375,0.125,5.6875,,2.25,2.24,4.77,9.6,8.51,3.39,2.17,4.4,3.35,7.48,4.7,6.62,9.68,5.5,-0.5118,0.0938,0.0634
Lyman Good,Welterweight,6,E,11,,False,0.0,False,False,0.7777777777777778,182.88,187.96,0.5,22.5385,0.4875,0.6303,0.0922,0.198,0.0769,0.75,6.4615,0.0,1.0769,,7.04,7.01,9.67,8.96,7.09,9.03,2.96,7.97,2.01,7.9,1.25,3.07,3.48,5.5,-1.5681,1.3571,-0.4172
Lyoto Machida,Light Heavyweight,24,B+,70,1.0,True,1.0,False,False,0.75,185.42,187.96,0.2917,11.3651,0.5173,0.6259,0.2235,0.1243,0.2222,0.7647,42.5556,0.0417,1.873,,7.92,7.01,8.29,3.14,8.27,8.91,8.03,5.61,3.84,8.16,4.78,5.18,5.77,5.5,-0.332,0.0459,-1.2732
Mac Danzig,Lightweight,13,E,12,,False,0.0,False,False,0.6363636363636364,172.72,177.8,0.0769,15.871,0.499,0.5722,0.122,0.1972,0.3871,0.4792,59.129,0.1538,1.8387,,3.71,3.88,3.81,5.97,7.56,6.72,4.32,7.94,5.76,3.03,6.38,7.29,5.66,5.5,0.053,-0.2779,-0.4546
Mackenzie Dern,Women's Strawweight,16,B,61,1.0,True,0.0,False,True,0.75,162.56,160.02,0.0,16.7234,0.4161,0.5197,0.1056,0.1005,0.2979,0.3793,81.2979,0.3125,2.8511,,1.42,1.2,2.21,6.5,3.73,4.01,3.6,4.46,4.76,2.08,7.9,9.32,7.79,5.5,0.5672,1.0894,0.9437
Macy Chiasson,Women's Bantamweight,14,C,51,4.0,False,0.0,False,False,0.7333333333333333,180.34,182.88,0.2143,14.4118,0.4605,0.449,0.1,0.3061,0.5588,0.625,92.0294,0.1429,3.0294,,6.22,5.47,7.13,5.08,5.83,1.81,3.31,9.45,7.15,5.23,8.55,7.04,8.02,5.5,0.8412,0.9803,-0.1314
Magnus Cedenblad,Middleweight,6,E,10,,False,0.0,False,False,0.7368421052631579,195.58,200.66,0.1667,9.3333,0.5114,0.4034,0.1518,0.2054,0.75,0.6667,115.75,0.3333,1.8333,,9.87,9.39,5.94,2.18,8.06,1.25,5.62,8.13,8.27,6.2,9.38,9.43,5.64,5.5,1.0358,1.1045,-1.1179
Magomed Ankalaev,Light Heavyweight,16,B,62,1.0,True,0.0,False,False,0.9545454545454546,190.5,190.5,0.375,16.4286,0.5275,0.5622,0.171,0.1058,0.2381,0.875,73.8333,0.0,3.0238,,9.22,7.74,9.06,6.35,8.58,6.15,6.31,4.75,4.09,9.43,7.42,3.07,8.01,5.5,-0.2935,0.3252,-0.5424
Magomed Mustafaev,Lightweight,5,E,10,,False,0.0,False,False,0.7777777777777778,172.72,180.34,0.6,10.4444,0.5875,0.4121,0.1809,0.2553,0.8889,0.2308,64.1111,0.0,2.4444,,3.71,4.7,9.88,2.67,9.67,1.34,6.62,9.01,8.94,1.25,6.72,3.07,7.12,5.5,0.432,1.8384,-1.2942
Maheshate,Lightweight,6,E,10,,False,0.0,False,False,0.6666666666666666,182.88,180.34,0.1667,18.8667,0.3176,0.5119,0.1413,0.0601,0.0,0.4706,1.0667,0.0,0.0667,,7.04,4.7,5.94,7.62,1.25,3.63,5.18,2.52,1.29,2.88,1.05,3.07,1.09,5.5,-1.5261,-0.5848,0.7975
Mairbek Taisumov,Lightweight,9,D,34,15.0,False,0.0,False,False,0.8181818181818182,175.26,185.42,0.5556,12.2632,0.3916,0.6489,0.2103,0.0558,0.3684,0.8846,20.9474,0.0,1.2105,,4.48,6.25,9.8,3.69,2.6,9.45,7.61,2.29,5.58,9.49,2.55,3.07,3.89,5.5,-0.8735,1.634,-1.3905
Makhmud Muradov,Middleweight,7,E,11,,False,0.0,False,False,0.7647058823529411,187.96,190.5,0.2857,18.5,0.4393,0.6104,0.0601,0.0571,0.8889,0.7778,37.2222,0.0,0.6667,,8.62,7.74,8.17,7.42,4.74,8.42,1.82,2.37,8.94,8.36,4.17,3.07,2.27,5.5,-0.9594,-0.1015,0.7383
Maki Pitolo,Middleweight,6,E,9,,False,0.0,False,False,0.5909090909090909,177.8,190.5,0.1667,16.6923,0.4238,0.5529,0.0645,0.0599,0.6923,0.5,60.4615,0.0,0.8462,,5.37,7.74,5.94,6.48,4.03,5.67,1.96,2.5,8.04,3.27,6.48,3.07,2.7,5.5,-0.0773,-0.8512,1.0019
Makwan Amirkhani,Featherweight,14,E,12,,False,0.0,False,False,0.6538461538461539,177.8,182.88,0.0714,5.7,0.4419,0.4607,0.0409,0.0234,1.1333,0.3571,89.2333,0.2857,1.9,,5.37,5.47,3.71,1.2,4.83,2.02,1.44,1.28,9.48,1.93,8.46,9.09,5.83,5.5,1.5781,0.6809,-0.4231
Malcolm Gordon,Flyweight,7,E,10,,False,0.0,False,False,0.6363636363636364,170.18,180.34,0.1429,9.0833,0.4542,0.4351,0.0642,0.1376,0.4167,0.2667,68.3333,0.0,3.3333,,2.97,4.7,5.23,2.08,5.52,1.57,1.95,6.19,5.97,1.37,7.04,3.07,8.39,5.5,1.7812,-0.6585,-1.6749
Manel Kape,Flyweight,10,C+,56,2.0,False,0.0,False,False,0.75,165.1,172.72,0.5,23.375,0.5627,0.5741,0.1408,0.041,0.125,0.8108,8.6667,0.0,1.5,,1.73,2.69,9.67,9.15,9.35,6.85,5.15,1.77,2.48,8.78,1.44,3.07,4.71,5.5,-1.865,1.6137,-0.3876
Manny Bermudez,Bantamweight,5,E,13,,False,0.0,False,False,0.875,177.8,180.34,0.0,10.75,0.6143,0.4698,0.0,0.0349,0.75,0.0,92.125,0.6,6.25,,5.37,4.7,2.21,2.81,9.86,2.22,1.03,1.54,8.27,1.05,8.56,9.98,9.8,5.5,3.1403,2.485,-0.4692
Manon Fiorot,Women's Flyweight,9,C+,58,1.0,False,0.0,False,False,0.8571428571428571,170.18,165.1,0.3333,26.8889,0.4204,0.6693,0.1212,0.1006,0.3333,0.875,38.9259,0.0,1.1481,,2.97,1.58,8.71,9.7,3.94,9.73,4.29,4.48,5.18,9.43,4.35,3.07,3.75,5.5,-1.0481,1.0274,0.8074
Mansur Abdul-Malik,Middleweight,5,E,25,,False,0.0,False,False,1.0,187.96,203.2,0.4,10.1,0.4174,0.4357,0.0792,0.1584,0.5,0.9,29.8,0.2,4.1,,8.62,9.58,9.27,2.51,3.77,1.58,2.51,6.89,6.7,9.6,3.34,8.21,9.06,5.5,0.7286,1.7169,-1.2311
Manuel Torres,Lightweight,6,D,36,13.0,False,0.0,False,False,0.8421052631578947,177.8,185.42,0.6667,17.0,0.5965,0.5111,0.0588,0.1373,0.3333,0.9,15.5,0.1667,3.1667,,5.37,6.25,9.93,6.63,9.76,3.55,1.78,6.19,5.18,9.6,1.93,7.58,8.2,5.5,-1.7208,3.2714,-0.8919
Manvel Gamburyan,Featherweight,15,E,12,,False,0.0,False,False,0.6,165.1,170.18,0.0,8.2941,0.3977,0.5467,0.1986,0.234,0.8824,0.6944,65.3529,0.2,1.1471,,1.73,2.24,2.21,1.74,2.84,5.33,7.23,8.69,8.9,6.79,6.8,8.21,3.75,5.5,0.8566,-0.2593,0.1812
Mara Romero Borella,Women's Flyweight,7,E,10,,False,0.0,False,False,0.5714285714285714,167.64,175.26,0.0,11.1333,0.3795,0.7115,0.3174,0.0778,0.5333,0.6667,66.6667,0.1429,1.1333,,2.25,3.2,2.21,3.03,2.29,9.96,9.52,3.44,6.93,6.2,6.89,7.04,3.71,5.5,0.2971,-0.4573,-1.1577
Marc Diakiese,Lightweight,15,E,13,,False,0.0,False,False,0.7083333333333334,177.8,185.42,0.1333,11.8718,0.404,0.528,0.2527,0.0994,1.0256,0.6667,90.1795,0.0,0.8205,,5.37,6.25,4.94,3.45,3.12,4.39,8.76,4.43,9.33,6.2,8.48,3.07,2.63,5.5,0.1642,-0.8448,-0.1576
Marc-Andre Barriault,Middleweight,17,E,12,,False,0.0,False,False,0.6296296296296297,185.42,187.96,0.1765,25.5128,0.4704,0.492,0.0814,0.2774,0.1026,0.6812,27.9744,0.0588,1.7692,,7.92,7.01,6.24,9.58,6.24,2.78,2.58,9.23,2.25,6.5,3.11,5.38,5.46,5.5,-1.0809,-0.3992,0.6601
Marcin Prachnio,Light Heavyweight,11,E,11,,False,0.0,False,False,0.6538461538461539,190.5,185.42,0.0909,24.7083,0.5455,0.5457,0.3642,0.1602,0.0417,0.5312,9.9167,0.0,0.125,,9.22,6.25,4.07,9.4,9.07,5.29,9.81,6.96,1.64,3.65,1.48,3.07,1.21,5.5,-1.3852,-1.546,0.2735
Marcin Tybura,Heavyweight,24,D+,43,7.0,False,0.0,False,False,0.7297297297297297,190.5,198.12,0.2083,16.2414,0.4821,0.552,0.1306,0.0977,0.3966,0.7073,78.1034,0.0417,3.4828,,9.22,9.15,7.06,6.2,6.8,5.64,4.75,4.33,5.79,7.04,7.65,5.18,8.61,5.5,0.1209,-0.5206,0.2288
Marco Beltran,Bantamweight,6,E,9,,False,0.0,False,False,0.5714285714285714,172.72,175.26,0.0,9.5714,0.3754,0.6334,0.2164,0.2164,0.2143,0.4615,35.5714,0.1667,1.8571,,3.71,3.2,2.21,2.3,2.14,9.1,7.83,8.32,3.71,2.79,3.93,7.58,5.74,5.5,0.7117,-0.5592,-2.1023
Marco Polo Reyes,Lightweight,8,E,10,,False,0.0,False,False,0.5333333333333333,180.34,180.34,0.375,20.3077,0.3729,0.597,0.1212,0.0871,0.0,0.4667,18.3846,0.0,2.0,,6.22,4.7,9.06,8.21,2.06,7.96,4.29,3.85,1.29,2.83,2.27,3.07,6.08,5.5,-1.7395,0.6264,0.012
Marco Ruas,Heavyweight,6,E,10,,False,0.0,False,False,0.6923076923076923,185.42,,0.1667,10.0,0.458,0.6463,0.65,0.05,0.5,0.75,221.0,0.5,2.0,,7.92,9.9,5.94,2.46,5.67,9.4,10.0,2.07,6.7,7.9,10.0,9.93,6.08,5.5,1.5181,1.6836,3.5541
Marcos Rogerio de Lima,Heavyweight,18,D,36,12.0,False,0.0,False,False,0.6875,185.42,190.5,0.3333,12.931,0.5962,0.5245,0.2427,0.0987,0.3793,0.6667,94.7931,0.1111,3.0345,,7.92,7.74,8.71,4.14,9.75,4.26,8.48,4.41,5.66,6.2,8.71,6.35,8.03,5.5,-0.0818,0.5422,-0.5148
Marcus Aurelio,Lightweight,6,E,10,,False,0.0,False,False,0.6875,177.8,187.96,0.1667,10.9286,0.3333,0.6018,0.0523,0.098,0.3571,0.3333,38.6429,0.1667,1.5,,5.37,7.01,5.94,2.97,1.37,8.1,1.65,4.34,5.44,1.76,4.32,7.58,4.71,5.5,-0.032,0.3176,0.9163
Marcus Brimage,Featherweight,8,E,10,,False,0.0,False,False,0.5,162.56,180.34,0.125,17.7222,0.356,0.5666,0.1912,0.0564,0.1667,0.8,6.0,0.0,0.1111,,1.42,4.7,4.77,7.07,1.7,6.41,6.99,2.36,3.1,8.62,1.21,3.07,1.16,5.5,-1.2894,-0.6361,-0.4508
Marcus Davis,Welterweight,15,E,12,,False,0.0,False,False,0.6666666666666666,177.8,177.8,0.2,11.4839,0.3973,0.657,0.1657,0.1882,0.4516,0.4783,57.6452,0.2667,1.5161,,5.37,3.88,6.75,3.24,2.81,9.62,6.07,7.76,6.24,3.02,6.27,8.92,4.78,5.5,-0.159,1.097,0.2204
Marcus McGhee,Bantamweight,5,D,37,12.0,False,0.0,False,False,0.8333333333333334,172.72,175.26,0.4,23.9091,0.4519,0.5766,0.1521,0.038,0.0909,0.9,15.7273,0.2,1.0,,3.71,3.2,9.27,9.24,5.39,7.01,5.63,1.63,2.14,9.6,1.96,8.21,3.22,5.5,-1.7831,2.6818,0.6476
Marina Rodriguez,Women's Strawweight,15,C+,54,3.0,False,0.0,False,False,0.7391304347826086,167.64,165.1,0.1333,20.7609,0.4583,0.5593,0.1749,0.2398,0.0652,0.6119,15.5,0.0,1.587,,2.25,1.58,4.94,8.39,5.69,6.02,6.43,8.8,1.83,5.02,1.93,3.07,4.94,5.5,-0.5306,-0.1506,-0.9413
Mario Bautista,Bantamweight,14,D+,43,8.0,False,0.0,False,False,0.8888888888888888,175.26,175.26,0.0714,24.1935,0.4896,0.5482,0.12,0.1253,0.5806,0.5577,63.0968,0.2857,1.3871,,4.48,3.2,3.71,9.28,7.17,5.45,4.24,5.66,7.32,4.09,6.6,9.09,4.36,5.5,-0.4106,0.8665,1.3924
Marion Reneau,Women's Bantamweight,13,D+,44,6.0,False,0.0,False,False,0.5294117647058824,167.64,172.72,0.1538,15.1667,0.4165,0.5988,0.1245,0.1941,0.1944,0.5,33.3889,0.1538,2.25,,2.25,2.69,5.57,5.55,3.75,8.02,4.47,7.88,3.46,3.27,3.67,7.29,6.67,5.5,0.219,0.6614,-0.2015
Mariya Agapova,Women's Flyweight,6,E,10,,False,0.0,False,False,0.6666666666666666,167.64,172.72,0.0,18.3636,0.5596,0.5436,0.0792,0.1535,0.1818,0.4667,26.2727,0.3333,3.1818,,2.25,2.69,2.21,7.35,9.31,5.14,2.51,6.73,3.25,2.83,2.98,9.43,8.22,5.5,-0.2118,0.9939,-0.7003
Mark Bocek,Lightweight,13,E,12,,False,0.0,False,False,0.7058823529411765,172.72,190.5,0.0,11.1935,0.4365,0.6051,0.1758,0.3084,1.1613,0.3125,156.3226,0.3077,4.3548,,3.71,7.74,2.21,3.07,4.64,8.24,6.47,9.46,9.56,1.64,9.93,9.29,9.22,5.5,2.4921,0.0686,0.8872
Mark Coleman,Light Heavyweight,12,B,61,,True,0.0,False,False,0.6153846153846154,185.42,190.5,0.25,11.5714,0.5548,0.3969,0.0247,0.1523,1.1905,0.75,120.0,0.25,7.5714,,7.92,7.74,7.69,3.28,9.23,1.18,1.25,6.67,9.6,7.9,9.44,8.82,9.94,5.5,2.5895,1.0525,0.6167
Mark De La Rosa,Bantamweight,7,D,35,13.0,False,0.0,False,False,0.6875,167.64,165.1,0.0,14.5,0.3546,0.489,0.1916,0.0996,0.1667,0.4,32.0,0.1429,0.8333,,2.25,1.58,2.21,5.14,1.68,2.67,7.01,4.44,3.1,2.23,3.55,7.04,2.66,5.5,-0.2876,-0.6918,-0.1098
Mark Hominick,Featherweight,7,E,10,,False,0.0,False,False,0.625,172.72,172.72,0.1429,16.3333,0.4261,0.6725,0.0646,0.0442,0.1111,0.6364,20.0,0.1429,1.8333,,3.71,2.69,5.23,6.27,4.14,9.79,1.97,1.89,2.34,5.49,2.42,7.04,5.64,5.5,-0.8668,0.3382,-1.1526
Mark Hunt,Heavyweight,18,C,51,4.0,False,0.0,False,False,0.48148148148148145,177.8,182.88,0.3889,10.413,0.4335,0.4905,0.1044,0.071,0.1522,0.6579,25.7174,0.0,0.8696,,5.37,5.47,9.16,2.66,4.51,2.71,3.5,3.11,2.88,5.94,2.92,3.07,2.79,5.5,-0.7113,0.266,-1.0998
Mark Madsen,Lightweight,6,E,14,,False,0.0,False,False,0.8571428571428571,172.72,182.88,0.1667,16.0,0.4945,0.5247,0.1071,0.1964,0.8571,0.625,70.2857,0.0,2.5714,,3.71,5.47,5.94,6.06,7.37,4.27,3.65,7.93,8.81,5.23,7.17,3.07,7.34,5.5,0.4343,-0.6632,-0.9826
Mark Munoz,Middleweight,15,C,47,5.0,False,0.0,False,False,0.7,182.88,180.34,0.2667,13.1333,0.5038,0.5652,0.1244,0.2487,0.9333,0.5676,85.7333,0.0,5.7333,,7.04,4.7,7.89,4.23,7.81,6.34,4.46,8.92,9.12,4.21,8.17,3.07,9.71,5.5,1.6471,-0.3201,0.7616
Markus Perez,Middleweight,7,E,10,,False,0.0,False,False,0.7058823529411765,185.42,185.42,0.0,12.0,0.4729,0.5291,0.0938,0.2969,0.25,0.7727,47.1875,0.2857,0.5625,,7.92,6.25,2.21,3.54,6.32,4.49,3.04,9.38,4.25,8.27,5.26,9.09,2.03,5.5,-0.0188,-0.1392,-0.0207
Marlon Moraes,Bantamweight,11,C+,58,1.0,False,0.0,False,False,0.696969696969697,167.64,170.18,0.1818,13.8095,0.4062,0.5417,0.1897,0.0138,0.2381,0.4615,17.2857,0.0909,0.9048,,2.25,2.24,6.31,4.62,3.22,5.09,6.95,1.12,4.09,2.79,2.13,5.95,2.92,5.5,-1.1034,0.2823,-0.7388
Marlon Vera,Bantamweight,26,C+,54,3.0,False,0.0,False,False,0.696969696969697,172.72,177.8,0.2692,19.7333,0.4759,0.5011,0.2432,0.0986,0.1467,0.7174,24.52,0.1538,2.0133,,3.71,3.88,7.92,7.97,6.49,3.05,8.51,4.4,2.81,7.25,2.8,7.29,6.15,5.5,-0.6833,1.3553,-0.0609
Martin Buday,Heavyweight,8,D,37,12.0,False,0.0,False,False,0.8888888888888888,193.04,195.58,0.0,20.1429,0.5209,0.5608,0.1395,0.253,0.0476,0.9333,64.1905,0.125,0.5714,,9.68,8.81,2.21,8.14,8.35,6.07,5.1,8.98,1.69,9.76,6.75,6.62,2.05,5.5,-0.5601,-1.1714,-0.0291
Martin Kampmann,Welterweight,17,D+,44,6.0,False,0.0,False,False,0.7407407407407407,182.88,182.88,0.1176,13.7222,0.4237,0.6205,0.0344,0.2227,0.5278,0.7846,75.4444,0.2941,2.3611,,7.04,5.47,4.63,4.57,4.01,8.74,1.36,8.44,6.88,8.46,7.51,9.19,6.9,5.5,0.4785,0.7359,1.2876
Marvin Eastman,Light Heavyweight,5,E,9,,False,0.0,False,False,0.5454545454545454,175.26,185.42,0.0,7.6667,0.3467,0.4206,0.2609,0.7101,0.2222,0.8182,33.0,0.0,0.0,,4.48,6.25,2.21,1.53,1.58,1.41,8.89,10.0,3.84,8.86,3.63,3.07,1.03,5.5,0.5096,-2.2345,-1.5624
Marvin Vettori,Middleweight,18,C+,56,2.0,False,0.0,False,False,0.6785714285714286,182.88,187.96,0.0,23.6129,0.4588,0.5608,0.1189,0.0581,0.4677,0.6852,55.1774,0.1111,1.6452,,7.04,7.01,2.21,9.19,5.73,6.07,4.19,2.4,6.41,6.61,5.98,6.35,5.08,5.5,-0.7804,-1.1564,1.4948
Maryna Moroz,Women's Strawweight,12,D+,43,7.0,False,0.0,False,False,0.6470588235294118,170.18,170.18,0.0,21.3548,0.336,0.5187,0.0861,0.0876,0.2258,0.4286,60.2903,0.1667,2.0968,,2.97,2.24,2.21,8.63,1.41,3.98,2.74,3.88,3.92,2.43,6.46,7.58,6.3,5.5,-0.161,0.0735,1.204
Mason Jones,Lightweight,7,E,14,,False,0.0,False,False,0.8947368421052632,177.8,187.96,0.1429,28.4737,0.4283,0.5091,0.0795,0.1553,1.1053,0.7391,81.0,0.0,3.7895,,5.37,7.01,5.23,9.8,4.23,3.44,2.53,6.79,9.46,7.69,7.84,3.07,8.85,5.5,-0.1651,-0.7766,2.1581
Mateusz Gamrot,Lightweight,13,C,48,5.0,False,0.0,False,False,0.8928571428571429,177.8,177.8,0.2308,14.6471,0.5155,0.6009,0.0964,0.0643,1.5882,0.8333,88.5294,0.1538,2.6765,,5.37,3.88,7.43,5.24,8.21,8.08,3.15,2.69,9.88,9.07,8.42,7.29,7.52,5.5,0.6199,0.5875,1.2331
Mateusz Rebecki,Lightweight,8,E,15,,False,0.0,False,False,0.8695652173913043,170.18,167.64,0.125,23.5714,0.4692,0.5456,0.1535,0.0545,0.9048,0.5333,75.0476,0.125,3.4286,,2.97,1.88,4.77,9.17,6.17,5.28,5.69,2.22,9.02,3.69,7.49,6.62,8.52,5.5,-0.615,-0.1402,1.279
Matheus Nicolau,Flyweight,11,C,47,5.0,False,0.0,False,False,0.76,167.64,167.64,0.0909,15.1111,0.5191,0.6577,0.1397,0.0098,0.3704,0.9048,39.7407,0.0909,1.8519,,2.25,1.88,4.07,5.5,8.31,9.63,5.12,1.05,5.61,9.65,4.47,5.95,5.72,5.5,-1.0613,-0.3129,-0.2842
Matt Brown,Welterweight,30,C,47,5.0,False,0.0,False,False,0.5777777777777777,182.88,190.5,0.4333,15.5075,0.5544,0.5511,0.0943,0.2656,0.4627,0.6387,53.1045,0.0667,2.6418,,7.04,7.74,9.48,5.75,9.21,5.59,3.08,9.13,6.38,5.53,5.8,5.53,7.45,5.5,0.1304,1.2892,-0.0216
Matt Frevola,Lightweight,12,D,34,14.0,False,0.0,False,False,0.6875,175.26,180.34,0.25,14.1667,0.3967,0.5673,0.1471,0.1118,0.625,0.3793,37.7083,0.0,2.6667,,4.48,4.7,7.69,4.91,2.77,6.44,5.45,5.04,7.66,2.08,4.23,3.07,7.51,5.5,0.0131,-0.1653,0.1352
Matt Grice,Featherweight,7,E,11,,False,0.0,False,False,0.75,172.72,177.8,0.0,19.3846,0.5339,0.5608,0.0913,0.2341,0.6923,0.8235,141.4615,0.0,9.6154,,3.71,3.88,2.21,7.86,8.77,6.07,2.93,8.7,8.04,8.95,9.81,3.07,9.99,5.5,1.6707,-1.5253,-0.1297
Matt Hamill,Light Heavyweight,15,E,12,,False,0.0,False,False,0.6,185.42,193.04,0.3333,16.7941,0.4242,0.614,0.1419,0.0963,0.9118,0.9167,63.5294,0.0,3.7647,,7.92,8.37,8.71,6.54,4.04,8.52,5.22,4.23,9.03,9.7,6.62,3.07,8.81,5.5,0.2678,0.0219,1.4221
Matt Hughes,Welterweight,25,A+,90,,True,5.0,False,False,0.8333333333333334,175.26,185.42,0.32,10.4118,0.5503,0.5446,0.0942,0.0866,0.9216,0.3529,147.3125,0.2,6.5098,,4.48,6.25,8.53,2.66,9.14,5.23,3.07,3.82,9.07,1.9,9.85,8.21,9.83,5.5,2.3616,1.3222,-0.8231
Matt Lindland,Middleweight,12,E,12,,False,0.0,False,False,0.7096774193548387,182.88,187.96,0.25,10.6667,0.5199,0.5049,0.2014,0.3646,1.0,0.6471,172.037,0.0833,5.2963,,7.04,7.01,7.69,2.74,8.32,3.2,7.31,9.78,9.28,5.71,9.95,5.84,9.56,5.5,2.8691,0.0311,-0.4058
Matt Mitrione,Heavyweight,14,D,36,12.0,False,0.0,False,False,0.7058823529411765,190.5,208.28,0.5714,13.6087,0.5008,0.646,0.1917,0.0958,0.0,0.5517,16.7826,0.0,2.087,,9.22,9.73,9.83,4.52,7.68,9.39,7.02,4.21,1.29,3.97,2.08,3.07,6.27,5.5,-1.0415,1.2693,-0.4228
Matt Schnell,Flyweight,16,D+,43,7.0,False,0.0,False,False,0.6538461538461539,172.72,177.8,0.0,16.8667,0.4032,0.5525,0.1502,0.085,0.1667,0.4348,17.0667,0.1875,1.5,,3.71,3.88,2.21,6.58,3.08,5.66,5.57,3.73,3.1,2.49,2.11,7.92,4.71,5.5,-0.3225,-0.3086,0.2515
Matt Serra,Welterweight,14,B,61,,True,0.0,False,False,0.6111111111111112,167.64,172.72,0.1429,9.5143,0.3978,0.4651,0.1502,0.1772,0.6571,0.3871,98.6857,0.0714,2.1714,,2.25,2.69,5.23,2.27,2.85,2.13,5.57,7.46,7.86,2.14,8.9,5.63,6.5,5.5,0.7743,-0.4829,1.3042
Matt Wiman,Lightweight,18,E,13,,False,0.0,False,False,0.6153846153846154,177.8,172.72,0.1111,13.925,0.5009,0.5109,0.1831,0.2496,0.625,0.561,90.6,0.1667,4.275,,5.37,2.69,4.47,4.76,7.69,3.54,6.72,8.94,7.66,4.12,8.49,7.58,9.18,5.5,1.6263,-0.0694,0.1504
Matthew Lopez,Bantamweight,6,D,35,13.0,False,0.0,False,False,0.7142857142857143,170.18,175.26,0.1667,14.1333,0.5096,0.5538,0.1085,0.033,1.0,0.7143,68.6667,0.0,3.6667,,2.97,3.2,5.94,4.89,7.99,5.71,3.7,1.51,9.28,7.18,7.08,3.07,8.74,5.5,1.3901,-0.5863,0.0238
Matthew Riddle,Welterweight,12,E,12,,False,0.0,False,False,0.7272727272727273,185.42,193.04,0.0833,14.3714,0.4241,0.5497,0.2127,0.3042,1.1143,0.8929,141.3714,0.0,5.0857,,7.92,8.37,3.93,5.07,4.04,5.53,7.7,9.43,9.47,9.55,9.8,3.07,9.48,5.5,1.6836,-1.3197,0.4447
Matthew Semelsberger,Welterweight,11,E,11,,False,0.0,False,False,0.5789473684210527,185.42,190.5,0.1818,16.6296,0.4297,0.5414,0.1849,0.0802,0.2963,0.4571,45.5556,0.0,2.0,,7.92,7.74,6.31,6.43,4.28,5.04,6.8,3.52,4.75,2.76,5.06,3.07,6.08,5.5,-1.2588,-0.6001,-0.025
Maurice Greene,Heavyweight,8,D,35,13.0,False,0.0,False,False,0.5625,200.66,203.2,0.125,13.875,0.4512,0.459,0.3378,0.1126,0.0,0.2727,6.75,0.25,0.1875,,9.97,9.58,4.77,4.72,5.33,2.0,9.66,5.08,1.29,1.41,1.28,8.82,1.33,5.5,-0.9359,0.1996,-0.4094
Maurice Smith,Heavyweight,7,B+,69,,True,1.0,False,False,0.46153846153846156,187.96,,0.1429,8.5625,0.7527,0.6232,0.3066,0.3285,0.0,0.25,51.4286,0.1429,1.75,,8.62,9.9,5.23,1.85,10.0,8.83,9.39,9.6,1.29,1.31,5.66,7.04,5.39,5.5,0.567,-0.3448,-1.936
Mauricio Rua,Light Heavyweight,24,C,51,4.0,False,0.0,False,False,0.6585365853658537,185.42,193.04,0.3333,14.8,0.5154,0.5224,0.2489,0.1464,0.45,0.4769,61.5667,0.0,2.2833,,7.92,8.37,8.71,5.32,8.21,4.13,8.66,6.46,6.24,3.0,6.54,3.07,6.73,5.5,-0.4542,0.0508,-0.3506
Mauricio Ruffy,Lightweight,5,D+,42,9.0,False,0.0,False,False,0.8571428571428571,180.34,190.5,0.6,17.3333,0.5843,0.5903,0.1154,0.0321,0.0,0.8235,11.3333,0.0,2.3333,,6.22,7.74,9.88,6.83,9.62,7.65,4.05,1.48,1.29,8.95,1.61,3.07,6.85,5.5,-1.7615,1.9261,-1.6058
Max Griffin,Welterweight,19,E,13,,False,0.0,False,False,0.625,180.34,193.04,0.1579,17.3962,0.4728,0.58,0.1388,0.0911,0.4528,0.6949,43.3396,0.0,0.9811,,6.22,8.37,5.65,6.88,6.31,7.2,5.03,4.04,6.25,6.81,4.88,3.07,3.15,5.5,-0.8627,-0.7622,0.1089
Max Holloway,Featherweight,32,A,80,1.0,True,3.0,False,False,0.7714285714285715,180.34,175.26,0.3438,33.1622,0.4814,0.5863,0.1089,0.0668,0.0721,0.8144,15.7477,0.0625,1.6937,,6.22,3.2,8.88,9.94,6.77,7.45,3.72,2.84,1.97,8.82,1.97,5.45,5.21,5.5,-1.633,1.1121,1.111
Maxim Grishin,Light Heavyweight,5,E,10,,False,0.0,False,False,0.7619047619047619,190.5,198.12,0.2,16.2857,0.5266,0.5881,0.3816,0.1053,0.0714,0.6667,29.7143,0.0,1.2857,,9.22,9.15,6.75,6.23,8.54,7.52,9.85,4.72,1.93,6.2,3.32,3.07,4.05,5.5,-0.9371,-0.8286,-0.8303
Maximo Blanco,Featherweight,9,E,11,,False,0.0,False,False,0.6,172.72,180.34,0.1111,17.4211,0.4461,0.6473,0.1178,0.1541,0.5789,0.8,41.4737,0.0,0.2105,,3.71,4.7,4.47,6.89,5.05,9.41,4.13,6.74,7.29,8.62,4.62,3.07,1.36,5.5,-0.5721,-0.7504,0.3183
Maycee Barber,Women's Flyweight,13,C,52,4.0,False,0.0,False,False,0.875,165.1,165.1,0.3077,19.8438,0.5121,0.5752,0.0976,0.326,0.4688,0.4815,63.6875,0.0,3.9062,,1.73,1.58,8.44,8.0,8.1,6.92,3.23,9.59,6.43,3.06,6.64,3.07,8.92,5.5,1.4244,0.7359,-1.5346
Mayra Bueno Silva,Women's Bantamweight,14,C+,56,2.0,False,0.0,False,False,0.6666666666666666,167.64,167.64,0.0,16.2286,0.5686,0.5156,0.2042,0.257,0.1429,0.6327,36.4,0.2857,0.8,,2.25,1.88,2.21,6.17,9.43,3.83,7.44,9.03,2.75,5.42,4.05,9.09,2.57,5.5,0.0112,0.5169,0.6195
Megan Anderson,Women's Featherweight,6,E,10,,False,0.0,False,False,0.6875,182.88,182.88,0.3333,6.375,0.4636,0.3701,0.0196,0.1961,0.125,0.5385,27.375,0.1667,1.25,,7.04,5.47,8.71,1.28,5.95,1.12,1.17,7.91,2.48,3.78,3.07,7.58,3.98,5.5,0.2155,0.3994,-0.5151
Melissa Gatto,Women's Flyweight,6,E,14,,False,0.0,False,False,0.8181818181818182,165.1,175.26,0.5,15.5882,0.4972,0.5436,0.1698,0.0981,0.5294,0.5882,80.8235,0.0,0.8235,,1.73,3.2,9.67,5.81,7.46,5.14,6.25,4.35,6.9,4.56,7.82,3.07,2.63,5.5,0.2027,2.2294,-0.0946
Melquizael Costa,Featherweight,10,D,36,12.0,False,0.0,False,False,0.7741935483870968,177.8,180.34,0.2,19.25,0.47,0.5036,0.2338,0.0909,0.4583,0.5094,45.0833,0.2,1.5833,,5.37,4.7,6.75,7.77,6.21,3.14,8.22,4.02,6.33,3.46,5.02,8.21,4.93,5.5,-0.2285,1.0174,0.5811
Melsik Baghdasaryan,Featherweight,5,E,10,,False,0.0,False,False,0.7272727272727273,175.26,177.8,0.2,19.6364,0.5745,0.5791,0.2037,0.1389,0.0,0.7143,11.1818,0.0,0.4545,,4.48,3.88,6.75,7.95,9.51,7.13,7.42,6.22,1.29,7.18,1.6,3.07,1.77,5.5,-1.1306,-0.1799,-1.6734
Melvin Guillard,Lightweight,22,E,13,,False,0.0,False,False,0.64,175.26,180.34,0.3636,11.7895,0.3972,0.6814,0.1295,0.1295,0.3684,0.6517,20.3947,0.0,2.0526,,4.48,4.7,8.98,3.42,2.79,9.85,4.69,5.81,5.58,5.82,2.5,3.07,6.2,5.5,-0.6805,0.5184,-1.3016
Merab Dvalishvili,Bantamweight,17,A,80,1.0,True,3.0,False,False,0.8333333333333334,167.64,172.72,0.0588,22.0333,0.4156,0.5403,0.1611,0.149,1.9833,0.76,107.4167,0.0588,4.7333,,2.25,2.69,3.53,8.82,3.69,4.97,5.91,6.57,9.98,8.08,9.18,5.38,9.35,5.5,1.2774,-0.9371,3.8463
Michael Bisping,Middleweight,29,B+,70,2.0,True,1.0,False,False,0.7692307692307693,185.42,190.5,0.3448,19.8354,0.3767,0.6536,0.1532,0.097,0.3291,0.6327,25.1392,0.0,1.8228,,7.92,7.74,8.89,7.99,2.2,9.56,5.67,4.26,5.09,5.42,2.87,3.07,5.61,5.5,-0.8964,0.2507,0.9475
Michael Chandler,Lightweight,7,C,51,4.0,False,0.0,False,False,0.696969696969697,172.72,180.34,0.2857,16.5789,0.5097,0.4016,0.1016,0.019,0.4737,0.5625,49.0526,0.0,4.0526,,3.71,4.7,8.17,6.4,8.01,1.23,3.38,1.17,6.48,4.15,5.47,3.07,9.01,5.5,0.0722,0.0385,-0.8301
Michael Chiesa,Welterweight,22,C,47,5.0,False,0.0,False,False,0.7307692307692307,185.42,190.5,0.0,8.5208,0.4066,0.5798,0.0538,0.1589,0.875,0.6585,101.3125,0.4091,1.9792,,7.92,7.74,2.21,1.83,3.23,7.19,1.7,6.92,8.87,5.95,8.97,9.78,6.01,5.5,0.9726,0.6998,-0.2047
Michael Johnson,Lightweight,32,C,47,5.0,False,0.0,False,False,0.5681818181818182,177.8,185.42,0.1875,19.358,0.3959,0.5884,0.155,0.0644,0.1728,0.8113,21.3457,0.0,0.7654,,5.37,6.25,6.4,7.82,2.74,7.54,5.72,2.71,3.19,8.79,2.58,3.07,2.5,5.5,-1.2474,-0.4757,-0.0536
Michael McDonald,Bantamweight,9,C+,56,2.0,False,0.0,False,False,0.8095238095238095,180.34,177.8,0.2222,11.3684,0.4269,0.572,0.1019,0.088,0.3158,0.5263,22.1053,0.2222,0.8947,,6.22,3.88,7.28,3.15,4.16,6.68,3.4,3.9,5.01,3.59,2.62,8.6,2.88,5.5,-0.6294,1.5081,-0.5629
Michael Morales,Welterweight,7,C+,56,3.0,False,0.0,False,False,1.0,182.88,200.66,0.7143,27.3846,0.4993,0.5744,0.1292,0.0618,0.0769,0.8846,15.3077,0.0,4.6154,,7.04,9.39,9.97,9.73,7.58,6.89,4.67,2.62,2.01,9.49,1.91,3.07,9.33,5.5,-1.9396,2.6817,0.3531
Michael Page,Welterweight,5,D+,42,9.0,False,0.0,False,False,0.8888888888888888,190.5,200.66,0.0,10.7333,0.5649,0.6169,0.1491,0.0559,0.0,0.6842,18.3333,0.0,0.2,,9.22,9.39,2.21,2.79,9.39,8.63,5.54,2.3,1.29,6.57,2.26,3.07,1.34,5.5,-0.7862,-1.7303,-1.9276
Michael Trizano,Featherweight,7,E,11,,False,0.0,False,False,0.7857142857142857,180.34,180.34,0.1429,16.7778,0.5355,0.5061,0.2285,0.1093,0.1111,0.7273,36.5556,0.0,1.1667,,6.22,4.7,5.23,6.52,8.82,3.29,8.1,4.93,2.34,7.48,4.07,3.07,3.79,5.5,-0.7365,-0.548,-1.0544
Michal Oleksiejczuk,Light Heavyweight,18,E,13,,False,0.0,False,False,0.7,182.88,187.96,0.4444,22.9667,0.5316,0.5997,0.0479,0.0363,0.2667,0.5294,22.9,0.0,3.4667,,7.04,7.01,9.53,9.06,8.7,8.06,1.56,1.57,4.42,3.63,2.7,3.07,8.59,5.5,-1.3101,0.8339,0.2781
Michel Pereira,Welterweight,15,D,35,13.0,False,0.0,False,False,0.6888888888888889,185.42,185.42,0.1333,19.3784,0.5192,0.5141,0.106,0.1144,0.3514,0.7593,18.8649,0.2,0.6757,,7.92,6.25,4.94,7.85,8.31,3.74,3.61,5.14,5.36,8.07,2.32,8.21,2.3,5.5,-0.9371,0.3131,0.0784
Michel Prazeres,Lightweight,14,E,16,,False,0.0,False,False,0.8666666666666667,167.64,170.18,0.0,11.0,0.4716,0.5755,0.1744,0.1032,1.2162,0.4783,90.7297,0.2143,1.8108,,2.25,2.24,2.21,3.0,6.29,6.95,6.41,4.61,9.64,3.02,8.5,8.49,5.59,5.5,0.7043,-0.3991,0.7952
Michelle Waterson-Gomez,Women's Strawweight,15,D+,44,6.0,False,0.0,False,False,0.5806451612903226,160.02,157.48,0.0,16.9565,0.458,0.4798,0.2462,0.1872,0.413,0.7027,51.8913,0.1333,1.913,,1.21,1.11,2.21,6.62,5.67,2.48,8.59,7.72,5.95,6.97,5.72,6.76,5.86,5.5,0.2303,-0.181,-0.0118
Michihiro Omigawa,Featherweight,7,E,10,,False,0.0,False,False,0.5483870967741935,167.64,172.72,0.0,10.3333,0.4094,0.6172,0.0876,0.1613,0.381,0.5,56.5238,0.0,1.2857,,2.25,2.69,2.21,2.6,3.35,8.64,2.79,6.99,5.68,3.27,6.14,3.07,4.05,5.5,0.7147,-1.4871,-0.1357
Michinori Tanaka,Bantamweight,5,E,10,,False,0.0,False,False,0.7857142857142857,165.1,170.18,0.0,9.8667,0.3747,0.5083,0.1824,0.027,0.8,0.4375,122.2,0.0,3.5333,,1.73,2.24,2.21,2.39,2.13,3.4,6.69,1.34,8.49,2.53,9.47,3.07,8.63,5.5,2.3175,-1.8315,-1.2538
Mick Parkin,Heavyweight,5,D,37,12.0,False,0.0,False,False,0.9090909090909091,193.04,200.66,0.2,23.0769,0.4992,0.5975,0.3133,0.04,0.3077,0.75,46.7692,0.0,1.0769,,9.68,9.39,6.75,9.08,7.57,7.98,9.49,1.72,4.88,7.9,5.21,3.07,3.48,5.5,-0.9692,-0.7483,1.0092
Mickey Gall,Welterweight,13,E,11,,False,0.0,False,False,0.5,187.96,187.96,0.0,14.64,0.4959,0.4959,0.0546,0.112,0.32,0.375,43.04,0.3846,1.76,,8.62,7.01,2.21,5.22,7.4,2.92,1.72,5.05,5.07,2.04,4.84,9.67,5.43,5.5,0.0255,0.5881,0.494
Miesha Tate,Women's Bantamweight,14,B,61,1.0,True,0.0,False,False,0.6666666666666666,167.64,165.1,0.0714,14.0455,0.4602,0.5203,0.0825,0.1667,0.4318,0.587,87.1591,0.1429,2.6136,,2.25,1.58,3.71,4.81,5.82,4.03,2.62,7.22,6.08,4.52,8.29,7.04,7.39,5.5,0.5809,-0.0025,1.2303
Miguel Baeza,Welterweight,7,E,11,,False,0.0,False,False,0.7142857142857143,187.96,187.96,0.2857,17.375,0.4777,0.4931,0.3525,0.0216,0.125,0.4444,10.8125,0.1429,1.125,,8.62,7.01,8.17,6.86,6.6,2.85,9.77,1.22,2.48,2.63,1.55,7.04,3.67,5.5,-1.0435,0.8995,1.2361
Mike Brown,Featherweight,6,E,10,,False,0.0,False,False,0.7428571428571429,167.64,177.8,0.0,14.0714,0.5534,0.5344,0.2589,0.3401,0.9286,0.6875,115.0714,0.0,5.0,,2.25,3.88,2.21,4.83,9.19,4.7,8.86,9.67,9.09,6.63,9.36,3.07,9.42,5.5,1.8098,-1.5308,-0.5834
Mike Davis,Lightweight,7,E,14,,False,0.0,False,False,0.8,182.88,182.88,0.2857,21.9444,0.5448,0.5609,0.0937,0.0759,0.8889,0.5909,81.1111,0.1429,4.1111,,7.04,5.47,8.17,8.79,9.06,6.1,3.03,3.32,8.94,4.63,7.86,7.04,9.07,5.5,0.0431,0.8643,0.9113
Mike Easton,Bantamweight,7,D+,44,6.0,False,0.0,False,False,0.6842105263157895,167.64,177.8,0.1429,17.55,0.3706,0.6177,0.3134,0.2251,0.25,0.6667,28.3,0.0,0.65,,2.25,3.88,5.23,6.97,2.0,8.66,9.5,8.51,4.25,6.2,3.14,3.07,2.23,5.5,-0.3569,-0.689,0.0598
Mike Malott,Welterweight,8,D,38,11.0,False,0.0,False,False,0.8571428571428571,185.42,185.42,0.375,16.7222,0.5226,0.5714,0.1993,0.0166,0.4444,0.7273,39.9444,0.25,2.3333,,7.92,6.25,9.06,6.49,8.41,6.66,7.25,1.13,6.21,7.48,4.49,8.82,6.85,5.5,-0.7659,2.089,-0.4195
Mike Massenzio,Middleweight,7,E,10,,False,0.0,False,False,0.5909090909090909,187.96,185.42,0.0,8.1429,0.4506,0.544,0.0614,0.0965,0.7143,0.5,73.6429,0.1429,0.2143,,8.62,6.25,2.21,1.68,5.29,5.17,1.86,4.23,8.13,3.27,7.39,7.04,1.37,5.5,-0.0573,-0.9948,1.4881
Mike Perry,Welterweight,15,D,33,15.0,False,0.0,False,False,0.6363636363636364,177.8,180.34,0.2667,20.0556,0.4744,0.529,0.2105,0.1219,0.25,0.7857,43.8056,0.0,2.0,,5.37,4.7,7.89,8.09,6.4,4.48,7.63,5.53,4.25,8.48,4.91,3.07,6.08,5.5,-1.1022,-0.0877,-0.0226
Mike Pierce,Welterweight,14,D+,40,10.0,False,0.0,False,False,0.7083333333333334,172.72,180.34,0.2143,11.9459,0.4238,0.6225,0.1765,0.2851,0.8378,0.6923,127.6216,0.0714,2.8108,,3.71,4.7,7.13,3.51,4.03,8.8,6.48,9.3,8.72,6.73,9.59,5.63,7.73,5.5,0.8003,-0.0474,-0.2335
Mike Pyle,Welterweight,19,D,36,12.0,False,0.0,False,False,0.6585365853658537,182.88,187.96,0.2632,10.3514,0.4372,0.6075,0.1619,0.1984,0.4324,0.7308,44.8378,0.1053,2.1892,,7.04,7.01,7.85,2.62,4.68,8.33,5.95,8.0,6.1,7.55,5.0,6.23,6.54,5.5,0.5442,0.4684,-0.136
Mike Rodriguez,Light Heavyweight,8,E,10,,False,0.0,False,False,0.6111111111111112,193.04,208.28,0.25,19.0588,0.5445,0.4136,0.2099,0.3148,0.0,0.3548,30.8824,0.0,1.5294,,9.68,9.73,7.69,7.69,9.04,1.36,7.59,9.51,1.29,1.92,3.41,3.07,4.81,5.5,-1.1467,-0.4832,-0.8224
Mike Russow,Heavyweight,6,E,14,,False,0.0,False,False,0.8333333333333334,185.42,185.42,0.3333,7.0,0.4712,0.592,0.0,0.1327,1.2857,0.0,126.2143,0.0,2.0,,7.92,6.25,8.71,1.39,6.27,7.74,1.03,5.99,9.71,1.05,9.56,3.07,6.08,5.5,1.092,-0.1074,0.7372
Mike Swick,Welterweight,15,E,13,,False,0.0,False,False,0.7142857142857143,185.42,195.58,0.3333,9.2581,0.3579,0.5523,0.2648,0.3798,0.2581,0.5714,53.4516,0.1333,1.0968,,7.92,8.81,8.71,2.15,1.74,5.65,8.95,9.83,4.33,4.28,5.83,6.76,3.56,5.5,0.1655,1.084,-1.2763
Mike de la Torre,Featherweight,7,E,10,,False,0.0,False,False,0.6666666666666666,180.34,180.34,0.1429,12.0909,0.3923,0.516,0.0226,0.2782,0.0909,0.8333,31.6364,0.0,1.3636,,6.22,4.7,5.23,3.64,2.64,3.85,1.22,9.24,2.14,9.07,3.49,3.07,4.32,5.5,-0.0796,-0.5743,-1.7567
Miles Johns,Bantamweight,12,E,12,,False,0.0,False,False,0.7894736842105263,170.18,172.72,0.1667,14.8235,0.4337,0.671,0.1091,0.0456,0.3235,0.7692,45.2647,0.0,0.1765,,2.97,2.69,5.94,5.34,4.52,9.76,3.74,1.93,5.08,8.22,5.04,3.07,1.31,5.5,-0.6189,-0.506,-0.5199
Miranda Maverick,Women's Flyweight,12,D+,41,9.0,False,0.0,False,False,0.7391304347826086,160.02,165.1,0.0833,15.5758,0.445,0.6167,0.216,0.0603,0.697,0.4516,87.697,0.1667,2.0303,,1.21,1.58,3.93,5.79,5.0,8.61,7.8,2.53,8.08,2.72,8.35,7.58,6.16,5.5,0.5939,0.3357,-0.06
Mirko Filipovic,Heavyweight,11,D,33,15.0,False,0.0,False,False,0.7608695652173914,187.96,185.42,0.3636,9.0769,0.4411,0.5791,0.0763,0.2797,0.0769,0.7297,34.5,0.0909,1.6154,,8.62,6.25,8.98,2.07,4.81,7.13,2.38,9.27,2.01,7.53,3.8,5.95,5.02,5.5,0.0073,0.5934,-1.2799
Mirsad Bektic,Featherweight,10,D+,43,7.0,False,0.0,False,False,0.7647058823529411,172.72,177.8,0.2,10.7391,0.4179,0.5783,0.0526,0.1053,1.1739,0.9231,158.1304,0.1,5.087,,3.71,3.88,6.75,2.79,3.82,7.08,1.65,4.72,9.58,9.73,9.93,6.13,9.48,5.5,2.0494,0.3097,-0.8825
Misha Cirkunov,Light Heavyweight,13,D+,43,7.0,False,0.0,False,False,0.625,190.5,195.58,0.0769,12.4737,0.5186,0.5775,0.1139,0.2194,0.8947,0.7692,55.0526,0.3846,2.6316,,9.22,8.81,3.81,3.85,8.29,7.06,3.98,8.37,8.97,8.22,5.97,9.67,7.43,5.5,1.2237,0.8478,1.1905
Mitch Clarke,Lightweight,7,E,10,,False,0.0,False,False,0.6875,177.8,185.42,0.0,10.375,0.3402,0.4786,0.3193,0.2289,0.1875,0.5,38.9375,0.1429,0.25,,5.37,6.25,2.21,2.63,1.45,2.47,9.56,8.61,3.35,3.27,4.36,7.04,1.44,5.5,0.0891,-0.7868,-0.5579
Mitch Gagnon,Bantamweight,8,D,35,13.0,False,0.0,False,False,0.7058823529411765,165.1,165.1,0.0,11.9444,0.4644,0.6195,0.1163,0.2326,0.3333,0.6571,56.6667,0.375,2.1667,,1.73,1.58,2.21,3.5,5.98,8.7,4.08,8.68,5.18,5.92,6.16,9.62,6.49,5.5,0.8309,0.9463,0.2828
Mizuto Hirota,Featherweight,7,E,10,,False,0.0,False,False,0.6428571428571429,170.18,170.18,0.0,17.4762,0.3959,0.5461,0.1362,0.0708,0.4286,0.5676,51.381,0.0,1.6667,,2.97,2.24,2.21,6.91,2.74,5.3,4.93,3.1,6.06,4.21,5.66,3.07,5.13,5.5,-0.2616,-1.448,-0.2095
Modestas Bukauskas,Light Heavyweight,13,E,12,,False,0.0,False,False,0.76,190.5,193.04,0.2308,14.1724,0.4304,0.5054,0.1071,0.09,0.069,0.8214,29.6897,0.0769,0.6552,,9.22,8.37,7.43,4.92,4.31,3.24,3.65,3.98,1.89,8.91,3.31,5.74,2.24,5.5,-0.6835,-0.1129,-0.9706
Mohammed Usman,Heavyweight,6,E,10,,False,0.0,False,False,0.75,187.96,200.66,0.1667,18.2353,0.3919,0.5121,0.0065,0.0194,0.1765,0.6667,53.6471,0.0,0.3529,,8.62,9.39,5.94,7.3,2.62,3.66,1.07,1.18,3.2,6.2,5.85,3.07,1.6,5.5,-0.9777,-0.9287,1.4148
Molly McCann,Women's Flyweight,14,D,34,14.0,False,0.0,False,False,0.6363636363636364,162.56,157.48,0.1429,24.3548,0.4987,0.6255,0.1152,0.0808,0.5484,0.3824,34.0968,0.0714,2.1935,,1.42,1.11,5.23,9.3,7.53,8.9,4.04,3.55,7.07,2.1,3.73,5.63,6.55,5.5,-0.5075,0.1114,1.1756
Montana De La Rosa,Women's Flyweight,12,C,47,5.0,False,0.0,False,False,0.5909090909090909,170.18,172.72,0.0833,13.6774,0.3719,0.4525,0.1038,0.125,0.5806,0.6842,94.4839,0.25,2.2903,,2.97,2.69,3.93,4.55,2.04,1.86,3.46,5.65,7.32,6.57,8.69,8.82,6.74,5.5,0.9038,0.9493,0.7727
Montel Jackson,Bantamweight,13,D,35,14.0,False,0.0,False,False,0.8823529411764706,177.8,190.5,0.2308,13.3226,0.5378,0.5934,0.092,0.2349,0.8065,0.6703,84.5484,0.0769,2.129,,5.37,7.74,7.43,4.36,8.87,7.81,2.95,8.71,8.54,6.36,8.1,5.74,6.42,5.5,-0.0462,0.4934,-1.1891
Montserrat Conejo Ruiz,Women's Strawweight,5,E,10,,False,0.0,False,False,0.7142857142857143,152.4,154.94,0.0,9.5,0.2938,0.4413,0.3421,0.0263,0.5,0.4444,70.25,0.0,0.0833,,1.01,1.06,2.21,2.25,1.12,1.69,9.68,1.33,6.7,2.63,7.17,3.07,1.12,5.5,0.0131,-1.1278,-0.5251
Morgan Charriere,Featherweight,6,E,10,,False,0.0,False,False,0.65625,172.72,175.26,0.5,15.7692,0.5,0.5391,0.161,0.0585,0.5385,0.8333,48.0,0.0,0.7692,,3.71,3.2,9.67,5.88,7.62,4.93,5.9,2.43,6.98,9.07,5.36,3.07,2.52,5.5,-0.718,1.6537,-0.8063
Movsar Evloev,Featherweight,10,C+,59,1.0,False,0.0,False,False,1.0,170.18,182.88,0.0,19.5312,0.4764,0.6128,0.0832,0.08,1.5938,0.6111,107.0625,0.0,3.2812,,2.97,5.47,2.21,7.91,6.54,8.48,2.66,3.51,9.89,5.01,9.16,3.07,8.32,5.5,0.6662,-1.4851,1.1128
Muhammad Mokaev,Flyweight,7,D+,46,6.0,False,0.0,False,False,1.0,170.18,177.8,0.0,7.4737,0.4537,0.575,0.1479,0.0493,1.6316,0.25,143.7895,0.5714,1.7895,,2.97,3.88,2.21,1.51,5.5,6.91,5.49,2.05,9.92,1.31,9.83,9.96,5.53,5.5,1.2594,1.9141,0.3489
Muhammad Naimov,Featherweight,7,E,14,,False,0.0,False,False,0.8125,175.26,177.8,0.2857,9.7222,0.4051,0.4473,0.1886,0.1657,0.5,0.7353,67.0556,0.0,1.3333,,4.48,3.88,8.17,2.34,3.18,1.78,6.91,7.16,6.7,7.62,6.94,3.07,4.2,5.5,0.3702,0.2887,-1.3978
Muin Gafurov,Bantamweight,5,E,10,,False,0.0,False,False,0.7692307692307693,170.18,172.72,0.0,17.3077,0.4697,0.5944,0.1156,0.1556,0.2308,0.6667,60.0769,0.0,1.3077,,2.97,2.69,2.21,6.81,6.19,7.84,4.06,6.8,4.0,6.2,6.43,3.07,4.14,5.5,-0.217,-1.7302,-0.5319
Muslim Salikhov,Welterweight,14,D,35,14.0,False,0.0,False,False,0.8148148148148148,180.34,177.8,0.3571,14.7241,0.4965,0.6239,0.178,0.0656,0.3103,0.7241,17.0345,0.0,1.4138,,6.22,3.88,8.94,5.27,7.43,8.85,6.52,2.78,4.92,7.4,2.1,3.07,4.42,5.5,-0.981,0.4604,-0.8065
Myktybek Orolbai,Welterweight,6,E,14,,False,0.0,False,False,0.875,177.8,187.96,0.1667,13.1538,0.5,0.5103,0.1228,0.0351,2.7692,0.4,152.2308,0.3333,3.9231,,5.37,7.01,5.94,4.27,7.62,3.51,4.36,1.55,10.0,2.23,9.9,9.43,8.95,5.5,1.3667,1.2397,1.9892
Myles Jury,Lightweight,12,D+,43,8.0,False,0.0,False,False,0.8095238095238095,177.8,185.42,0.25,13.08,0.4263,0.668,0.2018,0.0398,0.64,0.5,81.88,0.0833,4.0,,5.37,6.25,7.69,4.2,4.15,9.72,7.32,1.71,7.78,3.27,7.96,5.84,8.97,5.5,0.7089,0.288,-1.094
Nam Phan,Featherweight,8,E,10,,False,0.0,False,False,0.5526315789473685,167.64,177.8,0.0,25.2917,0.3592,0.6221,0.0395,0.0066,0.0417,0.5965,12.5833,0.0,0.3333,,2.25,3.88,2.21,9.54,1.78,8.78,1.41,1.03,1.64,4.75,1.64,3.07,1.56,5.5,-1.3718,-1.4036,1.2096
Naoyuki Kotani,Lightweight,5,E,10,,False,0.0,False,False,0.7083333333333334,172.72,167.64,0.0,4.5833,0.3125,0.5049,0.3818,0.0727,0.25,0.4667,54.25,0.0,0.9167,,3.71,1.88,2.21,1.08,1.2,3.2,9.85,3.21,4.25,2.83,5.88,3.07,2.98,5.5,1.0006,-1.6479,-1.1377
Nasrat Haqparast,Lightweight,15,E,13,,False,0.0,False,False,0.782608695652174,177.8,182.88,0.1333,29.4737,0.4566,0.634,0.0366,0.0554,0.1053,0.86,10.8947,0.0,1.4211,,5.37,5.47,4.94,9.88,5.63,9.11,1.38,2.26,2.27,9.33,1.57,3.07,4.45,5.5,-1.8393,-0.7647,1.1811
Nassourdine Imavov,Middleweight,12,C+,58,1.0,False,0.0,False,False,0.8095238095238095,190.5,190.5,0.3333,20.1026,0.5498,0.5874,0.1212,0.1518,0.2308,0.814,44.0256,0.0,2.359,,9.22,7.74,8.71,8.12,9.14,7.5,4.29,6.65,4.0,8.81,4.92,3.07,6.89,5.5,-0.4469,0.1637,0.6259
Natalia Silva,Women's Flyweight,8,C+,58,1.0,False,0.0,False,False,0.7916666666666666,162.56,165.1,0.25,22.8182,0.4527,0.6635,0.2112,0.0259,0.1364,0.9032,16.5455,0.0,0.6818,,1.42,1.58,7.69,9.01,5.46,9.68,7.65,1.31,2.66,9.63,2.06,3.07,2.31,5.5,-1.5071,0.4197,-0.5629
Nate Diaz,Lightweight,27,C,51,4.0,False,0.0,False,False,0.6285714285714286,182.88,193.04,0.0741,21.4444,0.4457,0.5285,0.0874,0.2215,0.25,0.4388,39.4167,0.3704,0.9722,,7.04,8.37,3.76,8.66,5.03,4.44,2.79,8.41,4.25,2.55,4.44,9.59,3.14,5.5,-0.338,0.9712,1.1012
Nate Landwehr,Featherweight,11,E,12,,False,0.0,False,False,0.72,175.26,182.88,0.0909,23.7917,0.4575,0.5119,0.1278,0.1944,0.2083,0.7188,29.6667,0.1818,1.0417,,4.48,5.47,4.07,9.22,5.65,3.63,4.61,7.89,3.62,7.27,3.3,7.87,3.31,5.5,-0.5695,0.2462,0.5978
Nate Maness,Bantamweight,7,E,14,,False,0.0,False,False,0.8421052631578947,177.8,182.88,0.2857,13.9333,0.5024,0.4254,0.0622,0.1914,0.2,0.8,32.5333,0.1429,2.8667,,5.37,5.47,8.17,4.76,7.74,1.44,1.89,7.82,3.52,8.62,3.57,7.04,7.81,5.5,0.3657,1.3532,-1.6256
Nate Marquardt,Middleweight,25,E,14,,False,0.0,False,False,0.6481481481481481,182.88,187.96,0.24,11.7593,0.5138,0.5832,0.2157,0.1717,0.6111,0.7119,74.0185,0.12,2.463,,7.04,7.01,7.56,3.4,8.14,7.36,7.79,7.33,7.54,7.12,7.43,6.52,7.15,5.5,0.1829,0.2985,-0.4949
Nate Quarry,Middleweight,10,E,12,,False,0.0,False,False,0.75,182.88,182.88,0.5,17.5294,0.4454,0.6627,0.2886,0.1242,0.0588,0.6,38.5294,0.0,2.3529,,7.04,5.47,9.67,6.96,5.02,9.67,9.23,5.61,1.77,4.83,4.3,3.07,6.88,5.5,-1.3347,1.1993,-0.7232
Nathaniel Wood,Featherweight,14,E,13,,False,0.0,False,False,0.7777777777777778,167.64,175.26,0.0,26.725,0.5112,0.5449,0.3442,0.0543,0.425,0.7333,42.325,0.2143,2.05,,2.25,3.2,2.21,9.68,8.04,5.25,9.69,2.2,6.04,7.59,4.75,8.49,6.19,5.5,-0.9752,-0.098,0.8418
Nazim Sadykhov,Lightweight,6,E,20,,False,0.0,False,False,0.9166666666666666,177.8,175.26,0.5,21.0,0.4823,0.4698,0.1062,0.1795,0.3846,0.6875,34.5385,0.1667,1.8462,,5.37,3.2,9.67,8.51,6.82,2.22,3.62,7.55,5.73,6.63,3.81,7.58,5.69,5.5,-0.6413,2.2661,-0.2686
Neil Magny,Welterweight,37,C,47,5.0,False,0.0,False,False,0.6818181818181818,190.5,203.2,0.1892,15.8526,0.4689,0.5179,0.1042,0.1793,0.6737,0.5536,59.7684,0.0811,3.7158,,9.22,9.58,6.42,5.95,6.16,3.95,3.47,7.54,7.94,3.99,6.43,5.79,8.79,5.5,0.4434,-0.1275,-0.0283
Neil Seery,Flyweight,7,D,33,15.0,False,0.0,False,False,0.5517241379310345,162.56,162.56,0.0,17.2,0.4115,0.589,0.0843,0.125,0.25,0.5385,19.75,0.1429,2.1,,1.42,1.36,2.21,6.72,3.44,7.58,2.7,5.65,4.25,3.78,2.4,7.04,6.32,5.5,-0.0536,-0.5851,1.302
Nicholas Musoke,Welterweight,6,E,10,,False,0.0,False,False,0.7222222222222222,182.88,190.5,0.0,17.3125,0.3579,0.5792,0.1047,0.13,0.375,0.8235,94.25,0.1667,0.9375,,7.04,7.74,2.21,6.82,1.74,7.16,3.52,5.86,5.63,8.95,8.66,7.58,3.03,5.5,-0.4073,-0.7268,1.3863
Nick Catone,Middleweight,8,E,11,,False,0.0,False,False,0.7142857142857143,182.88,182.88,0.0,9.3333,0.4465,0.632,0.1837,0.2398,1.0952,0.8333,96.2857,0.125,3.1905,,7.04,5.47,2.21,2.18,5.11,9.08,6.75,8.8,9.44,9.07,8.74,6.62,8.25,5.5,1.5016,-1.1643,-0.149
Nick Diaz,Welterweight,15,C+,54,3.0,False,0.0,False,False,0.7222222222222222,185.42,193.04,0.2667,19.3778,0.4166,0.5415,0.0631,0.1778,0.3111,0.6282,39.3333,0.1333,1.3111,,7.92,8.37,7.89,7.84,3.75,5.06,1.92,7.49,4.93,5.31,4.41,6.76,4.15,5.5,-0.4188,0.6999,1.0771
Nick Hein,Lightweight,8,E,11,,False,0.0,False,False,0.7368421052631579,167.64,167.64,0.0,13.1429,0.3507,0.5987,0.1486,0.0326,0.2857,0.8333,19.5238,0.0,0.0952,,2.25,1.88,2.21,4.26,1.63,8.02,5.52,1.49,4.65,9.07,2.39,3.07,1.15,5.5,-0.9464,-1.57,-0.4649
Nick Osipczak,Welterweight,5,E,9,,False,0.0,False,False,0.6666666666666666,187.96,193.04,0.2,13.6154,0.5072,0.5073,0.2203,0.3107,0.3846,0.7143,63.5385,0.2,3.2308,,8.62,8.37,6.75,4.53,7.88,3.34,7.93,9.48,5.73,7.18,6.63,8.21,8.29,5.5,0.7039,0.655,-0.5539
Nick Ring,Middleweight,6,E,11,,False,0.0,False,False,0.7777777777777778,182.88,187.96,0.0,17.3333,0.4268,0.6276,0.3494,0.1154,0.4444,0.5238,51.3333,0.1667,1.6667,,7.04,7.01,2.21,6.83,4.15,8.94,9.72,5.18,6.21,3.54,5.65,7.58,5.13,5.5,-0.3821,-0.839,0.6209
Nicolae Negumereanu,Light Heavyweight,6,E,14,,False,0.0,False,False,0.8666666666666667,182.88,198.12,0.3333,16.1538,0.4118,0.3941,0.1524,0.2333,0.3077,0.625,58.5385,0.0,0.4615,,7.04,9.15,8.71,6.14,3.47,1.17,5.64,8.69,4.88,5.23,6.33,3.07,1.78,5.5,-0.376,0.0477,0.1289
Nicolas Dalby,Welterweight,15,E,13,,False,0.0,False,False,0.7931034482758621,180.34,187.96,0.0667,18.8293,0.4352,0.5222,0.1632,0.3057,0.2927,0.5909,66.7561,0.0,1.439,,6.22,7.01,3.62,7.61,4.58,4.12,5.99,9.44,4.72,4.63,6.91,3.07,4.5,5.5,-0.2311,-1.345,0.1597
Nik Lentz,Lightweight,25,D+,43,7.0,False,0.0,False,False,0.7142857142857143,172.72,172.72,0.12,16.1045,0.476,0.501,0.1483,0.1974,1.0299,0.439,88.403,0.08,3.1493,,3.71,2.69,4.66,6.1,6.51,3.03,5.5,7.95,9.34,2.56,8.41,5.78,8.18,5.5,0.9079,-0.4897,1.8724
Nikita Krylov,Light Heavyweight,21,C,47,5.0,False,0.0,False,False,0.7317073170731707,190.5,195.58,0.2381,17.2432,0.5444,0.4765,0.1552,0.2351,0.5405,0.5319,86.7027,0.2381,3.3784,,9.22,8.81,7.53,6.77,9.03,2.43,5.74,8.73,7.0,3.66,8.24,8.74,8.46,5.5,0.6494,0.9696,1.0029
Niko Price,Welterweight,21,E,13,,False,0.0,False,False,0.64,182.88,193.04,0.1905,21.2195,0.4328,0.4834,0.223,0.108,0.2927,0.5,36.8537,0.0952,2.3902,,7.04,8.37,6.43,8.58,4.46,2.54,8.01,4.87,4.72,3.27,4.15,6.02,7.02,5.5,-0.6049,0.0088,0.9785
Nikolas Motta,Lightweight,7,E,11,,False,0.0,False,False,0.7142857142857143,175.26,177.8,0.2857,17.7692,0.4132,0.4834,0.0909,0.0606,0.0,0.8235,9.3846,0.0,2.3846,,4.48,3.88,8.17,7.09,3.54,2.54,2.91,2.55,1.29,8.95,1.46,3.07,7.0,5.5,-1.5701,0.1042,-0.7813
Nikolay Veretennikov,Welterweight,6,E,10,,False,0.0,False,False,0.6842105263157895,185.42,187.96,0.1667,11.6923,0.5371,0.4404,0.0921,0.2237,0.1538,0.6667,17.5385,0.0,0.6154,,7.92,7.01,5.94,3.35,8.86,1.65,2.95,8.48,2.92,6.2,2.17,3.07,2.1,5.5,-0.1549,-0.7368,-1.1649
Nina Nunes,Women's Strawweight,9,C+,54,3.0,False,0.0,False,False,0.6111111111111112,165.1,162.56,0.0,21.68,0.4517,0.5556,0.262,0.0886,0.08,0.7368,34.8,0.1111,1.2,,1.73,1.36,2.21,8.77,5.37,5.83,8.9,3.95,2.04,7.66,3.83,6.35,3.85,5.5,-0.545,-0.3092,-0.3522
Nora Cornolle,Women's Bantamweight,6,D,36,12.0,False,0.0,False,False,0.75,170.18,170.18,0.1667,12.3333,0.5506,0.5619,0.2919,0.4108,0.0667,0.4762,34.2,0.1667,0.1333,,2.97,2.24,5.94,3.72,9.15,6.14,9.27,9.88,1.86,2.97,3.75,7.58,1.22,5.5,-0.0092,0.8488,-1.8167
Nordine Taleb,Welterweight,12,E,12,,False,0.0,False,False,0.6818181818181818,185.42,187.96,0.1667,16.7778,0.5113,0.668,0.2804,0.0728,0.5926,0.7391,64.7037,0.0,2.4074,,7.92,7.01,5.94,6.52,8.05,9.72,9.15,3.22,7.42,7.69,6.77,3.07,7.04,5.5,-0.2808,-0.7318,-0.9175
Norma Dumont,Women's Featherweight,12,C+,55,3.0,False,0.0,False,False,0.8571428571428571,170.18,170.18,0.0,19.0833,0.5096,0.6432,0.179,0.131,0.4722,0.7188,71.4444,0.0,1.0556,,2.97,2.24,2.21,7.71,7.99,9.34,6.55,5.91,6.46,7.27,7.26,3.07,3.36,5.5,-0.5332,-1.4749,-0.131
Norman Parke,Lightweight,9,E,12,,False,0.0,False,False,0.7931034482758621,180.34,177.8,0.1111,15.1538,0.3521,0.6486,0.1218,0.1345,0.6538,0.7778,86.2692,0.0,1.3462,,6.22,3.88,4.47,5.53,1.65,9.44,4.31,6.05,7.86,8.36,8.23,3.07,4.25,5.5,0.1057,-0.9707,0.8332
Nursulton Ruziboev,Middleweight,5,E,13,,False,0.0,False,False,0.8,195.58,193.04,0.6,10.4,0.4664,0.489,0.0577,0.0769,0.2,0.3333,27.6,0.0,2.2,,9.87,8.37,9.88,2.65,6.04,2.67,1.74,3.38,3.52,1.76,3.08,3.07,6.57,5.5,-0.0999,1.75,-2.3119
Oban Elliott,Welterweight,5,E,13,,False,0.0,False,False,0.8,182.88,182.88,0.2,16.3571,0.4914,0.6076,0.179,0.0611,0.2857,0.5238,72.4286,0.0,3.0,,7.04,5.47,6.75,6.29,7.25,8.34,6.55,2.58,4.65,3.54,7.3,3.07,7.98,5.5,-0.2616,-0.5288,-0.9049
Ode Osbourne,Flyweight,13,E,11,,False,0.0,False,False,0.5909090909090909,170.18,185.42,0.2308,12.28,0.4039,0.4926,0.1466,0.0391,0.24,0.6591,17.36,0.0,1.6,,2.97,6.25,7.43,3.71,3.11,2.8,5.42,1.67,4.12,5.98,2.14,3.07,4.98,5.5,-0.542,-0.0422,-1.0908
Olivier Aubin-Mercier,Lightweight,12,D,33,15.0,False,0.0,False,False,0.6875,175.26,177.8,0.0833,11.3438,0.5149,0.5585,0.1019,0.157,0.7188,0.7059,81.5938,0.3333,1.375,,4.48,3.88,3.93,3.14,8.19,5.96,3.4,6.84,8.15,7.02,7.93,9.43,4.35,5.5,0.3281,0.7842,-0.4454
Oluwale Bamgbose,Middleweight,5,E,9,,False,0.0,False,False,0.6,180.34,198.12,0.2,8.6667,0.4815,0.5544,0.2436,0.1923,0.2222,0.375,15.7778,0.0,1.4444,,6.22,9.15,6.75,1.91,6.78,5.73,8.53,7.85,3.84,2.04,1.98,3.07,4.53,5.5,-0.5051,-0.634,-1.9345
Omar Morales,Lightweight,7,E,11,,False,0.0,False,False,0.7333333333333333,180.34,185.42,0.0,15.2632,0.3786,0.5892,0.1586,0.0724,0.1579,0.625,28.2632,0.0,0.7368,,6.22,6.25,2.21,5.62,2.25,7.6,5.81,3.18,2.99,5.23,3.14,3.07,2.45,5.5,-0.5118,-1.5874,-1.0402
Omari Akhmedov,Middleweight,15,D,37,11.0,False,0.0,False,False,0.7777777777777778,182.88,185.42,0.1333,14.0789,0.3438,0.5579,0.1178,0.1215,0.8158,0.6591,61.2632,0.0667,2.1316,,7.04,6.25,4.94,4.84,1.52,5.92,4.13,5.53,8.61,5.98,6.53,5.53,6.43,5.5,0.0046,-0.6544,0.875
Oskar Piechota,Middleweight,6,E,11,,False,0.0,False,False,0.7857142857142857,182.88,193.04,0.1667,14.8182,0.5224,0.5174,0.1043,0.2147,0.1818,0.3846,44.5455,0.0,2.3636,,7.04,8.37,5.94,5.34,8.4,3.91,3.48,8.26,3.25,2.12,4.97,3.07,6.92,5.5,-0.2292,-0.8451,0.422
Ottman Azaitar,Lightweight,5,E,13,,False,0.0,False,False,0.8125,172.72,180.34,0.4,13.8333,0.4462,0.5247,0.0602,0.2048,0.0,1.0,2.8333,0.0,1.3333,,3.71,4.7,9.27,4.67,5.07,4.27,1.83,8.13,1.29,9.9,1.07,3.07,4.2,5.5,-0.7574,0.7314,-1.8695
Oumar Sy,Light Heavyweight,5,E,19,,False,0.0,False,False,0.9230769230769231,193.04,210.82,0.2,16.2222,0.4834,0.668,0.2945,0.0822,0.7778,0.6667,96.7778,0.2,1.4444,,9.68,9.76,6.75,6.16,6.87,9.72,9.32,3.59,8.4,6.2,8.77,8.21,4.53,5.5,0.0314,0.4807,1.1101
Ovince Saint Preux,Light Heavyweight,28,C,47,5.0,False,0.0,False,False,0.6,190.5,203.2,0.2143,12.7903,0.4586,0.4722,0.1223,0.0946,0.2419,0.6842,28.6774,0.1786,1.0484,,9.22,9.58,7.13,4.04,5.71,2.31,4.33,4.18,4.12,6.57,3.19,7.84,3.32,5.5,-0.4638,0.4524,-0.4846
Pablo Garza,Featherweight,6,E,10,,False,0.0,False,False,0.75,185.42,185.42,0.1667,14.2727,0.4373,0.5,0.1847,0.1146,0.2727,0.0909,49.0909,0.1667,5.7273,,7.92,6.25,5.94,5.0,4.69,3.0,6.79,5.16,4.51,1.1,5.49,7.58,9.7,5.5,1.1969,0.5493,-0.4749
Paddy Holohan,Flyweight,5,E,13,,False,0.0,False,False,0.8571428571428571,177.8,175.26,0.0,10.1667,0.4639,0.4633,0.1967,0.0246,0.9167,0.7143,152.3333,0.2,3.4167,,5.37,3.2,2.21,2.53,5.96,2.08,7.15,1.3,9.05,7.18,9.91,8.21,8.5,5.5,1.6216,-0.3119,-0.2161
Paddy Pimblett,Lightweight,8,C,48,5.0,False,0.0,False,False,0.8846153846153846,177.8,185.42,0.25,25.2632,0.5257,0.4266,0.2021,0.0771,0.2105,0.4444,56.0,0.375,4.2105,,5.37,6.25,7.69,9.54,8.5,1.46,7.33,3.4,3.65,2.63,6.07,9.62,9.16,5.5,-0.3095,2.0123,1.0703
Paige VanZant,Women's Strawweight,9,D+,44,6.0,False,0.0,False,False,0.6153846153846154,162.56,165.1,0.2222,13.6957,0.5207,0.4256,0.1238,0.3302,0.3478,0.3438,87.7391,0.2222,4.4348,,1.42,1.58,7.28,4.57,8.34,1.45,4.43,9.62,5.31,1.83,8.36,8.6,9.24,5.5,1.6662,1.991,-1.2398
Pannie Kianzad,Women's Bantamweight,11,D+,44,6.0,False,0.0,False,False,0.6538461538461539,170.18,167.64,0.0,23.7667,0.4924,0.5142,0.1038,0.1725,0.1333,0.6562,38.5667,0.0,0.4667,,2.97,1.88,2.21,9.21,7.29,3.75,3.46,7.36,2.62,5.9,4.31,3.07,1.8,5.5,-0.9772,-1.4299,-0.2878
Parker Porter,Heavyweight,8,E,10,,False,0.0,False,False,0.6086956521739131,182.88,190.5,0.125,26.3571,0.5083,0.4939,0.1653,0.1057,0.3571,0.6667,60.2857,0.0,1.0714,,7.04,7.74,4.77,9.64,7.94,2.86,6.04,4.73,5.44,6.2,6.45,3.07,3.43,5.5,-0.9323,-1.1566,2.3835
Pat Barry,Heavyweight,12,E,11,,False,0.0,False,False,0.5333333333333333,180.34,187.96,0.3333,9.8947,0.5208,0.5957,0.4255,0.0372,0.0,0.7619,20.4737,0.0,0.7895,,6.22,7.01,8.71,2.42,8.34,7.88,9.92,1.6,1.29,8.1,2.5,3.07,2.55,5.5,-1.2831,-0.0125,-1.2509
Pat Healy,Lightweight,6,D+,41,9.0,False,0.0,False,False,0.5964912280701754,182.88,182.88,0.0,15.9375,0.346,0.4683,0.098,0.2275,0.5625,0.44,68.625,0.0,1.625,,7.04,5.47,2.21,6.01,1.57,2.16,3.26,8.58,7.2,2.57,7.07,3.07,5.05,5.5,0.2066,-1.6161,1.2982
Pat Miletich,Lightweight,10,A,82,,True,4.0,False,False,0.8055555555555556,177.8,,0.2,7.0,0.4482,0.6439,0.2381,0.3129,0.4762,0.5417,78.8333,0.3,1.1905,,5.37,9.9,6.75,1.39,5.19,9.35,8.34,9.49,6.51,3.82,7.7,9.24,3.84,5.5,0.9438,1.2407,-1.9022
Pat Sabatini,Featherweight,11,E,15,,False,0.0,False,False,0.8,172.72,177.8,0.0,7.4167,0.546,0.5414,0.1124,0.118,1.25,0.5,187.125,0.2727,3.6667,,3.71,3.88,2.21,1.49,9.08,5.04,3.88,5.34,9.66,3.27,9.99,8.95,8.74,5.5,2.6135,0.1189,-0.0045
Patrick Cote,Middleweight,21,E,13,,False,0.0,False,False,0.6764705882352942,180.34,190.5,0.1905,12.4906,0.4804,0.4839,0.2417,0.2039,0.1887,0.4444,46.3396,0.0,2.3019,,6.22,7.74,6.43,3.87,6.71,2.56,8.47,8.11,3.41,2.63,5.14,3.07,6.78,5.5,0.0131,-0.7119,-0.9573
Patrick Cummins,Light Heavyweight,13,D+,41,9.0,False,0.0,False,False,0.5882352941176471,187.96,193.04,0.1538,18.4444,0.5076,0.5587,0.0763,0.1707,1.2963,0.2857,104.6667,0.0,7.0,,8.62,8.37,5.57,7.4,7.91,5.98,2.38,7.32,9.72,1.46,9.07,3.07,9.88,5.5,1.2935,-1.2289,1.5361
Paul Buentello,Heavyweight,6,E,10,,False,0.0,False,False,0.6730769230769231,187.96,195.58,0.3333,12.0,0.4632,0.5091,0.0833,0.4318,0.0909,0.2308,24.8182,0.1667,1.3636,,8.62,8.81,8.71,3.54,5.94,3.44,2.67,9.91,2.14,1.25,2.84,7.58,4.32,5.5,-0.2362,0.8497,-0.6342
Paul Craig,Light Heavyweight,21,D+,42,8.0,False,0.0,False,False,0.6296296296296297,190.5,193.04,0.1429,10.7949,0.4537,0.4341,0.1829,0.1354,0.4103,0.3529,35.1026,0.2857,2.0769,,9.22,8.37,5.23,2.85,5.5,1.55,6.71,6.1,5.9,1.9,3.88,9.09,6.24,5.5,0.6178,0.6499,1.4009
Paul Felder,Lightweight,15,D+,44,6.0,False,0.0,False,False,0.7391304347826086,180.34,177.8,0.2667,17.7442,0.4462,0.4877,0.2163,0.1442,0.093,0.6486,35.6279,0.0667,2.2326,,6.22,3.88,7.89,7.07,5.07,2.63,7.82,6.4,2.17,5.75,3.94,5.53,6.62,5.5,-0.4191,0.3331,-0.8855
Paul Kelly,Lightweight,9,E,11,,False,0.0,False,False,0.7368421052631579,175.26,177.8,0.1111,14.7727,0.3797,0.5954,0.08,0.1415,0.4091,0.3077,109.0,0.1111,7.5909,,4.48,3.88,4.47,5.29,2.3,7.86,2.54,6.3,5.9,1.59,9.22,6.35,9.95,5.5,2.6393,-0.4306,-0.3
Paul Sass,Lightweight,5,E,13,,False,0.0,False,False,0.875,182.88,185.42,0.0,2.1429,0.2632,0.5179,0.0667,0.0,0.1429,0.3333,26.0,0.6,0.8571,,7.04,6.25,2.21,1.01,1.05,3.95,2.03,1.01,2.75,1.76,2.94,9.98,2.74,5.5,2.0326,1.7744,3.3759
Paul Taylor,Welterweight,9,E,11,,False,0.0,False,False,0.6470588235294118,182.88,182.88,0.2222,20.625,0.4792,0.5529,0.2747,0.2061,0.0833,0.5625,36.7083,0.0,1.5417,,7.04,5.47,7.28,8.33,6.65,5.67,9.09,8.14,2.06,4.15,4.09,3.07,4.83,5.5,-0.8159,-0.3708,0.1165
Paulo Costa,Middleweight,12,C+,56,2.0,False,0.0,False,False,0.7894736842105263,185.42,182.88,0.4167,27.4706,0.5926,0.4941,0.1424,0.0525,0.0882,0.7778,14.8235,0.0,1.7353,,7.92,5.47,9.4,9.74,9.72,2.87,5.25,2.15,2.12,8.36,1.84,3.07,5.34,5.5,-1.768,0.7166,-0.0019
Paulo Thiago,Welterweight,13,E,12,,False,0.0,False,False,0.6666666666666666,180.34,187.96,0.0769,7.9375,0.3914,0.6354,0.1299,0.2874,0.4375,0.6383,42.4375,0.0769,0.9375,,6.22,7.01,3.81,1.58,2.58,9.15,4.72,9.32,6.15,5.52,4.77,5.74,3.03,5.5,0.3612,-0.8358,0.0037
Payton Talbott,Bantamweight,6,D,38,11.0,False,0.0,False,False,0.9090909090909091,177.8,177.8,0.3333,24.1333,0.5896,0.451,0.0801,0.1188,0.2667,0.72,54.7333,0.1667,5.6667,,5.37,3.88,8.71,9.26,9.69,1.83,2.55,5.37,4.42,7.29,5.93,7.58,9.67,5.5,-0.0038,1.8858,-0.9208
Pedro Munhoz,Bantamweight,22,C,51,4.0,False,0.0,False,False,0.6666666666666666,167.64,165.1,0.1364,25.1481,0.4193,0.5597,0.3027,0.042,0.1481,0.8246,14.8148,0.1364,0.9074,,2.25,1.58,5.0,9.5,3.88,6.03,9.37,1.85,2.84,8.98,1.83,6.83,2.93,5.5,-1.3712,0.293,1.645
Pedro Rizzo,Heavyweight,14,E,12,,False,0.0,False,False,0.6451612903225806,185.42,,0.5,8.1714,0.369,0.542,0.4371,0.1294,0.0571,0.7746,29.4516,0.0,1.1143,,7.92,9.9,9.67,1.7,2.0,5.11,9.94,5.8,1.74,8.3,3.27,3.07,3.63,5.5,-0.5645,0.8628,-1.4959
Pete Sell,Middleweight,7,E,10,,False,0.0,False,False,0.5882352941176471,180.34,190.5,0.0,10.6875,0.4243,0.5171,0.1053,0.1345,0.25,0.4762,36.6875,0.1429,0.4375,,6.22,7.74,2.21,2.75,4.06,3.89,3.58,6.05,4.25,2.97,4.08,7.04,1.73,5.5,-0.3192,-0.9844,0.0565
Pete Spratt,Welterweight,7,E,9,,False,0.0,False,False,0.5208333333333334,175.26,,0.0,5.5455,0.5755,0.55,0.2623,0.2951,0.0909,0.4,42.0909,0.4286,1.7273,,4.48,9.9,2.21,1.18,9.53,5.53,8.91,9.36,2.14,2.23,4.73,9.84,5.31,5.5,1.4142,0.8012,-3.3974
Pete Williams,Heavyweight,8,E,11,,False,0.0,False,False,0.6666666666666666,190.5,,0.125,4.4375,0.3944,0.5636,0.2394,0.1549,0.1875,0.4516,42.2,0.25,1.25,,9.22,9.9,4.77,1.07,2.69,6.26,8.41,6.77,3.35,2.72,4.74,8.82,3.98,5.5,0.4774,0.1431,-0.8367
Peter Sobotta,Welterweight,10,E,11,,False,0.0,False,False,0.7083333333333334,182.88,190.5,0.1,10.04,0.4016,0.5887,0.2271,0.0558,0.48,0.7778,87.48,0.1,1.4,,7.04,7.74,4.23,2.48,3.02,7.55,8.09,2.29,6.54,8.36,8.32,6.13,4.39,5.5,-0.1543,-0.5331,-0.2504
Petr Yan,Bantamweight,16,B,61,1.0,True,0.0,False,True,0.7916666666666666,170.18,170.18,0.25,25.1034,0.549,0.596,0.1181,0.1209,0.5517,0.8639,43.7759,0.0,3.3448,,2.97,2.24,7.69,9.48,9.13,7.9,4.15,5.5,7.1,9.37,4.9,3.07,8.4,5.5,-0.533,0.0947,0.0878
Phil Baroni,Middleweight,10,E,10,,False,0.0,False,False,0.45454545454545453,175.26,182.88,0.2,12.0476,0.4941,0.3744,0.0158,0.3715,0.381,0.6596,70.0,0.0,4.0476,,4.48,5.47,6.75,3.57,7.35,1.13,1.12,9.8,5.68,6.0,7.15,3.07,9.0,5.5,0.7761,-0.6853,-1.1605
Phil Davis,Light Heavyweight,13,C+,55,3.0,False,0.0,False,False,0.8095238095238095,187.96,200.66,0.0,13.8571,0.345,0.7235,0.132,0.1278,0.8857,0.7222,97.4286,0.2308,5.2,,8.62,9.39,2.21,4.7,1.54,9.99,4.79,5.74,8.91,7.35,8.82,8.7,9.53,5.5,1.2472,-0.7085,1.8155
Phil Harris,Flyweight,5,E,9,,False,0.0,False,False,0.6470588235294118,162.56,165.1,0.0,10.0,0.2667,0.6801,0.27,0.13,0.5,0.6,28.5,0.0,0.2,,1.42,1.58,2.21,2.46,1.07,9.84,9.03,5.86,6.7,4.83,3.15,3.07,1.34,5.5,-0.3935,-1.4221,0.255
Phil Hawes,Middleweight,8,E,11,,False,0.0,False,False,0.6666666666666666,182.88,195.58,0.25,23.9231,0.6074,0.5588,0.09,0.135,0.6154,0.9091,84.1538,0.0,2.5385,,7.04,8.81,7.69,9.24,9.83,5.99,2.88,6.07,7.58,9.66,8.08,3.07,7.28,5.5,-0.7742,-0.3233,0.7031
Phil Rowe,Welterweight,9,E,11,,False,0.0,False,False,0.6875,190.5,203.2,0.4444,14.8,0.4701,0.5088,0.1351,0.1162,0.16,0.5366,34.68,0.0,0.12,,9.22,9.58,9.53,5.32,6.22,3.41,4.86,5.23,3.0,3.73,3.82,3.07,1.19,5.5,-0.7469,0.9847,-0.9893
Philip De Fries,Heavyweight,5,E,9,,False,0.0,False,False,0.6666666666666666,195.58,200.66,0.0,7.875,0.4737,0.3788,0.0159,0.3333,0.75,1.0,134.875,0.2,1.875,,9.87,9.39,2.21,1.56,6.35,1.14,1.13,9.64,8.27,9.9,9.7,8.21,5.79,5.5,0.7809,-0.8182,-0.224
Philipe Lins,Light Heavyweight,6,E,11,,False,0.0,False,False,0.782608695652174,187.96,198.12,0.1667,17.2143,0.4908,0.4648,0.1867,0.1245,0.5,1.0,83.9286,0.0,0.6429,,8.62,9.15,5.94,6.73,7.23,2.1,6.86,5.62,6.7,9.9,8.07,3.07,2.22,5.5,-0.555,-1.0685,0.3684
Phillipe Nover,Featherweight,7,E,10,,False,0.0,False,False,0.5789473684210527,175.26,182.88,0.0,8.5789,0.3559,0.5637,0.1227,0.2699,0.3158,0.4474,29.4211,0.0,0.2632,,4.48,5.47,2.21,1.86,1.69,6.27,4.35,9.16,5.01,2.67,3.27,3.07,1.46,5.5,0.3431,-1.4722,-0.8087
Piera Rodriguez,Women's Strawweight,7,E,14,,False,0.0,False,False,0.8461538461538461,160.02,160.02,0.0,20.6316,0.4857,0.5161,0.1046,0.2934,1.3684,0.8182,93.2105,0.0,1.5789,,1.21,1.2,2.21,8.34,6.99,3.87,3.51,9.33,9.79,8.86,8.62,3.07,4.91,5.5,0.2102,-1.1356,0.5661
Piotr Hallmann,Lightweight,6,E,10,,False,0.0,False,False,0.75,175.26,180.34,0.0,17.5625,0.4599,0.5875,0.1601,0.2491,0.75,0.7097,68.5625,0.3333,2.4375,,4.48,4.7,2.21,6.99,5.79,7.51,5.86,8.93,8.27,7.07,7.06,9.43,7.1,5.5,0.4119,0.2998,0.087
Poliana Botelho,Women's Flyweight,7,D,34,14.0,False,0.0,False,False,0.6153846153846154,172.72,170.18,0.1429,13.6,0.5862,0.5419,0.1814,0.3431,0.2667,0.7692,55.1333,0.0,1.4667,,3.71,2.24,5.23,4.5,9.65,5.1,6.64,9.69,4.42,8.22,5.98,3.07,4.59,5.5,0.3002,-0.4575,-2.7626
Polyana Viana,Women's Strawweight,12,D,33,15.0,False,0.0,False,False,0.6190476190476191,165.1,170.18,0.0833,11.4545,0.4084,0.5288,0.2143,0.0913,0.1818,0.3333,18.1364,0.25,1.1818,,1.73,2.24,3.93,3.22,3.32,4.46,7.76,4.06,3.25,1.76,2.23,8.82,3.82,5.5,-0.078,1.2645,-0.3062
Preston Parsons,Welterweight,6,E,10,,False,0.0,False,False,0.6470588235294118,180.34,180.34,0.0,16.4286,0.518,0.5491,0.2304,0.1348,1.0714,0.7143,93.0714,0.0,3.3571,,6.22,4.7,2.21,6.35,8.29,5.48,8.17,6.06,9.4,7.18,8.61,3.07,8.43,5.5,1.3173,-1.8144,3.1347
Priscila Cachoeira,Women's Flyweight,13,E,12,,False,0.0,False,False,0.65,170.18,165.1,0.3077,19.2963,0.4427,0.4582,0.0902,0.0806,0.0741,0.6957,5.6667,0.0,0.8519,,2.97,1.58,8.44,7.79,4.88,1.97,2.9,3.54,1.98,6.84,1.2,3.07,2.71,5.5,-1.2636,0.8433,-1.3957
Punahele Soriano,Middleweight,11,E,12,,False,0.0,False,False,0.7333333333333333,180.34,182.88,0.3636,20.4167,0.56,0.4749,0.0224,0.0857,0.5417,0.4878,81.5417,0.0,9.5,,6.22,5.47,8.98,8.23,9.32,2.39,1.21,3.76,7.02,3.09,7.91,3.07,9.97,5.5,0.624,0.3027,-0.5075
Quillan Salkilld,Lightweight,5,D,37,12.0,False,0.0,False,False,0.9,182.88,190.5,0.6,16.5714,0.5979,0.4762,0.1207,0.1638,1.4286,0.75,73.5714,0.2,2.4286,,7.04,7.74,9.88,6.4,9.77,2.42,4.27,7.08,9.82,7.9,7.37,8.21,7.08,5.5,-0.5786,3.0333,2.0848
Quinton Jackson,Light Heavyweight,13,B+,70,9.0,True,1.0,False,False,0.7551020408163265,185.42,185.42,0.2308,13.1795,0.4334,0.5722,0.1051,0.3191,0.1538,0.7121,35.3846,0.0,1.2051,,7.92,6.25,7.43,4.28,4.5,6.72,3.57,9.54,2.92,7.13,3.92,3.07,3.87,5.5,-0.5472,-0.6368,-0.9455
Rafa Garcia,Lightweight,11,E,15,,False,0.0,False,False,0.8095238095238095,170.18,177.8,0.0909,20.5484,0.4427,0.6143,0.0848,0.0958,1.0323,0.7714,62.9355,0.0909,1.0968,,2.97,3.88,4.07,8.29,4.88,8.53,2.71,4.21,9.35,8.26,6.59,5.95,3.56,5.5,-0.3003,-0.5463,1.4278
Rafael Cavalcante,Light Heavyweight,5,D+,41,9.0,False,0.0,False,False,0.631578947368421,185.42,187.96,0.2,7.5455,0.4462,0.4749,0.0964,0.1928,0.0,0.5152,3.2727,0.0,1.0,,7.92,7.01,6.75,1.52,5.07,2.39,3.15,7.86,1.29,3.48,1.09,3.07,3.22,5.5,-0.2665,-0.8554,-2.4424
Rafael Dos Anjos,Lightweight,36,C+,58,1.0,False,0.0,False,False,0.6530612244897959,172.72,177.8,0.1111,16.2679,0.4707,0.6024,0.1784,0.1762,0.6071,0.5482,73.2589,0.1389,2.4732,,3.71,3.88,4.47,6.22,6.26,8.14,6.54,7.44,7.49,3.91,7.35,6.85,7.16,5.5,0.2535,-0.1749,0.1618
Rafael Fiziev,Lightweight,12,D+,44,6.0,False,0.0,False,False,0.7647058823529411,172.72,180.34,0.25,21.2812,0.5259,0.4993,0.1689,0.1043,0.25,0.9038,18.9688,0.0,0.4375,,3.71,4.7,7.69,8.59,8.51,2.97,6.23,4.65,4.25,9.64,2.35,3.07,1.73,5.5,-1.1264,-0.1197,-0.7546
Rafael Natal,Middleweight,17,D,36,12.0,False,0.0,False,False,0.7,182.88,195.58,0.0588,14.9091,0.4788,0.5761,0.2805,0.1204,0.8182,0.7714,73.1591,0.0588,3.2955,,7.04,8.81,3.53,5.39,6.64,6.99,9.16,5.45,8.63,8.26,7.33,5.38,8.34,5.5,0.2447,-1.1582,1.0106
Rafaello Oliveira,Lightweight,8,E,11,,False,0.0,False,False,0.68,172.72,180.34,0.0,9.7368,0.3339,0.5934,0.2,0.0865,0.7368,0.1111,96.7895,0.0,2.0526,,3.71,4.7,2.21,2.35,1.38,7.81,7.27,3.81,8.22,1.12,8.78,3.07,6.2,5.5,1.1388,-1.6534,0.928
Ramazan Emeev,Welterweight,8,E,11,,False,0.0,False,False,0.7692307692307693,177.8,193.04,0.0,12.3636,0.4518,0.6547,0.0662,0.25,0.7727,0.6667,79.5455,0.0,1.2273,,5.37,8.37,2.21,3.75,5.38,9.6,2.02,8.95,8.38,6.2,7.74,3.07,3.91,5.5,0.3172,-1.7744,1.0854
Ramiz Brahimaj,Welterweight,9,E,11,,False,0.0,False,False,0.7058823529411765,177.8,182.88,0.1111,9.5556,0.4873,0.471,0.0581,0.1628,0.5556,0.4483,47.8889,0.4444,0.3889,,5.37,5.47,4.47,2.29,7.09,2.29,1.75,7.04,7.13,2.68,5.35,9.87,1.66,5.5,-0.0641,1.6365,0.3676
Ramsey Nijem,Lightweight,10,E,11,,False,0.0,False,False,0.6,180.34,190.5,0.2,12.9,0.4441,0.6287,0.0891,0.1473,1.5,0.5556,123.05,0.0,4.05,,6.22,7.74,6.75,4.09,4.95,8.99,2.85,6.51,9.84,4.04,9.48,3.07,9.0,5.5,1.3268,-0.5064,0.4896
Randa Markos,Women's Strawweight,18,D+,44,6.0,False,0.0,False,False,0.4782608695652174,162.56,160.02,0.0,14.6522,0.4365,0.5871,0.1261,0.2122,0.3696,0.5263,76.7609,0.0556,2.6304,,1.42,1.2,2.21,5.25,4.64,7.48,4.53,8.22,5.6,3.59,7.57,5.35,7.42,5.5,0.8728,-0.764,-0.9613
Randy Brown,Welterweight,22,E,14,,False,0.0,False,False,0.7692307692307693,190.5,198.12,0.1818,19.1698,0.4708,0.5354,0.1742,0.1516,0.2075,0.746,41.6226,0.1364,1.4717,,9.22,9.15,6.31,7.73,6.27,4.74,6.4,6.64,3.6,7.77,4.66,6.83,4.61,5.5,-0.6657,0.2097,0.0481
Randy Costa,Bantamweight,6,E,9,,False,0.0,False,False,0.6,175.26,185.42,0.3333,19.3333,0.4628,0.58,0.023,0.0805,0.0,0.5,21.7778,0.0,0.5556,,4.48,6.25,8.71,7.81,5.93,7.2,1.23,3.53,1.29,3.27,2.6,3.07,2.0,5.5,-1.7938,0.7492,-0.7103
Randy Couture,Light Heavyweight,24,A+,87,,True,2.0,True,False,0.6333333333333333,185.42,190.5,0.2917,12.3492,0.5916,0.5909,0.1195,0.3021,0.8254,0.5938,133.3684,0.1667,5.3175,,7.92,7.74,8.29,3.73,9.72,7.69,4.23,9.4,8.67,4.71,9.69,7.58,9.57,5.5,1.859,0.8008,-0.7578
Rani Yahya,Bantamweight,21,D,35,13.0,False,0.0,False,False,0.7,167.64,170.18,0.0,8.6275,0.3922,0.5036,0.2705,0.0523,0.8039,0.3103,103.9804,0.3333,1.5882,,2.25,2.24,2.21,1.89,2.63,3.14,9.05,2.13,8.53,1.61,9.04,9.43,4.95,5.5,1.36,0.6231,0.4352
Raoni Barcelos,Bantamweight,15,D,35,14.0,False,0.0,False,False,0.8,170.18,170.18,0.1333,22.3902,0.5172,0.6057,0.1329,0.0697,0.8049,0.878,71.3171,0.1333,4.2195,,2.97,2.24,4.94,8.91,8.26,8.26,4.8,3.02,8.53,9.46,7.25,6.76,9.17,5.5,0.1546,0.188,1.4652
Raphael Assuncao,Bantamweight,19,C+,56,2.0,False,0.0,False,False,0.7368421052631579,165.1,167.64,0.1053,16.0408,0.4369,0.6596,0.3079,0.1018,0.4898,0.7895,36.102,0.0526,1.3673,,1.73,1.88,4.32,6.08,4.66,9.67,9.41,4.53,6.61,8.5,4.01,5.3,4.33,5.5,-0.2172,-0.5856,-0.4583
Raquel Pennington,Women's Bantamweight,19,B,61,1.0,True,0.0,False,False,0.6153846153846154,170.18,170.18,0.0,20.2203,0.4918,0.6108,0.1106,0.3001,0.2712,0.625,67.4746,0.1579,1.7119,,2.97,2.24,2.21,8.17,7.27,8.43,3.79,9.4,4.47,5.23,6.97,7.36,5.28,5.5,-0.0104,-0.3709,0.7306
Rashad Evans,Light Heavyweight,23,B,61,2.0,True,0.0,False,False,0.7037037037037037,182.88,190.5,0.2609,9.9032,0.3755,0.6416,0.07,0.1889,0.8548,0.7358,77.9839,0.0,2.2419,,7.04,7.74,7.82,2.42,2.15,9.32,2.1,7.76,8.79,7.63,7.64,3.07,6.64,5.5,0.6286,-0.4809,-0.2792
Rashid Magomedov,Lightweight,6,D,36,13.0,False,0.0,False,False,0.9090909090909091,175.26,177.8,0.1667,22.0,0.4907,0.5464,0.1667,0.1212,0.2222,0.8929,25.5,0.0,1.2222,,4.48,3.88,5.94,8.81,7.23,5.32,6.14,5.51,3.84,9.55,2.89,3.07,3.91,5.5,-1.5096,-0.5854,-0.1006
Raul Rosas Jr.,Bantamweight,7,D,36,13.0,False,0.0,False,False,0.9166666666666666,175.26,170.18,0.1429,5.9375,0.4113,0.5476,0.2211,0.0105,2.0,0.3333,151.4375,0.2857,1.875,,4.48,2.24,5.23,1.23,3.43,5.39,7.95,1.07,9.99,1.76,9.89,9.09,5.79,5.5,2.1438,1.2821,-0.3431
Raulian Paiva,Flyweight,7,D+,41,10.0,False,0.0,False,False,0.8076923076923077,172.72,175.26,0.1429,18.8125,0.4003,0.5207,0.1495,0.0598,0.1875,0.7447,29.625,0.0,0.5625,,3.71,3.2,5.23,7.6,2.96,4.05,5.55,2.49,3.35,7.76,3.29,3.07,2.03,5.5,-1.1282,-0.5422,0.3039
Ray Borg,Flyweight,12,C+,54,3.0,False,0.0,False,False,0.7222222222222222,162.56,160.02,0.0,7.3056,0.5218,0.483,0.0304,0.2319,1.25,0.4667,131.1111,0.1667,3.1111,,1.42,1.2,2.21,1.45,8.37,2.53,1.33,8.67,9.66,2.83,9.64,7.58,8.11,5.5,2.6214,-0.5503,-0.9716
Reinier de Ridder,Middleweight,6,C,52,4.0,False,0.0,False,False,0.9130434782608695,193.04,198.12,0.1667,11.2778,0.4856,0.4685,0.0837,0.1527,0.7778,0.4,93.3333,0.3333,1.0,,9.68,9.15,5.94,3.11,6.97,2.18,2.69,6.69,8.4,2.23,8.63,9.43,3.22,5.5,-0.0324,1.1472,0.6305
Renan Barao,Bantamweight,17,C+,58,1.0,False,0.0,False,False,0.7906976744186046,167.64,177.8,0.1176,18.0784,0.3676,0.5801,0.1876,0.1161,0.4706,0.925,43.5098,0.1765,0.8431,,2.25,3.88,4.63,7.2,1.96,7.22,6.88,5.22,6.45,9.74,4.89,7.81,2.69,5.5,-0.5204,0.414,0.5666
Renato Moicano,Lightweight,20,C,51,4.0,False,0.0,False,False,0.7407407407407407,180.34,182.88,0.1,17.9302,0.492,0.5969,0.1725,0.0324,0.4884,0.6429,57.4651,0.35,2.5581,,6.22,5.47,4.23,7.15,7.28,7.94,6.34,1.49,6.59,5.63,6.26,9.55,7.32,5.5,-0.167,0.9964,-0.155
Renato Sobral,Light Heavyweight,10,E,12,,False,0.0,False,False,0.7708333333333334,185.42,190.5,0.0,8.1,0.5226,0.5073,0.1667,0.1235,0.8,0.5,124.3,0.4,5.25,,7.92,7.74,2.21,1.65,8.41,3.34,6.14,5.59,8.49,3.27,9.51,9.73,9.54,5.5,2.8941,0.3663,1.2777
Reza Madadi,Lightweight,7,E,10,,False,0.0,False,False,0.7,180.34,185.42,0.1429,11.3,0.465,0.6696,0.031,0.2124,0.95,0.8947,68.0,0.2857,1.75,,6.22,6.25,5.23,3.11,5.99,9.74,1.34,8.23,9.18,9.56,7.01,9.09,5.39,5.5,0.7047,0.8379,0.1149
Rhys McKee,Welterweight,6,E,10,,False,0.0,False,False,0.6666666666666666,187.96,198.12,0.1667,21.9286,0.4082,0.4734,0.0814,0.0847,0.0,0.4762,34.8571,0.0,0.3571,,8.62,9.15,5.94,8.79,3.31,2.34,2.58,3.69,1.29,2.97,3.84,3.07,1.61,5.5,-1.7469,-0.6732,0.8677
Ricardo Almeida,Middleweight,11,E,12,,False,0.0,False,False,0.7222222222222222,182.88,187.96,0.0,10.2,0.5335,0.5893,0.1373,0.1451,1.28,0.3846,128.0,0.2727,4.08,,7.04,7.01,2.21,2.57,8.77,7.6,4.98,6.42,9.7,2.12,9.6,8.95,9.06,5.5,1.8476,-0.2917,1.5656
Ricardo Lamas,Featherweight,17,C+,56,2.0,False,0.0,False,False,0.7142857142857143,172.72,180.34,0.2353,15.7895,0.4955,0.5673,0.3,0.1833,0.5526,0.4194,63.2895,0.1765,2.5789,,3.71,4.7,7.49,5.91,7.38,6.44,9.35,7.65,7.11,2.37,6.61,7.81,7.35,5.5,0.6398,1.0553,0.183
Ricardo Ramos,Featherweight,15,E,13,,False,0.0,False,False,0.7083333333333334,175.26,182.88,0.1333,12.9032,0.3643,0.548,0.17,0.0825,0.7419,0.6786,37.871,0.0667,0.8065,,4.48,5.47,4.94,4.1,1.86,5.43,6.26,3.61,8.24,6.47,4.25,5.53,2.58,5.5,-0.2148,-0.2165,0.5175
Ricco Rodriguez,Heavyweight,7,B,61,,True,0.0,False,False,0.6794871794871795,193.04,,0.7143,9.3684,0.5669,0.5792,0.0618,0.1461,0.8947,0.3846,125.0,0.0,5.7368,,9.68,9.9,9.97,2.2,9.4,7.16,1.87,6.44,8.97,2.12,9.53,3.07,9.72,5.5,2.0257,1.9216,0.3037
Rich Attonito,Middleweight,5,E,9,,False,0.0,False,False,0.6666666666666666,177.8,182.88,0.2,10.6154,0.4792,0.5918,0.1594,0.087,0.2308,0.75,71.4615,0.0,5.0,,5.37,5.47,6.75,2.72,6.65,7.73,5.82,3.84,4.0,7.9,7.27,3.07,9.42,5.5,0.8589,-0.6886,-2.1624
Rich Clementi,Lightweight,10,E,11,,False,0.0,False,False,0.6617647058823529,175.26,182.88,0.0,7.4348,0.3725,0.6274,0.2865,0.1813,0.6087,0.2609,65.1304,0.3,1.0,,4.48,5.47,2.21,1.5,2.05,8.93,9.22,7.58,7.5,1.36,6.79,9.24,3.22,5.5,0.9081,0.0876,-0.6397
Rich Franklin,Light Heavyweight,20,B+,72,,True,2.0,False,False,0.8055555555555556,185.42,193.04,0.45,18.6087,0.4345,0.634,0.1157,0.1764,0.3043,0.6415,49.087,0.05,2.3696,,7.92,8.37,9.55,7.48,4.54,9.11,4.07,7.44,4.82,5.61,5.48,5.26,6.96,5.5,-0.6022,1.1801,0.0303
Richard Walsh,Welterweight,6,E,10,,False,0.0,False,False,0.6428571428571429,182.88,185.42,0.0,18.5625,0.4677,0.589,0.1987,0.2458,0.5,0.6667,86.8125,0.0,4.0625,,7.04,6.25,2.21,7.45,6.1,7.58,7.24,8.9,6.7,6.2,8.26,3.07,9.02,5.5,-0.0229,-1.7608,0.1733
Rick Story,Welterweight,19,D+,41,9.0,False,0.0,False,False,0.6785714285714286,175.26,180.34,0.1053,17.6667,0.4175,0.6252,0.1376,0.2231,0.7843,0.6316,88.1176,0.1053,2.9804,,4.48,4.7,4.32,7.03,3.79,8.88,4.99,8.45,8.43,5.38,8.38,6.23,7.94,5.5,0.3538,-0.4891,1.2268
Ricky Glenn,Featherweight,11,E,12,,False,0.0,False,False,0.7096774193548387,182.88,177.8,0.0909,17.5185,0.4281,0.5118,0.1311,0.1607,0.2222,0.6939,52.5185,0.0,4.5926,,7.04,3.88,4.07,6.94,4.21,3.62,4.76,6.97,3.84,6.77,5.77,3.07,9.32,5.5,0.3209,-0.9107,0.2365
Ricky Simon,Bantamweight,17,D+,41,9.0,False,0.0,False,False,0.7857142857142857,167.64,175.26,0.1176,14.1522,0.4186,0.6037,0.1367,0.0845,1.1957,0.7843,81.5652,0.1765,1.6087,,2.25,3.2,4.63,4.89,3.85,8.17,4.95,3.68,9.61,8.45,7.92,7.81,4.99,5.5,0.2691,0.3824,0.7497
Ricky Turcios,Bantamweight,6,E,10,,False,0.0,False,False,0.7222222222222222,175.26,180.34,0.0,18.875,0.4081,0.4734,0.149,0.1589,0.3125,0.4412,50.6875,0.0,2.875,,4.48,4.7,2.21,7.63,3.3,2.34,5.53,6.92,4.96,2.58,5.57,3.07,7.82,5.5,0.4826,-1.7582,0.5156
Riki Fukuda,Middleweight,5,E,10,,False,0.0,False,False,0.7272727272727273,182.88,185.42,0.0,23.3333,0.4624,0.6415,0.2857,0.18,0.8667,0.75,73.6,0.0,1.0,,7.04,6.25,2.21,9.14,5.91,9.31,9.2,7.56,8.85,7.9,7.38,3.07,3.22,5.5,-0.6038,-1.8302,1.6743
Rinat Fakhretdinov,Welterweight,7,D,34,15.0,False,0.0,False,False,0.96,182.88,187.96,0.1429,22.7059,0.5288,0.5444,0.1503,0.1736,1.1765,0.9167,146.5294,0.1429,3.8235,,7.04,7.01,5.23,8.99,8.63,5.22,5.58,7.38,9.59,9.7,9.85,7.04,8.89,5.5,0.0863,-0.0188,2.1087
Rinya Nakamura,Bantamweight,5,E,19,,False,0.0,False,False,0.9090909090909091,170.18,172.72,0.4,11.6364,0.5246,0.6414,0.2109,0.0312,0.6364,1.0,132.2727,0.0,4.1818,,2.97,2.69,9.27,3.31,8.47,9.3,7.65,1.45,7.74,9.9,9.67,3.07,9.13,5.5,1.0399,1.1192,-1.2524
Roan Carneiro,Welterweight,9,D,35,13.0,False,0.0,False,False,0.65625,180.34,193.04,0.1111,6.65,0.4801,0.6533,0.1278,0.188,0.9,0.8333,114.0,0.1111,2.35,,6.22,8.37,4.47,1.32,6.69,9.56,4.61,7.75,9.0,9.07,9.34,6.35,6.87,5.5,1.7645,-0.474,-0.183
Rob Emerson,Lightweight,7,E,10,,False,0.0,False,False,0.6,175.26,177.8,0.1429,10.8824,0.3073,0.6482,0.3243,0.1459,0.5882,0.6579,39.1176,0.0,1.1765,,4.48,3.88,5.23,2.93,1.18,9.43,9.61,6.43,7.38,5.94,4.4,3.07,3.81,5.5,-0.1558,-0.777,-0.306
Rob Font,Bantamweight,21,C+,54,3.0,False,0.0,False,False,0.7333333333333333,172.72,180.34,0.2857,24.5,0.4536,0.5768,0.0676,0.0654,0.2241,0.3708,21.9655,0.0476,1.069,,3.71,4.7,8.17,9.36,5.49,7.02,2.05,2.77,3.9,2.0,2.61,5.23,3.4,5.5,-1.1502,0.7235,0.8134
Rob Kimmons,Middleweight,7,E,11,,False,0.0,False,False,0.7352941176470589,177.8,185.42,0.0,7.2308,0.487,0.3842,0.0638,0.4787,0.5385,0.25,61.6154,0.2857,1.7692,,5.37,6.25,2.21,1.44,7.06,1.16,1.94,9.97,6.98,1.31,6.55,9.09,5.46,5.5,1.6346,-0.2053,0.0484
Robbie Lawler,Welterweight,25,B+,71,1.0,True,2.0,False,False,0.6521739130434783,180.34,187.96,0.32,18.5278,0.4833,0.583,0.0427,0.2159,0.2361,0.6481,26.7917,0.0,1.6528,,6.22,7.01,8.53,7.44,6.85,7.35,1.48,8.29,4.06,5.74,3.03,3.07,5.1,5.5,-0.7286,0.2233,-0.9009
Robert Peralta,Featherweight,8,E,11,,False,0.0,False,False,0.6923076923076923,172.72,180.34,0.25,15.1,0.4461,0.524,0.3642,0.2649,0.2,0.6444,26.7,0.0,1.3,,3.71,4.7,7.69,5.48,5.05,4.23,9.81,9.11,3.52,5.66,3.01,3.07,4.12,5.5,-0.5445,0.105,-1.6698
Robert Whiteford,Featherweight,5,E,10,,False,0.0,False,False,0.7777777777777778,175.26,175.26,0.2,10.75,0.4657,0.6296,0.1473,0.124,0.5833,0.45,56.8333,0.0,0.8333,,4.48,3.2,6.75,2.81,6.0,9.0,5.46,5.6,7.33,2.7,6.17,3.07,2.66,5.5,-0.0667,-0.2224,-1.1076
Robert Whittaker,Middleweight,24,B,61,1.0,True,0.0,False,False,0.75,182.88,185.42,0.25,20.5,0.4321,0.5957,0.1861,0.0676,0.2286,0.8202,22.8429,0.0,1.4429,,7.04,6.25,7.69,8.27,4.38,7.88,6.84,2.9,3.96,8.89,2.69,3.07,4.51,5.5,-1.3707,-0.2994,0.3825
Rodolfo Bellato,Light Heavyweight,5,E,13,,False,0.0,False,False,0.8571428571428571,190.5,190.5,0.4,25.2,0.5902,0.4711,0.1905,0.0794,0.5,0.9231,40.7,0.0,7.2,,9.22,7.74,9.27,9.51,9.71,2.29,6.97,3.5,6.7,9.73,4.53,3.07,9.92,5.5,-0.2057,0.4902,0.5012
Rodolfo Vieira,Middleweight,11,E,12,,False,0.0,False,False,0.7857142857142857,182.88,185.42,0.0,15.1538,0.5427,0.4917,0.2183,0.0533,0.8462,0.6,81.2308,0.4545,0.9231,,7.04,6.25,2.21,5.53,8.98,2.77,7.87,2.18,8.77,4.83,7.89,9.89,3.0,5.5,-0.224,0.8821,2.5222
Rodrigo Damm,Lightweight,7,E,10,,False,0.0,False,False,0.5909090909090909,170.18,180.34,0.0,18.2105,0.3661,0.5775,0.1734,0.0318,0.1579,0.9167,14.5263,0.1429,0.1579,,2.97,4.7,2.21,7.28,1.92,7.06,6.38,1.46,2.99,9.7,1.81,7.04,1.27,5.5,-0.9872,-0.7438,0.6415
Rodrigo Nascimento,Heavyweight,8,D,34,14.0,False,0.0,False,False,0.7857142857142857,187.96,203.2,0.0,15.7,0.4736,0.4454,0.1306,0.1178,0.3,0.5909,60.5,0.125,0.9,,8.62,9.58,2.21,5.85,6.33,1.75,4.75,5.33,4.78,4.63,6.48,6.62,2.9,5.5,-0.384,-1.1785,0.3281
Roger Huerta,Lightweight,8,E,11,,False,0.0,False,False,0.71875,175.26,177.8,0.375,15.8571,0.3655,0.5662,0.0961,0.1321,0.619,0.5263,96.6667,0.125,6.7143,,4.48,3.88,9.06,5.96,1.9,6.38,3.14,5.96,7.62,3.59,8.76,6.62,9.85,5.5,1.9228,1.2015,-0.4437
Rogerio Bontorin,Flyweight,6,D+,45,6.0,False,0.0,False,False,0.8,165.1,170.18,0.1667,11.6429,0.5241,0.5213,0.1595,0.092,0.9286,0.4815,82.7143,0.0,1.1429,,1.73,2.24,5.94,3.32,8.46,4.07,5.84,4.09,9.09,3.06,7.98,3.07,3.73,5.5,0.4419,-0.4632,-0.6463
Rogerio Nogueira,Light Heavyweight,13,E,12,,False,0.0,False,False,0.696969696969697,187.96,190.5,0.3077,12.1786,0.3659,0.5469,0.044,0.129,0.0357,0.6406,13.8571,0.0,1.8571,,8.62,7.74,8.44,3.67,1.91,5.35,1.52,5.78,1.62,5.58,1.74,3.07,5.74,5.5,-0.2653,-0.1296,-0.9787
Roland Delorme,Bantamweight,7,E,10,,False,0.0,False,False,0.6428571428571429,175.26,180.34,0.0,10.0,0.4425,0.4034,0.1267,0.1333,0.7333,0.4286,54.1333,0.2857,2.1333,,4.48,4.7,2.21,2.46,4.85,1.25,4.55,6.02,8.19,2.43,5.87,9.09,6.44,5.5,1.1073,0.288,0.3038
Roman Dolidze,Middleweight,14,D+,43,7.0,False,0.0,False,False,0.7894736842105263,187.96,193.04,0.3571,15.2105,0.4161,0.4847,0.2215,0.0606,0.3684,0.32,74.5789,0.0,1.9737,,8.62,8.37,8.94,5.58,3.73,2.58,7.97,2.55,5.58,1.68,7.46,3.07,6.0,5.5,-0.2347,0.2981,0.357
Roman Kopylov,Middleweight,12,D,34,14.0,False,0.0,False,False,0.7777777777777778,182.88,190.5,0.4167,20.875,0.5015,0.5331,0.1482,0.0389,0.3438,0.8889,25.0312,0.0,0.875,,7.04,7.74,9.4,8.45,7.71,4.65,5.5,1.66,5.28,9.52,2.85,3.07,2.82,5.5,-1.7571,0.7161,0.0956
Rongzhu,Lightweight,6,E,14,,False,0.0,False,False,0.8181818181818182,175.26,180.34,0.1667,26.5294,0.5045,0.5419,0.1131,0.0244,0.5882,0.8333,45.9412,0.0,2.6471,,4.48,4.7,5.94,9.66,7.82,5.1,3.93,1.29,7.38,9.07,5.12,3.07,7.46,5.5,-0.9252,-0.6088,0.4561
Ronny Markes,Middleweight,5,E,10,,False,0.0,False,False,0.7727272727272727,185.42,190.5,0.0,9.6154,0.5342,0.4553,0.384,0.304,0.9231,1.0,128.5385,0.0,1.6923,,7.92,7.74,2.21,2.31,8.79,1.91,9.87,9.42,9.08,9.9,9.61,3.07,5.2,5.5,0.9987,-1.8943,-0.2228
Rony Jason,Featherweight,9,E,11,,False,0.0,False,False,0.6666666666666666,170.18,185.42,0.2222,8.6111,0.4429,0.5368,0.0968,0.0839,0.1667,0.3667,37.6111,0.1111,1.6111,,2.97,6.25,7.28,1.88,4.89,4.81,3.19,3.65,3.1,1.97,4.23,6.35,5.0,5.5,0.1319,0.5919,-1.6237
Roosevelt Roberts,Lightweight,10,E,11,,False,0.0,False,False,0.6666666666666666,187.96,185.42,0.0,12.0,0.4145,0.5362,0.123,0.0675,0.2381,0.4762,56.8571,0.2,1.619,,8.62,6.25,2.21,3.54,3.59,4.78,4.37,2.88,4.09,2.97,6.18,8.21,5.04,5.5,0.1558,-0.4596,-0.4869
Rory MacDonald,Welterweight,13,C+,58,1.0,False,0.0,False,False,0.8260869565217391,182.88,193.04,0.2308,17.5526,0.4248,0.6245,0.0645,0.0825,0.5526,0.8889,45.5789,0.0769,2.7105,,7.04,8.37,7.43,6.98,4.09,8.86,1.96,3.61,7.11,9.52,5.08,5.74,7.58,5.5,-0.1445,0.1247,0.3321
Rose Namajunas,Women's Flyweight,19,B+,70,1.0,True,1.0,False,False,0.6818181818181818,165.1,165.1,0.1053,16.5079,0.4111,0.6368,0.0971,0.0683,0.4603,0.6212,55.8095,0.1579,1.5556,,1.73,1.58,4.32,6.38,3.41,9.18,3.22,2.95,6.35,5.16,6.06,7.36,4.86,5.5,-0.3687,0.473,-0.336
Ross Pearson,Lightweight,26,D,34,14.0,False,0.0,False,False,0.5555555555555556,172.72,175.26,0.1923,16.8788,0.4027,0.622,0.1903,0.1544,0.2273,0.7529,19.1515,0.0,0.4091,,3.71,3.2,6.45,6.59,3.06,8.77,6.96,6.75,3.94,8.02,2.37,3.07,1.7,5.5,-0.8912,-0.4621,-0.4943
Rousimar Palhares,Middleweight,12,E,12,,False,0.0,False,False,0.7037037037037037,172.72,180.34,0.0,6.55,0.5117,0.5844,0.1908,0.0687,0.7,0.0,76.2,0.5,1.7,,3.71,4.7,2.21,1.3,8.08,7.39,6.98,2.98,8.09,1.05,7.53,9.93,5.23,5.5,1.4879,1.0864,1.198
Roxanne Modafferi,Women's Flyweight,12,C+,54,3.0,False,0.0,False,False,0.5434782608695652,170.18,175.26,0.0833,16.8108,0.3027,0.5227,0.0595,0.0563,0.4324,0.3,80.4054,0.0,1.4865,,2.97,3.2,3.93,6.55,1.17,4.15,1.81,2.34,6.1,1.53,7.78,3.07,4.65,5.5,0.0076,-0.8929,0.7238
Roy Nelson,Heavyweight,19,C,47,5.0,False,0.0,False,False,0.6111111111111112,182.88,185.42,0.4211,9.7556,0.3733,0.4558,0.1025,0.1891,0.3556,0.6452,54.7556,0.0,0.9111,,7.04,6.25,9.42,2.37,2.07,1.92,3.42,7.77,5.41,5.67,5.94,3.07,2.95,5.5,-0.4109,0.4285,-0.2118
Russell Doane,Bantamweight,8,E,11,,False,0.0,False,False,0.6521739130434783,170.18,177.8,0.125,8.0588,0.409,0.5355,0.073,0.1825,0.6471,0.5278,85.8235,0.125,2.6471,,2.97,3.88,4.77,1.63,3.34,4.75,2.21,7.63,7.81,3.62,8.19,6.62,7.46,5.5,1.8013,0.0014,-1.5573
Rustam Khabilov,Lightweight,13,D,38,11.0,False,0.0,False,False,0.8571428571428571,172.72,185.42,0.1538,9.4167,0.3431,0.6574,0.1121,0.0885,1.25,0.6111,75.8889,0.0,2.3889,,3.71,6.25,5.57,2.22,1.49,9.62,3.87,3.93,9.66,5.01,7.52,3.07,7.01,5.5,0.9431,-0.7575,0.1079
Ryan Bader,Light Heavyweight,20,C+,55,3.0,False,0.0,False,False,0.8214285714285714,187.96,187.96,0.25,12.2766,0.4332,0.7175,0.1438,0.1023,0.9787,0.8065,97.5745,0.05,5.1064,,8.62,7.01,7.69,3.7,4.48,9.97,5.34,4.57,9.24,8.71,8.84,5.26,9.49,5.5,1.0173,-0.2327,0.4976
Ryan Benoit,Flyweight,9,D+,43,7.0,False,0.0,False,False,0.5555555555555556,165.1,172.72,0.2222,13.3043,0.3913,0.5823,0.0752,0.1144,0.087,0.7231,15.9565,0.0,0.9565,,1.73,2.69,7.28,4.35,2.57,7.3,2.32,5.14,2.09,7.38,2.0,3.07,3.11,5.5,-0.9306,-0.0775,-0.9195
Ryan Hall,Featherweight,6,D,37,12.0,False,0.0,False,False,0.8181818181818182,177.8,177.8,0.0,11.5,0.5,0.6591,0.2298,0.0186,0.0714,0.0,56.4286,0.1667,3.5714,,5.37,3.88,2.21,3.25,7.62,9.65,8.15,1.16,1.93,1.05,6.12,7.58,8.67,5.5,1.0963,-0.4745,0.8036
Ryan Jensen,Middleweight,8,E,11,,False,0.0,False,False,0.7241379310344828,185.42,193.04,0.0,9.0909,0.4032,0.5916,0.1,0.07,0.3636,0.2857,45.0,0.25,3.2727,,7.92,8.37,2.21,2.08,3.08,7.72,3.31,3.05,5.51,1.46,5.0,8.82,8.31,5.5,1.1212,-0.399,-0.261
Ryan Jimmo,Light Heavyweight,7,D,33,15.0,False,0.0,False,False,0.7916666666666666,185.42,185.42,0.2857,13.8,0.6613,0.4697,0.3092,0.3671,0.1333,0.875,88.3333,0.0,2.7333,,7.92,6.25,8.17,4.62,9.95,2.21,9.42,9.79,2.62,9.43,8.4,3.07,7.63,5.5,-0.1045,-0.2842,-1.899
Ryan LaFlare,Welterweight,10,D,37,12.0,False,0.0,False,False,0.8235294117647058,185.42,187.96,0.0,13.7742,0.4013,0.6319,0.1171,0.1756,0.6774,0.5897,81.6129,0.0,2.4194,,7.92,7.01,2.21,4.61,3.01,9.07,4.1,7.41,7.96,4.6,7.94,3.07,7.06,5.5,0.4971,-1.7816,-0.1044
Ryan Spann,Light Heavyweight,16,D+,42,8.0,False,0.0,False,False,0.6764705882352942,195.58,200.66,0.25,11.6923,0.3948,0.4362,0.0625,0.0724,0.3077,0.5806,53.6154,0.25,2.4231,,9.87,9.39,7.69,3.35,2.71,1.59,1.9,3.18,4.88,4.43,5.84,8.82,7.07,5.5,0.1594,1.1496,0.7533
Sabina Mazo,Women's Flyweight,7,E,10,,False,0.0,False,False,0.6923076923076923,170.18,177.8,0.0,28.1,0.4374,0.5734,0.2562,0.1335,0.2,0.5909,41.0,0.1429,1.35,,2.97,3.88,2.21,9.77,4.7,6.8,8.81,6.03,3.52,4.63,4.57,7.04,4.27,5.5,-1.0528,-0.4034,0.2807
Sage Northcutt,Lightweight,8,E,15,,False,0.0,False,False,0.8461538461538461,182.88,180.34,0.25,14.8333,0.5235,0.5899,0.1573,0.191,0.5,0.4167,43.1667,0.125,3.0,,7.04,4.7,7.69,5.35,8.45,7.63,5.78,7.81,6.7,2.35,4.85,6.62,7.98,5.5,0.2904,0.5452,-0.5666
Said Nurmagomedov,Bantamweight,11,D,36,12.0,False,0.0,False,False,0.782608695652174,172.72,177.8,0.1818,13.375,0.4856,0.556,0.215,0.1433,0.25,0.6316,29.4583,0.2727,1.2917,,3.71,3.88,6.31,4.38,6.97,5.84,7.78,6.37,4.25,5.38,3.28,8.95,4.08,5.5,0.1132,1.5516,-0.0097
Sam Alvey,Middleweight,24,D,35,13.0,False,0.0,False,False,0.6470588235294118,187.96,190.5,0.2083,14.5769,0.4451,0.5276,0.1728,0.2005,0.0192,0.8209,15.1154,0.0417,0.5769,,8.62,7.74,7.06,5.21,5.01,4.36,6.35,8.05,1.59,8.9,1.86,5.18,2.07,5.5,-1.004,-0.3141,-1.1381
Sam Hoger,Light Heavyweight,5,E,10,,False,0.0,False,False,0.7142857142857143,187.96,,0.0,5.1429,0.25,0.571,0.1111,0.1111,0.3571,0.2917,42.8571,0.2,0.8571,,8.62,9.9,2.21,1.13,1.04,6.64,3.81,5.0,5.44,1.5,4.81,8.21,2.74,5.5,0.6434,-0.8918,0.3227
Sam Hughes,Women's Strawweight,12,E,12,,False,0.0,False,False,0.6470588235294118,165.1,162.56,0.0833,21.5152,0.4752,0.5811,0.1563,0.1099,0.3636,0.6346,78.9091,0.0833,2.697,,1.73,1.36,3.93,8.69,6.46,7.25,5.74,4.97,5.51,5.47,7.7,5.84,7.55,5.5,0.0264,0.066,-0.1526
Sam Patterson,Welterweight,6,E,14,,False,0.0,False,False,0.875,190.5,198.12,0.3333,8.875,0.3757,0.494,0.1268,0.0282,0.25,0.0,33.375,0.3333,0.375,,9.22,9.15,8.71,2.01,2.16,2.87,4.56,1.36,4.25,1.05,3.66,9.43,1.64,5.5,-0.6788,2.3402,-0.9411
Sam Sicilia,Featherweight,12,E,12,,False,0.0,False,False,0.6521739130434783,172.72,170.18,0.25,10.2,0.3351,0.5925,0.1176,0.1255,0.4,0.7,58.76,0.0,2.2,,3.71,2.24,7.69,2.57,1.39,7.77,4.12,5.66,5.84,6.91,6.36,3.07,6.57,5.5,0.685,0.0559,-0.6858
Sam Stout,Lightweight,20,E,13,,False,0.0,False,False,0.625,175.26,177.8,0.05,19.5098,0.2889,0.5725,0.2352,0.0935,0.1961,0.7786,30.9412,0.0,0.902,,4.48,3.88,3.44,7.9,1.1,6.74,8.27,4.14,3.46,8.42,3.43,3.07,2.91,5.5,-0.862,-1.2848,1.1891
Santiago Ponzinibbio,Welterweight,20,D+,43,7.0,False,0.0,False,False,0.775,182.88,185.42,0.35,21.66,0.4157,0.6158,0.1681,0.0185,0.18,0.7105,13.94,0.0,0.68,,7.04,6.25,8.9,8.76,3.71,8.59,6.21,1.15,3.23,7.1,1.76,3.07,2.31,5.5,-1.7916,0.4492,0.6349
Sara McMann,Women's Bantamweight,13,C+,54,3.0,False,0.0,False,False,0.6842105263157895,167.64,167.64,0.0769,9.25,0.4443,0.4408,0.1004,0.2124,0.9643,0.25,150.75,0.1538,4.0714,,2.25,1.88,3.81,2.14,4.96,1.68,3.33,8.23,9.22,1.31,9.88,7.29,9.04,5.5,1.844,0.0616,-0.6376
Sarah Moras,Women's Bantamweight,9,D,35,13.0,False,0.0,False,False,0.42857142857142855,170.18,170.18,0.1111,10.7083,0.3431,0.5049,0.1751,0.0661,0.2083,0.3333,50.125,0.1111,3.2083,,2.97,2.24,4.47,2.77,1.49,3.2,6.44,2.82,3.62,1.76,5.54,6.35,8.27,5.5,0.8833,0.0406,0.1082
Scott Askham,Middleweight,6,E,11,,False,0.0,False,False,0.7777777777777778,190.5,190.5,0.3333,14.6429,0.4617,0.5211,0.2293,0.2293,0.1429,0.65,33.7143,0.0,0.7143,,9.22,7.74,8.71,5.23,5.88,4.06,8.14,8.62,2.75,5.79,3.71,3.07,2.42,5.5,-0.9185,0.1826,0.1184
Scott Holtzman,Lightweight,13,E,12,,False,0.0,False,False,0.7,175.26,175.26,0.1538,20.6571,0.4785,0.5503,0.1079,0.1591,0.6,0.6739,87.0286,0.0769,4.2,,4.48,3.2,5.57,8.36,6.62,5.55,3.69,6.93,7.45,6.39,8.28,5.74,9.15,5.5,0.2475,-0.2857,-0.2725
Scott Jorgensen,Bantamweight,12,D+,43,7.0,False,0.0,False,False,0.5555555555555556,165.1,167.64,0.0833,14.5556,0.3934,0.6157,0.1705,0.1578,0.7778,0.625,66.2963,0.0833,1.3333,,1.73,1.88,3.93,5.19,2.67,8.58,6.29,6.87,8.4,5.23,6.87,5.84,4.2,5.5,0.3988,-0.5467,-0.0224
Sean Brady,Welterweight,11,C+,58,1.0,False,0.0,False,False,0.9473684210526315,177.8,182.88,0.0,18.7188,0.5324,0.5986,0.212,0.0401,1.0938,0.8667,130.5938,0.3636,4.5312,,5.37,5.47,2.21,7.57,8.74,8.01,7.68,1.73,9.43,9.38,9.63,9.58,9.29,5.5,0.6742,0.4339,0.9314
Sean O'Connell,Light Heavyweight,7,E,10,,False,0.0,False,False,0.6538461538461539,185.42,187.96,0.2857,21.7143,0.4872,0.4544,0.1053,0.2467,0.0,0.3,58.2143,0.0,1.0714,,7.92,7.01,8.17,8.78,7.08,1.9,3.58,8.9,1.29,1.53,6.31,3.07,3.43,5.5,-1.0708,-0.2455,1.1417
Sean O'Malley,Bantamweight,15,B+,70,1.0,True,1.0,False,False,0.8571428571428571,180.34,182.88,0.4,27.9487,0.6076,0.6041,0.0927,0.0183,0.0769,0.5968,3.1026,0.0,0.9487,,6.22,5.47,9.27,9.77,9.83,8.2,2.98,1.15,2.01,4.77,1.08,3.07,3.1,5.5,-1.7409,1.2303,-0.1301
Sean Pierson,Welterweight,6,E,10,,False,0.0,False,False,0.7,182.88,193.04,0.0,18.625,0.3984,0.6459,0.1107,0.1577,0.125,0.6667,53.1875,0.0,1.4375,,7.04,8.37,2.21,7.49,2.88,9.38,3.8,6.86,2.48,6.2,5.81,3.07,4.49,5.5,-0.4133,-1.7452,0.4899
Sean Sherk,Welterweight,12,B+,71,,True,1.0,False,False,0.9,167.64,170.18,0.0833,10.9211,0.347,0.5507,0.147,0.1566,1.3158,0.5652,137.8158,0.0833,3.4211,,2.25,2.24,3.93,2.95,1.59,5.57,5.44,6.83,9.75,4.18,9.75,5.84,8.51,5.5,1.4731,-0.8019,0.7394
Sean Soriano,Featherweight,5,E,9,,False,0.0,False,False,0.6363636363636364,175.26,177.8,0.0,13.8462,0.6164,0.5632,0.2333,0.1611,0.3846,0.525,36.8462,0.0,1.7692,,4.48,3.88,2.21,4.69,9.88,6.2,8.21,6.99,5.73,3.56,4.13,3.07,5.46,5.5,0.5496,-1.4805,-2.3024
Sean Spencer,Welterweight,8,E,11,,False,0.0,False,False,0.6666666666666666,177.8,187.96,0.0,19.8261,0.3243,0.6073,0.0746,0.1075,0.0435,0.6897,18.2609,0.0,0.6957,,5.37,7.01,2.21,7.98,1.28,8.31,2.29,4.86,1.66,6.69,2.24,3.07,2.37,5.5,-1.2802,-1.7106,0.7423
Sean Strickland,Middleweight,25,B,61,1.0,True,0.0,False,True,0.8055555555555556,185.42,193.04,0.2,28.9286,0.425,0.6065,0.051,0.0321,0.2143,0.6883,24.1905,0.04,1.3452,,7.92,8.37,6.75,9.85,4.1,8.26,1.6,1.48,3.71,6.66,2.77,5.17,4.23,5.5,-1.6685,-0.3475,1.9289
Sean Woodson,Featherweight,10,E,15,,False,0.0,False,False,0.8666666666666667,187.96,198.12,0.2,27.7308,0.4661,0.5899,0.1387,0.0569,0.1923,0.8679,22.2308,0.0,0.2692,,8.62,9.15,6.75,9.76,6.03,7.63,5.02,2.37,3.44,9.39,2.64,3.07,1.48,5.5,-1.579,-0.162,0.9061
Sedriques Dumas,Middleweight,9,E,12,,False,0.0,False,False,0.7692307692307693,187.96,200.66,0.0,7.9412,0.4426,0.5333,0.3481,0.0519,0.2941,0.3333,82.9412,0.0,1.4118,,8.62,9.39,2.21,1.59,4.86,4.67,9.72,2.11,4.73,1.76,8.0,3.07,4.41,5.5,0.5313,-1.8756,-1.8402
Sergei Pavlovich,Heavyweight,11,C+,58,1.0,False,0.0,False,False,0.8695652173913043,190.5,213.36,0.5455,16.3529,0.442,0.5584,0.0647,0.0683,0.1176,0.75,26.6471,0.0,1.7647,,9.22,9.78,9.78,6.28,4.84,5.94,1.98,2.95,2.39,7.9,3.0,3.07,5.44,5.5,-1.402,1.1429,0.0259
Sergey Morozov,Bantamweight,5,E,10,,False,0.0,False,False,0.7916666666666666,167.64,170.18,0.0,14.3846,0.4349,0.6134,0.139,0.0909,1.1538,0.6842,105.0769,0.0,1.7692,,2.25,2.24,2.21,5.08,4.56,8.49,5.05,4.02,9.53,6.57,9.1,3.07,5.46,5.5,0.3745,-1.7539,0.8403
Serghei Spivac,Heavyweight,15,D+,44,6.0,False,0.0,False,False,0.7391304347826086,190.5,198.12,0.2,15.4483,0.4776,0.5225,0.0246,0.0379,1.1034,0.6364,85.2759,0.2,5.3793,,9.22,9.15,6.75,5.7,6.58,4.15,1.24,1.62,9.45,5.49,8.15,8.21,9.59,5.5,0.8005,0.2658,0.886
Sergio Moraes,Welterweight,14,E,12,,False,0.0,False,False,0.7,182.88,182.88,0.0714,11.4324,0.426,0.5998,0.0615,0.0284,0.3784,0.75,48.4595,0.2143,0.7027,,7.04,5.47,3.71,3.21,4.13,8.07,1.86,1.37,5.66,7.9,5.41,8.49,2.38,5.5,-0.4588,0.003,-0.6186
Sergio Pettis,Flyweight,14,C+,56,2.0,False,0.0,False,False,0.782608695652174,167.64,175.26,0.0,19.0465,0.3743,0.6543,0.1123,0.0513,0.2791,0.6757,25.3721,0.0,1.093,,2.25,3.2,2.21,7.68,2.12,9.58,3.88,2.1,4.6,6.43,2.87,3.07,3.54,5.5,-0.7773,-1.4068,0.5027
Seth Baczynski,Welterweight,11,E,11,,False,0.0,False,False,0.5882352941176471,190.5,190.5,0.0909,13.4783,0.3157,0.5138,0.1097,0.2097,0.2609,0.4839,55.3478,0.1818,1.5652,,9.22,7.74,4.07,4.44,1.23,3.71,3.77,8.18,4.37,3.07,6.02,7.87,4.88,5.5,-0.1725,-0.0879,1.1331
SeungWoo Choi,Featherweight,11,E,11,,False,0.0,False,False,0.5789473684210527,182.88,187.96,0.0909,16.0,0.3891,0.4705,0.1823,0.1745,0.25,0.7045,49.2083,0.0,1.9583,,7.04,7.01,4.07,6.06,2.51,2.25,6.68,7.39,4.25,7.0,5.5,3.07,5.98,5.5,-0.5765,-0.8748,-0.9789
Shamil Abdurakhimov,Heavyweight,11,D+,43,7.0,False,0.0,False,False,0.7142857142857143,190.5,193.04,0.1818,10.4583,0.4427,0.5546,0.2191,0.239,0.2917,0.4545,30.5833,0.0,0.9167,,9.22,8.37,6.31,2.68,4.88,5.75,7.91,8.79,4.7,2.74,3.38,3.07,2.98,5.5,-0.2419,-0.876,-0.1999
Shamil Gaziev,Heavyweight,6,D,38,11.0,False,0.0,False,False,0.9333333333333333,193.04,198.12,0.3333,12.5385,0.454,0.4521,0.0184,0.1963,0.3077,0.8333,103.4615,0.0,1.0769,,9.68,9.15,8.71,3.89,5.51,1.85,1.16,7.92,4.88,9.07,9.03,3.07,3.48,5.5,-0.1692,-0.057,-0.5077
Shana Dobson,Women's Flyweight,6,D+,40,10.0,False,0.0,False,False,0.4444444444444444,167.64,175.26,0.3333,13.8462,0.3789,0.5009,0.1278,0.1667,0.2308,0.1429,16.3077,0.0,1.6154,,2.25,3.2,8.71,4.69,2.26,3.03,4.61,7.22,4.0,1.13,2.04,3.07,5.02,5.5,-0.0094,0.9858,-1.9752
Shane Burgos,Featherweight,11,D+,42,9.0,False,0.0,False,False,0.8333333333333334,180.34,190.5,0.1818,33.5484,0.5242,0.5635,0.1702,0.1019,0.129,0.9155,29.0,0.0909,2.5806,,6.22,7.74,6.31,9.96,8.47,6.24,6.28,4.54,2.54,9.68,3.23,5.95,7.36,5.5,-1.5729,0.2863,1.1638
Shane Campbell,Lightweight,5,E,10,,False,0.0,False,False,0.7,182.88,180.34,0.0,17.6,0.5986,0.551,0.3523,0.0966,0.4,0.8235,57.3,0.0,2.7,,7.04,4.7,2.21,7.0,9.78,5.58,9.76,4.24,5.84,8.95,6.24,3.07,7.56,5.5,0.1314,-1.6131,-0.8789
Shane Carwin,Heavyweight,6,B,61,10.0,True,0.0,False,False,0.8571428571428571,187.96,203.2,0.6667,14.5556,0.4662,0.5417,0.1527,0.313,0.2222,0.4286,48.5556,0.0,6.7778,,8.62,9.58,9.93,5.19,6.03,5.09,5.65,9.5,3.84,2.43,5.42,3.07,9.85,5.5,-0.0143,1.7449,-0.6143
Shane Roller,Lightweight,6,E,10,,False,0.0,False,False,0.6111111111111112,177.8,182.88,0.1667,9.5385,0.3573,0.6136,0.1452,0.0726,0.3846,0.4444,68.3846,0.0,2.7692,,5.37,5.47,5.94,2.29,1.73,8.5,5.39,3.2,5.73,2.63,7.04,3.07,7.69,5.5,0.8584,-0.6801,-0.5295
Shane Young,Featherweight,7,E,10,,False,0.0,False,False,0.6190476190476191,172.72,182.88,0.1429,23.3125,0.4072,0.5254,0.1635,0.0697,0.1875,0.64,21.625,0.0,0.0,,3.71,5.47,5.23,9.13,3.26,4.31,6.0,3.02,3.35,5.56,2.58,3.07,1.03,5.5,-1.353,-0.5234,0.7459
Shannon Gugerty,Lightweight,5,E,9,,False,0.0,False,False,0.6818181818181818,177.8,180.34,0.0,4.8889,0.3929,0.5823,0.4318,0.2273,0.5556,0.5,77.2222,0.4,0.6667,,5.37,4.7,2.21,1.11,2.66,7.3,9.93,8.57,7.13,3.27,7.58,9.73,2.27,5.5,1.2101,0.6528,1.1181
Shara Magomedov,Middleweight,6,D,35,14.0,False,0.0,False,False,0.9411764705882353,187.96,185.42,0.3333,28.7059,0.6297,0.4369,0.2623,0.1475,0.0,0.7143,6.8235,0.0,1.7059,,8.62,6.25,8.71,9.82,9.92,1.61,8.91,6.51,1.29,7.18,1.28,3.07,5.25,5.5,-1.6898,0.2134,-0.1743
Shauna Bannon,Women's Strawweight,5,E,10,,False,0.0,False,False,0.7777777777777778,165.1,165.1,0.0,17.3077,0.4464,0.4587,0.1956,0.0533,0.0,0.4737,18.7692,0.2,0.6923,,1.73,1.58,2.21,6.81,5.1,1.99,7.12,2.18,1.29,2.93,2.31,8.21,2.36,5.5,-0.6971,0.3338,-0.661
Shavkat Rakhmonov,Welterweight,7,C+,57,2.0,False,0.0,False,False,1.0,185.42,195.58,0.1429,15.25,0.601,0.5134,0.041,0.2418,0.4375,0.8571,139.75,0.7143,3.0,,7.92,8.81,5.23,5.61,9.8,3.69,1.45,8.82,6.15,9.28,9.78,9.99,7.98,5.5,0.7637,3.4468,0.0927
Shawn Jordan,Heavyweight,10,E,11,,False,0.0,False,False,0.7037037037037037,182.88,190.5,0.6,12.3684,0.4979,0.4957,0.0809,0.2,0.4737,0.8889,74.6316,0.0,3.6842,,7.04,7.74,9.88,3.76,7.48,2.91,2.56,8.03,6.48,9.52,7.47,3.07,8.77,5.5,0.2047,1.3745,-0.53
Shayilan Nuerdanbieke,Featherweight,6,E,10,,False,0.0,False,False,0.7647058823529411,172.72,175.26,0.1667,8.2667,0.4593,0.5044,0.0887,0.0726,0.9333,0.2857,126.4,0.0,2.6667,,3.71,3.2,5.94,1.73,5.76,3.15,2.83,3.2,9.12,1.46,9.57,3.07,7.51,5.5,1.3342,-0.484,-0.9544
Sheymon Moraes,Featherweight,5,E,10,,False,0.0,False,False,0.7333333333333333,172.72,182.88,0.0,14.4615,0.4225,0.6364,0.1064,0.1596,0.0,0.5385,14.3846,0.0,0.6154,,3.71,5.47,2.21,5.11,3.99,9.17,3.63,6.95,1.29,3.78,1.8,3.07,2.1,5.5,-0.9452,-1.4207,-1.3651
Shonie Carter,Welterweight,6,E,10,,False,0.0,False,False,0.6219512195121951,177.8,,0.1667,8.6923,0.4109,0.5277,0.3894,0.1858,0.7692,0.8,78.9231,0.0,1.2308,,5.37,9.9,5.94,1.94,3.4,4.37,9.88,7.69,8.36,8.62,7.71,3.07,3.93,5.5,0.604,-0.7672,-1.6325
Sijara Eubanks,Women's Bantamweight,10,C+,58,1.0,False,0.0,False,False,0.5333333333333333,162.56,170.18,0.1,20.6429,0.4323,0.5708,0.0709,0.0675,0.6071,0.6667,100.7857,0.0,4.2857,,1.42,2.24,4.23,8.35,4.41,6.63,2.13,2.88,7.49,6.2,8.95,3.07,9.19,5.5,0.2022,-0.7819,0.8598
Siyar Bahadurzada,Welterweight,8,E,11,,False,0.0,False,False,0.75,180.34,185.42,0.375,13.2,0.4074,0.4913,0.072,0.2235,0.4,0.625,47.05,0.125,3.75,,6.22,6.25,9.06,4.3,3.28,2.74,2.16,8.47,5.84,5.23,5.23,6.62,8.8,5.5,0.1329,1.2891,-1.0059
Soa Palelei,Heavyweight,7,D,35,14.0,False,0.0,False,False,0.8148148148148148,193.04,205.74,0.5714,8.0667,0.5735,0.4841,0.0992,0.2149,0.6,0.8182,85.6,0.0,3.8,,9.68,9.68,9.83,1.65,9.49,2.57,3.27,8.27,7.45,8.86,8.16,3.07,8.86,5.5,1.1556,1.1815,-1.6041
Sodiq Yusuff,Featherweight,10,D+,40,10.0,False,0.0,False,False,0.7222222222222222,175.26,180.34,0.2,22.4583,0.4847,0.5411,0.2468,0.1262,0.125,0.55,47.8333,0.1,2.0,,4.48,4.7,6.75,8.93,6.93,5.01,8.63,5.69,2.48,3.94,5.34,6.13,6.08,5.5,-0.7292,0.4208,-0.1004
Song Kenan,Welterweight,11,E,12,,False,0.0,False,False,0.7096774193548387,182.88,180.34,0.2727,20.1667,0.4699,0.5109,0.1818,0.1157,0.125,0.7353,8.5833,0.0,0.9167,,7.04,4.7,7.98,8.15,6.2,3.54,6.64,5.19,2.48,7.62,1.42,3.07,2.98,5.5,-1.4392,-0.0372,-0.2488
Song Yadong,Bantamweight,16,C,47,5.0,False,0.0,False,False,0.7333333333333333,172.72,170.18,0.3125,20.7556,0.436,0.5512,0.1874,0.06,0.2444,0.7377,39.2,0.0625,1.7111,,3.71,2.24,8.48,8.39,4.61,5.6,6.88,2.51,4.15,7.68,4.41,5.45,5.27,5.5,-0.8544,1.0137,-0.0946
Spencer Fisher,Lightweight,17,E,13,,False,0.0,False,False,0.7272727272727273,170.18,172.72,0.1765,15.1667,0.4351,0.6413,0.2025,0.27,0.2143,0.6042,36.0238,0.1176,1.4524,,2.97,2.69,6.24,5.55,4.57,9.3,7.37,9.17,3.71,4.9,4.01,6.49,4.57,5.5,-0.0104,0.0903,-0.391
Stefan Struve,Heavyweight,24,D+,41,9.0,False,0.0,False,False,0.717391304347826,210.82,213.36,0.2083,12.7174,0.4745,0.465,0.2444,0.0598,0.1522,0.5577,26.3913,0.25,1.3261,,9.99,9.78,7.06,3.99,6.42,2.12,8.55,2.49,2.88,4.09,2.99,8.82,4.17,5.5,-0.0061,0.6145,0.6213
Stephan Bonnar,Light Heavyweight,15,E,12,,False,0.0,False,False,0.625,193.04,200.66,0.1333,12.4054,0.3974,0.5242,0.1002,0.3203,0.4595,0.5849,96.4595,0.1333,3.0541,,9.68,9.39,4.94,3.78,2.82,4.25,3.32,9.54,6.34,4.5,8.75,6.76,8.05,5.5,1.1653,-0.4633,0.7102
Stephanie Egger,Women's Bantamweight,7,E,10,,False,0.0,False,False,0.6153846153846154,167.64,172.72,0.1429,9.2308,0.4651,0.5213,0.175,0.1917,0.6923,0.5,72.6923,0.2857,2.3077,,2.25,2.69,5.23,2.13,6.0,4.07,6.43,7.84,8.04,3.27,7.31,9.09,6.8,5.5,1.2348,1.4611,-0.6426
Stephen Thompson,Welterweight,22,C+,58,1.0,False,0.0,False,False,0.6538461538461539,182.88,190.5,0.2727,19.5909,0.4601,0.5489,0.1013,0.0681,0.0758,0.6329,17.5455,0.0,0.7121,,7.04,7.74,7.98,7.93,5.81,5.47,3.36,2.93,2.0,5.44,2.18,3.07,2.41,5.5,-1.3938,-0.039,-0.4692
Steve Cantwell,Light Heavyweight,6,E,9,,False,0.0,False,False,0.5384615384615384,187.96,190.5,0.0,15.625,0.3169,0.5363,0.16,0.116,0.1875,0.8,11.6875,0.1667,0.6875,,8.62,7.74,2.21,5.83,1.24,4.79,5.85,5.21,3.35,8.62,1.63,7.58,2.35,5.5,-0.5403,-1.0691,1.5125
Steve Erceg,Flyweight,8,D+,43,7.0,False,0.0,False,False,0.7647058823529411,172.72,172.72,0.125,22.16,0.4759,0.5554,0.0776,0.0975,0.36,0.6739,33.24,0.0,0.36,,3.71,2.69,4.77,8.86,6.49,5.81,2.45,4.3,5.47,6.39,3.64,3.07,1.62,5.5,-0.9863,-0.6542,0.6985
Steve Garcia,Featherweight,10,D+,42,8.0,False,0.0,False,False,0.782608695652174,182.88,190.5,0.7,17.1765,0.474,0.6307,0.0822,0.0411,0.2353,0.7857,36.5294,0.0,5.4118,,7.04,7.74,9.95,6.71,6.38,9.05,2.61,1.78,4.05,8.48,4.06,3.07,9.59,5.5,-0.6176,2.8831,-1.1
Steven Peterson,Featherweight,8,E,10,,False,0.0,False,False,0.6333333333333333,177.8,177.8,0.125,22.6087,0.4047,0.5332,0.1462,0.0981,0.4348,0.64,67.9565,0.0,1.8696,,5.37,3.88,4.77,8.98,3.15,4.66,5.42,4.35,6.12,5.56,7.0,3.07,5.75,5.5,-0.3063,-0.6754,1.8688
Steven Siler,Featherweight,9,E,11,,False,0.0,False,False,0.6444444444444445,180.34,177.8,0.1111,14.5238,0.4155,0.5453,0.1082,0.3246,0.1429,0.551,41.1905,0.1111,1.2857,,6.22,3.88,4.47,5.16,3.67,5.26,3.69,9.57,2.75,3.95,4.6,6.35,4.05,5.5,0.4161,-0.1047,0.5736
Stevie Ray,Lightweight,11,E,12,,False,0.0,False,False,0.71875,177.8,177.8,0.1818,17.2692,0.4494,0.5474,0.265,0.069,0.2308,0.5556,36.1538,0.0,3.4615,,5.37,3.88,6.31,6.79,5.22,5.38,8.96,3.0,4.0,4.04,4.02,3.07,8.57,5.5,-0.0028,-0.5582,-0.4599
Stipe Miocic,Heavyweight,19,A,80,1.0,True,3.0,False,False,0.8,193.04,203.2,0.4737,20.551,0.5272,0.5232,0.1301,0.1202,0.5102,0.65,70.1224,0.0,3.3673,,9.68,9.58,9.59,8.31,8.56,4.18,4.73,5.43,6.8,5.79,7.16,3.07,8.45,5.5,-0.5192,0.7183,0.8441
Sumudaerji,Flyweight,10,D,37,11.0,False,0.0,False,False,0.72,172.72,182.88,0.1,20.5417,0.5056,0.6223,0.2373,0.0771,0.2083,0.72,25.0,0.0,2.25,,3.71,5.47,4.23,8.29,7.84,8.79,8.31,3.4,3.62,7.29,2.85,3.07,6.67,5.5,-0.496,-0.8226,-0.2428
TJ Brown,Featherweight,8,E,10,,False,0.0,False,False,0.6071428571428571,175.26,182.88,0.0,15.5455,0.4419,0.4927,0.0789,0.1228,0.9545,0.32,86.0909,0.125,1.3636,,4.48,5.47,2.21,5.78,4.83,2.81,2.5,5.55,9.19,1.68,8.22,6.62,4.32,5.5,0.9137,-0.7241,1.0653
TJ Dillashaw,Bantamweight,18,C+,58,1.0,False,0.0,False,False,0.782608695652174,167.64,170.18,0.3889,22.46,0.4111,0.6204,0.1888,0.1006,0.46,0.7778,65.1,0.0556,3.8,,2.25,2.24,9.16,8.94,3.41,8.73,6.92,4.48,6.35,8.36,6.78,5.35,8.86,5.5,-0.1831,1.4902,1.5412
TJ Grant,Welterweight,11,C+,55,3.0,False,0.0,False,False,0.8076923076923077,177.8,182.88,0.2727,18.8889,0.5403,0.5686,0.1137,0.2765,0.5185,0.3684,71.3704,0.0909,2.0,,5.37,5.47,7.98,7.64,8.92,6.52,3.96,9.22,6.84,1.99,7.25,5.95,6.08,5.5,-0.0739,0.4638,0.0987
TJ Waldburger,Welterweight,8,E,10,,False,0.0,False,False,0.64,180.34,190.5,0.0,8.0,0.5128,0.4008,0.2,0.1667,0.8,0.4,83.5333,0.375,2.7333,,6.22,7.74,2.21,1.6,8.12,1.23,7.27,7.22,8.49,2.23,8.05,9.62,7.63,5.5,1.9255,0.4534,2.6955
Tabatha Ricci,Women's Strawweight,11,D+,44,7.0,False,0.0,False,False,0.8,154.94,154.94,0.0909,19.1,0.3735,0.5791,0.2094,0.0681,0.8,0.6538,78.4,0.0909,2.5333,,1.04,1.06,4.07,7.72,2.1,7.13,7.57,2.93,8.49,5.86,7.68,5.95,7.27,5.5,0.2158,0.167,0.89
Tae Hyun Bang,Lightweight,5,E,9,,False,0.0,False,False,0.6428571428571429,175.26,180.34,0.2,12.7692,0.3834,0.6649,0.0482,0.0602,0.1538,0.5758,20.5385,0.0,1.3846,,4.48,4.7,6.75,4.03,2.35,9.69,1.57,2.53,2.92,4.35,2.51,3.07,4.36,5.5,-0.5001,-0.4334,-0.7808
Tafon Nchukwi,Middleweight,6,E,9,,False,0.0,False,False,0.6,182.88,195.58,0.0,24.5625,0.5436,0.5439,0.1756,0.2723,0.25,0.6471,31.5,0.0,0.8125,,7.04,8.81,2.21,9.38,9.0,5.16,6.46,9.2,4.25,5.71,3.48,3.07,2.59,5.5,-1.1204,-1.8096,0.1162
Tagir Ulanbekov,Flyweight,8,D+,41,10.0,False,0.0,False,False,0.8947368421052632,170.18,177.8,0.0,14.1905,0.4822,0.5058,0.0537,0.1409,0.8571,0.6333,115.1905,0.25,1.4762,,2.97,3.88,2.21,4.94,6.81,3.27,1.69,6.29,8.81,5.45,9.37,8.82,4.62,5.5,0.5944,0.0269,1.1079
Tai Tuivasa,Heavyweight,18,C+,54,3.0,False,0.0,False,False,0.6521739130434783,187.96,190.5,0.3889,14.0286,0.4861,0.4294,0.2342,0.2444,0.0,0.587,31.0571,0.0,0.6857,,8.62,7.74,9.16,4.8,7.03,1.5,8.24,8.87,1.29,4.52,3.45,3.07,2.34,5.5,-0.9186,0.2743,-0.9777
Taila Santos,Women's Flyweight,7,C+,58,1.0,False,0.0,False,False,0.8636363636363636,167.64,172.72,0.0,15.0,0.4578,0.573,0.2635,0.1365,0.7143,0.8529,119.2381,0.1429,2.7143,,2.25,2.69,2.21,5.45,5.66,6.78,8.94,6.17,8.13,9.23,9.4,7.04,7.6,5.5,0.8863,-0.4809,0.877
Takanori Gomi,Lightweight,13,E,12,,False,0.0,False,False,0.7142857142857143,170.18,177.8,0.1538,15.9565,0.3892,0.5736,0.0763,0.0872,0.0435,0.6,26.2174,0.0,0.4783,,2.97,3.88,5.57,6.03,2.53,6.82,2.38,3.85,1.66,4.83,2.98,3.07,1.82,5.5,-0.9275,-0.6827,-0.9155
Takashi Sato,Welterweight,7,E,10,,False,0.0,False,False,0.6956521739130435,177.8,185.42,0.2857,8.7333,0.4159,0.4405,0.0534,0.1298,0.2,0.6087,13.9333,0.0,2.5333,,5.37,6.25,8.17,1.95,3.72,1.66,1.68,5.83,3.52,4.98,1.75,3.07,7.27,5.5,0.1806,-0.0226,-2.1118
Takeya Mizugaki,Bantamweight,14,C,47,5.0,False,0.0,False,False,0.65625,170.18,175.26,0.0714,17.5143,0.4004,0.5814,0.0799,0.1615,0.4571,0.7018,73.6286,0.0,2.6571,,2.97,3.2,3.71,6.93,2.97,7.27,2.53,7.0,6.31,6.95,7.38,3.07,7.49,5.5,0.1928,-1.2288,-0.3744
Talita Alencar,Women's Strawweight,5,E,13,,False,0.0,False,False,0.8571428571428571,154.94,147.32,0.0,16.1333,0.3569,0.5399,0.0992,0.1198,0.9333,1.0,98.4667,0.2,3.8667,,1.04,1.01,2.21,6.11,1.71,4.97,3.27,5.4,9.12,9.9,8.89,8.21,8.91,5.5,1.0504,0.2639,1.3603
Tamdan McCrory,Welterweight,9,E,11,,False,0.0,False,False,0.7368421052631579,193.04,193.04,0.1111,8.8889,0.4878,0.4632,0.125,0.2062,0.6111,0.3125,93.6111,0.2222,3.7778,,9.68,8.37,4.47,2.02,7.12,2.07,4.49,8.15,7.54,1.64,8.64,8.6,8.82,5.5,2.1816,0.1884,-0.0638
Tanner Boser,Heavyweight,11,D,33,15.0,False,0.0,False,False,0.6774193548387096,187.96,190.5,0.2727,22.1538,0.5353,0.5751,0.3229,0.0903,0.0,0.6957,20.7692,0.0,1.0,,8.62,7.74,7.98,8.85,8.81,6.91,9.59,3.99,1.29,6.84,2.55,3.07,3.22,5.5,-1.1274,-0.3474,-0.0556
Tarec Saffiedine,Welterweight,6,D+,43,7.0,False,0.0,False,False,0.6956521739130435,177.8,177.8,0.0,18.0,0.4592,0.5666,0.2833,0.1472,0.2,0.8077,39.1,0.0,0.3,,5.37,3.88,2.21,7.17,5.75,6.41,9.17,6.5,3.52,8.74,4.39,3.07,1.52,5.5,-1.1959,-1.7139,-0.0747
Tatiana Suarez,Women's Strawweight,10,C+,58,1.0,False,0.0,False,False,0.9166666666666666,165.1,167.64,0.1,12.92,0.6015,0.4407,0.195,0.1579,1.36,0.5714,161.36,0.5,7.0,,1.73,1.88,4.23,4.12,9.81,1.67,7.09,6.88,9.78,4.28,9.94,9.93,9.88,5.5,2.8126,3.0598,-0.3006
Tatsuro Taira,Flyweight,10,C+,55,3.0,False,0.0,False,False,0.9444444444444444,170.18,177.8,0.3,12.4815,0.5435,0.4402,0.1424,0.0415,1.037,0.4615,140.7778,0.3,5.1852,,2.97,3.88,8.38,3.86,8.99,1.63,5.25,1.81,9.35,2.79,9.8,9.24,9.51,5.5,1.8428,2.0609,-0.2523
Tatsuya Kawajiri,Featherweight,6,D,36,12.0,False,0.0,False,False,0.7659574468085106,170.18,175.26,0.0,8.0,0.4674,0.3662,0.1176,0.0735,1.0588,0.5,148.0588,0.1667,3.3529,,2.97,3.2,2.21,1.6,6.07,1.1,4.12,3.24,9.38,3.27,9.86,7.58,8.42,5.5,2.0548,-0.5128,-0.3918
Taylor Lapilus,Bantamweight,8,E,15,,False,0.0,False,False,0.84,167.64,185.42,0.125,22.2609,0.4808,0.6279,0.0996,0.2031,0.087,0.7746,34.9565,0.0,0.913,,2.25,6.25,4.77,8.9,6.75,8.96,3.29,8.1,2.09,8.3,3.86,3.07,2.96,5.5,-0.6855,-0.8053,-0.2043
Tecia Pennington,Women's Strawweight,19,C,51,4.0,False,0.0,False,False,0.6818181818181818,154.94,152.4,0.0526,23.2778,0.48,0.6189,0.245,0.1177,0.1852,0.6289,46.537,0.0526,0.7407,,1.04,1.03,3.47,9.11,6.69,8.69,8.56,5.32,3.28,5.33,5.16,5.3,2.46,5.5,-0.8681,-0.3382,0.1836
Terrance McKinney,Lightweight,13,E,12,,False,0.0,False,False,0.7083333333333334,177.8,185.42,0.3846,15.2667,0.5572,0.4211,0.0,0.131,0.4,0.7273,53.4,0.2308,6.4,,5.37,6.25,9.13,5.64,9.27,1.42,1.03,5.91,5.84,7.48,5.82,8.7,9.81,5.5,0.9446,1.9067,-0.8285
Terry Etim,Lightweight,11,E,12,,False,0.0,False,False,0.7619047619047619,185.42,185.42,0.0909,9.16,0.3584,0.67,0.4105,0.1179,0.12,0.3939,14.16,0.3636,0.12,,7.92,6.25,4.07,2.1,1.76,9.75,9.9,5.34,2.42,2.16,1.78,9.58,1.19,5.5,-0.4091,1.0324,-0.6123
Terry Martin,Middleweight,6,E,10,,False,0.0,False,False,0.6764705882352942,172.72,180.34,0.3333,11.0833,0.5278,0.4494,0.1805,0.5639,0.75,0.8333,108.6667,0.0,2.0833,,3.71,4.7,8.71,3.03,8.6,1.81,6.59,9.99,8.27,9.07,9.22,3.07,6.27,5.5,0.9219,0.109,-0.9994
Teruto Ishihara,Featherweight,9,E,10,,False,0.0,False,False,0.5882352941176471,170.18,175.26,0.2222,14.75,0.447,0.5366,0.2576,0.0814,0.15,0.3077,25.55,0.0,1.8,,2.97,3.2,7.28,5.28,5.14,4.8,8.84,3.56,2.86,1.59,2.9,3.07,5.57,5.5,-1.3494,-0.0341,-0.9138
Thales Leites,Middleweight,21,D+,41,9.0,False,0.0,False,False,0.7567567567567568,185.42,198.12,0.0952,9.8596,0.4052,0.5298,0.21,0.1068,0.6491,0.3077,83.1754,0.2381,2.0877,,7.92,9.15,4.14,2.39,3.19,4.54,7.6,4.83,7.84,1.59,8.02,8.74,6.28,5.5,0.5128,0.1253,1.0999
Themba Gorimbo,Welterweight,8,E,11,,False,0.0,False,False,0.7368421052631579,185.42,195.58,0.125,11.7895,0.5671,0.5151,0.1696,0.25,1.3158,0.7308,138.4737,0.0,2.3684,,7.92,8.81,4.77,3.42,9.41,3.79,6.24,8.95,9.75,7.55,9.75,3.07,6.95,5.5,1.2945,-1.0495,-0.6313
Thiago Alves,Welterweight,27,D,37,11.0,False,0.0,False,False,0.6052631578947368,175.26,177.8,0.2963,17.0154,0.4177,0.6252,0.3499,0.1139,0.2154,0.6311,28.5538,0.037,1.7385,,4.48,3.88,8.33,6.64,3.81,8.88,9.73,5.12,3.75,5.36,3.16,5.16,5.36,5.5,-0.9117,0.3121,-0.3151
Thiago Moises,Lightweight,16,D,34,14.0,False,0.0,False,False,0.6785714285714286,175.26,177.8,0.0625,10.825,0.4245,0.5256,0.2379,0.0577,0.425,0.525,59.45,0.1875,2.05,,4.48,3.88,3.58,2.89,4.09,4.32,8.34,2.38,6.04,3.56,6.4,7.92,6.19,5.5,0.4342,-0.1821,-0.1924
Thiago Santos,Light Heavyweight,24,C+,58,1.0,False,0.0,False,False,0.6666666666666666,187.96,193.04,0.4583,15.5789,0.4816,0.5394,0.2579,0.1689,0.2456,0.6552,33.2982,0.0,3.9649,,8.62,8.37,9.57,5.8,6.79,4.96,8.85,7.29,4.16,5.88,3.65,3.07,8.95,5.5,-0.2856,0.8866,-0.7314
Thiago Silva,Light Heavyweight,12,D,36,12.0,False,0.0,False,False,0.76,187.96,187.96,0.5,17.913,0.4853,0.6725,0.2524,0.216,0.2609,0.6047,52.6087,0.0,3.6087,,8.62,7.01,9.67,7.14,6.96,9.79,8.74,8.3,4.37,4.93,5.78,3.07,8.71,5.5,-0.1823,1.1633,0.1325
Thiago Tavares,Lightweight,18,D,33,15.0,False,0.0,False,False,0.75,170.18,177.8,0.0556,8.6579,0.4012,0.6281,0.0729,0.0912,1.1053,0.6286,100.1842,0.2778,2.3684,,2.97,3.88,3.49,1.89,3.0,8.97,2.19,4.05,9.46,5.32,8.92,8.98,6.95,5.5,1.5608,0.2539,0.4539
Thibault Gouti,Lightweight,6,E,10,,False,0.0,False,False,0.7058823529411765,177.8,182.88,0.1667,15.0,0.3448,0.5027,0.1,0.0944,0.3333,0.8333,35.6667,0.0,1.5,,5.37,5.47,5.94,5.45,1.54,3.09,3.31,4.16,5.18,9.07,3.95,3.07,4.71,5.5,-0.3193,-0.633,-0.4791
Thomas Almeida,Bantamweight,10,D+,45,6.0,False,0.0,False,False,0.8148148148148148,170.18,177.8,0.4,20.7143,0.435,0.6178,0.2161,0.1034,0.0476,0.7586,2.8571,0.0,0.0952,,2.97,3.88,9.27,8.37,4.57,8.66,7.81,4.62,1.69,8.06,1.07,3.07,1.15,5.5,-1.4478,1.2186,-0.2937
Thomas Petersen,Heavyweight,6,E,10,,False,0.0,False,False,0.7692307692307693,185.42,187.96,0.0,14.0625,0.5844,0.5584,0.0844,0.0711,0.8125,0.8571,106.6875,0.0,2.5625,,7.92,7.01,2.21,4.82,9.63,5.94,2.71,3.12,8.59,9.28,9.15,3.07,7.33,5.5,0.1429,-1.8776,0.6902
Tim Boetsch,Middleweight,24,D+,41,9.0,False,0.0,False,False,0.6176470588235294,182.88,187.96,0.2917,12.451,0.5068,0.5712,0.1732,0.2535,0.4118,0.5926,37.1373,0.0,1.5098,,7.04,7.01,8.29,3.84,7.86,6.65,6.36,8.98,5.92,4.68,4.16,3.07,4.77,5.5,-0.1211,-0.0993,-0.2693
Tim Credeur,Middleweight,5,E,10,,False,0.0,False,False,0.75,190.5,190.5,0.4,14.5556,0.309,0.5793,0.0611,0.0611,0.1111,0.5,30.8889,0.2,0.6667,,9.22,7.74,9.27,5.19,1.19,7.17,1.85,2.58,2.34,3.27,3.42,8.21,2.27,5.5,-0.7191,1.7747,3.1981
Tim Elliott,Flyweight,22,C,47,5.0,False,0.0,False,False,0.6285714285714286,170.18,167.64,0.0,16.6316,0.4345,0.5636,0.2268,0.1635,1.1404,0.5938,85.0,0.1364,2.9123,,2.97,1.88,2.21,6.45,4.54,6.26,8.08,7.05,9.49,4.71,8.13,6.83,7.87,5.5,0.8634,-0.6605,1.3515
Tim Hague,Heavyweight,5,E,9,,False,0.0,False,False,0.6176470588235294,193.04,193.04,0.0,10.7778,0.4755,0.4627,0.0722,0.2474,0.4444,0.8571,54.4444,0.2,2.4444,,9.68,8.37,2.21,2.83,6.47,2.05,2.18,8.92,6.21,9.28,5.9,8.21,7.12,5.5,0.5296,-0.8082,0.2723
Tim Kennedy,Middleweight,5,C,47,5.0,False,0.0,False,False,0.75,180.34,187.96,0.2,12.8667,0.4563,0.5754,0.2746,0.2539,0.6667,0.4444,88.4667,0.0,1.6667,,6.22,7.01,6.75,4.07,5.63,6.93,9.08,8.99,7.9,2.63,8.42,3.07,5.13,5.5,0.3094,-0.6666,-0.0612
Tim Means,Welterweight,30,E,14,,False,0.0,False,False,0.66,187.96,190.5,0.2,22.0758,0.4909,0.6023,0.1119,0.1386,0.3333,0.6476,37.4394,0.0667,2.1061,,8.62,7.74,6.75,8.84,7.24,8.13,3.84,6.21,5.18,5.73,4.2,5.53,6.34,5.5,-0.9185,-0.0951,0.2451
Tim Sylvia,Heavyweight,13,B+,72,,True,2.0,False,False,0.7560975609756098,203.2,203.2,0.3846,18.2812,0.4176,0.6221,0.1504,0.2342,0.0312,0.75,41.6562,0.0,1.625,,9.98,9.58,9.13,7.31,3.8,8.78,5.59,8.71,1.6,7.9,4.67,3.07,5.05,5.5,-0.7328,0.2437,0.0347
Timmy Cuamba,Bantamweight,5,E,10,,False,0.0,False,False,0.75,175.26,180.34,0.2,13.6154,0.4585,0.5634,0.1412,0.0904,0.4615,0.6667,48.5385,0.0,1.0769,,4.48,4.7,6.75,4.53,5.7,6.22,5.17,4.0,6.36,6.2,5.42,3.07,3.48,5.5,-0.1537,-0.2829,-1.0013
Timothy Johnson,Heavyweight,7,E,11,,False,0.0,False,False,0.75,190.5,195.58,0.1429,16.7059,0.453,0.4444,0.1866,0.4683,0.3529,0.6923,119.5294,0.0,2.3529,,9.22,8.81,5.23,6.48,5.48,1.74,6.85,9.96,5.38,6.73,9.43,3.07,6.88,5.5,0.2277,-1.1061,0.5798
Tito Ortiz,Light Heavyweight,27,A+,89,,True,5.0,False,False,0.6129032258064516,190.5,187.96,0.2963,10.8769,0.4698,0.597,0.1287,0.2164,0.8923,0.5676,119.4833,0.0741,4.9077,,9.22,7.01,8.33,2.92,6.19,7.96,4.65,8.32,8.95,4.21,9.42,5.69,9.38,5.5,1.6538,0.2161,-0.3795
Todd Duffee,Heavyweight,6,E,10,,False,0.0,False,False,0.75,190.5,198.12,0.5,15.25,0.3765,0.5769,0.0164,0.1721,0.125,0.9,20.125,0.0,0.875,,9.22,9.15,9.67,5.61,2.18,7.03,1.15,7.36,2.48,9.6,2.44,3.07,2.82,5.5,-1.5791,0.9034,0.2536
Tom Aspinall,Heavyweight,10,B+,70,1.0,True,1.0,False,True,0.8333333333333334,195.58,198.12,0.6,15.9091,0.6757,0.5699,0.1886,0.0971,0.3636,1.0,27.8182,0.2,4.5455,,9.87,9.15,9.88,5.99,9.96,6.59,6.91,4.27,5.51,9.9,3.11,8.21,9.31,5.5,-0.7133,2.496,-0.5095
Tom Breese,Welterweight,8,E,15,,False,0.0,False,False,0.8,190.5,185.42,0.5,14.4615,0.5095,0.605,0.0691,0.133,0.0,0.7059,41.1538,0.0,1.8462,,9.22,6.25,9.67,5.11,7.98,8.23,2.08,6.01,1.29,7.02,4.59,3.07,5.69,5.5,-0.5997,1.3184,-0.3277
Tom Lawlor,Middleweight,11,D,33,15.0,False,0.0,False,False,0.625,182.88,187.96,0.1818,10.1667,0.4243,0.605,0.0779,0.3156,0.6667,0.5789,93.0833,0.1818,1.9583,,7.04,7.01,6.31,2.53,4.06,8.23,2.46,9.52,7.9,4.4,8.61,7.87,5.98,5.5,0.678,0.3006,0.8401
Tom Nolan,Lightweight,5,E,19,,False,0.0,False,False,0.9,190.5,185.42,0.2,24.8889,0.4516,0.4836,0.1741,0.1562,0.2222,0.7143,19.8889,0.2,0.5556,,9.22,6.25,6.75,9.43,5.37,2.55,6.38,6.82,3.84,7.18,2.41,8.21,2.0,5.5,-0.6859,0.7286,2.4097
Tom Watson,Middleweight,7,E,10,,False,0.0,False,False,0.6538461538461539,185.42,185.42,0.1429,20.0,0.4435,0.5017,0.33,0.2625,0.05,0.4364,30.15,0.0,0.35,,7.92,6.25,5.23,8.06,4.92,3.06,9.63,9.08,1.71,2.5,3.36,3.07,1.6,5.5,-1.0412,-0.9555,0.2469
Tomasz Drwal,Middleweight,6,E,14,,False,0.0,False,False,0.8076923076923077,185.42,193.04,0.3333,12.5,0.3811,0.57,0.144,0.264,0.9,0.8235,50.2,0.1667,2.4,,7.92,8.37,8.71,3.88,2.34,6.6,5.35,9.1,9.0,8.95,5.55,7.58,7.03,5.5,0.3118,1.1335,-0.1462
Tony DeSouza,Welterweight,6,E,10,,False,0.0,False,False,0.7333333333333333,182.88,177.8,0.0,4.0909,0.5233,0.4167,0.0222,0.2,0.5455,0.4,91.8182,0.3333,3.0909,,7.04,3.88,2.21,1.05,8.44,1.39,1.2,8.03,7.05,2.23,8.54,9.43,8.08,5.5,2.7165,0.1671,-1.8424
Tony Ferguson,Lightweight,24,B,61,1.0,True,0.0,False,False,0.7027027027027027,180.34,193.04,0.2083,22.5763,0.4585,0.5538,0.205,0.0233,0.1186,0.661,8.1356,0.25,1.5424,,6.22,8.37,7.06,8.98,5.7,5.71,7.46,1.27,2.4,6.02,1.38,8.82,4.84,5.5,-0.9352,1.0753,0.5389
Tony Gravely,Bantamweight,8,E,11,,False,0.0,False,False,0.71875,165.1,175.26,0.25,15.45,0.4619,0.4271,0.2071,0.1942,1.65,0.5,113.05,0.0,3.35,,1.73,3.2,7.69,5.71,5.89,1.47,7.51,7.89,9.94,3.27,9.32,3.07,8.41,5.5,0.8575,0.0391,0.8758
Tra Telligman,Heavyweight,5,E,9,,False,0.0,False,False,0.5833333333333334,187.96,,0.0,11.6667,0.3955,0.5742,0.1714,0.1857,0.0,0.5556,7.6667,0.2,0.1667,,8.62,9.9,2.21,3.34,2.73,6.87,6.32,7.68,1.29,4.04,1.35,8.21,1.29,5.5,-0.7991,-0.7551,-0.1315
Tracy Cortez,Women's Flyweight,8,D+,43,8.0,False,0.0,False,False,0.8571428571428571,165.1,165.1,0.0,18.92,0.4841,0.5765,0.1543,0.0888,0.64,0.5806,103.8,0.0,4.44,,1.73,1.58,2.21,7.65,6.91,7.01,5.7,3.96,7.78,4.43,9.03,3.07,9.26,5.5,1.2165,-1.5673,-0.1914
Travis Browne,Heavyweight,17,C+,54,3.0,False,0.0,False,False,0.72,198.12,200.66,0.4118,12.9032,0.4149,0.4286,0.1575,0.14,0.3548,0.75,39.0323,0.0588,3.0968,,9.93,9.39,9.37,4.1,3.63,1.49,5.79,6.26,5.39,7.9,4.38,5.38,8.1,5.5,-0.2132,0.6892,-0.4443
Travis Lutter,Middleweight,6,E,10,,False,0.0,False,False,0.625,180.34,190.5,0.1667,1.5833,0.322,0.4256,0.0,0.2632,0.5,0.3,69.0,0.1667,0.75,,6.22,7.74,5.94,1.01,1.27,1.45,1.03,9.09,6.7,1.53,7.1,7.58,2.47,5.5,1.6087,0.0815,-1.6946
Tresean Gore,Middleweight,7,E,10,,False,0.0,False,False,0.6,182.88,190.5,0.0,14.2667,0.4977,0.4068,0.271,0.1075,0.5333,0.8387,36.2667,0.4286,0.7333,,7.04,7.74,2.21,5.0,7.47,1.3,9.06,4.86,6.93,9.16,4.03,9.84,2.45,5.5,-0.3477,0.7312,-0.1784
Trevin Giles,Middleweight,14,E,12,,False,0.0,False,False,0.6956521739130435,182.88,187.96,0.2143,13.9143,0.5441,0.5801,0.1602,0.0657,0.3143,0.7209,47.6,0.0,2.4571,,7.04,7.01,7.13,4.74,9.02,7.22,5.87,2.8,4.99,7.32,5.33,3.07,7.14,5.5,-0.0599,-0.5661,-1.236
Trevin Jones,Bantamweight,6,E,9,,False,0.0,False,False,0.5652173913043478,170.18,177.8,0.1667,9.625,0.3711,0.3973,0.2143,0.0649,0.1875,0.6,48.375,0.0,1.5,,2.97,3.88,5.94,2.31,2.02,1.2,7.76,2.74,3.35,4.83,5.39,3.07,4.71,5.5,-0.001,-0.5307,-1.2215
Trevor Peek,Lightweight,5,E,10,,False,0.0,False,False,0.75,175.26,177.8,0.2,20.3846,0.5176,0.4629,0.1434,0.166,0.4615,0.5319,48.7692,0.0,1.0769,,4.48,3.88,6.75,8.23,8.28,2.06,5.33,7.19,6.36,3.66,5.45,3.07,3.48,5.5,-0.7674,-0.4227,-0.4525
Trevor Smith,Middleweight,12,E,11,,False,0.0,False,False,0.6,190.5,190.5,0.0,16.1875,0.557,0.5328,0.1969,0.2471,0.5,0.6842,107.6562,0.0,3.6875,,9.22,7.74,2.21,6.14,9.26,4.65,7.17,8.91,6.7,6.57,9.19,3.07,8.77,5.5,0.7163,-1.883,0.0697
Trey Ogden,Lightweight,7,E,11,,False,0.0,False,False,0.72,180.34,182.88,0.0,15.7143,0.5015,0.5561,0.3121,0.0545,0.619,1.0,80.7143,0.0,0.4762,,6.22,5.47,2.21,5.86,7.71,5.85,9.47,2.22,7.62,9.9,7.81,3.07,1.81,5.5,-0.1762,-1.6008,0.6164
Tsuyoshi Kohsaka,Heavyweight,6,E,9,,False,0.0,False,False,0.5869565217391305,180.34,,0.1667,8.6923,0.5136,0.6421,0.2743,0.0708,0.5385,0.5,15.4286,0.0,2.9231,,6.22,9.9,5.94,1.94,8.13,9.32,9.08,3.1,6.98,3.27,1.92,3.07,7.89,5.5,1.1141,-1.0124,1.7133
Tyron Woodley,Welterweight,16,A,81,1.0,True,4.0,False,False,0.7307692307692307,175.26,187.96,0.3125,11.0,0.4689,0.5708,0.1061,0.267,0.125,0.875,31.9583,0.0625,2.5,,4.48,7.01,8.48,3.0,6.16,6.63,3.62,9.14,2.48,9.43,3.53,5.45,7.2,5.5,-0.1207,0.5352,-1.8238
Tyson Griffin,Lightweight,14,E,12,,False,0.0,False,False,0.6666666666666666,167.64,172.72,0.0714,17.4857,0.4206,0.65,0.2598,0.1356,0.5714,0.5952,60.4286,0.0714,2.1143,,2.25,2.69,3.71,6.93,3.95,9.48,8.87,6.11,7.25,4.74,6.47,5.63,6.37,5.5,0.0295,-0.7844,0.7209
Tyson Nam,Flyweight,8,D,35,13.0,False,0.0,False,False,0.6,170.18,172.72,0.375,16.2222,0.3368,0.6544,0.2226,0.0308,0.0,0.875,8.6111,0.0,0.9444,,2.97,2.69,9.06,6.16,1.42,9.59,8.0,1.43,1.29,9.43,1.43,3.07,3.07,5.5,-1.4136,0.8514,-0.5248
Tyson Pedro,Light Heavyweight,11,D,36,12.0,False,0.0,False,False,0.6666666666666666,190.5,200.66,0.3636,12.0526,0.5948,0.5645,0.2402,0.1659,0.2105,0.5,35.4211,0.1818,1.0,,9.22,9.39,8.98,3.59,9.75,6.31,8.42,7.17,3.65,3.27,3.93,7.87,3.22,5.5,-0.6939,1.4901,-0.6927
Umar Nurmagomedov,Bantamweight,9,C+,58,1.0,False,0.0,False,False,0.9473684210526315,172.72,175.26,0.1111,18.8077,0.5647,0.6118,0.1145,0.0593,1.3077,0.7941,113.2692,0.2222,5.0385,,3.71,3.2,4.47,7.59,9.38,8.46,4.01,2.47,9.74,8.54,9.32,8.6,9.43,5.5,1.1472,0.6316,0.0449
Uriah Hall,Middleweight,19,D+,42,8.0,False,0.0,False,False,0.6206896551724138,182.88,200.66,0.4211,14.0889,0.4858,0.5441,0.235,0.0584,0.1556,0.6441,16.1111,0.0,2.0,,7.04,9.39,9.42,4.87,6.99,5.19,8.26,2.42,2.95,5.65,2.02,3.07,6.08,5.5,-0.5959,0.696,-1.2911
Urijah Faber,Bantamweight,18,C+,58,1.0,False,0.0,False,False,0.7608695652173914,167.64,170.18,0.0556,13.2037,0.4199,0.6511,0.0729,0.136,0.4815,0.62,51.5,0.3333,3.1852,,2.25,2.24,3.49,4.31,3.9,9.51,2.19,6.14,6.55,5.15,5.67,9.43,8.24,5.5,0.7539,1.0501,-0.4938
Uros Medic,Welterweight,10,D,36,12.0,False,0.0,False,False,0.7857142857142857,185.42,180.34,0.7,15.2143,0.5741,0.5569,0.1033,0.1315,0.0714,0.5556,6.5714,0.0,3.3571,,7.92,4.7,9.95,5.59,9.51,5.89,3.43,5.93,1.93,4.04,1.26,3.07,8.43,5.5,-1.5049,2.577,-1.7409
Valentina Shevchenko,Women's Bantamweight,19,A+,92,1.0,True,7.0,False,True,0.8620689655172413,165.1,167.64,0.2105,14.6667,0.5263,0.6354,0.2073,0.0945,0.8533,0.7636,91.0533,0.1053,2.7467,,1.73,1.88,7.09,5.26,8.53,9.15,7.52,4.17,8.78,8.14,8.51,6.23,7.66,5.5,0.3238,0.7135,-0.4898
Valerie Letourneau,Women's Strawweight,6,C,47,5.0,False,0.0,False,False,0.5714285714285714,170.18,172.72,0.0,22.05,0.3798,0.5888,0.093,0.1293,0.25,0.6667,31.35,0.0,1.05,,2.97,2.69,2.21,8.83,2.31,7.57,2.99,5.79,4.25,6.2,3.46,3.07,3.33,5.5,-0.7867,-1.0958,0.4021
Valter Walker,Heavyweight,5,D,36,13.0,False,0.0,False,False,0.9333333333333333,198.12,198.12,0.0,6.7143,0.5222,0.4274,0.3191,0.1064,1.2857,0.6623,112.8571,0.8,1.2857,,9.93,9.15,2.21,1.33,8.39,1.48,9.55,4.79,9.71,6.03,9.31,10.0,4.05,5.5,1.3834,2.4122,0.9521
Vanessa Demopoulos,Women's Strawweight,10,E,11,,False,0.0,False,False,0.5789473684210527,157.48,149.86,0.0,17.3462,0.3988,0.4062,0.1042,0.1397,0.1154,0.2778,36.8077,0.1,1.9615,,1.1,1.02,2.21,6.84,2.89,1.28,3.47,6.24,2.38,1.43,4.12,6.13,6.0,5.5,-0.3161,-0.398,-0.1459
Vaughan Lee,Bantamweight,8,E,10,,False,0.0,False,False,0.5185185185185185,167.64,167.64,0.0,15.1765,0.4725,0.7021,0.1938,0.155,0.2353,0.7222,28.5882,0.125,0.8824,,2.25,1.88,2.21,5.56,6.3,9.95,7.07,6.78,4.05,7.35,3.16,6.62,2.85,5.5,-0.2025,-0.8247,-0.2316
Veronica Hardy,Women's Flyweight,10,E,11,,False,0.0,False,False,0.6428571428571429,162.56,162.56,0.0,14.4444,0.4599,0.503,0.1641,0.1231,0.2593,0.5161,38.6296,0.1,1.8148,,1.42,1.36,2.21,5.1,5.79,3.11,6.02,5.57,4.35,3.49,4.31,6.13,5.6,5.5,0.2484,-0.7774,-1.3316
Viacheslav Borshchev,Lightweight,10,E,11,,False,0.0,False,False,0.5714285714285714,180.34,175.26,0.2,22.9167,0.5009,0.5741,0.2382,0.0455,0.0,0.4426,13.125,0.0,0.8333,,6.22,3.2,6.75,9.04,7.69,6.85,8.35,1.92,1.29,2.59,1.68,3.07,2.66,5.5,-1.389,-0.3978,-0.449
Vicente Luque,Welterweight,25,C,51,4.0,False,0.0,False,False,0.6764705882352942,180.34,190.5,0.32,21.0185,0.509,0.516,0.2599,0.0546,0.2593,0.5968,37.9815,0.28,1.2963,,6.22,7.74,8.53,8.53,7.96,3.85,8.88,2.23,4.35,4.77,4.25,8.99,4.11,5.5,-1.2549,1.9558,0.2793
Victor Altamirano,Flyweight,6,E,10,,False,0.0,False,False,0.7058823529411765,172.72,177.8,0.1667,20.5625,0.5231,0.5411,0.1641,0.0912,0.875,0.5909,54.5,0.0,2.875,,3.71,3.88,5.94,8.31,8.43,5.01,6.02,4.05,8.87,4.63,5.91,3.07,7.82,5.5,-0.2831,-0.4342,0.3674
Victor Henry,Bantamweight,7,E,11,,False,0.0,False,False,0.78125,170.18,172.72,0.1429,32.6842,0.5317,0.4803,0.1047,0.132,0.3158,0.8103,45.3684,0.0,1.6842,,2.97,2.69,5.23,9.93,8.71,2.49,3.52,5.95,5.01,8.77,5.05,3.07,5.18,5.5,-1.0878,-0.6598,1.4223
Victoria Leonardo,Women's Flyweight,5,E,9,,False,0.0,False,False,0.5625,165.1,162.56,0.0,11.8889,0.3463,0.4675,0.2336,0.1682,0.2222,0.7143,63.8889,0.0,0.3333,,1.73,1.36,2.21,3.46,1.57,2.15,8.21,7.26,3.84,7.18,6.69,3.07,1.56,5.5,0.3136,-1.5312,-1.1674
Viktor Pesta,Heavyweight,5,E,10,,False,0.0,False,False,0.7142857142857143,190.5,195.58,0.0,6.5833,0.3641,0.5666,0.0886,0.1266,0.9167,1.0,108.3333,0.0,3.0833,,9.22,8.81,2.21,1.31,1.86,6.41,2.82,5.71,9.05,9.9,9.2,3.07,8.07,5.5,1.2526,-1.9219,0.6284
Vinc Pichel,Lightweight,12,E,12,,False,0.0,False,False,0.7368421052631579,177.8,182.88,0.0833,18.2903,0.461,0.548,0.2892,0.1817,0.8065,0.3158,70.9677,0.0,2.7419,,5.37,5.47,3.93,7.33,5.85,5.43,9.24,7.61,8.54,1.66,7.22,3.07,7.65,5.5,0.276,-1.1379,0.0489
Vince Morales,Bantamweight,12,E,11,,False,0.0,False,False,0.6153846153846154,170.18,177.8,0.0833,16.4242,0.367,0.5455,0.083,0.072,0.2424,0.6444,24.5455,0.0,0.4545,,2.97,3.88,3.93,6.34,1.95,5.27,2.65,3.15,4.13,5.66,2.81,3.07,1.77,5.5,-0.531,-1.1136,0.1021
Vinicius Oliveira,Bantamweight,5,D,38,11.0,False,0.0,False,False,0.8846153846153846,175.26,177.8,0.2,22.4286,0.4313,0.5695,0.2293,0.0446,0.5,0.6944,56.0,0.0,2.7143,,4.48,3.88,6.75,8.92,4.36,6.56,8.14,1.9,6.7,6.79,6.07,3.07,7.6,5.5,-0.5971,-0.2652,0.6826
Vinny Magalhaes,Light Heavyweight,5,E,9,,False,0.0,False,False,0.6086956521739131,190.5,190.5,0.0,8.3,0.2448,0.6844,0.2289,0.1446,0.4,0.6667,18.7,0.2,1.1,,9.22,7.74,2.21,1.76,1.03,9.88,8.12,6.41,5.84,6.2,2.31,8.21,3.58,5.5,0.2267,-0.8751,0.372
Virna Jandiroba,Women's Strawweight,13,C+,58,1.0,False,0.0,False,False,0.88,160.02,162.56,0.0769,10.9167,0.4132,0.5554,0.0433,0.1323,1.0,0.7273,124.7778,0.2308,0.8889,,1.21,1.36,3.81,2.95,3.54,5.81,1.51,5.97,9.28,7.48,9.52,8.7,2.86,5.5,1.0607,1.0352,1.4572
Vitor Belfort,Middleweight,26,B,61,2.0,True,0.0,False,False,0.65,182.88,187.96,0.4615,7.175,0.4728,0.4642,0.0767,0.2369,0.15,0.65,14.0294,0.0769,2.3,,7.04,7.01,9.58,1.42,6.31,2.1,2.42,8.74,2.86,5.79,1.76,5.74,6.76,5.5,0.1333,1.3714,-2.1295
Vitor Miranda,Middleweight,7,E,10,,False,0.0,False,False,0.7058823529411765,185.42,195.58,0.4286,13.8235,0.459,0.5894,0.2894,0.166,0.2941,0.5,38.2941,0.0,3.5882,,7.92,8.81,9.46,4.66,5.74,7.61,9.24,7.19,4.73,3.27,4.28,3.07,8.7,5.5,0.4214,0.7005,-1.3939
Vitor Petrino,Light Heavyweight,9,D,34,15.0,False,0.0,False,False,0.8571428571428571,187.96,195.58,0.2222,13.3636,0.4876,0.5093,0.1293,0.0408,0.8182,0.8077,84.1818,0.2222,1.9091,,8.62,8.81,7.28,4.37,7.11,3.46,4.68,1.76,8.63,8.74,8.09,8.6,5.85,5.5,0.4021,0.7655,0.6183
Viviane Araujo,Women's Flyweight,13,C,47,5.0,False,0.0,False,False,0.65,162.56,172.72,0.0769,18.8293,0.4748,0.5591,0.1153,0.022,0.561,0.75,61.0244,0.0,0.6098,,1.42,2.69,3.81,7.61,6.43,6.01,4.04,1.23,7.17,7.9,6.52,3.07,2.08,5.5,-0.4445,-0.923,0.6915
Vladimir Matyushenko,Light Heavyweight,12,E,12,,False,0.0,False,False,0.7714285714285715,182.88,187.96,0.25,8.0417,0.4595,0.5639,0.1658,0.1451,0.7917,0.6957,87.5417,0.0,2.9167,,7.04,7.01,7.69,1.62,5.77,6.28,6.08,6.42,8.46,6.84,8.33,3.07,7.88,5.5,1.1825,-0.5763,-0.996
Volkan Oezdemir,Light Heavyweight,16,C+,56,2.0,False,0.0,False,False,0.7142857142857143,187.96,190.5,0.3125,21.4571,0.4836,0.5541,0.2224,0.1172,0.1429,0.8,28.7143,0.0625,1.7714,,8.62,7.74,8.48,8.66,6.88,5.72,8.0,5.27,2.75,8.62,3.19,5.45,5.47,5.5,-1.2317,0.3627,0.3774
Waldo Cortes Acosta,Heavyweight,13,C,52,4.0,False,0.0,False,False,,,,0.3846,24.4839,0.4862,0.5467,0.1436,0.0316,0.129,0.7391,26.8065,0.0,2.129,,10.0,9.9,9.13,9.35,7.04,5.33,5.34,1.46,2.54,7.69,3.03,3.07,6.42,5.5,-1.3775,0.2695,0.9186
Walt Harris,Heavyweight,16,D+,42,8.0,False,0.0,False,False,0.5652173913043478,195.58,195.58,0.375,11.7407,0.3918,0.5471,0.0757,0.0915,0.0741,0.7,13.1111,0.0,2.9259,,9.87,8.81,9.06,3.39,2.61,5.36,2.34,4.07,1.98,6.91,1.67,3.07,7.91,5.5,-0.688,0.1897,-0.6632
Wanderlei Silva,Middleweight,12,E,12,,False,0.0,False,False,0.7291666666666666,180.34,187.96,0.3333,11.6071,0.3364,0.6276,0.1662,0.2,0.0714,0.48,9.9615,0.0,1.1071,,6.22,7.01,8.71,3.3,1.41,8.94,6.11,8.03,1.93,3.04,1.49,3.07,3.6,5.5,-1.1394,0.1914,-0.9007
Wang Cong,Women's Flyweight,5,D,38,11.0,False,0.0,False,False,0.8888888888888888,167.64,167.64,0.2,28.4167,0.5581,0.6345,0.3138,0.0674,0.1667,0.8421,17.6667,0.0,0.8333,,2.25,1.88,6.75,9.79,9.28,9.13,9.51,2.87,3.1,9.19,2.19,3.07,2.66,5.5,-2.4163,0.0804,0.1246
Warlley Alves,Welterweight,16,E,12,,False,0.0,False,False,0.6521739130434783,180.34,182.88,0.1875,13.1081,0.4807,0.5071,0.2186,0.1464,0.3514,0.6296,56.973,0.1875,0.9459,,6.22,5.47,6.4,4.22,6.74,3.33,7.88,6.46,5.36,5.34,6.2,7.92,3.08,5.5,-0.3014,0.5424,-0.5309
Wellington Turman,Middleweight,9,E,11,,False,0.0,False,False,0.6923076923076923,182.88,182.88,0.0,14.8571,0.5123,0.4524,0.2083,0.1635,0.4762,0.4286,80.1429,0.1111,1.1429,,7.04,5.47,2.21,5.37,8.11,1.86,7.54,7.05,6.51,2.43,7.77,6.35,3.73,5.5,-0.0682,-1.1849,1.2079
William Gomis,Featherweight,7,E,14,,False,0.0,False,False,0.8333333333333334,182.88,185.42,0.1429,15.5714,0.4859,0.6162,0.2936,0.1621,0.2381,0.7755,44.1429,0.0,0.1429,,7.04,6.25,5.23,5.79,7.0,8.6,9.3,7.01,4.09,8.31,4.92,3.07,1.24,5.5,-0.3868,-0.562,-1.0723
William Knight,Light Heavyweight,7,E,10,,False,0.0,False,False,0.6875,177.8,185.42,0.1429,9.1579,0.4833,0.3728,0.3103,0.1667,0.4737,0.45,38.8947,0.0,1.5263,,5.37,6.25,5.23,2.1,6.85,1.12,9.45,7.22,6.48,2.7,4.34,3.07,4.8,5.5,0.3709,-1.266,-0.5894
Wilson Gouveia,Light Heavyweight,10,E,11,,False,0.0,False,False,0.6363636363636364,185.42,193.04,0.2,11.1667,0.3996,0.5652,0.2935,0.0746,0.2222,0.5789,26.1667,0.4,2.1111,,7.92,8.37,6.75,3.04,2.93,6.34,9.3,3.28,3.84,4.4,2.96,9.73,6.36,5.5,-0.1071,1.8343,0.9551
Wilson Reis,Flyweight,13,C+,54,3.0,False,0.0,False,False,0.696969696969697,162.56,165.1,0.0,8.4688,0.2955,0.5586,0.31,0.1365,1.5938,0.4737,106.6875,0.1538,1.625,,1.42,1.58,2.21,1.81,1.15,5.97,9.44,6.17,9.89,2.93,9.15,7.29,5.05,5.5,1.2628,-0.5723,0.9097
Wu Yanan,Women's Bantamweight,6,E,10,,False,0.0,False,False,0.6842105263157895,172.72,167.64,0.0,20.6,0.4142,0.4993,0.2006,0.178,0.2,0.6316,47.2,0.1667,0.5333,,3.71,1.88,2.21,8.32,3.58,2.97,7.29,7.5,3.52,5.38,5.26,7.58,1.92,5.5,-0.6393,-0.2847,0.1222
Yair Rodriguez,Featherweight,16,C+,58,1.0,False,0.0,False,False,0.7777777777777778,180.34,180.34,0.25,21.3913,0.4695,0.528,0.251,0.065,0.2174,0.5942,23.3261,0.0625,3.2826,,6.22,4.7,7.69,8.64,6.18,4.39,8.72,2.75,3.77,4.73,2.74,5.45,8.33,5.5,-0.4194,0.4855,0.2641
Yan Cabral,Lightweight,5,E,13,,False,0.0,False,False,0.8125,180.34,185.42,0.0,8.2143,0.4675,0.6117,0.113,0.1652,0.7857,0.2857,124.0714,0.2,2.7143,,6.22,6.25,2.21,1.7,6.08,8.45,3.92,7.14,8.45,1.46,9.49,8.21,7.6,5.5,1.4967,-0.5132,-0.1868
Yan Xiaonan,Women's Strawweight,13,C+,58,1.0,False,0.0,False,False,0.7916666666666666,165.1,160.02,0.0769,22.9,0.4512,0.6026,0.214,0.0753,0.275,0.6491,23.775,0.0,1.35,,1.73,1.2,3.81,9.03,5.33,8.15,7.73,3.31,4.55,5.77,2.75,3.07,4.27,5.5,-0.9586,-0.5377,-0.6212
Yana Santos,Women's Bantamweight,12,C,47,5.0,False,0.0,False,False,0.6666666666666666,167.64,172.72,0.0,21.1562,0.5786,0.5281,0.2526,0.3855,0.25,0.5161,84.9375,0.0,1.0938,,2.25,2.69,2.21,8.57,9.57,4.41,8.75,9.83,4.25,3.49,8.13,3.07,3.55,5.5,-0.3088,-1.4567,-1.0368
Yancy Medeiros,Lightweight,15,D,33,15.0,False,0.0,False,False,0.6521739130434783,177.8,190.5,0.1333,19.0,0.3715,0.4718,0.1107,0.0853,0.1034,0.6316,21.6897,0.2,1.2759,,5.37,7.74,4.94,7.66,2.03,2.3,3.8,3.75,2.26,5.38,2.59,8.21,4.02,5.5,-1.2815,0.3675,0.5024
Yaotzin Meza,Featherweight,7,E,10,,False,0.0,False,False,0.65625,175.26,180.34,0.0,6.7222,0.4116,0.6451,0.3471,0.0909,0.3333,0.1818,80.3333,0.1429,0.5556,,4.48,4.7,2.21,1.33,3.46,9.36,9.7,4.02,5.18,1.15,7.78,7.04,2.0,5.5,0.7243,-0.6064,0.0426
Yazmin Jauregui,Women's Strawweight,5,E,13,,False,0.0,False,False,0.8461538461538461,160.02,162.56,0.2,28.2,0.3944,0.5477,0.2092,0.0957,0.0,1.0,18.3,0.0,2.3,,1.21,1.36,6.75,9.78,2.69,5.39,7.56,4.2,1.29,9.9,2.25,3.07,6.76,5.5,-2.1008,0.3899,0.9723
Yoel Romero,Middleweight,13,C+,58,1.0,False,0.0,False,False,0.7222222222222222,182.88,185.42,0.5385,15.5116,0.4933,0.6071,0.2174,0.1199,0.4884,0.8056,34.186,0.0,2.3256,,7.04,6.25,9.76,5.76,7.32,8.3,7.84,5.41,6.59,8.7,3.74,3.07,6.84,5.5,-0.7686,1.4075,-0.3324
Yoshihiro Akiyama,Middleweight,7,E,10,,False,0.0,False,False,0.7,177.8,190.5,0.0,15.8421,0.3919,0.5496,0.1296,0.0299,0.6316,0.8824,69.9474,0.0,2.7895,,5.37,7.74,2.21,5.95,2.62,5.52,4.7,1.41,7.7,9.47,7.15,3.07,7.71,5.5,-0.0323,-1.8531,0.1741
Yoshiyuki Yoshida,Welterweight,5,E,9,,False,0.0,False,False,0.6666666666666666,180.34,177.8,0.0,2.5714,0.36,0.3607,0.1667,0.3333,0.2857,0.25,58.0,0.4,0.4286,,6.22,3.88,2.21,1.02,1.8,1.07,6.14,9.64,4.65,1.31,6.29,9.73,1.72,5.5,1.5774,0.6201,-0.9886
Youssef Zalal,Featherweight,13,D+,43,7.0,False,0.0,False,False,0.7727272727272727,177.8,182.88,0.0,12.9714,0.509,0.6486,0.1982,0.0617,0.5714,0.5581,81.2857,0.3077,1.0571,,5.37,5.47,2.21,4.15,7.96,9.44,7.21,2.61,7.25,4.1,7.89,9.29,3.37,5.5,0.3225,0.4261,0.583
Yushin Okami,Middleweight,21,C+,54,3.0,False,0.0,False,False,0.7391304347826086,187.96,190.5,0.2381,9.3273,0.3846,0.61,0.0682,0.1345,0.6,0.8462,104.6364,0.0,2.8909,,8.62,7.74,7.53,2.17,2.38,8.41,2.07,6.05,7.45,9.21,9.06,3.07,7.86,5.5,0.8229,-0.4586,-0.4594
Yuta Sasaki,Flyweight,9,E,12,,False,0.0,False,False,0.7777777777777778,177.8,180.34,0.0,8.6875,0.4137,0.5,0.1655,0.0935,0.8125,0.4118,49.6875,0.4444,1.9375,,5.37,4.7,2.21,1.93,3.56,3.0,6.05,4.14,8.59,2.31,5.53,9.87,5.91,5.5,1.1119,1.1639,-0.6938
Yves Edwards,Lightweight,21,E,13,,False,0.0,False,False,0.65625,175.26,185.42,0.2381,12.1957,0.4276,0.6784,0.2389,0.1676,0.1304,0.7188,51.8261,0.0952,1.913,,4.48,6.25,7.53,3.68,4.17,9.81,8.38,7.25,2.58,7.27,5.71,6.02,5.86,5.5,-0.0436,0.318,-1.1986
Yves Jabouin,Bantamweight,10,D,33,15.0,False,0.0,False,False,0.6451612903225806,170.18,172.72,0.0,14.2857,0.4172,0.6316,0.1833,0.0667,0.619,0.8095,78.381,0.0,1.8095,,2.97,2.69,2.21,5.02,3.77,9.06,6.73,2.83,7.62,8.76,7.68,3.07,5.58,5.5,0.4124,-1.7554,-1.0023
Zabit Magomedsharipov,Featherweight,6,C+,57,2.0,False,0.0,False,False,0.9473684210526315,185.42,185.42,0.0,23.75,0.4847,0.6491,0.2053,0.0395,1.6875,0.7778,94.5,0.5,3.5625,,7.92,6.25,2.21,9.2,6.93,9.46,7.48,1.68,9.96,8.36,8.69,9.93,8.65,5.5,0.695,1.5972,2.1723
Zach Makovsky,Flyweight,7,D+,44,6.0,False,0.0,False,False,0.7142857142857143,162.56,162.56,0.0,9.7143,0.4304,0.6234,0.2304,0.1422,1.2381,0.5652,73.6667,0.0,1.5714,,1.42,1.36,2.21,2.33,4.31,8.84,8.17,6.34,9.64,4.18,7.4,3.07,4.89,5.5,0.998,-1.4777,0.5431
Zach Reese,Middleweight,8,E,13,,False,0.0,False,False,,,,0.125,17.0667,0.5424,0.4402,0.1953,0.1133,0.7333,0.55,42.0,0.125,2.2667,,10.0,9.9,4.77,6.67,8.97,1.63,7.1,5.1,8.19,3.94,4.71,6.62,6.71,5.5,-0.0585,-0.3519,0.4381
Zak Cummings,Welterweight,14,E,13,,False,0.0,False,False,0.78125,182.88,190.5,0.1429,14.5294,0.3593,0.5629,0.2085,0.1174,0.2059,0.6897,41.5588,0.2857,1.1176,,7.04,7.74,5.23,5.17,1.79,6.17,7.54,5.29,3.59,6.69,4.64,9.09,3.64,5.5,-0.8865,0.8932,0.2934
Zak Ottow,Welterweight,8,E,11,,False,0.0,False,False,0.7083333333333334,180.34,182.88,0.125,11.9412,0.3684,0.5863,0.2217,0.0345,0.2941,0.5714,38.9412,0.0,1.2941,,6.22,5.47,4.77,3.49,1.97,7.45,7.98,1.53,4.73,4.28,4.36,3.07,4.09,5.5,-0.4787,-0.9786,-0.2132
Zhalgas Zhumagulov,Flyweight,7,E,10,,False,0.0,False,False,0.6086956521739131,162.56,167.64,0.0,25.0,0.4306,0.5217,0.3129,0.0447,0.4118,0.75,31.3529,0.1429,0.1176,,1.42,1.88,2.21,9.46,4.32,4.09,9.48,1.91,5.92,7.9,3.47,7.04,1.17,5.5,-1.3267,-0.5342,2.031
Zhang Weili,Women's Strawweight,13,A,80,1.0,True,3.0,False,False,0.896551724137931,162.56,160.02,0.1538,21.6047,0.5269,0.5314,0.239,0.0883,0.6047,0.6364,80.5581,0.1538,6.8605,,1.42,1.2,5.57,8.72,8.55,4.62,8.39,3.91,7.48,5.49,7.8,7.29,9.86,5.5,0.6748,1.0507,-0.2345
Zubaira Tukhugov,Featherweight,9,E,12,,False,0.0,False,False,0.7692307692307693,172.72,172.72,0.2222,15.5217,0.3993,0.6381,0.0252,0.0672,0.6957,1.0,47.3913,0.0,1.3478,,3.71,2.69,7.28,5.77,2.91,9.19,1.27,2.86,8.07,9.9,5.29,3.07,4.26,5.5,-0.4927,-0.0683,-0.0887
