name,height_cm,weight_kg,reach_cm,stance,dob,splm,str_acc,sapm,str_def,td_avg,td_avg_acc,td_def,sub_avg,wins,losses,draws
AJ Cunningham,177.8,61.23,180.34,Orthodox,1994-09-07,4.22,29.0,6.31,48.0,0.0,0.0,46.0,0.5,11.0,5.0,0.0
AJ Dobson,185.42,83.91,193.04,Orthodox,1992-01-18,4.29,46.0,5.31,46.0,1.67,75.0,65.0,0.3,7.0,3.0,0.0
AJ Fletcher,177.8,77.11,170.18,Switch,1997-02-18,3.36,49.0,4.61,46.0,1.54,35.0,33.0,0.9,10.0,3.0,0.0
AJ Fonseca,162.56,65.77,,,,,,,,,,,,,,
AJ Matthews,180.34,83.91,,,,,,,,,,,,,,
AJ McKee,177.8,65.77,,,,,,,,,,,,,,
AJ Siscoe,170.18,61.23,,,,,,,,,,,,,,
Aalon Cruz,182.88,65.77,198.12,Switch,1989-09-20,7.58,39.0,8.88,58.0,0.0,0.0,0.0,0.0,8.0,4.0,0.0
Aaron Brink,190.5,92.99,,Orthodox,1974-11-12,3.49,42.0,5.71,57.0,0.0,0.0,0.0,0.0,26.0,26.0,0.0
Aaron Ely,172.72,61.23,,,1989-03-18,,,,,,,,,,,
Aaron Jeffery,187.96,83.91,185.42,Orthodox,1992-11-14,,,,,,,,,,,
Aaron Lanfranco,,70.31,,,1986-08-26,,,,,,,,,,,
Aaron Miller,175.26,65.77,,,,,,,,,,,,,,
Aaron Phillips,175.26,61.23,180.34,Southpaw,1989-08-05,1.51,53.0,3.66,43.0,0.86,50.0,44.0,0.6,12.0,5.0,0.0
Aaron Pico,172.72,65.77,177.8,Orthodox,1996-09-23,3.88,44.0,2.39,50.0,8.96,66.0,0.0,0.0,13.0,5.0,0.0
Aaron Riley,172.72,70.31,175.26,Southpaw,1980-12-09,3.45,34.0,3.78,61.0,1.18,34.0,60.0,0.1,30.0,14.0,1.0
Aaron Rosa,193.04,92.99,195.58,Orthodox,1983-05-28,4.03,47.0,4.41,45.0,0.36,33.0,85.0,0.4,18.0,6.0,0.0
Aaron Simpson,182.88,77.11,185.42,Orthodox,1974-07-20,3.6,52.0,2.53,56.0,3.78,34.0,83.0,0.5,12.0,5.0,0.0
Aaron Tau,162.56,56.7,167.64,Switch,1993-08-21,,,,,,,,,,,
Aaron Trujillo,165.1,56.7,,,,,,,,,,,,,,
Aaron Wetherspoon,,77.11,,,,,,,,,,,,,,
Aaron Wilkinson,177.8,70.31,,Orthodox,1987-01-31,0.0,0.0,0.0,100.0,7.32,100.0,0.0,0.0,11.0,7.0,0.0
Abdellah Er-Ramy,182.88,83.91,187.96,Orthodox,1996-09-19,,,,,,,,,,,
Abdul Azeem Badakhshi,,65.77,,,,,,,,,,,,,,
Abdul Rakhman Yakhyaev,187.96,92.99,198.12,Orthodox,2001-01-03,,,,,,,,,,,
Abdul Razak Alhassan,177.8,83.91,185.42,Orthodox,1985-08-11,3.64,49.0,4.01,54.0,0.84,33.0,51.0,0.2,12.0,7.0,0.0
Abdul-Kareem Al-Selwady,172.72,70.31,175.26,Orthodox,1995-04-10,4.14,34.0,3.6,59.0,2.32,30.0,20.0,0.0,15.0,4.0,0.0
Abdul-Kerim Edilov,187.96,92.99,,Orthodox,1991-11-25,10.22,61.0,0.13,92.0,3.98,100.0,0.0,2.0,17.0,4.0,0.0
Abel Cullum,170.18,63.05,,Orthodox,1987-04-21,,,,,,,,,,,
Abel Trujillo,172.72,70.31,177.8,Orthodox,1983-09-18,2.65,41.0,2.31,59.0,2.18,45.0,40.0,0.4,15.0,8.0,0.0
Abner Lloveras,180.34,70.31,,,1982-09-04,6.27,49.0,6.87,43.0,2.0,20.0,0.0,0.0,20.0,9.0,1.0
Abongo Humphrey,180.34,92.99,,Orthodox,,,,,,,,,,,,
Abram Torres,177.8,77.11,,,1982-10-29,,,,,,,,,,,
Abu Azaitar,175.26,83.91,193.04,Orthodox,1986-03-10,4.38,43.0,4.32,51.0,1.0,37.0,42.0,0.0,14.0,4.0,1.0
Abubakar Nurmagomedov,180.34,77.11,182.88,Orthodox,1989-11-13,2.78,53.0,2.61,65.0,1.25,22.0,88.0,0.0,17.0,4.0,1.0
Abubakar Vagaev,,77.11,,,1993-04-14,,,,,,,,,,,
Abus Magomedov,187.96,83.91,198.12,Orthodox,1990-09-02,3.21,48.0,3.68,56.0,2.65,57.0,100.0,0.2,28.0,6.0,1.0
Acacio Dos Santos,193.04,92.99,200.66,Orthodox,1991-09-29,,,,,,,,,,,
Achilles Estremadura,177.8,70.31,172.72,Orthodox,1992-03-11,,,,,,,,,,,
Achmed Labasanov,190.5,97.52,,Orthodox,1978-04-24,,,,,,,,,,,
Adam Antolin,165.1,56.7,160.02,Orthodox,1982-02-28,,,,,,,,,,,
Adam Bramhald,177.8,61.23,177.8,Orthodox,1994-03-24,,,,,,,,,,,
Adam Cella,187.96,77.11,,,1985-06-26,1.91,42.0,2.61,51.0,3.92,75.0,50.0,1.3,6.0,8.0,0.0
Adam Fugitt,185.42,77.11,195.58,Southpaw,1989-01-12,4.59,46.0,4.54,51.0,1.83,25.0,50.0,0.0,10.0,5.0,0.0
Adam Hunter,185.42,83.91,,Orthodox,1983-10-16,,,,,,,,,,,
Adam Khaliev,182.88,77.11,,Orthodox,1984-04-16,,,,,,,,,,,
Adam Livingston,187.96,70.31,180.34,Orthodox,2001-08-15,,,,,,,,,,,
Adam Lynn,177.8,70.31,,Orthodox,,,,,,,,,,,,
Adam Meredith,187.96,77.11,,,,,,,,,,,,,,
Adam Milstead,190.5,92.99,193.04,Orthodox,1987-07-03,3.85,46.0,4.79,43.0,0.0,0.0,64.0,0.0,8.0,4.0,0.0
Adam Piccolotti,180.34,70.31,,,1988-10-23,,,,,,,,,,,
Adam Schindler,172.72,70.31,,,1983-05-19,,,,,,,,,,,
Adam Smith,,,,,,,,,,,,,,,,
Adam Steele,,77.11,,,,,,,,,,,,,,
Adam Wieczorek,195.58,113.4,205.74,Orthodox,1992-02-05,1.68,38.0,1.87,48.0,0.41,33.0,58.0,0.4,10.0,2.0,0.0
Adam Yandiev,175.26,83.91,187.96,Orthodox,1988-08-07,0.18,8.0,6.14,36.0,0.0,0.0,25.0,0.0,9.0,1.0,0.0
Adilet Nurmatov,,70.31,,,1997-08-02,,,,,,,,,,,
Adin Duenas,167.64,65.77,,,1988-07-02,,,,,,,,,,,
Adlan Amagov,187.96,77.11,193.04,Orthodox,1986-10-30,3.29,47.0,0.82,78.0,5.84,56.0,100.0,0.0,14.0,2.0,1.0
Adli Edwards,,65.77,,,1989-08-28,,,,,,,,,,,
Adrian Diaz,177.8,65.77,,Southpaw,1988-04-26,,,,,,,,,,,
Adrian Serrano,172.72,77.11,,,1963-12-23,0.0,0.0,0.0,0.0,0.0,0.0,0.0,0.0,56.0,29.0,4.0
Adrian Yanez,170.18,61.23,177.8,Orthodox,1993-11-29,6.23,41.0,5.75,54.0,0.0,0.0,81.0,0.0,17.0,6.0,0.0
Adriano Martins,177.8,70.31,182.88,Southpaw,1982-12-16,1.8,38.0,2.14,65.0,0.83,80.0,81.0,0.4,28.0,9.0,0.0
Adriano Santos,,,,,,0.0,0.0,0.0,0.0,0.0,0.0,0.0,0.0,0.0,1.0,0.0
Adrienna Jenkins,172.72,65.77,,,1981-07-22,,,,,,,,,,,
Agulali,175.26,56.7,170.18,Switch,2005-04-07,,,,,,,,,,,
Ahejiang Ailinuer,,65.77,,,,,,,,,,,,,,
Ahmad Hassanzada,185.42,70.31,190.5,Orthodox,1996-11-20,,,,,,,,,,,
Aiemann Zahabi,172.72,61.23,172.72,Orthodox,1987-11-19,4.42,46.0,4.13,69.0,0.14,14.0,83.0,0.0,13.0,2.0,0.0
Ailin Perez,165.1,61.23,167.64,Switch,1994-10-05,3.1,54.0,1.79,55.0,4.68,46.0,66.0,0.2,12.0,2.0,0.0
Ailiya Muratbek,,70.31,,,,,,,,,,,,,,
Aisling Daly,157.48,52.16,162.56,Orthodox,1987-12-24,2.92,52.0,1.4,55.0,2.15,41.0,33.0,0.9,16.0,6.0,0.0
Aji Susilo,177.8,70.31,,,,,,,,,,,,,,
Akbarh Arreola,177.8,70.31,180.34,Southpaw,1983-01-14,2.32,45.0,4.01,56.0,1.07,100.0,33.0,0.4,23.0,11.0,1.0
Akihiro Gono,170.18,77.11,172.72,Switch,1974-10-07,2.18,48.0,2.67,63.0,1.01,84.0,46.0,0.5,35.0,21.0,8.0
Akihito Tanaka,,,,Southpaw,,,,,,,,,,,,
Akira Corassani,172.72,65.77,172.72,Orthodox,1982-08-27,3.25,45.0,4.91,50.0,0.7,28.0,86.0,0.0,12.0,6.0,0.0
Akira Kikuchi,172.72,70.31,,Orthodox,1978-07-23,,,,,,,,,,,
Akira Shoji,172.72,88.45,,Orthodox,1974-01-31,,,,,,,,,,,
Akitoshi Tamura,175.26,61.23,177.8,Orthodox,1980-05-31,,,,,,,,,,,
Akiyo Nishiura,172.72,63.05,,Southpaw,1983-08-08,,,,,,,,,,,
Al Iaquinta,177.8,70.31,177.8,Orthodox,1987-04-30,4.06,40.0,4.53,61.0,0.63,18.0,74.0,0.2,14.0,7.0,1.0
Al Matavao,172.72,92.99,170.18,Orthodox,1994-02-23,,,,,,,,,,,
Alain Van der Merckt,,83.91,,,1993-06-11,,,,,,,,,,,
Alan Baudot,190.5,110.22,200.66,Orthodox,1988-02-01,5.36,58.0,4.82,46.0,0.0,0.0,62.0,0.0,8.0,3.0,0.0
Alan Belcher,187.96,83.91,190.5,Orthodox,1984-04-24,2.7,41.0,3.1,59.0,0.44,26.0,55.0,0.9,18.0,8.0,0.0
Alan Gomez,,70.31,,,,,,,,,,,,,,
Alan Hiro,165.1,61.23,,Orthodox,1986-04-04,,,,,,,,,,,
Alan Jouban,182.88,77.11,185.42,Southpaw,1981-11-25,5.67,50.0,3.77,60.0,0.51,44.0,58.0,0.3,17.0,7.0,0.0
Alan Omer,177.8,65.77,,Orthodox,1988-09-14,3.49,55.0,2.21,64.0,1.69,42.0,66.0,0.0,20.0,5.0,0.0
Alan Patrick,180.34,70.31,187.96,Southpaw,1983-07-19,1.82,40.0,2.95,43.0,3.01,33.0,43.0,0.3,15.0,4.0,0.0
Alatengheili,165.1,61.23,167.64,Orthodox,1991-12-14,2.82,32.0,5.12,57.0,1.74,43.0,75.0,0.0,17.0,10.0,2.0
Alavutdin Gadjiev,187.96,83.91,,Orthodox,1982-06-23,,,,,,,,,,,
Albert Cheng,180.34,77.11,,Orthodox,1985-02-07,1.0,41.0,2.6,71.0,0.0,0.0,0.0,0.0,7.0,4.0,0.0
Albert Duraev,180.34,83.91,190.5,Orthodox,1989-01-05,2.99,40.0,3.01,59.0,1.97,29.0,66.0,0.6,16.0,5.0,0.0
Albert Morales,175.26,61.23,182.88,Orthodox,1991-05-25,3.81,35.0,3.96,56.0,0.91,35.0,70.0,0.2,7.0,4.0,1.0
Albert Rios,172.72,65.77,,,,,,,,,,,,,,
Albert Tadevosyan,,77.11,,,1992-04-12,,,,,,,,,,,
Albert Tumenov,180.34,77.11,185.42,Orthodox,1991-12-26,3.76,42.0,3.34,58.0,0.2,20.0,75.0,0.0,18.0,4.0,0.0
Alberta Cerra Leon,172.72,107.95,,,,0.0,0.0,0.0,0.0,0.0,0.0,0.0,0.0,0.0,1.0,0.0
Alberto Crane,165.1,70.31,,Orthodox,1976-07-14,0.43,25.0,2.61,57.0,0.0,0.0,50.0,4.0,15.0,5.0,0.0
Alberto Mina,182.88,77.11,195.58,Orthodox,1982-05-02,3.23,38.0,3.7,47.0,1.85,20.0,50.0,0.0,13.0,1.0,0.0
Alberto Montes,170.18,65.77,175.26,Orthodox,1994-05-31,,,,,,,,,,,
Alberto Uda,190.5,83.91,,Orthodox,1984-08-08,1.79,52.0,3.49,45.0,2.83,50.0,66.0,0.0,12.0,2.0,0.0
Alden Coria,172.72,56.7,170.18,Orthodox,1998-04-24,,,,,,,,,,,
Alejandro Flores,177.8,65.77,185.42,Orthodox,1991-08-06,,,,,,,,,,,
Alejandro Garcia,170.18,65.77,,,,,,,,,,,,,,
Alejandro Perez,167.64,61.23,170.18,Orthodox,1989-09-02,3.45,35.0,3.18,61.0,0.54,22.0,70.0,0.3,23.0,9.0,1.0
Alejandro Villalobos,170.18,65.77,,,1979-10-26,,,,,,,,,,,
Aleksa Camur,185.42,92.99,187.96,Orthodox,1995-09-25,4.73,57.0,4.26,54.0,0.46,22.0,50.0,0.0,6.0,3.0,0.0
Aleksandar Rakic,193.04,92.99,198.12,Orthodox,1992-02-06,4.16,50.0,2.91,51.0,0.66,23.0,85.0,0.1,14.0,5.0,0.0
Aleksander Emelianenko,198.12,115.67,,Orthodox,1981-08-02,,,,,,,,,,,
Aleksandra Albu,157.48,52.16,160.02,Orthodox,1990-07-14,4.83,47.0,5.56,38.0,2.27,50.0,77.0,0.4,3.0,2.0,0.0
Aleksandre Topuria,170.18,61.23,172.72,Orthodox,1996-01-28,2.73,51.0,2.53,70.0,1.0,50.0,100.0,0.0,6.0,1.0,0.0
Aleksei Kunchenko,172.72,77.11,177.8,Orthodox,1984-05-02,3.67,44.0,2.83,63.0,0.25,33.0,80.0,0.0,20.0,2.0,0.0
Aleksei Oleinik,187.96,108.86,203.2,Orthodox,1977-06-20,3.29,48.0,3.8,44.0,1.82,46.0,37.0,1.9,60.0,17.0,1.0
Alen Amedovski,177.8,83.91,187.96,Orthodox,1988-04-06,0.99,30.0,3.85,46.0,0.0,0.0,0.0,0.0,8.0,4.0,0.0
Alessandro Costa,162.56,56.7,170.18,Orthodox,1996-01-28,4.14,47.0,3.5,57.0,0.27,12.0,90.0,0.0,14.0,4.0,0.0
Alessio Di Chirico,182.88,83.91,187.96,Orthodox,1989-12-12,3.32,39.0,3.44,61.0,1.46,39.0,83.0,0.0,13.0,7.0,0.0
Alessio Sakara,182.88,83.91,182.88,Orthodox,1981-09-02,3.96,47.0,2.8,59.0,2.18,78.0,62.0,0.0,19.0,11.0,0.0
Alex Andrade,180.34,90.72,,Orthodox,1974-05-14,0.2,36.0,2.6,53.0,0.0,0.0,25.0,0.8,10.0,5.0,0.0
Alex Caceres,177.8,65.77,185.42,Southpaw,1988-06-20,4.21,49.0,3.09,62.0,0.54,68.0,64.0,0.7,21.0,15.0,0.0
Alex Chambers,160.02,52.16,160.02,Southpaw,1978-10-25,2.97,54.0,5.1,50.0,2.31,41.0,53.0,1.0,5.0,5.0,0.0
Alex Crispin,,70.31,,,,,,,,,,,,,,
Alex Da Silva,172.72,70.31,185.42,Orthodox,1996-02-04,2.14,46.0,2.52,56.0,1.97,43.0,76.0,0.3,21.0,4.0,0.0
Alex Dunworth,172.72,70.31,,,,,,,,,,,,,,
Alex Enlund,177.8,65.77,,Orthodox,1987-05-27,,,,,,,,,,,
Alex Garcia,175.26,77.11,182.88,Orthodox,1987-07-14,1.81,31.0,3.03,59.0,3.72,52.0,66.0,0.1,15.0,6.0,0.0
Alex Gilpin,170.18,65.77,,Orthodox,1992-03-26,,,,,,,,,,,
Alex Gorgees,187.96,70.31,187.96,Switch,1995-08-11,0.67,32.0,2.27,38.0,0.0,0.0,54.0,0.0,6.0,1.0,0.0
Alex Higley,177.8,65.77,,,,,,,,,,,,,,
Alex Huddleston,200.66,115.21,,,1986-08-11,,,,,,,,,,,
Alex Hunter,175.26,102.51,,Orthodox,,0.0,0.0,0.0,0.0,0.0,0.0,0.0,0.0,2.0,0.0,0.0
Alex Karalexis,172.72,70.31,167.64,Orthodox,1977-09-20,2.57,42.0,2.39,54.0,2.7,45.0,86.0,0.9,10.0,6.0,0.0
Alex Morono,180.34,77.11,182.88,Orthodox,1990-08-16,5.03,40.0,4.78,56.0,0.33,24.0,47.0,0.3,24.0,12.0,0.0
Alex Nicholson,193.04,83.91,195.58,Orthodox,1990-05-02,4.12,43.0,4.65,47.0,0.0,0.0,50.0,0.5,7.0,4.0,0.0
Alex Oliveira,180.34,77.11,193.04,Orthodox,1988-02-21,2.99,51.0,2.55,46.0,2.35,38.0,63.0,0.6,22.0,12.0,1.0
Alex Pereira,193.04,92.99,200.66,Orthodox,1987-07-07,5.0,62.0,3.5,53.0,0.11,50.0,78.0,0.2,12.0,3.0,0.0
Alex Perez,167.64,56.7,165.1,Orthodox,1992-03-21,4.19,46.0,3.2,58.0,2.04,46.0,77.0,0.8,25.0,9.0,0.0
Alex Reyes,180.34,70.31,185.42,Orthodox,1986-10-02,4.46,46.0,6.92,48.0,1.5,28.0,0.0,0.0,13.0,5.0,0.0
Alex Ricci,180.34,70.31,,Orthodox,1982-07-21,2.48,41.0,2.53,64.0,0.0,0.0,64.0,0.0,10.0,5.0,0.0
Alex Schoenauer,190.5,83.91,,Orthodox,1976-05-05,1.22,40.0,2.27,42.0,0.0,0.0,22.0,4.9,15.0,10.0,0.0
Alex Serdyukov,187.96,77.11,187.96,Orthodox,1980-05-24,,,,,,,,,,,
Alex Soto,172.72,61.23,,Southpaw,1984-02-15,2.95,25.0,5.02,59.0,2.82,30.0,0.0,0.0,8.0,3.0,1.0
Alex Stiebling,187.96,92.99,,Southpaw,,1.77,42.0,1.45,52.0,0.35,66.0,66.0,0.7,19.0,11.0,1.0
Alex Torres,177.8,65.77,,Orthodox,1988-05-29,2.47,37.0,2.73,69.0,2.0,22.0,50.0,0.0,5.0,4.0,0.0
Alex White,182.88,70.31,180.34,Southpaw,1988-10-22,3.76,42.0,3.07,60.0,0.92,28.0,71.0,0.5,13.0,6.0,0.0
Alex Zuniga,,65.77,,,,,,,,,,,,,,
Alexa Grasso,165.1,56.7,167.64,Orthodox,1993-08-09,4.11,41.0,3.73,58.0,0.41,35.0,54.0,0.6,16.0,5.0,1.0
Alexander Crispim,,65.77,,,,,,,,,,,,,,
Alexander Gustafsson,195.58,92.99,200.66,Orthodox,1987-01-15,4.03,40.0,3.53,51.0,1.53,39.0,83.0,0.4,18.0,8.0,0.0
Alexander Hernandez,175.26,70.31,182.88,Orthodox,1992-10-01,4.36,40.0,4.6,58.0,1.2,36.0,73.0,0.1,17.0,8.0,0.0
Alexander Morgan,177.8,65.77,180.34,Orthodox,1991-05-14,,,,,,,,,,,
Alexander Munoz,175.26,70.31,182.88,Switch,1990-02-27,3.7,42.0,4.73,55.0,3.0,40.0,100.0,0.0,7.0,2.0,0.0
Alexander Otsuka,185.42,92.99,,Orthodox,1971-07-17,,,,,,,,,,,
Alexander Poppeck,187.96,92.99,,Orthodox,1992-04-06,,,,,,,,,,,
Alexander Sarnavskiy,180.34,70.31,,,1989-01-17,,,,,,,,,,,
Alexander Shlemenko,180.34,83.91,,,1984-05-20,,,,,,,,,,,
Alexander Soldatkin,187.96,113.4,190.5,Orthodox,1993-06-10,,,,,,,,,,,
Alexander Trevino,,77.11,,,,,,,,,,,,,,
Alexander Volkanovski,167.64,65.77,180.34,Orthodox,1988-09-29,6.18,56.0,3.36,58.0,1.67,34.0,70.0,0.2,27.0,4.0,0.0
Alexander Volkov,200.66,113.4,203.2,Orthodox,1988-10-24,4.97,57.0,2.99,54.0,0.61,66.0,72.0,0.2,38.0,11.0,0.0
Alexander Yakovlev,190.5,70.31,187.96,Southpaw,1984-07-18,1.74,47.0,2.41,58.0,1.66,35.0,72.0,0.1,24.0,10.0,1.0
Alexandr Romanov,187.96,118.84,190.5,Southpaw,1990-12-11,3.78,51.0,2.13,54.0,4.49,55.0,28.0,0.9,18.0,3.0,0.0
Alexandre Barros,175.26,77.11,,Southpaw,1976-11-19,0.98,40.0,4.05,36.0,1.84,50.0,100.0,0.0,22.0,11.0,0.0
Alexandre Dantas,187.96,107.95,,Orthodox,1979-03-01,0.21,25.0,1.87,60.0,0.0,0.0,0.0,3.1,0.0,3.0,0.0
Alexandre Ferreira,170.18,92.99,,Orthodox,1979-04-25,2.57,60.0,8.14,42.0,0.0,0.0,0.0,0.0,18.0,6.0,0.0
Alexandre Franca Nogueira,170.18,65.77,,Orthodox,1978-01-15,,,,,,,,,,,
Alexandre Pantoja,165.1,56.7,170.18,Orthodox,1990-04-16,4.36,50.0,3.88,49.0,2.8,47.0,69.0,1.0,30.0,5.0,0.0
Alexandru Lungu,182.88,174.63,,Orthodox,1974-09-03,,,,,,,,,,,
Alexia Thainara,162.56,52.16,170.18,Orthodox,1995-11-20,5.73,40.0,2.82,70.0,3.07,100.0,0.0,2.3,12.0,1.0,0.0
Alexis Davis,167.64,61.23,172.72,Orthodox,1984-10-04,4.63,49.0,4.45,54.0,0.95,44.0,34.0,0.7,21.0,11.0,0.0
Alexis Dufresne,175.26,61.23,,Orthodox,1990-08-31,1.33,27.0,3.33,60.0,1.5,50.0,50.0,0.0,6.0,3.0,0.0
Alfonso Alcarez,160.02,65.77,,,1970-06-10,0.0,0.0,0.0,0.0,0.0,0.0,0.0,0.0,1.0,3.0,1.0
Alfred Khashakyan,172.72,61.23,177.8,Orthodox,1988-07-17,,,,,,,,,,,
Ali AlQaisi,167.64,61.23,172.72,Orthodox,1990-09-23,2.43,42.0,1.97,56.0,3.5,29.0,60.0,1.0,8.0,5.0,0.0
Ali Bagautinov,162.56,56.7,165.1,Orthodox,1985-06-10,2.85,42.0,3.09,52.0,2.51,36.0,65.0,0.3,15.0,6.0,0.0
Aliaskhab Khizriev,175.26,83.91,187.96,Southpaw,1990-08-24,6.01,64.0,4.38,61.0,5.64,60.0,100.0,3.8,14.0,0.0,0.0
Alibi Idiris,167.64,56.7,172.72,Orthodox,1994-10-22,3.47,50.0,3.6,53.0,0.0,0.0,60.0,0.0,11.0,1.0,0.0
Alice Ardelean,160.02,52.16,157.48,Orthodox,1992-04-19,6.73,44.0,5.04,57.0,1.0,50.0,87.0,0.0,10.0,7.0,0.0
Alice Pereira,172.72,61.23,180.34,Orthodox,2005-12-20,,,,,,,,,,,
Aliev Makhmud,167.64,88.45,,Southpaw,1970-02-13,,,,,,,,,,,
Alik Lorenz,187.96,92.99,195.58,Orthodox,1997-01-25,,,,,,,,,,,
Alistair Overeem,193.04,120.2,203.2,Orthodox,1980-05-17,3.67,64.0,2.44,57.0,1.42,55.0,73.0,0.8,47.0,19.0,0.0
Aljamain Sterling,170.18,65.77,180.34,Orthodox,1989-07-31,4.45,52.0,2.21,59.0,2.45,30.0,44.0,0.6,25.0,5.0,0.0
Allan Begosso,165.1,61.23,167.64,Orthodox,1995-11-23,,,,,,,,,,,
Allan Goes,182.88,92.99,,Orthodox,1971-04-20,0.64,52.0,1.35,41.0,1.75,40.0,0.0,2.6,10.0,5.0,2.0
Allan Nascimento,172.72,56.7,175.26,Orthodox,1991-09-11,2.64,60.0,1.96,50.0,1.42,24.0,30.0,0.9,21.0,6.0,0.0
Allan Zuniga,170.18,70.31,177.8,Orthodox,1992-04-04,3.93,52.0,1.8,61.0,0.0,0.0,57.0,1.0,13.0,1.0,0.0
Allen Berube,172.72,70.31,,Orthodox,1974-08-25,0.92,80.0,0.92,33.0,6.87,100.0,0.0,3.4,4.0,3.0,0.0
Allen Crowder,190.5,111.13,193.04,Orthodox,1989-11-08,2.95,51.0,2.95,56.0,1.85,33.0,100.0,1.2,10.0,4.0,0.0
Allen Frye Jr.,,120.2,,,1998-04-15,,,,,,,,,,,
Alonzo Martinez,177.8,70.31,,,1984-04-22,,,,,,,,,,,
Alonzo Menifield,182.88,92.99,193.04,Orthodox,1987-10-18,3.79,53.0,3.76,50.0,0.5,31.0,78.0,0.2,17.0,5.0,1.0
Alptekin Ozkilic,165.1,56.7,165.1,Orthodox,1986-03-27,3.81,32.0,5.72,59.0,4.21,58.0,75.0,0.0,9.0,5.0,0.0
Alton Cunningham,187.96,92.99,195.58,Orthodox,1993-06-24,,,,,,,,,,,
Alvaro Herrera Mendoza,182.88,70.31,187.96,Orthodox,1990-05-14,1.89,38.0,3.4,55.0,0.0,0.0,33.0,1.1,9.0,6.0,0.0
Alvin Cacdac,167.64,56.7,,Orthodox,,,,,,,,,,,,
Alvin Hines,187.96,120.2,187.96,Orthodox,1991-10-20,5.47,31.0,7.47,38.0,1.0,10.0,0.0,0.0,7.0,1.0,0.0
Alvin Robinson,175.26,70.31,172.72,Southpaw,1982-07-16,1.57,50.0,1.29,51.0,1.24,50.0,25.0,1.2,15.0,9.0,0.0
Amador Ramirez,,61.23,,,1990-06-14,,,,,,,,,,,
Amanda Cooper,160.02,52.16,162.56,Switch,1991-10-22,3.55,44.0,3.2,51.0,1.53,38.0,28.0,1.8,3.0,5.0,0.0
Amanda Lemos,162.56,52.16,165.1,Southpaw,1987-05-22,2.89,54.0,3.46,44.0,1.14,62.0,59.0,0.7,15.0,4.0,1.0
Amanda Nunes,172.72,61.23,175.26,Orthodox,1988-05-30,4.55,51.0,2.62,57.0,2.73,54.0,82.0,0.7,23.0,5.0,0.0
Amanda Ribas,162.56,52.16,167.64,Orthodox,1993-08-26,4.26,39.0,3.29,60.0,2.05,52.0,82.0,0.6,13.0,7.0,0.0
Amar Suloev,175.26,83.01,,Orthodox,1976-07-01,1.98,37.0,2.19,70.0,0.27,100.0,88.0,0.3,24.0,7.0,0.0
Amaury Bitetti,175.26,83.91,,Orthodox,,0.0,0.0,0.0,0.0,0.0,0.0,0.0,0.0,5.0,2.0,0.0
Amber Tackett,,52.16,,,,,,,,,,,,,,
Amilcar Alves,182.88,77.11,,Southpaw,1988-08-08,0.5,46.0,2.02,30.0,0.0,0.0,53.0,0.0,15.0,12.0,0.0
Amir Albazi,165.1,56.7,172.72,Orthodox,1993-10-27,2.72,34.0,3.71,61.0,1.39,32.0,50.0,0.5,17.0,2.0,0.0
Amir Aliakbari,190.5,113.4,,,1984-06-10,,,,,,,,,,,
Amir Rahnavardi,182.88,92.99,,Orthodox,1974-12-07,,,,,,,,,,,
Amir Sadollah,177.8,77.11,190.5,Orthodox,1980-08-27,4.71,46.0,3.55,60.0,0.57,27.0,60.0,0.3,6.0,5.0,0.0
Amiran Gogoladze,185.42,77.11,187.96,Switch,1997-12-09,,,,,,,,,,,
An Tuan Ho,167.64,56.7,167.64,Switch,2000-09-27,,,,,,,,,,,
Ananias Mulumba,,65.77,,,1998-09-18,,,,,,,,,,,
Anatoly Tokov,177.8,83.91,,,1990-02-17,,,,,,,,,,,
Anderson Dos Santos,165.1,61.23,177.8,Orthodox,1985-07-24,2.7,25.0,5.37,49.0,0.98,14.0,66.0,0.7,21.0,9.0,0.0
Anderson Silva,187.96,83.91,195.58,Southpaw,1975-04-14,3.05,61.0,2.05,60.0,0.5,77.0,69.0,0.8,34.0,11.0,0.0
Andre Amado,182.88,69.85,,Orthodox,,,,,,,,,,,,
Andre Ewell,172.72,65.77,190.5,Southpaw,1988-01-21,4.28,40.0,4.87,51.0,0.36,75.0,72.0,0.1,17.0,9.0,0.0
Andre Fialho,182.88,77.11,187.96,Orthodox,1994-04-07,3.3,41.0,6.26,45.0,0.25,100.0,66.0,0.0,16.0,8.0,0.0
Andre Fili,180.34,65.77,187.96,Orthodox,1990-06-25,3.87,37.0,4.23,51.0,2.22,45.0,71.0,0.2,25.0,12.0,0.0
Andre Galvao,170.18,76.2,,Orthodox,1982-09-29,,,,,,,,,,,
Andre Gusmao,182.88,92.99,,Orthodox,1977-05-19,2.79,43.0,3.28,60.0,0.0,0.0,60.0,0.0,6.0,3.0,0.0
Andre Lima,170.18,56.7,170.18,Orthodox,1999-02-04,4.06,60.0,2.49,57.0,1.36,75.0,75.0,1.1,11.0,0.0,0.0
Andre Muniz,185.42,83.91,198.12,Southpaw,1990-02-17,2.04,49.0,2.33,51.0,4.02,49.0,35.0,1.2,24.0,7.0,0.0
Andre Mussi,190.5,109.77,,Orthodox,,,,,,,,,,,,
Andre Pederneiras,172.72,70.31,,Orthodox,1967-03-22,0.0,0.0,0.0,0.0,0.0,0.0,0.0,0.0,1.0,1.0,2.0
Andre Petroski,182.88,83.91,185.42,Switch,1991-06-12,2.82,49.0,2.75,52.0,3.21,51.0,86.0,1.3,13.0,5.0,0.0
Andre Roberts,187.96,156.49,,Orthodox,1965-02-24,0.0,0.0,0.0,0.0,0.0,0.0,0.0,0.0,14.0,2.0,1.0
Andre Santos,182.88,77.11,,,,,,,,,,,,,,
Andre Soukhamthath,175.26,61.23,177.8,Orthodox,1988-10-23,2.77,44.0,4.31,49.0,1.25,53.0,58.0,0.2,13.0,8.0,0.0
Andre Walker,180.34,92.99,,Southpaw,,,,,,,,,,,,
Andre Winner,180.34,70.31,185.42,Orthodox,1981-11-09,2.52,33.0,4.57,51.0,0.0,0.0,74.0,0.0,21.0,11.0,2.0
Andrea Lee,167.64,56.7,175.26,Orthodox,1989-02-11,4.62,45.0,3.91,61.0,1.65,52.0,53.0,0.6,13.0,11.0,0.0
Andreas Gustafsson,185.42,77.11,185.42,Orthodox,1991-02-20,5.82,71.0,3.63,45.0,6.19,58.0,100.0,0.0,12.0,3.0,0.0
Andreas Michailidis,182.88,77.11,193.04,Orthodox,1988-07-18,2.9,51.0,3.57,44.0,1.12,27.0,50.0,0.0,13.0,6.0,0.0
Andreas Spang,185.42,83.91,,,1978-11-07,,,,,,,,,,,
Andreas Stahl,180.34,77.11,,Orthodox,1988-05-20,2.83,37.0,4.74,57.0,1.55,66.0,80.0,0.0,10.0,4.0,0.0
Andrei Arlovski,190.5,108.86,195.58,Orthodox,1979-02-04,3.82,45.0,3.22,57.0,0.37,35.0,76.0,0.2,34.0,24.0,0.0
Andrei Kopylov,187.96,120.2,,Orthodox,1965-07-16,,,,,,,,,,,
Andrei Semenov,182.88,83.91,,Orthodox,1977-06-17,0.78,15.0,2.44,60.0,1.74,80.0,55.0,0.4,34.0,9.0,2.0
Andrew Craig,185.42,77.11,193.04,Orthodox,1986-01-15,2.39,40.0,3.01,50.0,0.53,37.0,72.0,0.0,9.0,4.0,0.0
Andrew Holbrook,180.34,70.31,177.8,Southpaw,1986-02-06,2.2,49.0,3.0,54.0,0.85,18.0,10.0,2.1,12.0,3.0,0.0
Andrew Martinez,175.26,97.52,,,,,,,,,,,,,,
Andrew Montanez,,83.91,,,,,,,,,,,,,,
Andrew Ramm,185.42,72.57,,,,,,,,,,,,,,
Andrew Sanchez,185.42,83.91,187.96,Orthodox,1988-04-08,4.3,43.0,5.1,50.0,2.55,36.0,100.0,0.0,13.0,7.0,0.0
Andrew Todhunter,182.88,83.91,,Switch,1987-11-30,,,,,,,,,,,
Andrew Valladerez,,61.23,,,,,,,,,,,,,,
Andrews Nakahara,185.42,83.91,,Orthodox,1983-03-12,,,,,,,,,,,
Andrey Koreshkov,182.88,77.11,,,1990-08-23,,,,,,,,,,,
Andrey Pulyaev,193.04,83.91,198.12,Southpaw,1997-09-10,3.81,60.0,3.51,48.0,0.41,16.0,64.0,0.0,10.0,3.0,0.0
Andy Anderson,167.64,108.86,,,1974-07-16,0.0,0.0,0.0,0.0,0.0,0.0,0.0,0.0,0.0,1.0,0.0
Andy Enz,190.5,83.91,198.12,Orthodox,1991-08-15,3.51,23.0,5.32,57.0,0.0,0.0,58.0,0.0,10.0,4.0,0.0
Andy Murad,175.26,83.91,,,,,,,,,,,,,,
Andy Ogle,172.72,65.77,175.26,Orthodox,1989-02-16,2.24,44.0,2.23,50.0,1.44,26.0,58.0,0.0,9.0,6.0,0.0
Andy Ologun,182.88,69.85,,Orthodox,1983-06-12,,,,,,,,,,,
Andy Uhrich,182.88,77.11,,,,,,,,,,,,,,
Andy Wang,167.64,70.31,,Orthodox,1977-05-28,3.43,36.0,10.29,62.0,0.0,0.0,0.0,0.0,7.0,8.0,1.0
Andy Waters,182.88,77.11,,,,,,,,,,,,,,
Anelya Toktogonova,,56.7,,,2005-08-01,,,,,,,,,,,
Angad Bisht,170.18,56.7,170.18,Orthodox,1995-06-05,,,,,,,,,,,
Ange Loosa,177.8,77.11,187.96,Orthodox,1993-03-18,5.46,46.0,6.59,52.0,2.53,39.0,83.0,0.2,10.0,5.0,0.0
Angel De Anda,175.26,102.06,,Orthodox,1985-05-28,,,,,,,,,,,
Angel Pacheco,172.72,61.23,177.8,Orthodox,1992-01-13,9.5,39.0,11.47,41.0,0.0,0.0,28.0,0.0,7.0,3.0,0.0
Angela Hill,160.02,52.16,162.56,Orthodox,1985-01-12,5.43,50.0,4.92,60.0,0.78,30.0,74.0,0.1,18.0,15.0,0.0
Angela Magana,154.94,52.16,165.1,Orthodox,1983-08-02,1.53,28.0,4.92,42.0,0.4,25.0,28.0,0.4,11.0,9.0,0.0
Angelo Antonio,,92.99,,Orthodox,,,,,,,,,,,,
Angelo Trevino,180.34,77.11,,Switch,1993-06-10,,,,,,,,,,,
Angga,170.18,65.77,172.72,Orthodox,1989-01-13,,,,,,,,,,,
Anistavio Medeiros,167.64,65.77,,Orthodox,1988-05-01,3.64,44.0,5.0,47.0,0.0,0.0,0.0,0.0,19.0,10.0,0.0
Anna Elmose,160.02,52.16,,Orthodox,1984-10-06,3.68,49.0,4.64,56.0,0.0,0.0,33.0,0.0,3.0,2.0,0.0
Ansar Chalangov,175.26,77.11,,Orthodox,1979-10-30,0.68,66.0,1.69,54.0,0.0,0.0,0.0,7.6,14.0,5.0,0.0
Anshul Jubli,182.88,70.31,175.26,Switch,1995-01-13,6.42,46.0,5.72,50.0,0.81,18.0,63.0,0.4,7.0,2.0,0.0
Ante Delija,190.5,108.41,198.12,Orthodox,1990-08-07,6.34,46.0,1.95,55.0,0.0,0.0,0.0,0.0,26.0,6.0,0.0
Anthony Adams,185.42,83.91,193.04,Orthodox,1988-01-13,,,,,,,,,,,
Anthony Alves,,,,,,,,,,,,,,,,
Anthony Avila,170.18,65.77,,,1988-12-29,,,,,,,,,,,
Anthony Birchak,172.72,61.23,175.26,Orthodox,1986-05-16,3.93,36.0,3.67,56.0,0.48,14.0,61.0,0.5,16.0,8.0,0.0
Anthony Christodoulou,175.26,70.31,,Orthodox,1987-07-30,2.19,26.0,5.9,45.0,0.0,0.0,40.0,0.0,12.0,7.0,0.0
Anthony Do,162.56,56.7,,,,,,,,,,,,,,
Anthony Drilich,165.1,56.7,165.1,Southpaw,1994-03-17,,,,,,,,,,,
Anthony Figueroa,162.56,61.23,,Orthodox,,,,,,,,,,,,
Anthony Guarascio,187.96,105.69,182.88,Orthodox,1994-02-26,,,,,,,,,,,
Anthony Hamilton,195.58,117.93,193.04,Orthodox,1980-04-14,3.91,65.0,3.02,45.0,2.62,42.0,78.0,0.0,15.0,9.0,0.0
Anthony Hernandez,182.88,83.91,190.5,Orthodox,1993-10-18,4.59,62.0,2.53,49.0,6.46,48.0,68.0,1.8,15.0,2.0,0.0
Anthony Ivy,187.96,83.91,187.96,Orthodox,1990-01-23,2.5,42.0,4.57,51.0,4.69,20.0,100.0,0.0,8.0,4.0,0.0
Anthony Johnson,187.96,92.99,198.12,Orthodox,1984-03-06,3.25,47.0,1.83,60.0,2.43,57.0,77.0,0.6,22.0,6.0,0.0
Anthony Lapsley,175.26,77.11,,Southpaw,1980-02-13,0.53,34.0,0.58,66.0,0.0,0.0,20.0,0.0,23.0,7.0,0.0
Anthony Leone,167.64,61.23,,Orthodox,1987-05-27,,,,,,,,,,,
Anthony Macias,175.26,83.91,,Switch,,0.0,0.0,0.0,0.0,0.0,0.0,0.0,0.0,26.0,18.0,0.0
Anthony Morrison,170.18,65.77,,Orthodox,1984-03-29,,,,,,,,,,,
Anthony Njokuani,185.42,70.31,190.5,Orthodox,1980-03-01,3.94,46.0,2.41,65.0,0.5,45.0,53.0,0.2,16.0,12.0,0.0
Anthony Perosh,190.5,92.99,190.5,Orthodox,1972-10-05,2.27,43.0,3.77,53.0,2.03,22.0,33.0,1.1,15.0,10.0,0.0
Anthony Pettis,177.8,70.31,182.88,Orthodox,1987-01-27,3.05,47.0,3.44,54.0,0.61,50.0,60.0,1.1,24.0,10.0,0.0
Anthony Rocco Martin,182.88,77.11,185.42,Orthodox,1989-12-11,2.68,37.0,2.59,58.0,0.71,27.0,68.0,1.0,17.0,6.0,0.0
Anthony Romero,180.34,70.31,177.8,Orthodox,1997-02-25,,,,,,,,,,,
Anthony Ruiz,187.96,92.99,,Orthodox,1977-11-03,,,,,,,,,,,
Anthony Smith,193.04,92.99,193.04,Orthodox,1988-07-26,3.19,49.0,5.04,44.0,0.44,22.0,50.0,0.6,38.0,22.0,0.0
Anthony Taylor,170.18,65.77,,,,,,,,,,,,,,
Anthony Torres,172.72,77.11,,Orthodox,1978-07-31,3.54,48.0,7.52,45.0,0.0,0.0,100.0,2.2,5.0,3.0,0.0
Anton Berzin,187.96,92.99,,Orthodox,1989-09-29,,,,,,,,,,,
Anton Kuivanen,172.72,70.31,182.88,Orthodox,1984-05-01,2.27,38.0,1.63,67.0,1.2,100.0,71.0,0.4,24.0,10.0,0.0
Anton Turkalj,193.04,92.99,198.12,Orthodox,1996-06-10,2.45,42.0,3.42,54.0,4.98,41.0,16.0,0.0,8.0,4.0,0.0
Anton Zafir,180.34,77.11,,Orthodox,1987-05-10,2.99,64.0,2.31,52.0,6.11,60.0,0.0,0.0,7.0,3.0,0.0
Antoni Hardonk,193.04,111.13,198.12,Orthodox,1976-02-05,3.4,61.0,3.07,46.0,0.0,0.0,40.0,0.9,8.0,6.0,0.0
Antonina Shevchenko,172.72,56.7,170.18,Southpaw,1984-11-20,3.86,55.0,2.93,52.0,0.43,42.0,53.0,0.4,10.0,4.0,0.0
Antonio Arroyo,190.5,83.91,185.42,Orthodox,1989-07-01,2.82,66.0,2.02,50.0,1.14,41.0,41.0,0.2,9.0,5.0,0.0
Antonio Banuelos,165.1,61.23,160.02,Orthodox,1979-09-23,2.69,33.0,3.15,58.0,1.62,62.0,86.0,0.4,20.0,11.0,1.0
Antonio Braga Neto,190.5,83.91,195.58,Orthodox,1987-10-29,1.36,33.0,3.92,45.0,3.07,37.0,0.0,0.5,9.0,3.0,0.0
Antonio Carlos Junior,187.96,83.91,200.66,Orthodox,1990-03-16,1.95,42.0,2.14,52.0,3.42,39.0,53.0,0.8,11.0,5.0,0.0
Antonio Carvalho,175.26,65.77,177.8,Orthodox,1979-05-30,3.03,29.0,3.62,64.0,0.0,0.0,100.0,0.0,15.0,6.0,0.0
Antonio Dos Santos,177.8,83.91,,Orthodox,1988-07-21,5.4,51.0,3.94,43.0,0.0,0.0,100.0,0.0,6.0,4.0,0.0
Antonio Duarte,170.18,61.23,,,,,,,,,,,,,,
Antonio Jones,180.34,83.91,,Orthodox,1985-04-12,,,,,,,,,,,
Antonio McKee,172.72,70.31,,Southpaw,1970-03-12,1.37,45.0,0.74,74.0,1.47,33.0,57.0,0.0,29.0,6.0,2.0
Antonio Mendes,190.5,92.99,195.58,Southpaw,1981-04-19,1.34,47.0,6.85,22.0,2.51,50.0,100.0,0.0,18.0,13.0,0.0
Antonio Monteiro,170.18,65.77,177.8,Orthodox,1995-07-02,,,,,,,,,,,
Antonio Rodrigo Nogueira,190.5,108.86,195.58,Orthodox,1976-06-02,1.95,42.0,2.4,55.0,1.3,29.0,36.0,2.4,34.0,10.0,1.0
Antonio Schembri,175.26,92.99,,Orthodox,1974-06-01,,,,,,,,,,,
Antonio Silva,193.04,119.75,208.28,Orthodox,1979-09-14,2.89,45.0,3.09,50.0,0.82,29.0,66.0,0.8,19.0,12.0,1.0
Antonio Trocoli,198.12,83.91,200.66,Orthodox,1990-12-06,1.29,50.0,5.79,23.0,0.84,11.0,50.0,0.8,12.0,5.0,0.0
Antony Rea,182.88,92.99,,Orthodox,1976-07-15,,,,,,,,,,,
Antwain Britt,185.42,92.99,195.58,,1978-05-09,,,,,,,,,,,
Anvar Boynazarov,175.26,65.77,,Orthodox,1989-01-10,,,,,,,,,,,
Anvarbek Daniyalbekov,,83.91,,,1995-05-27,,,,,,,,,,,
Anying Wang,182.88,77.11,,Orthodox,1991-04-04,1.32,26.0,1.63,44.0,0.0,0.0,33.0,0.0,2.0,1.0,0.0
Aoriqileng,170.18,61.23,175.26,Orthodox,1993-06-25,4.65,49.0,5.46,48.0,1.2,46.0,58.0,0.0,25.0,12.0,0.0
Ariane Carnelossi,157.48,52.16,154.94,Orthodox,1992-11-17,2.87,39.0,4.74,45.0,1.37,55.0,14.0,0.3,15.0,3.0,0.0
Ariane da Silva,167.64,56.7,170.18,Orthodox,1994-01-26,4.05,41.0,4.4,50.0,0.47,38.0,68.0,0.3,17.0,11.0,0.0
Ariel Beck,167.64,56.7,167.64,Southpaw,1990-09-16,4.44,34.0,4.31,64.0,0.0,0.0,0.0,0.0,4.0,5.0,0.0
Ariel Gandulla,180.34,92.99,,Orthodox,1968-05-07,,,,,,,,,,,
Arisa Matsuda,160.02,52.16,162.56,Orthodox,1994-12-15,,,,,,,,,,,
Arjan Bhullar,185.42,111.13,190.5,Orthodox,1986-05-13,2.33,56.0,3.25,59.0,1.73,75.0,100.0,0.0,9.0,1.0,0.0
Arlene Blencowe,165.1,65.77,,,1983-04-11,,,,,,,,,,,
Arman Ashimov,167.64,56.7,,,1992-01-14,,,,,,,,,,,
Arman Tsarukyan,170.18,70.31,182.88,Orthodox,1996-10-11,3.79,48.0,1.84,53.0,3.25,37.0,75.0,0.0,22.0,3.0,0.0
Armando Villarreal,170.18,61.23,167.64,Southpaw,1989-08-08,,,,,,,,,,,
Armen Petrosyan,190.5,83.91,180.34,Orthodox,1990-11-03,5.84,53.0,3.31,53.0,0.17,33.0,41.0,0.0,9.0,5.0,0.0
Arnold Allen,172.72,65.77,177.8,Southpaw,1994-01-22,3.45,41.0,2.88,61.0,0.93,47.0,75.0,0.3,20.0,3.0,0.0
Art Arciniega,172.72,65.77,,,1981-10-15,,,,,,,,,,,
Art Jimmerson,185.42,88.9,,Orthodox,1963-08-04,,,,,,,,,,,
Art Santore,187.96,83.91,,,1972-10-26,,,,,,,,,,,
Artem Frolov,177.8,83.91,,,1991-09-07,,,,,,,,,,,
Artem Lobov,175.26,65.77,165.1,Southpaw,1986-08-11,3.52,41.0,4.82,50.0,0.39,25.0,52.0,0.0,13.0,15.0,1.0
Artem Vakhitov,185.42,92.99,190.5,Orthodox,1991-04-04,,,,,,,,,,,
Artenus Young,,92.99,,,1980-07-16,,,,,,,,,,,
Arthur Lopes,187.96,106.14,195.58,Southpaw,1993-02-17,,,,,,,,,,,
Artur Minev,,70.31,,,,,,,,,,,,,,
Artur Oumakhanov,170.18,69.85,,Orthodox,1979-02-27,,,,,,,,,,,
Asbel Cancio,177.8,102.06,,,,0.0,0.0,0.0,0.0,0.0,0.0,0.0,0.0,0.0,1.0,0.0
Ashe Bowman,175.26,70.31,,,1976-11-17,,,,,,,,,,,
Ashiek Ajim,172.72,61.23,180.34,Switch,1994-06-19,,,,,,,,,,,
Ashkan Mokhtarian,167.64,56.7,170.18,Southpaw,1985-09-15,1.95,43.0,3.66,43.0,0.54,16.0,33.0,0.0,13.0,3.0,0.0
Ashlee Evans-Smith,172.72,61.23,170.18,Orthodox,1987-07-09,4.03,34.0,4.59,53.0,0.95,22.0,50.0,0.0,6.0,6.0,0.0
Ashley Yoder,170.18,52.16,175.26,Southpaw,1987-10-20,3.42,39.0,4.13,47.0,1.09,27.0,66.0,0.6,8.0,9.0,0.0
Asjabharan,167.64,61.23,,,1992-07-31,,,,,,,,,,,
Askar Askar,170.18,65.77,175.26,Orthodox,1994-08-19,,,,,,,,,,,
Askar Askarov,167.64,56.7,170.18,Orthodox,1992-10-09,3.05,54.0,2.8,57.0,2.6,24.0,66.0,0.4,14.0,1.0,1.0
Askar Mozharov,190.5,92.99,187.96,Orthodox,1994-10-26,0.43,18.0,4.07,13.0,0.0,0.0,33.0,0.0,19.0,13.0,0.0
Aspen Ladd,167.64,61.23,167.64,Orthodox,1995-03-01,3.78,47.0,4.65,47.0,1.56,47.0,62.0,0.6,9.0,3.0,0.0
Assuerio Silva,177.8,109.32,,Orthodox,1974-06-18,1.42,46.0,4.2,54.0,2.66,34.0,25.0,1.8,16.0,8.0,0.0
Asu Almabayev,162.56,56.7,165.1,Orthodox,1994-01-25,2.16,54.0,1.75,52.0,4.66,43.0,50.0,1.5,22.0,3.0,0.0
Ateba Gautier,193.04,83.91,205.74,Switch,2002-04-10,6.93,61.0,2.19,52.0,0.0,0.0,90.0,0.0,8.0,1.0,0.0
Atsushi Yamamoto,167.64,63.05,,Orthodox,1980-10-02,,,,,,,,,,,
Augusto Mendes,167.64,61.23,165.1,Orthodox,1983-03-03,2.42,34.0,3.91,56.0,1.75,33.0,80.0,0.0,6.0,2.0,0.0
Augusto Montano,185.42,77.11,185.42,Orthodox,1984-10-25,3.46,46.0,2.66,56.0,0.0,0.0,66.0,0.0,15.0,3.0,0.0
Augusto Sakai,190.5,120.2,195.58,Orthodox,1991-05-09,4.6,49.0,3.83,48.0,0.23,40.0,56.0,0.0,16.0,5.0,1.0
Aurelijus Kerpe,,,,Orthodox,,,,,,,,,,,,
Austen Lane,198.12,111.13,203.2,Orthodox,1987-11-09,2.74,50.0,2.23,40.0,1.52,28.0,33.0,0.0,13.0,7.0,0.0
Austin Arnett,182.88,65.77,182.88,Orthodox,1991-10-22,4.52,41.0,6.38,62.0,0.44,18.0,57.0,0.2,16.0,6.0,0.0
Austin Bashi,167.64,65.77,177.8,Orthodox,2001-09-29,1.75,47.0,2.34,48.0,7.81,41.0,62.0,1.7,14.0,1.0,0.0
Austin Hubbard,177.8,70.31,180.34,Orthodox,1991-12-22,3.97,42.0,4.1,55.0,1.63,28.0,68.0,0.1,17.0,10.0,0.0
Austin Lingo,177.8,65.77,177.8,Orthodox,1994-07-10,3.86,37.0,4.86,57.0,0.43,66.0,75.0,0.0,9.0,3.0,0.0
Austin Springer,172.72,65.77,180.34,Orthodox,1987-05-12,3.54,57.0,3.15,41.0,3.37,40.0,100.0,0.8,12.0,4.0,0.0
Austin Tweedy,175.26,70.31,,Orthodox,1990-09-25,,,,,,,,,,,
Austin Vanderford,180.34,77.11,187.96,Orthodox,1990-03-21,4.08,63.0,2.66,51.0,1.77,25.0,100.0,1.8,13.0,2.0,0.0
Axel Sola,187.96,77.11,187.96,Southpaw,1997-09-17,3.74,42.0,2.74,75.0,1.25,25.0,0.0,0.0,11.0,0.0,1.0
Azamat Bekoev,182.88,83.91,182.88,Orthodox,1995-12-30,7.59,61.0,4.48,46.0,2.59,33.0,100.0,0.0,20.0,3.0,0.0
Azamat Gashimov,167.64,56.7,,Orthodox,1990-04-07,1.24,21.0,4.75,53.0,1.69,25.0,0.0,0.0,8.0,3.0,0.0
Azamat Murzakanov,177.8,92.99,180.34,Southpaw,1989-04-12,4.93,57.0,2.86,61.0,0.58,15.0,83.0,0.0,15.0,0.0,0.0
Azamat Nuftillaev,,120.2,,,1994-01-01,,,,,,,,,,,
Azat Maksum,170.18,56.7,177.8,Southpaw,1995-02-02,3.24,28.0,5.0,52.0,2.33,28.0,85.0,0.3,15.0,2.0,0.0
Aziz Khaydarov,180.34,70.31,182.88,Orthodox,1993-09-25,,,,,,,,,,,
Azunna Anyanwu,185.42,113.85,,Orthodox,1981-08-05,2.47,42.0,2.47,69.0,0.65,100.0,0.0,0.0,14.0,5.0,0.0
BJ Penn,175.26,70.31,177.8,Orthodox,1978-12-13,2.76,48.0,3.2,56.0,1.19,55.0,74.0,0.5,16.0,14.0,2.0
Baergeng Jieleyisi,175.26,65.77,180.34,Orthodox,1995-11-24,1.61,35.0,2.62,52.0,1.73,38.0,78.0,0.2,18.0,7.0,0.0
Bahatebole Batebolati,172.72,77.11,180.34,Southpaw,1997-09-12,,,,,,,,,,,
Bailey Schoenfelder,190.5,120.2,193.04,Orthodox,1997-09-22,,,,,,,,,,,
Baisangur Susurkaev,187.96,83.91,200.66,Orthodox,2001-01-08,4.56,58.0,2.88,57.0,2.98,28.0,100.0,1.5,10.0,0.0,0.0
Balajin,175.26,65.77,182.88,Orthodox,1992-03-31,,,,,,,,,,,
Bao Quach,160.02,65.77,,Orthodox,1979-09-04,,,,,,,,,,,
Barb Honchak,162.56,56.7,165.1,Orthodox,1979-08-30,4.04,30.0,4.67,66.0,0.0,0.0,0.0,1.3,10.0,4.0,0.0
Bart Palaszewski,175.26,65.77,177.8,Orthodox,1983-05-30,2.67,32.0,3.97,57.0,0.65,31.0,53.0,0.5,36.0,17.0,0.0
Bartosz Fabinski,182.88,77.11,190.5,Orthodox,1986-04-26,2.23,68.0,1.46,51.0,7.1,70.0,80.0,0.0,15.0,5.0,0.0
Bartosz Szewczyk,193.04,92.99,185.42,Orthodox,1997-09-18,,,,,,,,,,,
Baru Harn,,120.2,,,,,,,,,,,,,,
Bas Rutten,185.42,92.99,,Orthodox,1965-02-24,5.59,61.0,2.06,79.0,0.0,0.0,0.0,0.0,28.0,4.0,1.0
Bassil Hafez,180.34,77.11,182.88,Orthodox,1992-01-31,3.71,38.0,5.68,41.0,2.21,24.0,50.0,0.0,9.0,4.0,1.0
Batgerel Danaa,170.18,61.23,177.8,Orthodox,1989-07-04,5.38,36.0,4.21,47.0,0.52,50.0,62.0,0.0,12.0,5.0,0.0
Bazigit Atajev,185.42,104.33,,Orthodox,,,,,,,,,,,,
Bea Malecki,175.26,61.23,187.96,Orthodox,1991-08-23,6.84,46.0,6.96,62.0,0.0,0.0,78.0,1.1,4.0,1.0,0.0
Bec Rawlings,167.64,56.7,162.56,Orthodox,1989-02-11,4.48,42.0,5.66,57.0,0.71,40.0,68.0,0.4,7.0,8.0,0.0
Bekzat Almakhan,170.18,61.23,172.72,Orthodox,1997-10-08,0.68,40.0,4.29,32.0,0.0,0.0,0.0,0.0,12.0,2.0,0.0
Belal Muhammad,180.34,77.11,182.88,Orthodox,1988-07-09,4.46,43.0,3.78,55.0,2.24,38.0,90.0,0.1,24.0,4.0,0.0
Ben Alloway,180.34,77.11,193.04,Orthodox,1981-02-19,1.28,49.0,1.9,59.0,0.62,50.0,26.0,0.0,18.0,8.0,0.0
Ben Askren,180.34,77.11,185.42,Orthodox,1984-07-18,3.64,49.0,5.66,36.0,4.33,55.0,0.0,0.9,19.0,2.0,0.0
Ben Earwood,172.72,77.11,,Orthodox,,0.5,55.0,0.2,33.0,3.0,100.0,0.0,0.0,12.0,3.0,0.0
Ben Holscher,180.34,70.31,,,,,,,,,,,,,,
Ben Jones,,83.91,,,,,,,,,,,,,,
Ben Lagman,187.96,83.91,,,1986-09-04,,,,,,,,,,,
Ben Nguyen,165.1,56.7,165.1,Switch,1988-08-03,3.51,40.0,3.01,59.0,0.25,33.0,63.0,1.0,16.0,8.0,0.0
Ben Reiter,190.5,83.91,,,1987-06-27,,,,,,,,,,,
Ben Rothwell,193.04,120.2,198.12,Orthodox,1981-10-17,3.71,42.0,4.63,47.0,0.68,34.0,70.0,0.4,39.0,14.0,0.0
Ben Saunders,187.96,77.11,195.58,Orthodox,1983-04-13,3.23,50.0,3.58,51.0,0.2,40.0,66.0,1.3,22.0,13.0,2.0
Ben Sosoli,182.88,120.2,182.88,Southpaw,1989-12-10,2.31,31.0,4.3,47.0,0.0,0.0,0.0,0.0,7.0,3.0,0.0
Ben Wall,177.8,70.31,,Orthodox,1989-03-25,1.47,29.0,8.53,29.0,0.0,0.0,100.0,0.0,8.0,7.0,1.0
Benardo Sopaj,167.64,61.23,167.64,Orthodox,2000-09-25,4.24,56.0,4.88,49.0,2.53,71.0,76.0,0.0,12.0,3.0,0.0
Bendy Casimir,165.1,65.77,,Southpaw,1980-06-10,,,,,,,,,,,
Beneil Dariush,177.8,70.31,182.88,Southpaw,1989-05-06,3.78,49.0,2.61,57.0,2.12,38.0,82.0,0.8,23.0,6.0,1.0
Benito Lopez,177.8,61.23,185.42,Switch,1994-04-06,4.39,45.0,5.18,56.0,0.0,0.0,73.0,0.3,10.0,2.0,0.0
Benjamin Bennett,182.88,77.11,185.42,Switch,1994-05-08,,,,,,,,,,,
Benjamin Donovan Johnston,,83.91,,,1990-10-11,,,,,,,,,,,
Benji Radach,177.8,83.91,,Orthodox,1979-04-05,2.62,49.0,2.31,51.0,1.06,41.0,71.0,0.4,21.0,7.0,0.0
Benoit Saint Denis,180.34,70.31,185.42,Southpaw,1995-12-18,5.05,55.0,4.19,42.0,4.35,37.0,70.0,1.6,15.0,3.0,0.0
Benson Henderson,175.26,77.11,177.8,Southpaw,1983-11-16,2.93,45.0,1.79,63.0,2.4,45.0,63.0,0.8,24.0,7.0,0.0
Bentley Syler,162.56,56.7,,Orthodox,1982-12-22,1.3,18.0,1.73,79.0,0.0,0.0,75.0,0.0,5.0,1.0,0.0
Bernardo Magalhaes,175.26,70.31,,Orthodox,1981-04-08,1.8,27.0,3.37,68.0,0.0,0.0,0.0,0.5,13.0,4.0,0.0
Bertrand Amoussou,172.72,86.18,,Orthodox,,,,,,,,,,,,
Besam Yousef,180.34,77.11,,Orthodox,1985-03-25,3.14,53.0,3.98,38.0,1.33,66.0,50.0,0.0,7.0,4.0,0.0
Bethe Correia,165.1,61.23,162.56,Orthodox,1983-06-22,4.37,43.0,4.93,56.0,0.39,18.0,85.0,0.0,11.0,6.0,1.0
Bevon Lewis,190.5,83.91,200.66,Orthodox,1991-05-05,3.73,43.0,2.67,54.0,0.0,0.0,66.0,0.0,7.0,3.0,0.0
Bharat Kandare,170.18,61.23,182.88,Orthodox,1987-06-20,0.7,10.0,1.88,72.0,0.0,0.0,0.0,0.0,5.0,3.0,0.0
Bia Mesquita,,61.23,,Orthodox,1991-04-07,,,,,,,,,,,
Bibiano Fernandes,170.18,63.05,,Orthodox,1980-03-30,,,,,,,,,,,
Bibulatov Magomed,165.1,56.7,165.1,Orthodox,1988-08-22,3.6,51.0,1.83,52.0,2.85,40.0,75.0,0.0,14.0,2.0,0.0
Bill Algeo,182.88,65.77,185.42,Switch,1989-06-09,5.88,51.0,4.38,47.0,1.03,50.0,55.0,0.1,18.0,9.0,0.0
Bill Cooper,,70.31,,,1984-05-05,,,,,,,,,,,
Bill Duvall,187.96,83.91,,Southpaw,,,,,,,,,,,,
Bill Mahood,190.5,90.72,,Orthodox,1967-02-01,1.54,85.0,3.59,17.0,0.0,0.0,0.0,3.9,20.0,7.0,1.0
Billy Brand,167.64,61.23,165.1,Orthodox,1996-07-03,,,,,,,,,,,
Billy Elekana,190.5,92.99,195.58,Southpaw,1995-05-28,2.34,57.0,3.18,49.0,0.64,25.0,0.0,0.0,8.0,2.0,0.0
Billy Evangelista,172.72,70.31,172.72,Orthodox,1980-10-07,,,,,,,,,,,
Billy Giovanella,172.72,56.7,,,1985-08-20,,,,,,,,,,,
Billy Miles,177.8,77.11,,Orthodox,1978-04-28,0.0,0.0,1.25,33.0,0.0,0.0,0.0,0.0,2.0,2.0,0.0
Billy Pasulatan,165.1,56.7,167.64,Switch,1991-08-07,,,,,,,,,,,
Billy Quarantillo,177.8,65.77,177.8,Orthodox,1988-12-08,7.44,54.0,5.83,42.0,1.47,24.0,61.0,1.0,18.0,7.0,0.0
Billy Ray Goff,177.8,77.11,182.88,Switch,1998-06-18,7.51,46.0,5.02,59.0,1.75,16.0,66.0,0.0,9.0,4.0,0.0
Billy Vaughan,167.64,70.31,,,1983-12-02,,,,,,,,,,,
Blagoy Ivanov,180.34,113.4,185.42,Southpaw,1986-10-09,3.25,40.0,4.2,53.0,0.69,40.0,61.0,0.1,19.0,6.0,0.0
Blair Tugman,182.88,61.23,,,,,,,,,,,,,,
Blake Bilder,172.72,65.77,172.72,Switch,1990-07-12,3.81,48.0,4.15,53.0,0.31,7.0,71.0,0.6,8.0,2.0,1.0
Blake Bowman,187.96,77.11,,,,,,,,,,,,,,
Blake Watkins,,83.91,,,,,,,,,,,,,,
Blas Avena,182.88,77.11,187.96,Orthodox,1983-06-30,,,,,,,,,,,
Blood Diamond,180.34,77.11,193.04,Switch,1988-07-10,3.12,55.0,2.17,48.0,0.0,0.0,73.0,0.0,3.0,3.0,0.0
Bo Cantrell,187.96,106.59,,Orthodox,1969-02-08,,,,,,,,,,,
Bo Hyun Park,,52.16,,,1999-05-14,,,,,,,,,,,
Bo Meng,,52.16,,,1996-04-21,,,,,,,,,,,
Bo Nickal,185.42,83.91,193.04,Southpaw,1996-01-14,2.36,59.0,2.11,58.0,3.34,53.0,100.0,2.9,7.0,1.0,0.0
Bob Cook,175.26,77.11,,Orthodox,,0.0,0.0,0.0,0.0,0.0,0.0,0.0,0.0,5.0,0.0,0.0
Bob Gilstrap,190.5,90.72,,Orthodox,,0.0,0.0,0.0,0.0,0.0,0.0,0.0,0.0,5.0,7.0,0.0
Bob Sapp,195.58,158.76,,Orthodox,1974-09-22,,,,,,,,,,,
Bob Schrijber,182.88,108.86,,Orthodox,,,,,,,,,,,,
Bobby Cooper,185.42,70.31,,,,,,,,,,,,,,
Bobby Escalante,,58.97,,,,,,,,,,,,,,
Bobby Flynn,,77.11,,,,,,,,,,,,,,
Bobby Hoffman,187.96,111.13,,Orthodox,1968-10-28,2.02,70.0,1.32,19.0,1.17,50.0,0.0,1.2,36.0,10.0,1.0
Bobby Lashley,190.5,115.67,198.12,Orthodox,1976-07-16,,,,,,,,,,,
Bobby McAndrews,,,,Orthodox,,,,,,,,,,,,
Bobby Moffett,177.8,65.77,185.42,Orthodox,1990-06-01,3.41,39.0,3.15,61.0,2.74,66.0,66.0,1.4,13.0,5.0,0.0
Bobby Nash,182.88,77.11,187.96,Orthodox,1990-03-26,3.42,37.0,3.95,51.0,2.37,33.0,100.0,1.6,8.0,4.0,0.0
Bobby Sanchez,170.18,70.31,,Orthodox,,,,,,,,,,,,
Bobby Southworth,187.96,92.99,,Orthodox,1969-12-16,0.99,39.0,1.38,65.0,3.98,78.0,64.0,1.3,10.0,6.0,0.0
Bobby Stack,175.26,70.31,,Orthodox,,,,,,,,,,,,
Bobby Voelker,182.88,77.11,187.96,Orthodox,1979-04-26,4.01,35.0,5.84,42.0,1.04,50.0,66.0,0.0,19.0,13.0,0.0
Bogdan Grad,172.72,65.77,177.8,Orthodox,1995-09-28,4.44,51.0,5.4,49.0,3.31,36.0,75.0,0.0,15.0,3.0,0.0
Bogdan Guskov,190.5,92.99,193.04,Orthodox,1992-09-12,4.17,55.0,3.3,45.0,0.0,0.0,57.0,1.1,18.0,3.0,0.0
Bojan Mihajlovic,180.34,92.99,185.42,Orthodox,1980-03-30,1.23,35.0,5.95,47.0,0.0,0.0,33.0,0.0,10.0,6.0,0.0
Bojan Velickovic,182.88,77.11,193.04,Southpaw,1988-12-18,2.18,34.0,2.31,57.0,0.67,25.0,55.0,0.5,15.0,6.0,1.0
Bolaji Oki,177.8,70.31,185.42,Orthodox,1995-11-15,6.59,44.0,5.15,61.0,1.01,60.0,66.0,0.0,10.0,3.0,0.0
Booker DeRousse,187.96,92.99,,,1981-03-23,,,,,,,,,,,
Boston Salmon,175.26,61.23,175.26,Southpaw,1990-11-20,4.13,37.0,7.75,59.0,0.0,0.0,100.0,0.0,6.0,3.0,0.0
Brad Blackburn,177.8,77.11,185.42,Orthodox,1977-05-25,4.55,35.0,3.59,65.0,0.93,50.0,76.0,0.7,18.0,13.0,1.0
Brad Gumm,180.34,77.11,,Orthodox,,0.0,0.0,0.0,0.0,0.0,0.0,0.0,0.0,10.0,6.0,1.0
Brad Imes,200.66,120.2,,Orthodox,1977-03-13,2.73,31.0,4.24,49.0,1.72,71.0,0.0,1.0,13.0,7.0,0.0
Brad Katona,167.64,61.23,162.56,Orthodox,1991-12-19,4.81,52.0,4.75,50.0,1.86,34.0,61.0,0.0,16.0,5.0,0.0
Brad Kohler,175.26,99.79,,Orthodox,1964-05-26,0.0,0.0,0.0,0.0,0.0,0.0,0.0,0.0,12.0,15.0,0.0
Brad Mitchell,180.34,65.77,,,1974-10-10,,,,,,,,,,,
Brad Morris,187.96,92.99,,Orthodox,1979-11-01,0.5,62.0,6.95,27.0,0.0,0.0,0.0,0.0,10.0,6.0,0.0
Brad Pickett,167.64,61.23,172.72,Orthodox,1978-09-24,3.02,31.0,4.63,55.0,2.47,44.0,58.0,0.4,25.0,14.0,0.0
Brad Riddell,170.18,70.31,180.34,Orthodox,1991-09-30,4.71,53.0,3.53,53.0,1.77,36.0,63.0,0.0,10.0,4.0,0.0
Brad Royster,,61.23,,,,,,,,,,,,,,
Brad Scott,185.42,77.11,193.04,Orthodox,1989-06-24,3.52,41.0,4.31,57.0,0.32,15.0,63.0,0.7,11.0,6.0,0.0
Brad Tavares,185.42,83.91,187.96,Orthodox,1987-12-21,3.42,43.0,3.36,54.0,0.73,26.0,81.0,0.0,21.0,12.0,0.0
Brady Fink,182.88,83.01,,Orthodox,,,,,,,,,,,,
Brady Hiestand,172.72,61.23,180.34,Orthodox,1999-04-30,2.7,50.0,3.75,51.0,4.8,46.0,42.0,1.1,9.0,2.0,0.0
Brady Huang,175.26,61.23,175.26,Orthodox,1992-12-16,,,,,,,,,,,
Brahyam Zurcher,177.8,65.77,177.8,Orthodox,1996-03-10,,,,,,,,,,,
Branden Lee Hinkle,190.5,106.59,,Orthodox,1973-07-29,2.61,69.0,3.91,26.0,4.34,57.0,66.0,4.3,17.0,11.0,0.0
Brando Pericic,195.58,111.13,200.66,Orthodox,1994-08-03,,,,,,,,,,,
Brandon Cash,195.58,115.67,,Orthodox,,,,,,,,,,,,
Brandon Davis,177.8,61.23,182.88,Orthodox,1990-05-08,4.68,35.0,4.62,58.0,0.74,42.0,57.0,0.1,14.0,10.0,0.0
Brandon Foxworth,180.34,65.77,,Orthodox,1979-04-28,,,,,,,,,,,
Brandon Gaines,190.5,83.91,,,,,,,,,,,,,,
Brandon Girtz,170.18,70.31,,,1985-03-06,,,,,,,,,,,
Brandon Halsey,182.88,83.91,,,1986-09-16,,,,,,,,,,,
Brandon Hester,185.42,92.99,,,,,,,,,,,,,,
Brandon Holmes,187.96,83.91,187.96,Orthodox,1997-02-05,,,,,,,,,,,
Brandon Jenkins,182.88,70.31,180.34,Switch,1991-09-30,2.93,41.0,8.05,33.0,0.0,0.0,27.0,0.0,15.0,9.0,0.0
Brandon Lewis,162.56,61.23,177.8,Orthodox,1997-08-02,,,,,,,,,,,
Brandon Lowe,,70.31,,,,,,,,,,,,,,
Brandon Magana,,77.11,,Orthodox,,,,,,,,,,,,
Brandon Melendez,180.34,70.31,,Southpaw,1983-03-24,0.84,26.0,0.56,63.0,0.0,0.0,25.0,0.0,25.0,25.0,0.0
Brandon Michaels,175.26,83.91,,,,,,,,,,,,,,
Brandon Moreno,170.18,56.7,177.8,Orthodox,1993-12-07,3.96,44.0,3.62,60.0,1.51,44.0,64.0,0.4,23.0,8.0,2.0
Brandon Polcare,,56.7,,,,,,,,,,,,,,
Brandon Royval,175.26,56.7,172.72,Southpaw,1992-08-16,5.55,41.0,4.23,43.0,0.67,75.0,45.0,1.1,17.0,8.0,0.0
Brandon Saling,177.8,77.11,,,1986-01-28,,,,,,,,,,,
Brandon Sayles,195.58,120.2,,,1981-04-23,,,,,,,,,,,
Brandon Sene,180.34,92.99,,,1981-05-21,,,,,,,,,,,
Brandon Shuey,170.18,70.31,,Orthodox,1976-02-01,,,,,,,,,,,
Brandon Thatch,187.96,77.11,187.96,Switch,1985-07-11,2.7,42.0,3.63,52.0,1.36,66.0,50.0,0.7,11.0,5.0,0.0
Brandon Vera,190.5,104.33,198.12,Orthodox,1977-10-10,3.03,56.0,2.81,52.0,0.7,53.0,59.0,0.2,15.0,7.0,0.0
Brandon Visher,167.64,61.23,172.72,Orthodox,1984-05-06,,,,,,,,,,,
Brandon Wolff,175.26,77.11,,Orthodox,1975-10-18,0.47,33.0,10.91,19.0,0.0,0.0,0.0,0.0,7.0,5.0,0.0
Branko Cikatic,185.42,97.52,,Orthodox,1954-10-03,,,,,,,,,,,
Braxton Smith,180.34,116.57,182.88,Orthodox,1990-01-01,6.46,48.0,11.54,32.0,0.0,0.0,100.0,0.0,5.0,2.0,0.0
Brendan Allen,187.96,83.91,190.5,Orthodox,1995-12-28,3.85,53.0,3.96,47.0,1.65,41.0,56.0,1.2,25.0,7.0,0.0
Brendan Loughnane,177.8,65.77,177.8,Switch,1989-12-05,6.23,63.0,6.7,53.0,1.5,30.0,92.0,0.0,17.0,3.0,0.0
Brendan O'Reilly,170.18,77.11,175.26,Orthodox,1987-06-24,1.9,47.0,2.77,39.0,2.22,43.0,36.0,0.6,6.0,3.0,0.0
Brendan Schaub,193.04,111.13,198.12,Orthodox,1983-03-18,2.92,37.0,2.22,57.0,2.32,46.0,72.0,0.4,10.0,5.0,0.0
Brendan Seguin,182.88,83.91,,,1976-07-03,,,,,,,,,,,
Brendon Marotte,175.26,65.77,177.8,Orthodox,1996-01-12,0.41,50.0,5.7,28.0,0.0,0.0,0.0,0.0,8.0,3.0,0.0
Brendson Ribeiro,190.5,92.99,205.74,Orthodox,1996-09-08,3.06,42.0,4.0,53.0,0.9,42.0,18.0,0.6,17.0,9.0,0.0
Brennan Ward,177.8,77.11,180.34,,1988-06-28,,,,,,,,,,,
Brent Primus,177.8,70.31,,,1985-04-12,,,,,,,,,,,
Bret Bergmark,175.26,77.11,,,1973-11-24,,,,,,,,,,,
Brett Albee,,102.06,,,,,,,,,,,,,,
Brett Cooper,182.88,77.11,,Orthodox,1987-07-02,,,,,,,,,,,
Brett Johns,170.18,61.23,180.34,Orthodox,1992-02-21,2.86,49.0,3.84,53.0,4.92,49.0,58.0,1.0,17.0,2.0,0.0
Brett Rogers,195.58,120.2,205.74,Orthodox,1981-02-17,,,,,,,,,,,
Brett Tillis,,65.77,,,,,,,,,,,,,,
Brian Bowles,170.18,61.23,177.8,Orthodox,1980-06-22,2.36,26.0,2.98,64.0,1.39,70.0,54.0,1.4,10.0,3.0,0.0
Brian Camozzi,187.96,77.11,198.12,Orthodox,1991-06-24,3.15,26.0,6.39,54.0,0.0,0.0,0.0,0.7,7.0,5.0,0.0
Brian Cobb,180.34,70.31,,Orthodox,,0.0,0.0,3.68,55.0,5.81,50.0,0.0,0.0,20.0,9.0,0.0
Brian Davidson,167.64,65.77,,,,,,,,,,,,,,
Brian Ebersole,182.88,77.11,185.42,Southpaw,1980-11-27,2.32,49.0,2.14,56.0,1.7,23.0,61.0,0.1,51.0,18.0,1.0
Brian Foster,175.26,77.11,180.34,Orthodox,1984-04-03,3.3,39.0,1.63,65.0,3.67,60.0,37.0,1.8,27.0,10.0,0.0
Brian Gassaway,185.42,77.11,,Orthodox,1972-08-07,0.34,26.0,3.65,44.0,0.0,0.0,42.0,0.0,29.0,20.0,2.0
Brian Geraghty,170.18,70.31,,Orthodox,1980-11-04,0.47,25.0,9.77,36.0,0.0,0.0,50.0,0.0,26.0,18.0,1.0
Brian Houston,187.96,83.91,,Orthodox,1981-04-26,1.9,35.0,3.67,53.0,0.95,100.0,87.0,0.0,4.0,6.0,0.0
Brian Johnston,190.5,104.33,,Orthodox,,0.0,0.0,0.0,0.0,0.0,0.0,0.0,0.0,5.0,5.0,0.0
Brian Kelleher,167.64,61.23,167.64,Switch,1986-08-19,3.31,41.0,4.59,54.0,1.68,41.0,60.0,0.7,24.0,16.0,0.0
Brian Lo-A-Njoe,170.18,70.31,,Orthodox,,,,,,,,,,,,
Brian McLaughlin,175.26,70.31,,,1984-05-12,,,,,,,,,,,
Brian Melancon,172.72,77.11,,Orthodox,1982-05-28,4.18,49.0,3.64,64.0,2.02,100.0,66.0,0.0,7.0,3.0,0.0
Brian Ortega,172.72,65.77,175.26,Switch,1991-02-21,3.84,37.0,6.38,49.0,0.93,25.0,54.0,0.9,16.0,5.0,0.0
Brian Rogers,180.34,83.91,,,1984-02-15,,,,,,,,,,,
Brian Schwartz,190.5,77.11,,Orthodox,,,,,,,,,,,,
Brian Sleeman,172.72,83.91,,,,,,,,,,,,,,
Brian Stann,185.42,92.99,187.96,Orthodox,1980-09-24,3.28,42.0,2.65,59.0,0.12,12.0,60.0,0.3,12.0,6.0,0.0
Brian Warren,182.88,83.91,,Orthodox,,,,,,,,,,,,
Brianna Fortino,152.4,52.16,157.48,Southpaw,1993-08-04,3.53,41.0,3.23,57.0,2.5,45.0,66.0,0.0,9.0,3.0,0.0
Bristol Marunde,185.42,77.11,190.5,Orthodox,1982-04-20,1.42,21.0,4.4,47.0,1.6,33.0,14.0,0.0,16.0,10.0,0.0
Brock Jardine,180.34,77.11,,Orthodox,1985-07-10,1.06,30.0,3.34,56.0,0.0,0.0,14.0,0.8,12.0,6.0,0.0
Brock Larson,180.34,77.11,180.34,Southpaw,1977-08-23,1.39,46.0,1.5,55.0,2.67,34.0,43.0,2.0,42.0,10.0,0.0
Brock Lesnar,190.5,120.2,205.74,Orthodox,1977-07-12,3.53,72.0,2.11,50.0,3.9,55.0,60.0,0.5,5.0,3.0,0.0
Brodie Farber,185.42,77.11,,Orthodox,1980-07-05,1.69,45.0,2.17,53.0,0.9,50.0,20.0,0.9,16.0,7.0,0.0
Brogan Walker,162.56,56.7,170.18,Switch,1988-08-02,2.04,30.0,3.7,47.0,0.0,0.0,11.0,0.0,8.0,4.0,0.0
Brok Weaver,182.88,70.31,185.42,Southpaw,1991-12-05,4.78,64.0,4.35,46.0,0.41,10.0,66.0,0.4,15.0,6.0,0.0
Bronson Mohika,,61.23,,,,,,,,,,,,,,
Brooke Mayo,170.18,56.7,,,,,,,,,,,,,,
Bruna Brasil,167.64,52.16,165.1,Orthodox,1993-09-07,2.66,56.0,3.82,52.0,1.46,64.0,53.0,0.2,11.0,5.0,1.0
Brunno Ferreira,177.8,83.91,182.88,Orthodox,1992-11-04,3.41,50.0,3.34,51.0,1.39,28.0,57.0,1.0,14.0,2.0,0.0
Bruno Assis,187.96,83.91,,Orthodox,1992-05-23,,,,,,,,,,,
Bruno Carvalho,172.72,69.85,,,1982-06-07,,,,,,,,,,,
Bruno Korea,167.64,61.23,165.1,,1991-06-28,2.12,34.0,3.96,42.0,0.0,0.0,25.0,0.0,7.0,3.0,0.0
Bruno Lopes,187.96,92.99,187.96,Orthodox,1993-04-24,2.81,43.0,3.38,57.0,2.51,33.0,100.0,0.0,14.0,2.0,0.0
Bruno Oliveira,193.04,92.99,203.2,Orthodox,1984-05-02,,,,,,,,,,,
Bruno Santos,175.26,83.91,,Orthodox,1987-07-17,1.18,46.0,2.27,56.0,3.0,37.0,66.0,0.3,15.0,2.0,0.0
Bruno Silva,162.56,56.7,165.1,Orthodox,1990-03-16,3.83,49.0,4.81,50.0,1.79,23.0,60.0,0.2,14.0,7.0,2.0
Bruno Souza,177.8,65.77,177.8,Orthodox,1996-03-07,3.73,39.0,5.3,45.0,0.5,16.0,60.0,0.0,10.0,3.0,0.0
Bryan Baker,190.5,83.91,,Orthodox,1985-10-13,,,,,,,,,,,
Bryan Barberena,182.88,83.91,182.88,Southpaw,1989-05-03,5.35,48.0,4.59,44.0,0.13,22.0,50.0,0.3,18.0,12.0,0.0
Bryan Battle,185.42,83.91,195.58,Orthodox,1994-09-21,5.12,52.0,4.11,44.0,0.77,17.0,53.0,0.4,13.0,2.0,0.0
Bryan Caraway,172.72,61.23,172.72,Orthodox,1984-08-04,2.53,34.0,3.61,54.0,2.57,25.0,80.0,0.8,21.0,9.0,0.0
Bryan Humes,,120.2,,,,,,,,,,,,,,
Bryan Pardoe,185.42,92.99,,Orthodox,,,,,,,,,,,,
Bryan Travers,,70.31,,,1983-04-11,,,,,,,,,,,
Bryan Vetell,190.5,120.2,,Southpaw,1977-07-26,,,,,,,,,,,
Bryanna Fissori,162.56,65.77,,,,,,,,,,,,,,
Bryce Mejia,185.42,77.11,,,,,,,,,,,,,,
Bryce Mitchell,177.8,61.23,177.8,Southpaw,1994-10-04,2.27,59.0,1.6,58.0,3.24,36.0,33.0,1.2,18.0,4.0,0.0
Bryson Kamaka,180.34,77.11,,Orthodox,,,,,,,,,,,,
Bu-Kyung Jung,170.18,69.85,,Orthodox,1978-05-26,,,,,,,,,,,
Bubba Bush,182.88,83.91,,Orthodox,1985-07-24,0.63,55.0,7.01,25.0,2.82,50.0,60.0,0.0,8.0,3.0,0.0
Bubba Jenkins,170.18,65.77,,,1988-02-05,,,,,,,,,,,
Bubba Pugh,177.8,83.91,,,,,,,,,,,,,,
Buck Meredith,187.96,83.91,,,1982-05-17,,,,,,,,,,,
Buddy Roberts,187.96,83.91,,Orthodox,1982-10-17,2.17,34.0,2.08,70.0,0.0,0.0,76.0,0.7,12.0,3.0,0.0
Byron Bloodworth,172.72,61.23,,Orthodox,1983-08-16,1.82,28.0,5.18,50.0,0.0,0.0,0.0,0.0,6.0,3.0,0.0
CB Dollaway,187.96,83.91,193.04,Orthodox,1983-08-10,2.65,47.0,2.58,54.0,3.55,54.0,62.0,1.2,17.0,9.0,0.0
CJ Fernandes,187.96,77.11,,,1977-11-13,0.0,0.0,0.0,0.0,0.0,0.0,0.0,0.0,14.0,8.0,3.0
CJ Hamilton,170.18,56.7,172.72,Switch,1986-10-07,,,,,,,,,,,
CJ Keith,182.88,70.31,,Orthodox,1986-08-09,0.86,50.0,1.82,50.0,0.0,0.0,62.0,0.0,8.0,4.0,0.0
CJ Marsh,,,,,,,,,,,,,,,,
CJ Vergara,167.64,56.7,172.72,Orthodox,1991-06-18,5.02,56.0,4.69,53.0,0.0,0.0,60.0,0.2,12.0,7.0,1.0
CM Punk,185.42,77.11,185.42,Orthodox,1978-10-26,1.1,23.0,4.87,40.0,0.87,11.0,0.0,0.0,0.0,1.0,0.0
Cain Carrizosa,172.72,70.31,,Orthodox,1986-07-22,2.72,42.0,5.8,51.0,0.0,0.0,14.0,0.0,10.0,3.0,0.0
Cain Velasquez,185.42,108.86,195.58,Orthodox,1982-07-28,6.37,57.0,2.33,57.0,5.13,45.0,85.0,0.4,14.0,3.0,0.0
Caio Bittencourt,182.88,83.91,190.5,Orthodox,1991-05-22,,,,,,,,,,,
Caio Borralho,185.42,83.91,190.5,Southpaw,1993-01-16,3.44,56.0,2.5,60.0,1.28,48.0,76.0,0.4,17.0,2.0,0.0
Caio Machado,193.04,113.4,198.12,Southpaw,1994-07-20,5.82,53.0,2.87,63.0,0.0,0.0,82.0,0.0,8.0,4.0,1.0
Caio Magalhaes,185.42,83.91,185.42,Orthodox,1987-12-14,2.27,40.0,2.78,56.0,1.05,15.0,58.0,1.6,10.0,3.0,0.0
Cal Worsham,180.34,104.33,,Orthodox,,0.0,0.0,0.0,0.0,0.0,0.0,0.0,0.0,13.0,10.0,0.0
Cale Yarbrough,185.42,83.91,,Orthodox,1986-12-27,3.16,27.0,10.0,72.0,0.0,0.0,0.0,0.0,8.0,3.0,0.0
Calen Born,172.72,77.11,182.88,Switch,1988-05-24,,,,,,,,,,,
Callan Potter,182.88,77.11,182.88,Orthodox,1984-06-09,3.18,50.0,4.72,58.0,3.29,66.0,100.0,0.0,18.0,9.0,0.0
Calvin Kattar,180.34,65.77,182.88,Orthodox,1988-03-26,4.41,37.0,6.55,54.0,0.34,29.0,77.0,0.1,23.0,10.0,0.0
Cam Rowston,190.5,83.91,198.12,Orthodox,1995-01-19,,,,,,,,,,,
Cam Teague,177.8,65.77,175.26,Orthodox,1998-02-13,,,,,,,,,,,
Cameron Church,180.34,70.31,182.88,Orthodox,1990-09-27,,,,,,,,,,,
Cameron Dollar,180.34,70.31,,Orthodox,1987-05-12,5.04,38.0,2.94,61.0,0.0,0.0,0.0,0.0,11.0,5.0,0.0
Cameron Else,175.26,61.23,180.34,Switch,1987-04-27,1.99,40.0,8.09,51.0,0.0,0.0,0.0,0.0,10.0,6.0,0.0
Cameron Olson,185.42,92.99,190.5,Orthodox,1989-11-22,,,,,,,,,,,
Cameron Saaiman,172.72,61.23,170.18,Southpaw,2000-12-20,5.3,46.0,4.14,51.0,0.89,28.0,47.0,0.7,9.0,3.0,0.0
Cameron Smotherman,175.26,61.23,175.26,Orthodox,1997-09-17,4.07,37.0,3.52,58.0,0.0,0.0,62.0,0.0,12.0,6.0,0.0
Cameron VanCamp,187.96,70.31,187.96,Switch,1993-04-27,5.31,47.0,6.41,40.0,0.0,0.0,0.0,0.0,15.0,7.0,1.0
Canaan Kawaihae,182.88,65.77,180.34,Southpaw,1997-08-26,,,,,,,,,,,
Caol Uno,170.18,70.31,177.8,Southpaw,1975-05-08,1.91,49.0,1.9,50.0,1.95,31.0,37.0,0.5,33.0,19.0,5.0
Caolan Loughran,167.64,61.23,172.72,Orthodox,1996-05-18,4.73,42.0,5.2,52.0,3.0,34.0,87.0,0.0,10.0,2.0,0.0
Carina Damm,162.56,61.23,,,,,,,,,,,,,,
Carl Deaton,170.18,70.31,175.26,Orthodox,1989-11-24,1.53,31.0,1.85,61.0,0.0,0.0,50.0,0.0,17.0,7.0,0.0
Carl Malenko,180.34,90.72,,Orthodox,,,,,,,,,,,,
Carl Seumanutafa,185.42,115.67,,Orthodox,,,,,,,,,,,,
Carl Toomey,,,,,,,,,,,,,,,,
Carla Esparza,154.94,52.16,160.02,Orthodox,1987-10-10,2.19,39.0,2.87,54.0,3.28,36.0,47.0,0.3,20.0,8.0,0.0
Carli Judice,170.18,56.7,172.72,Southpaw,1999-03-02,10.73,52.0,8.08,55.0,0.7,25.0,77.0,0.0,5.0,2.0,0.0
Carlo Pedersoli Jr.,180.34,77.11,190.5,Southpaw,1993-06-08,4.17,37.0,4.12,61.0,2.91,44.0,0.0,0.0,11.0,3.0,0.0
Carlo Prater,180.34,70.31,182.88,Switch,1981-06-25,2.03,47.0,4.07,35.0,0.43,9.0,57.0,1.7,31.0,18.0,1.0
Carlos Barreto,193.04,104.33,,Orthodox,,0.0,0.0,0.0,0.0,0.0,0.0,0.0,0.0,14.0,9.0,0.0
Carlos Calderon,180.34,65.77,180.34,Southpaw,1996-02-10,,,,,,,,,,,
Carlos Candelario,172.72,56.7,172.72,Southpaw,1991-06-04,3.97,46.0,5.17,44.0,2.28,36.0,53.0,0.3,8.0,3.0,0.0
Carlos Condit,187.96,77.11,190.5,Orthodox,1984-04-26,3.66,39.0,2.67,55.0,0.59,46.0,38.0,1.0,32.0,14.0,0.0
Carlos Eduardo Rocha,177.8,77.11,185.42,Orthodox,1981-07-12,1.24,34.0,1.85,55.0,0.0,0.0,52.0,1.4,9.0,4.0,0.0
Carlos Felipe,182.88,111.13,190.5,Orthodox,1995-01-12,4.88,45.0,5.6,50.0,0.0,0.0,72.0,0.0,11.0,2.0,0.0
Carlos Hernandez,172.72,56.7,170.18,Orthodox,1993-10-25,3.83,45.0,3.5,50.0,1.56,21.0,65.0,0.2,10.0,5.0,0.0
Carlos Huachin,162.56,61.23,170.18,Southpaw,1996-06-04,2.1,21.0,4.8,50.0,0.0,0.0,66.0,0.0,10.0,5.0,1.0
Carlos Leal,180.34,77.11,187.96,Orthodox,1994-05-04,9.57,50.0,7.61,53.0,0.75,25.0,90.0,0.0,22.0,7.0,0.0
Carlos Mota,162.56,56.7,175.26,Orthodox,1995-04-15,0.8,41.0,1.13,54.0,0.0,0.0,50.0,1.0,8.0,2.0,0.0
Carlos Newton,175.26,77.11,,Orthodox,1976-08-17,0.65,41.0,1.55,44.0,2.47,70.0,43.0,0.9,16.0,14.0,0.0
Carlos Prates,185.42,77.11,198.12,Switch,1993-08-17,3.82,54.0,4.8,48.0,0.23,100.0,84.0,0.0,22.0,7.0,0.0
Carlos Ulberg,193.04,92.99,195.58,Orthodox,1990-11-07,6.77,55.0,4.21,51.0,0.58,60.0,85.0,0.2,13.0,1.0,0.0
Carlos Vera,167.64,61.23,175.26,Orthodox,1987-11-05,1.53,57.0,2.79,49.0,0.0,0.0,25.0,1.6,12.0,4.0,0.0
Carlos Zevallos,182.88,92.99,,Orthodox,,,,,,,,,,,,
Carls John De Tomas,165.1,56.7,180.34,Southpaw,1996-08-28,1.74,37.0,3.93,44.0,1.37,33.0,66.0,0.0,6.0,2.0,0.0
Carlston Harris,182.88,77.11,193.04,Orthodox,1987-07-09,3.79,43.0,3.46,54.0,1.46,22.0,55.0,0.6,19.0,7.0,0.0
Carlton Jones,185.42,102.06,,Orthodox,,,,,,,,,,,,
Carlton Minus,177.8,77.11,190.5,Orthodox,1993-04-26,3.5,40.0,4.97,50.0,0.0,0.0,58.0,0.0,10.0,3.0,0.0
Carmelo Marrero,182.88,92.99,185.42,Orthodox,1981-01-26,0.84,34.0,2.04,54.0,3.21,36.0,36.0,0.9,16.0,6.0,0.0
Carol Foro,157.48,52.16,154.94,Orthodox,1997-03-21,,,,,,,,,,,
Caros Fodor,175.26,70.31,187.96,Orthodox,1984-01-07,2.76,54.0,2.83,54.0,2.1,25.0,50.0,0.0,11.0,6.0,0.0
Carter Williams,185.42,120.2,,Orthodox,,,,,,,,,,,,
Casey Huffman,190.5,83.91,,,,,,,,,,,,,,
Casey Kenney,170.18,61.23,172.72,Southpaw,1991-03-20,4.85,42.0,4.67,58.0,1.09,35.0,61.0,0.4,16.0,4.0,1.0
Casey O'Neill,167.64,56.7,175.26,Orthodox,1997-10-07,7.89,52.0,5.65,57.0,1.45,34.0,70.0,0.7,10.0,2.0,0.0
Casey Olson,170.18,65.77,,Orthodox,,,,,,,,,,,,
Casey Ryan,,83.91,,,,,,,,,,,,,,
Cat Zingano,167.64,65.77,172.72,Southpaw,1982-07-01,2.57,61.0,1.63,47.0,2.77,65.0,42.0,0.8,10.0,4.0,0.0
Cathal Pendred,185.42,77.11,190.5,Orthodox,1987-09-02,2.49,44.0,3.01,55.0,2.46,23.0,83.0,0.4,17.0,4.0,1.0
Cedric Doumbe,177.8,77.11,,,1992-08-13,,,,,,,,,,,
Cesar Almeida,185.42,83.91,187.96,Orthodox,1988-03-28,4.16,58.0,2.32,48.0,0.0,0.0,60.0,0.3,7.0,1.0,0.0
Cesar Arzamendia,180.34,70.31,,Orthodox,1991-01-31,5.37,45.0,5.2,56.0,7.32,75.0,0.0,2.4,8.0,3.0,0.0
Cesar Gracie,177.8,82.1,,Orthodox,,,,,,,,,,,,
Cesar Marscucci,,,,,,0.0,0.0,0.0,0.0,0.0,0.0,0.0,0.0,3.0,2.0,0.0
Cezar Ferreira,185.42,83.91,198.12,Southpaw,1985-02-15,1.9,42.0,2.44,53.0,2.69,53.0,84.0,0.5,13.0,8.0,0.0
Cezary Oleksiejczuk,190.5,83.91,190.5,Southpaw,2000-01-06,,,,,,,,,,,
Chad Anheliger,167.64,61.23,162.56,Orthodox,1986-12-01,3.11,46.0,2.76,53.0,0.68,30.0,38.0,0.5,13.0,8.0,0.0
Chad Cook,187.96,92.99,,,1979-11-07,,,,,,,,,,,
Chad Corvin,195.58,115.67,,,,,,,,,,,,,,
Chad George,167.64,61.23,172.72,Southpaw,1982-04-30,,,,,,,,,,,
Chad Griggs,185.42,92.99,185.42,Orthodox,1978-05-15,2.67,50.0,2.22,46.0,1.51,66.0,41.0,0.0,11.0,3.0,0.0
Chad Hanekom,193.04,83.91,187.96,Orthodox,1990-04-20,,,,,,,,,,,
Chad Johnson,187.96,104.33,203.2,Orthodox,1986-07-22,,,,,,,,,,,
Chad Laprise,177.8,77.11,180.34,Orthodox,1986-07-23,4.78,42.0,3.59,65.0,1.05,54.0,78.0,0.0,13.0,4.0,0.0
Chad Leonhardt,182.88,77.11,,,1980-02-19,,,,,,,,,,,
Chad Mendes,167.64,65.77,167.64,Orthodox,1985-05-01,2.78,49.0,2.35,67.0,4.13,55.0,100.0,0.3,18.0,5.0,0.0
Chad Reiner,180.34,77.11,,Orthodox,1981-06-29,0.53,20.0,1.97,46.0,0.99,33.0,25.0,2.0,33.0,18.0,0.0
Chad Robichaux,162.56,61.23,,,1975-08-18,,,,,,,,,,,
Chad Sutton,185.42,83.91,,,1982-08-07,,,,,,,,,,,
Chad Vance,182.88,83.91,,Orthodox,,,,,,,,,,,,
Chad W. Saunders,177.8,77.11,,Orthodox,,,,,,,,,,,,
Chael Sonnen,185.42,92.99,185.42,Southpaw,1977-04-03,3.08,43.0,1.1,62.0,3.81,59.0,66.0,0.4,29.0,15.0,1.0
Chalid Arrab,180.34,92.99,,Orthodox,1975-05-28,,,,,,,,,,,
Chan Sung Jung,170.18,65.77,182.88,Orthodox,1987-03-17,3.93,41.0,4.52,52.0,0.7,44.0,72.0,0.6,17.0,8.0,0.0
Chan-Mi Jeon,165.1,52.16,,Orthodox,1997-08-28,6.23,31.0,7.77,55.0,0.0,0.0,0.0,0.0,5.0,2.0,0.0
Chance Farrar,175.26,65.77,,Southpaw,1975-09-11,,,,,,,,,,,
Chance Rencountre,187.96,77.11,190.5,Southpaw,1986-12-31,1.1,20.0,3.62,49.0,1.35,26.0,16.0,0.3,14.0,4.0,0.0
Chandler Cole,177.8,119.75,182.88,Orthodox,1995-01-09,,,,,,,,,,,
ChangHo Lee,172.72,61.23,175.26,Orthodox,1994-05-09,4.92,67.0,2.35,39.0,3.27,33.0,37.0,0.4,11.0,1.0,0.0
ChangMin Yoon,172.72,65.77,177.8,Orthodox,1994-05-10,,,,,,,,,,,
Charalampos Grigoriou,170.18,61.23,170.18,Orthodox,1992-03-31,2.62,48.0,3.97,46.0,2.62,80.0,90.0,0.0,8.0,5.0,0.0
Charlene Gellner,157.48,56.7,,,,,,,,,,,,,,
Charles Bennett,172.72,70.31,,Orthodox,1979-11-23,,,,,,,,,,,
Charles Byrd,177.8,83.91,185.42,Orthodox,1983-10-11,3.43,55.0,2.63,55.0,2.5,50.0,40.0,1.5,10.0,7.0,0.0
Charles Johnson,175.26,56.7,177.8,Switch,1991-01-10,4.73,49.0,3.78,56.0,0.56,20.0,66.0,0.4,18.0,7.0,0.0
Charles Jourdain,175.26,61.23,175.26,Switch,1995-11-27,5.43,48.0,4.27,56.0,0.34,21.0,47.0,0.6,16.0,8.0,1.0
Charles McCarthy,177.8,83.91,180.34,Orthodox,1980-08-06,0.18,12.0,4.03,56.0,2.67,60.0,0.0,2.7,10.0,5.0,0.0
Charles McTorry,,,,,,,,,,,,,,,,
Charles Oliveira,177.8,70.31,187.96,Orthodox,1989-10-17,3.41,55.0,3.26,48.0,2.23,39.0,56.0,2.6,35.0,11.0,0.0
Charles Radtke,175.26,77.11,182.88,Orthodox,1990-07-09,3.11,49.0,3.66,52.0,0.49,12.0,100.0,0.0,10.0,5.0,0.0
Charles Rosa,175.26,65.77,175.26,Switch,1986-08-24,3.08,36.0,3.86,47.0,1.67,35.0,38.0,1.0,14.0,8.0,0.0
Charlie Brenneman,177.8,70.31,177.8,Orthodox,1981-02-09,1.52,56.0,1.55,46.0,4.23,42.0,72.0,0.0,19.0,8.0,0.0
Charlie Campbell,182.88,70.31,182.88,Orthodox,1995-07-03,5.55,54.0,3.73,55.0,2.95,40.0,71.0,0.0,9.0,2.0,0.0
Charlie Kohler,175.26,70.31,,Orthodox,1976-07-16,,,,,,,,,,,
Charlie Ontiveros,187.96,70.31,187.96,Switch,1991-07-04,1.89,41.0,5.86,31.0,0.0,0.0,30.0,0.0,11.0,9.0,0.0
Charlie Valencia,160.02,61.23,162.56,Orthodox,1974-10-31,2.58,37.0,2.61,77.0,1.4,53.0,75.0,0.5,12.0,7.0,0.0
Charlie Ward,180.34,77.11,,Orthodox,1980-12-17,1.64,19.0,7.21,53.0,0.0,0.0,0.0,0.0,3.0,3.0,0.0
Charon Spain,175.26,70.31,,,1988-03-11,,,,,,,,,,,
Chas Skelly,180.34,65.77,182.88,Orthodox,1985-05-11,2.01,40.0,3.21,49.0,1.74,34.0,39.0,2.3,19.0,3.0,0.0
Chase Beebe,170.18,61.23,170.18,Orthodox,1985-03-29,,,,,,,,,,,
Chase Gibson,177.8,70.31,182.88,Orthodox,1990-02-07,,,,,,,,,,,
Chase Gormley,190.5,120.2,,Orthodox,,3.6,42.0,6.03,44.0,3.12,42.0,0.0,1.0,14.0,6.0,0.0
Chase Hooper,185.42,70.31,187.96,Southpaw,1999-09-13,4.51,49.0,2.98,39.0,2.49,33.0,55.0,2.1,16.0,4.0,1.0
Chase Sherman,193.04,113.4,198.12,Orthodox,1989-11-16,6.04,45.0,6.65,52.0,0.09,50.0,74.0,0.0,16.0,12.0,0.0
Chase Waldon,185.42,83.91,190.5,Orthodox,1986-09-19,,,,,,,,,,,
Chasen Blair,177.8,70.31,180.34,Orthodox,1998-10-14,,,,,,,,,,,
Chatt Lavender,172.72,77.11,,,1976-05-24,,,,,,,,,,,
Che Mills,185.42,77.11,193.04,Orthodox,1982-09-29,2.08,52.0,2.87,43.0,1.18,66.0,58.0,0.0,16.0,10.0,0.0
Cheick Kongo,193.04,108.86,208.28,Orthodox,1975-05-17,3.33,56.0,1.28,54.0,2.3,56.0,52.0,0.2,27.0,10.0,2.0
Chel Erwin-Davis,182.88,77.11,,,,,,,,,,,,,,
Chelsea Chandler,172.72,61.23,172.72,Southpaw,1990-11-23,3.55,45.0,4.44,40.0,0.87,60.0,28.0,0.0,6.0,4.0,0.0
Chelsea Hackett,162.56,56.7,167.64,Switch,1998-08-16,,,,,,,,,,,
Chepe Mariscal,170.18,65.77,175.26,Orthodox,1992-10-27,4.95,56.0,3.07,51.0,2.85,39.0,73.0,0.2,18.0,6.0,0.0
Cheyanne Vlismas,160.02,52.16,160.02,Switch,1995-06-25,4.93,50.0,2.57,64.0,0.25,33.0,66.0,0.2,7.0,3.0,0.0
Cheyden Leialoha,172.72,61.23,185.42,Orthodox,1994-03-15,,,,,,,,,,,
Chi Lewis-Parry,205.74,110.22,,,1983-08-10,,,,,,,,,,,
Chibwikem Onyenegecha,190.5,83.91,,Orthodox,1994-04-18,,,,,,,,,,,
Chico Camus,167.64,56.7,167.64,Orthodox,1985-01-26,2.58,41.0,2.46,64.0,0.77,40.0,72.0,0.4,17.0,7.0,0.0
Chidi Njokuani,190.5,77.11,203.2,Orthodox,1988-12-31,4.72,62.0,2.64,57.0,0.0,0.0,73.0,0.2,25.0,11.0,0.0
Chris Amarante,,83.91,,,,,,,,,,,,,,
Chris Avila,177.8,65.77,,Orthodox,1993-01-16,2.37,30.0,4.17,48.0,0.0,0.0,46.0,0.0,5.0,4.0,0.0
Chris Barnett,175.26,120.2,190.5,Orthodox,1986-06-14,4.21,47.0,6.53,39.0,0.0,0.0,33.0,0.0,23.0,9.0,0.0
Chris Barnhizer,,,,,,,,,,,,,,,,
Chris Beal,170.18,56.7,175.26,Orthodox,1985-08-06,3.45,35.0,3.18,61.0,1.6,58.0,78.0,0.2,10.0,5.0,0.0
Chris Birchler,190.5,92.99,,Switch,1987-06-05,,,,,,,,,,,
Chris Bostick,,,,,,,,,,,,,,,,
Chris Brennan,172.72,77.11,,Orthodox,1971-10-12,0.6,40.0,0.97,50.0,0.0,0.0,25.0,2.1,21.0,13.0,1.0
Chris Brown,,77.11,,,,,,,,,,,,,,
Chris Camozzi,187.96,83.91,190.5,Orthodox,1986-11-20,3.57,44.0,2.96,56.0,0.27,19.0,57.0,0.5,24.0,13.0,0.0
Chris Cariaso,160.02,56.7,162.56,Southpaw,1981-05-27,3.35,43.0,2.23,61.0,1.11,39.0,57.0,0.8,17.0,8.0,0.0
Chris Clements,177.8,77.11,177.8,Orthodox,1976-02-09,3.2,49.0,2.37,44.0,0.0,0.0,32.0,0.3,12.0,6.0,0.0
Chris Coggins,,,,,,,,,,,,,,,,
Chris Condo,182.88,151.95,,Orthodox,,0.0,0.0,0.0,0.0,0.0,0.0,0.0,0.0,0.0,1.0,0.0
Chris Cope,182.88,77.11,182.88,Orthodox,1983-03-05,3.96,26.0,4.82,50.0,0.0,0.0,80.0,0.0,8.0,4.0,0.0
Chris Culley,,65.77,,,1986-03-25,,,,,,,,,,,
Chris Curtis,177.8,77.11,190.5,Orthodox,1987-07-15,5.98,50.0,6.19,54.0,0.0,0.0,82.0,0.0,32.0,12.0,0.0
Chris Daukaus,190.5,92.99,193.04,Orthodox,1989-09-25,6.05,50.0,4.64,55.0,0.0,0.0,100.0,0.0,12.0,7.0,0.0
Chris Dempsey,177.8,83.91,182.88,Orthodox,1987-09-08,2.25,32.0,2.82,65.0,2.64,23.0,16.0,0.0,11.0,5.0,0.0
Chris Drumm,172.72,65.77,,,,,,,,,,,,,,
Chris Duncan,177.8,70.31,180.34,Orthodox,1993-05-10,4.64,44.0,4.53,51.0,3.17,42.0,50.0,0.5,14.0,2.0,0.0
Chris Ewert,182.88,83.91,190.5,Orthodox,1993-09-06,,,,,,,,,,,
Chris Fishgold,172.72,65.77,172.72,Orthodox,1992-06-06,2.01,32.0,2.7,46.0,2.59,46.0,44.0,1.3,18.0,4.0,1.0
Chris Gruetzemacher,172.72,70.31,172.72,Orthodox,1986-06-16,6.18,57.0,4.96,52.0,0.21,50.0,65.0,0.0,15.0,5.0,0.0
Chris Guillen,182.88,108.86,,Orthodox,1972-12-09,,,,,,,,,,,
Chris Gutierrez,175.26,61.23,170.18,Orthodox,1991-04-22,4.59,58.0,2.65,63.0,0.24,25.0,70.0,0.1,22.0,6.0,2.0
Chris Haseman,180.34,92.99,,Orthodox,1969-06-02,0.93,70.0,4.67,28.0,0.0,0.0,40.0,2.0,20.0,17.0,0.0
Chris Hawk,185.42,92.99,,,,,,,,,,,,,,
Chris Heatherly,175.26,70.31,,Orthodox,1987-11-24,1.08,45.0,2.67,52.0,3.39,50.0,100.0,0.7,9.0,4.0,0.0
Chris Herrera,177.8,83.91,,,,,,,,,,,,,,
Chris Hofmann,182.88,77.11,182.88,Orthodox,1989-11-18,,,,,,,,,,,
Chris Holdsworth,180.34,61.23,,,1987-10-24,1.85,29.0,1.94,58.0,3.38,62.0,100.0,2.0,6.0,0.0,0.0
Chris Honeycutt,177.8,77.11,185.42,,1988-07-25,,,,,,,,,,,
Chris Horodecki,175.26,70.31,175.26,Orthodox,1987-09-24,,,,,,,,,,,
Chris Indich,177.8,77.11,,,1987-04-22,1.31,30.0,4.32,43.0,0.75,50.0,50.0,1.5,6.0,4.0,0.0
Chris Inman,,,,,,,,,,,,,,,,
Chris Jones,175.26,67.59,,,1981-11-16,,,,,,,,,,,
Chris Kelades,170.18,56.7,172.72,Orthodox,1981-02-21,2.4,43.0,2.64,48.0,1.04,18.0,53.0,0.3,9.0,3.0,0.0
Chris Leben,180.34,83.91,185.42,Southpaw,1980-07-21,2.87,42.0,2.87,52.0,1.14,41.0,53.0,0.8,22.0,11.0,0.0
Chris Liguori,175.26,83.91,,Orthodox,,0.29,33.0,1.44,0.0,0.0,0.0,50.0,0.0,15.0,10.0,0.0
Chris Lytle,180.34,77.11,172.72,Orthodox,1974-08-18,3.76,45.0,3.03,58.0,0.7,55.0,55.0,2.4,31.0,18.0,5.0
Chris Manuel,175.26,61.23,,Orthodox,1987-07-21,,,,,,,,,,,
Chris Mickle,175.26,65.77,,Orthodox,1983-07-10,,,,,,,,,,,
Chris Mierzwiak,185.42,83.91,,,1988-02-14,,,,,,,,,,,
Chris Padilla,175.26,70.31,187.96,Orthodox,1995-09-14,4.13,51.0,3.68,57.0,1.56,30.0,100.0,0.5,16.0,6.0,0.0
Chris Price,187.96,83.91,,Southpaw,1982-11-09,1.44,66.0,2.59,48.0,0.0,0.0,33.0,2.2,19.0,4.0,0.0
Chris Sanford,180.34,83.91,,Orthodox,1968-03-12,0.23,50.0,3.22,17.0,0.0,0.0,0.0,3.5,5.0,1.0,0.0
Chris Saunders,172.72,70.31,,,1986-03-11,1.48,22.0,2.96,75.0,3.7,100.0,0.0,0.0,16.0,8.0,0.0
Chris Solomon,180.34,70.31,,,,,,,,,,,,,,
Chris Spang,187.96,77.11,,Orthodox,1987-11-26,1.83,36.0,1.95,60.0,0.0,0.0,50.0,0.9,6.0,3.0,0.0
Chris Tickle,175.26,70.31,,,1982-02-01,1.07,40.0,1.13,43.0,1.0,25.0,20.0,2.0,9.0,9.0,0.0
Chris Tuchscherer,187.96,117.03,193.04,Orthodox,1975-09-08,1.35,31.0,3.17,47.0,1.19,18.0,0.0,0.6,21.0,4.0,0.0
Chris Wade,177.8,70.31,177.8,Orthodox,1987-09-30,1.7,53.0,1.75,51.0,2.6,51.0,55.0,1.1,12.0,3.0,0.0
Chris Weidman,187.96,83.91,198.12,Orthodox,1984-06-17,3.11,45.0,3.37,51.0,3.27,42.0,72.0,0.8,16.0,8.0,0.0
Chris Wilson,185.42,77.11,190.5,Orthodox,1977-06-07,2.32,50.0,1.36,55.0,1.31,50.0,60.0,1.6,18.0,10.0,0.0
Chris Wright,,,,,,,,,,,,,,,,
Chris Yee,175.26,83.91,,,,,,,,,,,,,,
Chris de la Rocha,190.5,113.4,203.2,Orthodox,1979-05-15,4.08,45.0,6.37,43.0,2.02,30.0,33.0,1.0,5.0,3.0,0.0
Christian Aguilera,175.26,77.11,182.88,Switch,1991-11-25,2.54,37.0,4.04,48.0,0.0,0.0,60.0,0.0,14.0,8.0,0.0
Christian Colombo,195.58,120.2,,Orthodox,1980-07-01,2.76,44.0,4.02,42.0,0.0,0.0,33.0,0.0,8.0,3.0,1.0
Christian Edwards,,92.99,,,1998-11-05,,,,,,,,,,,
Christian Leroy Duncan,187.96,83.91,200.66,Switch,1995-07-24,4.83,59.0,2.94,51.0,0.22,11.0,71.0,0.0,12.0,2.0,0.0
Christian Lohsen,187.96,70.31,195.58,Southpaw,1995-01-24,,,,,,,,,,,
Christian Morecraft,198.12,117.93,205.74,Orthodox,1986-09-08,2.82,34.0,2.46,46.0,3.26,66.0,50.0,2.2,8.0,3.0,0.0
Christian Ocon,172.72,61.23,175.26,Orthodox,1996-02-05,,,,,,,,,,,
Christian Rodriguez,170.18,65.77,180.34,Orthodox,1997-12-17,3.85,50.0,2.85,56.0,1.75,40.0,67.0,1.1,12.0,4.0,0.0
Christian Uflacker,180.34,77.11,,,1985-08-04,,,,,,,,,,,
Christian Wellisch,187.96,106.14,195.58,Orthodox,1975-09-13,3.12,27.0,3.04,56.0,1.22,42.0,45.0,1.2,8.0,5.0,0.0
Christien Savoie,180.34,77.11,182.88,Orthodox,1992-08-29,,,,,,,,,,,
Christina Marks,170.18,56.7,175.26,Orthodox,1985-11-08,5.0,58.0,3.0,64.0,7.5,100.0,0.0,0.0,8.0,9.0,0.0
Christophe Leninger,182.88,90.72,,Southpaw,,0.0,0.0,0.0,0.0,0.0,0.0,0.0,0.0,3.0,4.0,0.0
Christopher Alvidrez,182.88,77.11,187.96,Orthodox,1996-12-27,,,,,,,,,,,
Christopher Lopez,177.8,77.11,,,1986-01-30,,,,,,,,,,,
Christos Giagos,177.8,70.31,180.34,Orthodox,1990-01-23,3.03,41.0,3.21,50.0,2.84,36.0,52.0,0.4,20.0,12.0,0.0
Chuck Grigsby,198.12,92.99,,Orthodox,,,,,,,,,,,,
Chuck Liddell,187.96,92.99,193.04,Orthodox,1969-12-17,2.97,35.0,2.71,56.0,0.44,75.0,81.0,0.0,21.0,8.0,0.0
Chuck O'Neil,187.96,77.11,,,1985-09-22,3.13,37.0,4.4,72.0,0.0,0.0,0.0,0.0,17.0,9.0,0.0
Chungreng Koren,,61.23,,,1998-02-01,,,,,,,,,,,
Cindy Dandois,170.18,61.23,,Orthodox,1984-10-26,3.13,32.0,3.4,58.0,5.0,55.0,0.0,0.0,8.0,3.0,0.0
Ciryl Gane,193.04,111.13,205.74,Orthodox,1990-04-12,5.26,61.0,2.23,61.0,0.7,25.0,43.0,0.6,13.0,2.0,0.0
Claude Patrick,180.34,77.11,190.5,Orthodox,1980-06-14,1.8,55.0,0.89,69.0,2.32,53.0,84.0,1.7,14.0,2.0,0.0
Claudia Gadelha,162.56,52.16,160.02,Orthodox,1988-12-07,3.31,41.0,4.57,57.0,3.03,42.0,58.0,0.7,18.0,5.0,0.0
Claudia Leite,160.02,61.23,162.56,Orthodox,1996-11-04,,,,,,,,,,,
Claudio Mattos,,83.91,,Orthodox,,,,,,,,,,,,
Claudio Puelles,177.8,70.31,182.88,Southpaw,1996-04-21,1.56,49.0,2.78,46.0,3.17,36.0,60.0,1.2,13.0,4.0,0.0
Claudio Ribeiro,185.42,83.91,195.58,Orthodox,1992-07-17,3.59,51.0,4.9,30.0,0.56,50.0,66.0,0.0,11.0,5.0,0.0
Claudio Silva,180.34,77.11,180.34,Southpaw,1982-09-06,2.48,42.0,3.0,46.0,2.85,26.0,44.0,1.1,14.0,4.0,0.0
Claudionor Fontinelle,165.1,83.91,,Orthodox,,,,,,,,,,,,
Clay Collard,180.34,65.77,185.42,Orthodox,1993-03-10,4.22,32.0,5.0,50.0,2.81,39.0,71.0,0.5,14.0,7.0,0.0
Clay French,170.18,73.03,,Southpaw,1980-10-07,,,,,,,,,,,
Clay Guida,170.18,70.31,177.8,Orthodox,1981-12-08,2.63,33.0,3.0,61.0,3.1,35.0,66.0,0.6,38.0,22.0,0.0
Clay Harvison,185.42,77.11,187.96,Orthodox,1980-09-25,3.29,48.0,3.91,58.0,0.66,100.0,68.0,1.3,13.0,6.0,0.0
Clay Mitchell,187.96,83.91,,,,,,,,,,,,,,
Clayton Carpenter,167.64,56.7,167.64,Orthodox,1996-06-09,3.91,55.0,2.75,55.0,2.23,46.0,42.0,1.5,8.0,1.0,0.0
Clayton MacFarlane,,77.11,,,,,,,,,,,,,,
Cleber Luciano,167.64,70.31,,,,,,,,,,,,,,
Clifford Starks,182.88,83.91,198.12,Orthodox,1981-04-25,1.94,33.0,2.49,58.0,1.94,100.0,60.0,0.0,13.0,3.0,0.0
Clint Coronel,,70.31,,,,,,,,,,,,,,
Clint Godfrey,167.64,61.23,,Southpaw,1982-10-21,,,,,,,,,,,
Clint Hester,187.96,92.99,195.58,Orthodox,1986-11-21,3.36,42.0,3.44,56.0,1.02,35.0,60.0,0.0,11.0,6.0,0.0
Codale Ford,175.26,77.11,,,1979-05-13,,,,,,,,,,,
Cody Brundage,182.88,83.91,182.88,Orthodox,1994-05-16,2.2,51.0,2.72,49.0,2.05,46.0,68.0,0.6,11.0,7.0,1.0
Cody Canterbury,172.72,70.31,,,,,,,,,,,,,,
Cody Carrillo,177.8,70.31,,,,,,,,,,,,,,
Cody Chovancek,172.72,61.23,170.18,Switch,1998-07-24,,,,,,,,,,,
Cody Donovan,190.5,92.99,187.96,Orthodox,1981-02-20,5.61,59.0,5.44,45.0,1.67,28.0,0.0,1.7,8.0,5.0,0.0
Cody Durden,170.18,56.7,170.18,Southpaw,1991-03-29,3.44,44.0,4.35,50.0,4.13,47.0,73.0,0.7,17.0,8.0,1.0
Cody East,190.5,111.13,,Orthodox,1988-06-29,4.15,43.0,7.32,40.0,3.97,100.0,16.0,0.0,12.0,3.0,0.0
Cody Floyd,,,,,1988-07-18,,,,,,,,,,,
Cody Garbrandt,172.72,61.23,165.1,Orthodox,1991-07-07,2.88,39.0,3.64,59.0,0.93,27.0,83.0,0.0,14.0,7.0,0.0
Cody Gibson,177.8,61.23,180.34,Orthodox,1987-09-11,3.61,45.0,3.18,57.0,2.13,37.0,69.0,0.6,22.0,11.0,0.0
Cody Haddon,170.18,61.23,175.26,Orthodox,1998-09-08,9.2,51.0,3.47,64.0,2.48,37.0,83.0,0.8,8.0,1.0,0.0
Cody Law,,65.77,,,1995-03-24,,,,,,,,,,,
Cody McKenzie,182.88,70.31,182.88,Switch,1987-12-16,1.74,34.0,2.5,67.0,2.5,25.0,14.0,2.5,16.0,10.0,0.0
Cody Pfister,177.8,70.31,185.42,Orthodox,1990-07-12,1.41,25.0,2.8,51.0,2.82,30.0,0.0,0.0,13.0,6.0,1.0
Cody Sons,175.26,92.99,,,,,,,,,,,,,,
Cody Stamann,167.64,61.23,162.56,Orthodox,1989-11-09,4.32,46.0,3.91,60.0,2.17,37.0,76.0,0.0,21.0,8.0,1.0
Colby Covington,180.34,77.11,182.88,Orthodox,1988-02-22,3.81,38.0,3.09,54.0,3.64,42.0,68.0,0.2,17.0,5.0,0.0
Colby Thicknesse,170.18,61.23,175.26,Orthodox,1999-06-23,2.53,29.0,2.73,48.0,0.0,0.0,50.0,0.0,7.0,1.0,0.0
Cole Escovedo,170.18,61.23,182.88,Orthodox,1981-08-30,1.77,43.0,4.32,49.0,0.43,33.0,13.0,0.0,17.0,9.0,0.0
Cole Miller,185.42,65.77,185.42,Orthodox,1984-04-26,3.0,33.0,3.88,59.0,0.6,36.0,38.0,1.8,21.0,11.0,0.0
Cole Province,175.26,65.77,172.72,Orthodox,1981-01-17,,,,,,,,,,,
Cole Smith,180.34,61.23,170.18,Orthodox,1989-04-05,1.78,35.0,1.96,49.0,1.67,33.0,45.0,1.7,7.0,2.0,0.0
Cole Williams,182.88,77.11,185.42,Orthodox,1983-12-15,0.31,27.0,5.34,23.0,0.0,0.0,25.0,0.0,11.0,3.0,0.0
Colin Fletcher,187.96,70.31,,Orthodox,1983-01-08,3.1,34.0,2.97,62.0,0.0,0.0,27.0,0.0,14.0,8.0,0.0
Colin Robinson,193.04,110.22,,Orthodox,1968-11-27,6.19,69.0,7.91,37.0,2.58,100.0,50.0,5.2,10.0,12.0,0.0
Colleen Schneider,,61.23,,,,,,,,,,,,,,
ColleyBradford,170.18,65.77,,,,,,,,,,,,,,
Collin Anglin,175.26,65.77,180.34,Orthodox,1993-02-20,4.59,48.0,5.54,51.0,2.28,66.0,100.0,0.0,8.0,3.0,0.0
Collin Hart,185.42,83.91,,Orthodox,1989-10-12,6.33,44.0,7.53,51.0,2.0,16.0,50.0,0.0,6.0,3.0,1.0
Collin Huckbody,190.5,83.91,193.04,Orthodox,1994-09-29,,,,,,,,,,,
Coltin Cole,,83.91,,,1989-04-24,,,,,,,,,,,
Colton Smith,182.88,70.31,180.34,Orthodox,1987-08-14,1.64,41.0,2.3,51.0,4.09,36.0,25.0,1.4,7.0,4.0,0.0
Connor Matthews,172.72,65.77,180.34,Switch,1992-05-31,4.82,43.0,6.06,55.0,3.24,55.0,46.0,0.7,7.0,4.0,0.0
Conor Heun,177.8,70.31,,Orthodox,1979-02-11,,,,,,,,,,,
Conor McGregor,175.26,70.31,187.96,Southpaw,1988-07-14,5.32,49.0,4.66,54.0,0.67,55.0,66.0,0.1,22.0,6.0,0.0
Constantinos Philippou,180.34,83.91,185.42,Orthodox,1979-11-29,2.19,35.0,2.73,54.0,0.4,42.0,65.0,0.3,13.0,5.0,0.0
Corey Anderson,190.5,92.99,200.66,Orthodox,1989-09-22,4.43,46.0,2.22,59.0,4.89,50.0,83.0,0.0,14.0,5.0,0.0
Corey Hill,193.04,70.31,203.2,Orthodox,1978-10-03,3.57,46.0,1.61,70.0,3.02,80.0,100.0,0.0,6.0,9.0,0.0
Corinne Laframboise,162.56,56.7,165.1,Orthodox,1989-05-25,,,,,,,,,,,
Cortavious Romious,162.56,61.23,172.72,Southpaw,1994-01-06,1.91,38.0,3.46,39.0,2.29,66.0,64.0,0.8,9.0,4.0,0.0
Cortez Coleman,185.42,83.91,,,1982-01-28,,,,,,,,,,,
Cortney Casey,170.18,56.7,170.18,Orthodox,1987-05-05,4.29,39.0,4.0,55.0,0.39,31.0,39.0,0.5,10.0,10.0,0.0
Cory Devela,152.4,83.91,,Orthodox,,,,,,,,,,,,
Cory Hendricks,190.5,92.99,,Switch,1988-05-10,3.13,39.0,4.07,42.0,0.0,0.0,100.0,0.0,3.0,1.0,0.0
Cory McKenna,160.02,52.16,147.32,Orthodox,1999-07-11,2.94,38.0,3.68,46.0,2.0,47.0,75.0,0.4,8.0,4.0,0.0
Cory Peterson,210.82,181.44,,Orthodox,,,,,,,,,,,,
Cory Sandhagen,180.34,61.23,177.8,Switch,1992-04-20,5.06,45.0,3.34,56.0,1.28,34.0,63.0,0.3,18.0,5.0,0.0
Cory Walmsley,182.88,92.99,,Orthodox,,0.79,100.0,1.18,50.0,0.0,0.0,0.0,0.0,8.0,2.0,0.0
Coty Wheeler,167.64,61.23,170.18,Orthodox,1978-10-11,,,,,,,,,,,
Court McGee,180.34,77.11,190.5,Orthodox,1984-12-12,4.5,36.0,3.65,60.0,1.78,24.0,70.0,0.5,23.0,14.0,0.0
Courtney Buck,177.8,61.23,,Orthodox,1982-03-19,,,,,,,,,,,
Courtney Turner,187.96,77.11,,,,0.0,0.0,0.0,0.0,0.0,0.0,0.0,0.0,0.0,3.0,0.0
Crafton Wallace,182.88,83.91,,Orthodox,1975-11-10,1.55,44.0,2.36,47.0,0.0,0.0,42.0,0.0,18.0,6.0,1.0
Craig Jones,,92.99,,,1991-07-17,,,,,,,,,,,
Craig Oxley,175.26,70.31,,,1973-02-14,,,,,,,,,,,
Craig White,187.96,77.11,193.04,Orthodox,1990-07-01,1.23,40.0,3.28,39.0,0.0,0.0,50.0,0.8,14.0,9.0,0.0
Craig Zellner,187.96,92.99,,Orthodox,1976-09-09,,,,,,,,,,,
Crezio de Souza,,77.11,,Orthodox,,,,,,,,,,,,
Cristian Perez,175.26,70.31,182.88,Orthodox,1999-08-17,,,,,,,,,,,
Cristian Quinonez,172.72,61.23,177.8,Orthodox,1996-04-26,4.19,40.0,4.55,55.0,1.37,37.0,84.0,0.0,18.0,5.0,0.0
Cristiane Justino,172.72,65.77,172.72,Orthodox,1985-07-09,7.28,52.0,2.25,64.0,0.66,55.0,94.0,0.4,21.0,2.0,0.0
Cristiano Marcello,175.26,70.31,182.88,Orthodox,1977-12-03,2.56,33.0,3.61,58.0,0.44,11.0,20.0,0.9,13.0,6.0,0.0
Cristina Stanciu,160.02,52.16,,Orthodox,1994-03-29,2.5,50.0,3.07,52.0,0.85,100.0,40.0,1.7,5.0,2.0,0.0
Crosley Gracie,175.26,86.18,,Orthodox,1979-07-18,,,,,,,,,,,
Cub Swanson,172.72,65.77,177.8,Orthodox,1983-11-02,4.79,51.0,4.0,59.0,1.01,50.0,63.0,0.4,30.0,14.0,0.0
Cung Le,175.26,83.91,177.8,Southpaw,1972-05-25,4.36,48.0,2.98,66.0,1.37,71.0,88.0,0.3,9.0,3.0,0.0
Curt Warburton,182.88,70.31,185.42,Orthodox,,2.13,42.0,3.44,43.0,2.35,50.0,83.0,0.9,13.0,6.0,0.0
Curtis Blaydes,193.04,120.2,203.2,Orthodox,1991-02-18,3.56,50.0,2.0,58.0,5.38,48.0,31.0,0.0,19.0,5.0,0.0
Curtis Millender,187.96,77.11,193.04,Orthodox,1987-12-01,3.86,46.0,2.95,61.0,0.43,100.0,57.0,0.0,17.0,5.0,0.0
Curtis Stout,185.42,83.91,,Southpaw,1973-11-07,0.69,67.0,3.2,29.0,0.0,0.0,20.0,0.0,11.0,12.0,1.0
Cyborg Abreu,,,,,1980-12-20,,,,,,,,,,,
Cynthia Calvillo,162.56,52.16,162.56,Orthodox,1987-07-13,4.41,38.0,4.12,64.0,1.8,44.0,77.0,0.8,9.0,6.0,1.0
Cyril Asker,182.88,112.04,187.96,Orthodox,1985-12-24,3.35,39.0,5.82,35.0,4.41,62.0,100.0,0.9,9.0,4.0,0.0
Cyrille Diabate,198.12,92.99,205.74,Southpaw,1973-10-06,4.06,71.0,1.78,60.0,1.17,83.0,53.0,0.2,19.0,10.0,1.0
Cyrillo Padilha,180.34,70.31,,,1978-01-23,,,,,,,,,,,
Da Woon Jung,193.04,92.99,198.12,Orthodox,1993-12-07,3.24,40.0,4.23,49.0,1.59,47.0,75.0,0.2,15.0,6.0,1.0
Da'Mon Blackshear,177.8,61.23,182.88,Switch,1994-08-12,4.33,45.0,4.19,52.0,1.48,33.0,71.0,1.5,17.0,8.0,1.0
DaMarques Johnson,185.42,77.11,190.5,Orthodox,1982-06-28,2.11,37.0,3.75,51.0,1.18,55.0,19.0,0.7,15.0,15.0,0.0
Dae Won Kim,180.34,81.65,,Orthodox,,,,,,,,,,,,
Daermisi Zhawupasi,172.72,61.23,172.72,Switch,1999-09-15,,,,,,,,,,,
Dagiisuren Chagnaadorj,,65.77,,,1999-12-31,,,,,,,,,,,
Daichi Abe,180.34,77.11,180.34,Orthodox,1991-11-27,3.8,33.0,4.49,56.0,0.33,50.0,0.0,0.0,6.0,2.0,0.0
Daichi Kamiya,172.72,70.31,172.72,Southpaw,1999-04-19,,,,,,,,,,,
Daijiro Matsui,175.26,90.72,,Orthodox,1972-12-05,,,,,,,,,,,
Daiju Takase,182.88,77.11,,Southpaw,1978-04-20,0.49,30.0,1.64,47.0,0.84,17.0,21.0,1.2,12.0,15.0,2.0
Daiki Hata,167.64,63.05,,Orthodox,1982-08-24,,,,,,,,,,,
Daisuke Nakamura,170.18,69.85,,Orthodox,1980-06-10,,,,,,,,,,,
Daisuke Sugie,167.64,72.57,,Orthodox,,,,,,,,,,,,
Dakota Bush,177.8,70.31,185.42,Orthodox,1994-06-09,2.77,38.0,4.42,41.0,2.4,33.0,0.0,0.0,8.0,4.0,0.0
Dakota Cochrane,172.72,70.31,,,1986-05-01,,,,,,,,,,,
Dakota Hope,,65.77,,,1997-01-29,,,,,,,,,,,
Dalcha Lungiambula,172.72,83.91,193.04,Orthodox,1987-07-31,3.07,45.0,3.93,52.0,2.14,45.0,77.0,0.0,11.0,6.0,0.0
Dale Hartt,177.8,70.31,175.26,Orthodox,1979-04-04,1.14,35.0,1.55,66.0,1.22,100.0,25.0,2.5,6.0,3.0,0.0
Damacio Page,167.64,61.23,167.64,Orthodox,1982-09-30,2.05,38.0,2.47,51.0,2.63,64.0,23.0,0.9,19.0,10.0,0.0
Damian Grabowski,185.42,109.32,190.5,Orthodox,1980-05-12,4.0,36.0,7.65,51.0,0.0,0.0,0.0,0.0,20.0,5.0,0.0
Damian Pinas,185.42,83.91,200.66,Orthodox,2002-03-12,,,,,,,,,,,
Damian Stasiak,165.1,61.23,177.8,Orthodox,1990-02-20,1.86,36.0,3.1,52.0,2.64,35.0,43.0,0.6,10.0,6.0,0.0
Damien Brown,177.8,70.31,172.72,Orthodox,1984-12-25,3.66,38.0,4.86,50.0,0.68,27.0,53.0,0.7,17.0,12.0,0.0
Damien Trites,180.34,74.84,,,1979-08-23,,,,,,,,,,,
Damion Douglas,,77.11,,,,,,,,,,,,,,
Damir Hadzovic,175.26,70.31,177.8,Orthodox,1986-08-08,3.34,47.0,3.74,59.0,0.91,54.0,34.0,0.1,14.0,8.0,0.0
Damir Ismagulov,177.8,70.31,187.96,Orthodox,1991-02-03,3.36,42.0,2.44,61.0,1.0,28.0,70.0,0.0,24.0,3.0,0.0
Damir Mirenic,182.88,83.91,,Orthodox,1974-08-02,,,,,,,,,,,
Damon Jackson,180.34,70.31,180.34,Switch,1988-08-08,2.96,42.0,3.47,49.0,2.3,32.0,37.0,1.2,23.0,8.0,1.0
Damon Wilson,175.26,65.77,175.26,Switch,1993-04-29,,,,,,,,,,,
Damonte Robinson,182.88,70.31,195.58,,1995-06-10,,,,,,,,,,,
Dan Argueta,170.18,61.23,172.72,Southpaw,1993-08-13,2.48,43.0,3.44,50.0,4.36,35.0,55.0,1.4,9.0,3.0,0.0
Dan Barrera,175.26,77.11,,Orthodox,1980-12-23,0.8,70.0,1.2,28.0,1.0,8.0,0.0,0.0,3.0,1.0,0.0
Dan Bobish,187.96,156.49,,Southpaw,1970-01-26,2.06,44.0,1.74,34.0,2.44,42.0,0.0,1.6,17.0,9.0,0.0
Dan Charles,187.96,103.42,,,1985-09-24,,,,,,,,,,,
Dan Christison,203.2,120.2,,Orthodox,1972-04-26,4.23,51.0,3.88,54.0,0.0,0.0,37.0,1.1,20.0,7.0,0.0
Dan Cramer,187.96,77.11,,Orthodox,1985-10-31,0.97,30.0,2.1,31.0,0.0,0.0,66.0,0.5,11.0,4.0,0.0
Dan Evensen,190.5,113.4,,Orthodox,1974-06-01,0.27,10.0,3.86,38.0,0.0,0.0,0.0,4.0,11.0,4.0,0.0
Dan Hardy,182.88,77.11,187.96,Orthodox,1982-05-17,2.46,35.0,3.44,51.0,0.73,35.0,35.0,0.4,25.0,10.0,0.0
Dan Henderson,180.34,83.91,187.96,Orthodox,1970-08-24,2.44,47.0,2.7,51.0,1.52,52.0,57.0,0.3,32.0,15.0,0.0
Dan Hooker,182.88,70.31,190.5,Switch,1990-02-13,5.03,48.0,4.72,51.0,0.73,34.0,78.0,0.3,24.0,12.0,0.0
Dan Ige,170.18,65.77,180.34,Orthodox,1991-08-06,3.64,45.0,3.56,56.0,0.89,25.0,56.0,0.2,19.0,10.0,0.0
Dan Lauzon,177.8,70.31,,Orthodox,1988-03-30,1.34,25.0,4.09,61.0,1.63,33.0,80.0,2.7,17.0,6.0,0.0
Dan Manasoiu,,,,,,,,,,,,,,,,
Dan Miller,185.42,83.91,187.96,Orthodox,1981-06-30,2.03,36.0,3.06,49.0,1.67,54.0,47.0,1.8,14.0,8.0,0.0
Dan Molina,177.8,97.98,,,1984-06-14,,,,,,,,,,,
Dan Moret,182.88,70.31,185.42,Southpaw,1986-11-21,2.67,43.0,3.56,43.0,1.25,27.0,45.0,0.4,13.0,6.0,0.0
Dan O'Connor,162.56,52.16,,,1982-11-17,,,,,,,,,,,
Dan Severn,187.96,113.4,,Southpaw,1958-06-08,0.0,0.0,0.0,0.0,0.0,0.0,0.0,0.0,101.0,19.0,1.0
Dan Stittgen,185.42,77.11,,Orthodox,1980-11-17,2.97,46.0,4.42,37.0,0.78,100.0,100.0,0.0,12.0,5.0,0.0
Daniel Acacio,172.72,81.65,,Orthodox,1977-12-27,,,,,,,,,,,
Daniel Allen,182.88,70.31,190.5,Southpaw,1992-08-10,,,,,,,,,,,
Daniel Barez,167.64,56.7,167.64,Orthodox,1988-12-10,3.65,49.0,5.95,50.0,1.93,28.0,80.0,0.6,17.0,7.0,0.0
Daniel Cormier,180.34,106.59,182.88,Orthodox,1979-03-20,4.25,52.0,2.92,54.0,1.83,44.0,80.0,0.4,22.0,3.0,0.0
Daniel Frunza,185.42,77.11,185.42,Orthodox,1994-04-13,6.3,40.0,6.67,56.0,0.0,0.0,60.0,0.0,9.0,3.0,0.0
Daniel Gallemore,195.58,120.2,,,,,,,,,,,,,,
Daniel Gracie,187.96,102.06,,Orthodox,,,,,,,,,,,,
Daniel Jolly,185.42,92.99,190.5,Orthodox,1984-09-03,1.32,46.0,3.39,44.0,2.83,33.0,50.0,0.0,5.0,3.0,0.0
Daniel Kelly,182.88,83.91,177.8,Southpaw,1977-10-31,3.62,38.0,4.64,61.0,1.86,34.0,78.0,0.3,13.0,4.0,0.0
Daniel Lacerda,167.64,56.7,177.8,Switch,1996-06-05,3.95,45.0,8.28,34.0,2.32,50.0,0.0,1.2,11.0,6.0,0.0
Daniel Marcos,170.18,61.23,175.26,Orthodox,1993-03-07,5.11,53.0,3.88,61.0,0.99,46.0,84.0,0.0,17.0,1.0,0.0
Daniel McWilliams,185.42,83.91,,,,,,,,,,,,,,
Daniel Omielanczuk,182.88,112.04,187.96,Southpaw,1982-08-31,3.09,57.0,3.29,47.0,0.56,26.0,68.0,0.1,19.0,8.0,1.0
Daniel Pereira,177.8,83.91,,,1990-12-13,,,,,,,,,,,
Daniel Pineda,170.18,65.77,175.26,Orthodox,1985-08-06,2.85,49.0,3.26,45.0,1.42,24.0,54.0,1.5,28.0,17.0,0.0
Daniel Puder,190.5,106.59,,Orthodox,1981-10-09,,,,,,,,,,,
Daniel Roberts,177.8,77.11,187.96,Southpaw,1980-08-05,0.73,20.0,2.27,46.0,2.46,44.0,40.0,2.5,15.0,7.0,0.0
Daniel Rodriguez,185.42,77.11,187.96,Southpaw,1986-12-31,7.2,49.0,5.4,57.0,0.51,50.0,64.0,0.1,20.0,5.0,0.0
Daniel Santos,170.18,65.77,170.18,Orthodox,1995-03-12,4.74,40.0,4.96,51.0,3.03,39.0,73.0,0.0,13.0,2.0,0.0
Daniel Sarafian,175.26,83.91,185.42,Orthodox,1982-08-21,2.23,46.0,3.1,58.0,0.36,7.0,53.0,0.7,10.0,6.0,0.0
Daniel Schmitt,,83.91,,,,,,,,,,,,,,
Daniel Spitz,200.66,111.13,208.28,Orthodox,1990-07-31,2.6,35.0,5.3,46.0,0.74,66.0,0.0,0.0,6.0,3.0,0.0
Daniel Spohn,193.04,92.99,200.66,Southpaw,1984-10-12,2.42,49.0,1.6,53.0,0.0,0.0,28.0,2.5,15.0,6.0,0.0
Daniel Straus,170.18,65.77,180.34,,1984-07-27,,,,,,,,,,,
Daniel Swain,175.26,65.77,177.8,Orthodox,1991-01-30,,,,,,,,,,,
Daniel Teymur,165.1,65.77,175.26,Orthodox,1988-02-03,3.08,46.0,3.93,56.0,0.56,18.0,60.0,0.3,7.0,4.0,0.0
Daniel Weichel,177.8,65.77,177.8,,1984-11-22,,,,,,,,,,,
Daniel Zellhuber,185.42,70.31,195.58,Switch,1999-07-07,5.83,39.0,5.91,56.0,0.15,25.0,94.0,0.1,15.0,3.0,0.0
Danielle Taylor,152.4,52.16,152.4,Orthodox,1989-10-25,2.75,29.0,3.31,71.0,0.2,20.0,70.0,0.2,9.0,4.0,0.0
Daniil Donchenko,180.34,77.11,180.34,Orthodox,2001-08-04,,,,,,,,,,,
Danillo Villefort,185.42,83.91,,Orthodox,1983-05-08,2.86,37.0,2.4,68.0,1.71,66.0,33.0,1.7,15.0,5.0,0.0
Danilo Belluardo,182.88,70.31,187.96,Southpaw,1994-07-21,1.52,61.0,4.79,41.0,3.5,100.0,50.0,0.0,12.0,5.0,0.0
Danilo Marques,198.12,92.99,195.58,Orthodox,1985-12-26,1.44,79.0,2.52,52.0,3.93,28.0,0.0,0.8,11.0,4.0,0.0
Danilo Suzart,182.88,117.93,,Orthodox,1991-12-04,,,,,,,,,,,
Danni McCormack,162.56,56.7,157.48,Southpaw,1990-03-15,,,,,,,,,,,
Danny Abbadi,180.34,70.31,,Orthodox,1983-07-03,3.29,38.0,4.41,57.0,0.0,0.0,77.0,0.0,4.0,6.0,0.0
Danny Barlow,187.96,83.91,200.66,Southpaw,1995-08-02,5.62,50.0,3.7,51.0,0.0,0.0,100.0,0.0,9.0,1.0,0.0
Danny Castillo,175.26,70.31,180.34,Orthodox,1979-08-25,2.57,42.0,1.96,62.0,2.95,38.0,63.0,0.2,17.0,10.0,0.0
Danny Chavez,172.72,65.77,170.18,Orthodox,1987-03-14,2.86,38.0,3.83,50.0,1.95,60.0,87.0,0.0,11.0,5.0,1.0
Danny Davis,187.96,77.11,,,1982-07-28,,,,,,,,,,,
Danny Downes,182.88,70.31,182.88,Orthodox,1986-04-08,1.66,34.0,3.53,37.0,0.0,0.0,37.0,0.5,8.0,3.0,0.0
Danny Henry,182.88,65.77,185.42,Orthodox,1988-07-17,5.2,51.0,4.16,45.0,0.74,33.0,50.0,2.2,12.0,4.0,0.0
Danny Martinez,167.64,56.7,170.18,Orthodox,1985-06-14,2.73,28.0,3.77,63.0,3.0,45.0,36.0,0.0,21.0,8.0,0.0
Danny Mitchell,187.96,77.11,,Orthodox,1986-08-08,2.53,49.0,2.53,52.0,0.0,0.0,100.0,3.0,19.0,9.0,1.0
Danny Navarro,177.8,70.31,,,1983-05-27,,,,,,,,,,,
Danny Roberts,185.42,77.11,187.96,Southpaw,1987-07-14,3.18,39.0,3.73,50.0,0.24,9.0,57.0,0.2,18.0,8.0,0.0
Danny Sabatello,177.8,61.23,180.34,Orthodox,1993-03-31,,,,,,,,,,,
Danny Silva,180.34,65.77,177.8,Switch,1997-01-30,6.67,55.0,7.47,61.0,2.0,33.0,81.0,0.2,10.0,2.0,0.0
Dante Rivera,185.42,83.91,,Southpaw,1974-12-08,2.27,53.0,4.0,25.0,0.0,0.0,16.0,0.0,16.0,7.0,0.0
Danyelle Wolf,180.34,65.77,177.8,Orthodox,1983-09-08,2.37,25.0,4.57,47.0,0.0,0.0,77.0,0.5,1.0,1.0,0.0
Danylo Voievodkin,193.04,120.2,198.12,Southpaw,2000-07-19,,,,,,,,,,,
Daria Zhelezniakova,175.26,61.23,172.72,Orthodox,1996-01-23,4.75,41.0,2.83,68.0,0.44,100.0,50.0,0.0,10.0,2.0,0.0
Darian Weeks,180.34,77.11,182.88,Orthodox,1993-11-23,4.49,51.0,4.56,51.0,2.0,30.0,100.0,0.0,5.0,3.0,0.0
Darion Abbey,187.96,120.2,203.2,Orthodox,1993-02-25,,,,,,,,,,,
Darko Stosic,182.88,92.99,193.04,Orthodox,1992-02-09,2.61,45.0,4.04,58.0,3.42,50.0,83.0,0.0,13.0,4.0,0.0
Daron Cruickshank,172.72,70.31,182.88,Switch,1985-06-11,2.88,38.0,2.98,57.0,2.04,41.0,60.0,0.2,18.0,10.0,0.0
Darrel Gholar,172.72,88.0,,Orthodox,,0.0,0.0,0.0,0.0,0.0,0.0,0.0,0.0,5.0,6.0,0.0
Darrell Horcher,177.8,70.31,177.8,Southpaw,1987-07-28,2.05,44.0,4.21,39.0,0.35,50.0,47.0,0.7,13.0,4.0,0.0
Darrell Montague,167.64,56.7,170.18,Southpaw,1987-11-03,1.92,25.0,5.38,52.0,0.72,25.0,33.0,1.4,13.0,5.0,0.0
Darren Elkins,177.8,65.77,180.34,Orthodox,1984-05-16,3.4,38.0,3.34,51.0,2.87,34.0,56.0,1.1,29.0,12.0,0.0
Darren Stewart,182.88,92.99,187.96,Orthodox,1990-12-30,3.05,45.0,3.29,48.0,1.75,45.0,67.0,0.1,12.0,8.0,0.0
Darren Till,182.88,83.91,187.96,Southpaw,1992-12-24,2.3,46.0,3.31,56.0,0.55,46.0,69.0,0.0,18.0,5.0,1.0
Darren Uyenoyama,167.64,56.7,165.1,Orthodox,1979-10-15,1.34,39.0,2.21,66.0,1.42,33.0,35.0,0.7,10.0,6.0,0.0
Darrick Minner,170.18,65.77,175.26,Orthodox,1990-04-28,2.63,65.0,2.28,35.0,2.4,72.0,66.0,2.7,26.0,14.0,0.0
Darrill Schoonover,187.96,99.79,,Orthodox,1985-07-18,1.2,33.0,4.35,38.0,0.0,0.0,50.0,1.1,14.0,8.0,0.0
Darrion Caldwell,177.8,61.23,,,1987-12-19,,,,,,,,,,,
Darrius Flowers,175.26,70.31,180.34,Orthodox,1994-08-25,3.07,49.0,5.49,44.0,0.98,28.0,63.0,0.0,12.0,8.0,1.0
Darryl Cobb,175.26,83.91,,,1980-08-04,,,,,,,,,,,
Dashawn Boatwright,182.88,92.99,,Orthodox,1988-02-29,,,,,,,,,,,
Dashon Johnson,170.18,65.77,,Orthodox,1988-01-25,1.01,69.0,3.83,35.0,0.85,33.0,63.0,0.8,9.0,2.0,0.0
Dave Beneteau,187.96,113.4,,Orthodox,,0.0,0.0,0.0,0.0,0.0,0.0,0.0,0.0,6.0,5.0,1.0
Dave Berry,,,,,,0.0,0.0,0.0,0.0,0.0,0.0,0.0,0.0,0.0,1.0,0.0
Dave Cochran,167.64,70.31,,,1973-05-10,,,,,,,,,,,
Dave Courchaine,172.72,77.11,,,,,,,,,,,,,,
Dave Dalgliesh,187.96,92.99,,Orthodox,1978-04-05,,,,,,,,,,,
Dave Galera,180.34,61.23,,Orthodox,1978-01-12,1.67,69.0,0.53,33.0,0.0,0.0,14.0,2.0,5.0,1.0,0.0
Dave Herman,193.04,109.77,195.58,Orthodox,1984-10-03,4.98,60.0,3.78,48.0,1.49,100.0,58.0,0.0,22.0,6.0,0.0
Dave Jansen,175.26,70.31,185.42,Orthodox,1979-08-21,,,,,,,,,,,
Dave Martin,182.88,92.99,,,,,,,,,,,,,,
Dave Menne,177.8,77.11,,Orthodox,1974-07-29,1.84,44.0,1.99,42.0,0.46,50.0,57.0,2.5,45.0,17.0,2.0
Dave Phillips,182.88,83.91,,Orthodox,1980-01-12,,,,,,,,,,,
Dave Rickels,180.34,70.31,,,1989-01-05,,,,,,,,,,,
Dave Strasser,177.8,77.11,,Orthodox,1969-07-13,3.04,45.0,1.88,59.0,0.72,33.0,33.0,0.0,25.0,8.0,0.0
Dave Terrel,172.72,77.11,,Southpaw,1978-05-10,,,,,,,,,,,
Dave Zitanick,,77.11,,,1980-03-05,,,,,,,,,,,
Davey Grant,172.72,61.23,175.26,Orthodox,1985-12-18,5.18,44.0,3.74,55.0,1.04,40.0,63.0,0.2,17.0,7.0,0.0
Davi Bittencourt,165.1,61.23,165.1,Orthodox,1994-10-12,,,,,,,,,,,
Davi Ramos,167.64,70.31,177.8,Orthodox,1986-11-05,2.64,37.0,3.44,56.0,1.95,40.0,83.0,0.6,10.0,4.0,0.0
David Abbott,182.88,120.2,,Switch,1965-04-26,1.35,30.0,3.55,38.0,1.07,33.0,66.0,0.0,10.0,15.0,0.0
David Avellan,175.26,83.91,,Orthodox,,,,,,,,,,,,
David Baron,167.64,70.31,,Switch,1973-02-15,1.17,30.0,2.1,56.0,0.0,0.0,14.0,0.7,17.0,4.0,1.0
David Barrios,167.64,65.77,,,,,,,,,,,,,,
David Bielkheden,177.8,70.31,180.34,Orthodox,1979-06-06,1.11,57.0,1.64,54.0,2.65,63.0,14.0,0.0,24.0,12.0,0.0
David Blanco,170.18,65.77,,,,,,,,,,,,,,
David Branch,185.42,83.91,198.12,Orthodox,1981-09-26,1.66,39.0,1.91,56.0,2.55,32.0,43.0,0.0,22.0,6.0,0.0
David Dodd,187.96,90.72,,Orthodox,1973-09-22,0.0,0.0,0.0,0.0,0.0,0.0,0.0,0.0,4.0,7.0,0.0
David Douglas,180.34,70.31,,,1981-08-16,,,,,,,,,,,
David Dvorak,165.1,56.7,172.72,Orthodox,1992-06-05,3.48,43.0,3.29,59.0,0.58,30.0,70.0,0.2,20.0,6.0,0.0
David Gardner,180.34,70.31,,Orthodox,1977-05-17,,,,,,,,,,,
David Gomez,,70.31,,,1983-08-08,,,,,,,,,,,
David Heath,180.34,92.99,182.88,Orthodox,1976-02-10,1.48,30.0,5.16,49.0,0.33,50.0,57.0,1.0,18.0,7.0,0.0
David Hood,182.88,90.72,,,,0.0,0.0,0.0,0.0,0.0,0.0,0.0,0.0,1.0,3.0,0.0
David Hulett,177.8,77.11,,,1980-09-07,,,,,,,,,,,
David Kaplan,170.18,70.31,,Orthodox,1979-11-16,2.88,46.0,4.32,67.0,4.88,43.0,0.0,0.7,3.0,4.0,0.0
David Lee,177.8,70.31,,Orthodox,,1.49,50.0,3.31,42.0,0.0,0.0,50.0,0.0,12.0,10.0,0.0
David Levicki,195.58,124.74,,,,0.0,0.0,0.0,0.0,0.0,0.0,0.0,0.0,1.0,3.0,0.0
David Loiseau,182.88,83.91,193.04,Orthodox,1979-12-17,1.59,44.0,3.64,43.0,0.43,42.0,36.0,0.1,23.0,11.0,0.0
David Marshall,187.96,77.11,,,1984-08-24,,,,,,,,,,,
David Martinez,165.1,61.23,170.18,Orthodox,1998-08-03,5.4,52.0,2.7,67.0,0.0,0.0,100.0,0.0,12.0,1.0,0.0
David Mgoyan,175.26,65.77,177.8,Orthodox,2004-06-25,,,,,,,,,,,
David Michaud,175.26,70.31,,Orthodox,1988-11-10,3.25,43.0,4.45,54.0,2.53,58.0,77.0,0.7,11.0,3.0,0.0
David Mitchell,182.88,77.11,190.5,Orthodox,1979-10-24,1.74,32.0,2.06,55.0,0.66,50.0,29.0,2.0,22.0,7.0,0.0
David Onama,180.34,65.77,187.96,Orthodox,1994-06-07,5.24,50.0,4.73,52.0,1.08,30.0,52.0,0.5,14.0,2.0,0.0
David Rasouri,170.18,70.31,,,,,,,,,,,,,,
David Roberts,185.42,77.11,,Orthodox,1975-11-15,0.0,0.0,0.0,0.0,0.0,0.0,0.0,0.0,5.0,8.0,0.0
David Smith,,70.31,,,,,,,,,,,,,,
David Terrell,185.42,83.91,,Southpaw,1978-01-09,2.34,63.0,2.71,37.0,5.54,50.0,0.0,5.5,6.0,2.0,0.0
David Teymur,175.26,70.31,185.42,Southpaw,1989-05-01,4.69,43.0,3.53,55.0,0.94,33.0,77.0,0.0,8.0,2.0,0.0
David Velasquez,165.1,65.77,,Orthodox,,0.0,0.0,0.0,0.0,0.0,0.0,0.0,0.0,10.0,10.0,0.0
David Zawada,182.88,77.11,190.5,Orthodox,1990-08-01,3.84,41.0,4.54,55.0,0.97,33.0,57.0,1.7,17.0,7.0,0.0
Dayana Silva,170.18,61.23,,Orthodox,1990-08-27,,,,,,,,,,,
DeAnna Bennett,162.56,56.7,172.72,Orthodox,1984-11-18,3.13,58.0,3.27,58.0,0.0,0.0,0.0,1.0,8.0,3.0,1.0
DeMarco Villalona,175.26,83.91,,,,,,,,,,,,,,
Dean Barry,177.8,77.11,182.88,Orthodox,1992-07-03,9.31,40.0,4.66,51.0,0.0,0.0,100.0,0.0,4.0,2.0,0.0
Dean Hancock,,70.31,,,,,,,,,,,,,,
Dean Lister,185.42,83.91,190.5,Orthodox,1976-02-13,1.26,35.0,1.89,61.0,1.58,15.0,50.0,1.1,13.0,7.0,0.0
Deiveson Figueiredo,165.1,61.23,172.72,Orthodox,1987-12-18,2.82,54.0,3.64,49.0,1.69,35.0,58.0,1.4,24.0,5.0,1.0
Deividas Taurosevicius,175.26,65.77,172.72,Southpaw,1977-08-28,,,,,,,,,,,
Del Hawkins,165.1,61.23,,Orthodox,,,,,,,,,,,,
Delson Heleno,180.34,83.91,,Orthodox,1977-11-16,0.69,75.0,4.83,19.0,0.0,0.0,0.0,0.0,29.0,10.0,0.0
Demba Seck,185.42,65.77,187.96,Orthodox,1993-07-07,,,,,,,,,,,
Demetrious Johnson,160.02,56.7,167.64,Orthodox,1986-08-13,3.43,54.0,1.66,67.0,3.35,56.0,65.0,0.5,27.0,3.0,1.0
Demetrius Gioulacos,180.34,83.91,,,,,,,,,,,,,,
Demian Maia,185.42,77.11,182.88,Southpaw,1977-11-06,1.8,43.0,2.07,63.0,2.49,24.0,61.0,1.0,28.0,11.0,0.0
Deni Daffa,182.88,70.31,187.96,Orthodox,1999-09-08,,,,,,,,,,,
Denis Kang,180.34,83.91,195.58,Orthodox,1977-09-17,2.27,35.0,1.65,67.0,2.51,65.0,38.0,1.2,35.0,16.0,2.0
Denis Sobolev,190.5,97.98,,Orthodox,,,,,,,,,,,,
Denis Stojnic,182.88,111.13,,Orthodox,1980-02-02,1.51,23.0,6.06,36.0,0.0,0.0,80.0,1.0,13.0,3.0,0.0
Denis Tiuliulin,185.42,83.91,195.58,Orthodox,1988-05-17,3.61,41.0,5.23,38.0,0.96,42.0,72.0,0.0,10.0,10.0,0.0
Denise Gomes,157.48,52.16,160.02,Orthodox,1999-12-30,4.59,50.0,3.04,51.0,1.19,36.0,67.0,0.8,11.0,3.0,0.0
Dennis Bermudez,167.64,70.31,167.64,Orthodox,1986-12-13,4.42,46.0,3.07,59.0,3.89,40.0,82.0,1.1,17.0,9.0,0.0
Dennis Bryant,182.88,92.99,,Orthodox,1985-10-18,,,,,,,,,,,
Dennis Buzukja,175.26,65.77,177.8,Switch,1997-10-01,4.21,43.0,4.82,48.0,0.63,27.0,75.0,0.2,12.0,5.0,0.0
Dennis Dombrow,,65.77,,,1986-03-17,,,,,,,,,,,
Dennis Hallman,175.26,70.31,182.88,Orthodox,1975-12-02,1.12,44.0,1.96,43.0,1.79,30.0,25.0,2.1,53.0,20.0,2.0
Dennis Olson,182.88,77.11,,,,,,,,,,,,,,
Dennis Reed,,92.99,,Orthodox,,,,,,,,,,,,
Dennis Siver,167.64,65.77,177.8,Orthodox,1979-01-13,3.87,32.0,2.67,65.0,0.87,32.0,65.0,0.3,23.0,11.0,0.0
Denys Bondar,167.64,56.7,175.26,Orthodox,1992-06-27,4.59,50.0,5.16,56.0,3.99,58.0,62.0,0.0,14.0,5.0,0.0
Denzel Freeman,,120.2,,,,,,,,,,,,,,
Dequan Townsend,190.5,92.99,200.66,Orthodox,1986-05-11,1.23,34.0,3.92,38.0,0.0,0.0,46.0,0.0,21.0,12.0,0.0
Derek Anderson,182.88,70.31,,,1990-02-02,,,,,,,,,,,
Derek Bohi,193.04,117.93,,,,,,,,,,,,,,
Derek Brunson,185.42,83.91,195.58,Southpaw,1984-01-04,3.51,47.0,3.05,51.0,3.14,33.0,85.0,0.6,23.0,9.0,0.0
Derek Campos,175.26,70.31,,,1988-04-01,,,,,,,,,,,
Derek Downey,185.42,83.91,,Orthodox,1980-04-27,0.32,100.0,3.36,12.0,2.4,16.0,0.0,0.0,11.0,4.0,0.0
Derek Getzel,182.88,70.31,,,,,,,,,,,,,,
Deron Winn,167.64,83.91,177.8,Orthodox,1989-06-13,4.55,44.0,6.21,46.0,4.28,52.0,40.0,0.0,7.0,3.0,0.0
Derrick Burnsed,,70.31,,,,,,,,,,,,,,
Derrick Krantz,177.8,77.11,182.88,Orthodox,1988-01-13,2.07,37.0,4.03,50.0,3.18,50.0,0.0,0.8,22.0,12.0,0.0
Derrick Lewis,190.5,117.93,200.66,Orthodox,1985-02-07,2.51,50.0,2.49,40.0,0.56,26.0,52.0,0.0,29.0,12.0,0.0
Derrick Mehmen,193.04,92.99,,,1985-05-30,,,,,,,,,,,
Derrick Noble,175.26,77.11,,Southpaw,1978-08-14,6.21,40.0,3.79,59.0,0.0,0.0,0.0,0.0,27.0,15.0,1.0
Deshaun Johnson,,75.75,,,,,,,,,,,,,,
Desmond Green,177.8,70.31,185.42,Southpaw,1989-10-11,3.7,46.0,2.51,69.0,1.62,50.0,75.0,0.0,23.0,8.0,0.0
Desmond Torres,167.64,61.23,175.26,Orthodox,1997-01-06,,,,,,,,,,,
Devin Clark,182.88,92.99,190.5,Orthodox,1990-04-12,3.03,54.0,3.24,44.0,2.17,32.0,58.0,0.1,14.0,9.0,0.0
Devin Cole,193.04,108.86,,Orthodox,1976-10-01,,,,,,,,,,,
Devin Johnson,,,,,,,,,,,,,,,,
Devin Powell,182.88,70.31,185.42,Orthodox,1988-03-01,2.88,41.0,3.67,51.0,0.0,0.0,0.0,0.6,9.0,4.0,0.0
Devin Smyth,177.8,77.11,182.88,Switch,1995-07-21,,,,,,,,,,,
Devonte Smith,175.26,70.31,193.04,Orthodox,1993-07-30,4.55,53.0,3.91,49.0,0.35,25.0,85.0,0.3,11.0,4.0,0.0
Dewey Cooper,,92.99,,,,,,,,,,,,,,
Dhafir Harris,,116.57,,,1977-08-04,,,,,,,,,,,
Dhiego Lima,187.96,77.11,190.5,Orthodox,1989-01-31,3.12,39.0,3.88,58.0,1.26,34.0,73.0,0.6,17.0,9.0,0.0
Diana Belbita,170.18,56.7,172.72,Orthodox,1996-06-26,6.45,41.0,6.55,51.0,0.86,62.0,64.0,0.0,15.0,10.0,0.0
Diego Brandao,170.18,65.77,162.56,Orthodox,1987-05-27,2.94,47.0,3.38,62.0,3.21,68.0,80.0,0.6,22.0,11.0,0.0
Diego Ferreira,175.26,70.31,187.96,Orthodox,1985-01-18,4.82,40.0,3.46,55.0,0.86,30.0,57.0,0.6,19.0,6.0,0.0
Diego Henrique da Silva,187.96,83.91,,Orthodox,1986-08-22,,,,,,,,,,,
Diego Lopes,180.34,65.77,182.88,Orthodox,1994-12-30,3.7,47.0,4.76,46.0,0.35,40.0,67.0,1.9,26.0,7.0,0.0
Diego Nunes,167.64,65.77,170.18,Orthodox,1982-11-30,2.72,43.0,2.59,58.0,1.18,44.0,65.0,0.6,19.0,7.0,0.0
Diego Rivas,172.72,65.77,175.26,Orthodox,1991-11-11,1.37,40.0,2.14,52.0,1.79,60.0,64.0,0.9,10.0,2.0,0.0
Diego Sanchez,177.8,77.11,182.88,Southpaw,1981-12-31,2.69,37.0,3.02,56.0,1.51,24.0,46.0,0.8,31.0,13.0,0.0
Diego Saraiva,167.64,70.31,,Orthodox,1982-04-23,1.64,32.0,3.58,62.0,1.33,40.0,0.0,0.7,22.0,20.0,1.0
Dieusel Berto,175.26,90.72,,,,0.0,0.0,0.0,0.0,0.0,0.0,0.0,0.0,0.0,3.0,0.0
Dileno Lopes,165.1,61.23,,,1984-09-26,2.37,36.0,3.33,53.0,2.5,31.0,100.0,1.5,19.0,3.0,0.0
Dillon Smith,182.88,77.11,,,,,,,,,,,,,,
Dimitiri Wanderley,,92.99,,Orthodox,,,,,,,,,,,,
Din Thomas,175.26,70.31,,Orthodox,1976-09-28,1.85,37.0,2.6,59.0,1.38,52.0,76.0,1.2,26.0,9.0,0.0
Ding Meng,187.96,77.11,185.42,Orthodox,1994-09-27,,,,,,,,,,,
Dinis Paiva Jr.,175.26,65.77,180.34,Southpaw,1988-05-26,,,,,,,,,,,
Dino Pezao,,92.99,,Orthodox,,,,,,,,,,,,
Dion Staring,185.42,106.59,,Orthodox,1978-06-09,,,,,,,,,,,
Dione Barbosa,167.64,56.7,167.64,Orthodox,1992-05-08,2.27,45.0,2.45,66.0,2.23,42.0,50.0,1.9,8.0,4.0,0.0
Diyar Nurgozhay,187.96,92.99,187.96,Southpaw,1997-04-22,3.04,50.0,2.99,61.0,2.54,100.0,100.0,0.0,10.0,2.0,0.0
Djani Barbir,190.5,83.91,200.66,Orthodox,1997-08-09,,,,,,,,,,,
Djorden Santos,182.88,83.91,190.5,Orthodox,1997-08-01,7.2,43.0,5.87,49.0,1.0,40.0,86.0,0.0,10.0,2.0,0.0
Dmitri Stepanov,190.5,98.43,,Orthodox,,0.0,0.0,0.0,0.0,0.0,0.0,0.0,0.0,0.0,1.0,0.0
Dmitrii Smoliakov,187.96,114.76,187.96,Switch,1982-08-05,1.44,42.0,3.81,55.0,0.0,0.0,75.0,0.0,9.0,3.0,0.0
Dmitry Poberezhets,190.5,107.5,,,1985-06-11,,,,,,,,,,,
Dmitry Sosnovskiy,190.5,108.86,195.58,Orthodox,1989-07-06,2.95,70.0,2.53,35.0,3.16,66.0,100.0,3.2,11.0,0.0,0.0
Dokonjonosuke Mishima,170.18,70.31,,Southpaw,1972-04-19,1.06,41.0,1.22,52.0,2.47,40.0,25.0,1.4,21.0,7.0,2.0
Dom Mar Fan,180.34,70.31,190.5,Orthodox,2000-03-19,,,,,,,,,,,
Domingo Pilarte,182.88,61.23,185.42,Southpaw,1990-01-05,1.31,47.0,2.96,40.0,1.2,42.0,54.0,0.8,8.0,3.0,0.0
Dominic Brown,180.34,86.18,,,1982-06-04,,,,,,,,,,,
Dominic Clark,177.8,70.31,,,1985-08-01,,,,,,,,,,,
Dominic Waters,185.42,77.11,200.66,Orthodox,1989-04-11,0.48,23.0,2.53,39.0,4.07,52.0,28.0,0.0,9.0,5.0,0.0
Dominick Cruz,172.72,61.23,172.72,Orthodox,1985-03-09,3.91,33.0,2.61,70.0,2.82,42.0,83.0,0.1,24.0,4.0,0.0
Dominick Reyes,193.04,92.99,195.58,Southpaw,1989-12-26,5.58,54.0,3.54,50.0,0.31,28.0,82.0,0.3,15.0,4.0,0.0
Dominik Humburger,,83.91,,,1996-01-03,,,,,,,,,,,
Dominique Steele,177.8,77.11,187.96,Orthodox,1988-01-27,2.32,49.0,2.42,50.0,2.95,42.0,76.0,0.0,14.0,9.0,0.0
Don Carlo-Clauss,,77.11,,,,,,,,,,,,,,
Don Frye,185.42,99.34,,Orthodox,1965-11-23,2.87,64.0,3.57,37.0,0.91,57.0,45.0,0.7,20.0,9.0,1.0
Don Madge,182.88,70.31,182.88,Southpaw,1990-11-12,2.08,52.0,0.74,67.0,2.22,25.0,80.0,0.7,9.0,3.0,1.0
Don Shainis,167.64,65.77,170.18,Orthodox,1990-09-16,3.42,50.0,5.87,31.0,0.97,25.0,20.0,1.9,12.0,5.0,0.0
Don'Tale Mayes,198.12,117.93,205.74,Orthodox,1992-01-16,3.22,43.0,3.61,46.0,0.59,38.0,46.0,0.0,11.0,9.0,0.0
Donald Cerrone,185.42,70.31,185.42,Orthodox,1983-03-29,4.41,46.0,4.48,53.0,1.16,33.0,73.0,1.2,36.0,17.0,0.0
Donald Sanchez,177.8,65.77,,,1984-08-18,,,,,,,,,,,
Donavon Frelow,170.18,61.23,,Orthodox,1985-01-20,,,,,,,,,,,
Donavon Hedrick,,83.91,,Orthodox,1997-03-21,,,,,,,,,,,
Dong Huaxiang,160.02,52.16,154.94,Switch,1998-08-21,,,,,,,,,,,
Dong Hyun Kim,187.96,77.11,193.04,Southpaw,1981-11-17,2.12,49.0,1.89,58.0,2.93,43.0,71.0,0.6,22.0,4.0,1.0
Dong Hyun Ma,180.34,70.31,177.8,Orthodox,1988-09-09,2.84,41.0,4.1,54.0,1.27,53.0,33.0,0.0,16.0,11.0,3.0
Dong Sik Yoon,182.88,83.91,,Orthodox,1972-08-24,,,,,,,,,,,
DongHun Choi,165.1,56.7,167.64,Switch,1999-01-02,4.54,66.0,3.13,58.0,0.46,14.0,81.0,0.0,9.0,0.0,0.0
DongHyun Seo,170.18,65.77,170.18,Orthodox,1990-08-22,,,,,,,,,,,
Dongi Yang,177.8,83.91,185.42,Southpaw,1984-12-07,3.55,51.0,3.21,63.0,1.7,41.0,61.0,0.5,13.0,3.0,0.0
Donnie Chappell,180.34,80.74,,Southpaw,,0.0,0.0,0.0,0.0,0.0,0.0,0.0,0.0,0.0,1.0,0.0
Donnie Liles,175.26,77.11,,Orthodox,,,,,,,,,,,,
Donny Walker,175.26,61.23,,,1980-01-04,1.81,37.0,3.85,46.0,0.0,0.0,57.0,1.7,15.0,10.0,0.0
Donovan Beard,187.96,83.91,198.12,Orthodox,1989-11-05,,,,,,,,,,,
Donte Johnson,172.72,83.91,187.96,Southpaw,1999-01-25,,,,,,,,,,,
Dooho Choi,177.8,65.77,177.8,Orthodox,1991-04-10,4.67,56.0,4.02,56.0,1.43,53.0,47.0,0.6,16.0,4.0,1.0
Dorian Price,190.5,77.11,,Southpaw,1977-08-20,0.0,0.0,0.0,0.0,0.0,0.0,0.0,0.0,8.0,5.0,0.0
Dorian Ramos,172.72,65.77,177.8,Orthodox,1993-12-31,,,,,,,,,,,
Dos Caras Jr.,193.04,102.06,,Orthodox,1977-05-25,,,,,,,,,,,
Doug Evans,175.26,70.31,,Orthodox,1980-10-10,1.79,35.0,2.55,55.0,3.19,83.0,69.0,0.6,13.0,10.0,0.0
Doug Kay,,,,,,,,,,,,,,,,
Doug Marshall,177.8,92.99,,Orthodox,1975-09-09,,,,,,,,,,,
Douglas Lima,185.42,77.11,,,1988-01-05,,,,,,,,,,,
Douglas Silva de Andrade,170.18,61.23,172.72,Orthodox,1985-06-22,3.54,38.0,3.93,57.0,0.55,42.0,72.0,0.2,29.0,6.0,0.0
Drakkar Klose,175.26,70.31,177.8,Orthodox,1988-03-09,4.25,55.0,3.65,49.0,1.49,26.0,69.0,0.0,16.0,3.0,1.0
Drako Rodriguez,172.72,61.23,175.26,Orthodox,1996-06-16,3.37,36.0,4.4,58.0,2.93,66.0,75.0,0.7,7.0,3.0,0.0
Drew Brokenshire,,,,,,,,,,,,,,,,
Drew Dimanlig,,83.91,,,,,,,,,,,,,,
Drew Dober,172.72,70.31,177.8,Southpaw,1988-10-19,4.36,40.0,4.33,51.0,0.66,17.0,56.0,0.1,27.0,15.0,0.0
Drew Fickett,177.8,70.31,177.8,Orthodox,1979-12-14,2.33,41.0,2.29,57.0,1.3,35.0,30.0,2.2,42.0,21.0,0.0
Drew McFedries,182.88,83.91,182.88,Southpaw,1978-07-27,5.13,51.0,4.56,52.0,1.42,100.0,56.0,0.7,12.0,7.0,0.0
Drew Pendleton,,65.77,,,1983-12-08,,,,,,,,,,,
Dricus Du Plessis,185.42,83.91,193.04,Switch,1994-01-14,5.18,48.0,4.33,52.0,2.22,51.0,34.0,0.7,23.0,3.0,0.0
Duane Ludwig,177.8,77.11,177.8,Orthodox,1978-08-04,4.62,44.0,3.05,57.0,0.43,25.0,59.0,0.1,21.0,14.0,0.0
Duda Santana,170.18,65.77,185.42,Orthodox,1996-01-10,6.01,39.0,2.72,73.0,6.44,60.0,0.0,0.0,3.0,1.0,0.0
Dusko Todorovic,185.42,83.91,187.96,Orthodox,1994-05-19,4.79,57.0,4.53,47.0,1.5,17.0,42.0,0.2,12.0,6.0,0.0
Dustin Hazelett,185.42,77.11,193.04,Orthodox,1986-04-29,2.24,40.0,3.51,46.0,0.55,50.0,25.0,4.1,12.0,7.0,0.0
Dustin Jacoby,190.5,92.99,193.04,Orthodox,1988-04-04,5.37,47.0,4.02,57.0,0.33,25.0,62.0,0.0,21.0,9.0,1.0
Dustin Joynson,198.12,110.68,198.12,Orthodox,1985-10-14,,,,,,,,,,,
Dustin Kimura,170.18,61.23,180.34,Orthodox,1989-05-21,1.33,21.0,3.82,51.0,0.93,37.0,50.0,2.2,11.0,3.0,0.0
Dustin Moore,162.56,56.7,,,,,,,,,,,,,,
Dustin Neace,175.26,65.77,175.26,,1986-09-12,2.08,32.0,2.66,56.0,0.0,0.0,0.0,1.7,25.0,21.0,1.0
Dustin Ortiz,165.1,56.7,165.1,Orthodox,1988-12-25,2.94,44.0,2.17,56.0,3.01,36.0,52.0,0.1,19.0,8.0,0.0
Dustin Pague,175.26,61.23,187.96,Orthodox,1987-08-05,1.65,53.0,2.96,41.0,1.03,44.0,55.0,2.6,12.0,11.0,0.0
Dustin Poirier,175.26,70.31,182.88,Southpaw,1989-01-19,5.24,50.0,4.57,52.0,1.15,35.0,64.0,1.2,30.0,10.0,0.0
Dustin Stoltzfus,182.88,83.91,190.5,Orthodox,1991-11-15,3.14,45.0,3.14,47.0,2.26,41.0,46.0,1.3,16.0,7.0,0.0
Dustin West,180.34,77.11,,,,,,,,,,,,,,
Dwayne Cason,177.8,96.16,,Orthodox,,0.0,0.0,0.0,0.0,0.0,0.0,0.0,0.0,1.0,1.0,0.0
Dwight Grant,185.42,83.91,193.04,Switch,1984-09-14,3.29,36.0,2.66,60.0,0.61,100.0,66.0,0.0,11.0,6.0,0.0
Dwight Joseph,167.64,61.23,,Switch,1989-08-16,,,,,,,,,,,
Dylan Andrews,185.42,83.91,187.96,Switch,1979-11-15,2.21,50.0,2.72,46.0,2.83,50.0,57.0,0.4,18.0,7.0,0.0
Dylan Budka,182.88,83.91,190.5,Switch,2000-01-14,1.06,38.0,1.8,42.0,1.93,38.0,76.0,0.4,7.0,5.0,0.0
Dylan Lockard,175.26,65.77,182.88,Orthodox,1992-05-19,,,,,,,,,,,
Dylan Mantello,185.42,70.31,185.42,Orthodox,1992-11-19,,,,,,,,,,,
Dylan Potter,187.96,102.06,195.58,Switch,1995-01-14,,,,,,,,,,,
Dylan Salvador,175.26,70.31,175.26,Southpaw,1993-05-20,,,,,,,,,,,
Ebenezer Fontes Braga,182.88,90.26,,Orthodox,1969-04-14,2.42,50.0,0.42,71.0,0.0,0.0,90.0,0.6,13.0,7.0,2.0
Ed Herman,185.42,92.99,195.58,Orthodox,1980-10-02,3.31,48.0,3.71,42.0,1.96,47.0,59.0,1.0,27.0,16.0,0.0
Ed Ratcliff,177.8,70.31,180.34,Orthodox,1983-03-05,,,,,,,,,,,
Eddie Alvarez,175.26,70.31,175.26,Orthodox,1984-01-11,4.32,41.0,4.39,55.0,2.92,36.0,92.0,0.5,29.0,6.0,0.0
Eddie Gordon,182.88,83.91,193.04,Orthodox,1983-07-22,2.03,32.0,2.57,60.0,1.93,83.0,63.0,0.0,8.0,4.0,0.0
Eddie Mendez,177.8,83.91,,,1984-01-16,1.71,33.0,3.43,11.0,0.0,0.0,0.0,0.0,8.0,3.0,1.0
Eddie Ruiz,170.18,70.31,,Orthodox,1967-06-10,0.2,25.0,1.4,47.0,2.0,12.0,0.0,0.0,1.0,1.0,0.0
Eddie Sanchez,187.96,104.33,187.96,Orthodox,1982-11-04,3.45,43.0,3.3,43.0,1.13,26.0,42.0,0.0,15.0,8.0,0.0
Eddie Wineland,170.18,61.23,175.26,Orthodox,1984-06-26,3.4,29.0,3.76,68.0,0.34,33.0,86.0,0.1,24.0,16.0,1.0
Eddie Yagin,170.18,65.77,,Orthodox,1979-03-23,3.13,30.0,5.77,42.0,0.0,0.0,62.0,1.0,16.0,7.0,1.0
Eddy Ellis,175.26,77.11,,Orthodox,,,,,,,,,,,,
Eddy Millis,185.42,83.91,,,,,,,,,,,,,,
Edgar Cardenas,,65.77,,,,,,,,,,,,,,
Edgar Chairez,170.18,56.7,180.34,Orthodox,1996-01-27,3.44,44.0,5.08,42.0,0.0,0.0,33.0,1.7,12.0,6.0,0.0
Edgar Garcia,177.8,77.11,180.34,Orthodox,1984-02-22,3.16,29.0,4.23,60.0,2.21,57.0,50.0,0.6,14.0,5.0,0.0
Edilberto de Oliveira,182.88,77.11,,Orthodox,1982-11-22,4.12,32.0,6.79,61.0,0.0,0.0,0.0,0.0,29.0,15.0,2.0
Edimilson Souza,182.88,65.77,187.96,Orthodox,1984-10-17,4.65,44.0,2.91,58.0,0.0,0.0,50.0,0.0,15.0,5.0,0.0
Edivan Santos,193.04,112.49,198.12,Orthodox,1992-05-03,,,,,,,,,,,
Edmen Shahbazyan,187.96,83.91,190.5,Orthodox,1997-11-20,3.74,48.0,3.62,48.0,1.69,37.0,66.0,0.4,15.0,5.0,0.0
Ednaldo Oliveira,195.58,92.99,,Orthodox,1984-02-19,1.03,22.0,1.8,52.0,0.0,0.0,42.0,0.0,17.0,3.0,1.0
Edson Barboza,180.34,70.31,190.5,Orthodox,1986-01-21,4.14,44.0,4.6,55.0,0.43,50.0,73.0,0.1,24.0,13.0,0.0
Edson Berto,167.64,70.31,,Orthodox,1983-07-05,,,,,,,,,,,
Edson Drago,193.04,99.79,,Orthodox,1977-08-29,,,,,,,,,,,
Edson Gomez,172.72,77.11,175.26,Switch,1991-02-23,,,,,,,,,,,
Edson Silva,,92.99,,Orthodox,,,,,,,,,,,,
Eduarda Moura,167.64,56.7,170.18,Orthodox,1994-02-28,3.04,37.0,2.47,61.0,3.73,37.0,80.0,0.3,12.0,1.0,0.0
Eduardo Bustillos,172.72,61.23,,,1987-06-02,,,,,,,,,,,
Eduardo Chapolin,170.18,56.7,170.18,Orthodox,1995-11-23,,,,,,,,,,,
Eduardo Dantas,177.8,61.23,,,1989-02-03,,,,,,,,,,,
Eduardo Garagorri,175.26,65.77,177.8,Orthodox,1989-05-28,3.42,51.0,2.36,58.0,0.48,100.0,61.0,0.0,13.0,2.0,0.0
Eduardo Neves,187.96,119.29,198.12,Orthodox,2000-03-16,,,,,,,,,,,
Eduardo Pamplona,180.34,77.11,,,1973-02-20,,,,,,,,,,,
Eduardo Torres Caut,170.18,61.23,177.8,Orthodox,1995-04-26,,,,,,,,,,,
Edward Faaloloto,,70.31,177.8,Orthodox,1984-07-15,2.28,32.0,6.25,44.0,1.01,25.0,33.0,0.0,2.0,5.0,0.0
Edwin Aguilar,177.8,83.91,,,,,,,,,,,,,,
Edwin DeWees,185.42,83.91,,Orthodox,1982-08-07,1.53,33.0,6.19,39.0,2.18,66.0,0.0,3.3,38.0,17.0,0.0
Edwin Figueroa,170.18,61.23,175.26,Orthodox,1984-07-31,2.57,39.0,3.06,51.0,0.2,100.0,37.0,0.6,9.0,5.0,0.0
Efrain Escudero,175.26,70.31,180.34,Orthodox,1986-01-15,2.92,44.0,2.3,63.0,1.31,40.0,66.0,0.8,28.0,12.0,0.0
Egan Inoue,175.26,86.18,,Southpaw,1965-07-04,,,,,,,,,,,
Egidijus Valavicius,182.88,90.72,,Orthodox,,,,,,,,,,,,
Eiji Ishikawa,177.8,77.11,,,1979-10-12,,,,,,,,,,,
Eiji Mitsuoka,170.18,65.77,,Southpaw,1976-01-01,1.49,49.0,2.26,45.0,2.3,36.0,20.0,1.6,18.0,9.0,2.0
Elaina Maxwell,172.72,65.77,,Orthodox,1978-12-16,,,,,,,,,,,
Eldari Kurtanidze,167.64,106.59,,Orthodox,1972-04-16,,,,,,,,,,,
Eldo Xavier Dias,180.34,81.65,,,1964-07-16,0.0,0.0,0.0,0.0,0.0,0.0,0.0,0.0,0.0,1.0,0.0
Eli Aronov,177.8,83.91,182.88,Orthodox,1996-06-06,,,,,,,,,,,
Eli Tamez,170.18,61.23,,,1985-08-22,,,,,,,,,,,
Elias Garcia,165.1,56.7,170.18,Southpaw,1992-09-13,1.59,27.0,5.05,50.0,0.68,14.0,33.0,1.4,6.0,2.0,0.0
Elias Silverio,180.34,70.31,185.42,Orthodox,1986-09-22,3.67,49.0,2.97,51.0,1.62,38.0,85.0,0.2,13.0,3.0,0.0
Elias Theodorou,185.42,83.91,190.5,Orthodox,1988-05-31,4.19,42.0,2.39,53.0,1.27,28.0,59.0,0.0,16.0,3.0,0.0
Elias Urbina,190.5,83.91,195.58,Southpaw,1993-10-09,,,,,,,,,,,
Eliezer Kubanza,175.26,77.11,187.96,Orthodox,1997-12-23,,,,,,,,,,,
Elijah Smith,175.26,61.23,180.34,Orthodox,2002-09-05,4.45,47.0,3.4,47.0,3.51,53.0,57.0,0.9,9.0,1.0,0.0
Eliot Marshall,187.96,92.99,195.58,Orthodox,1980-07-07,1.93,27.0,2.39,67.0,0.47,33.0,79.0,0.9,10.0,4.0,0.0
Elise Reed,160.02,52.16,160.02,Orthodox,1992-12-05,3.41,53.0,3.26,51.0,0.46,60.0,53.0,0.0,8.0,5.0,0.0
Elisha Ellison,182.88,107.95,198.12,Orthodox,1997-03-05,,,,,,,,,,,
Elisha Helsper,167.64,61.23,,Orthodox,1983-02-06,,,,,,,,,,,
Elizabeth Phillips,167.64,61.23,165.1,Orthodox,1986-08-20,2.6,33.0,3.07,58.0,0.75,25.0,53.0,0.2,6.0,6.0,0.0
Elizeu Zaleski dos Santos,180.34,77.11,185.42,Orthodox,1986-12-11,4.16,41.0,3.56,55.0,0.79,20.0,67.0,0.4,25.0,10.0,1.0
Elves Brener,177.8,70.31,182.88,Orthodox,1997-09-27,4.76,47.0,5.86,50.0,0.99,16.0,76.0,0.0,16.0,6.0,0.0
Elvis Mutapcic,182.88,83.91,182.88,Orthodox,1986-07-19,3.41,40.0,4.27,38.0,0.0,0.0,81.0,0.0,15.0,6.0,1.0
Elvis Sinosic,190.5,92.99,195.58,Orthodox,1971-02-13,1.13,37.0,4.6,53.0,0.0,0.0,0.0,1.2,7.0,11.0,2.0
Emanuel Newton,185.42,92.99,,,1984-01-02,,,,,,,,,,,
Emil Meek,180.34,77.11,187.96,Switch,1988-08-20,2.52,39.0,2.53,38.0,0.25,33.0,47.0,1.0,9.0,5.0,1.0
Emiliano Linares,172.72,65.77,182.88,Orthodox,1997-04-21,,,,,,,,,,,
Emiliano Sordi,187.96,92.99,,Orthodox,1991-02-15,,,,,,,,,,,
Emilio Chavez,175.26,65.77,,,,,,,,,,,,,,
Emilio Cuellar,,56.7,,,,,,,,,,,,,,
Emily Ducote,157.48,52.16,160.02,Orthodox,1994-01-01,7.45,52.0,7.84,57.0,0.2,14.0,94.0,0.0,13.0,9.0,0.0
Emily Fernandez,,,,,,,,,,,,,,,,
Emily Kagan,160.02,52.16,,,1981-07-14,2.6,36.0,5.29,38.0,1.86,14.0,50.0,0.0,3.0,3.0,0.0
Emily Whitmire,165.1,56.7,160.02,Orthodox,1991-05-24,2.5,31.0,2.98,54.0,1.9,66.0,70.0,0.5,4.0,5.0,0.0
Emmanuel Sanchez,175.26,65.77,180.34,,1990-08-11,,,,,,,,,,,
Emmanuel Yarborough,203.2,349.27,,Open Stance,1960-09-05,0.0,0.0,0.0,0.0,0.0,0.0,0.0,0.0,1.0,2.0,0.0
Emrah Sonmez,177.8,65.77,180.34,Orthodox,1992-06-26,,,,,,,,,,,
Enrique Barzola,170.18,65.77,177.8,Orthodox,1989-04-28,3.91,41.0,2.97,68.0,4.2,45.0,66.0,0.3,17.0,5.0,2.0
Enrique Marin,177.8,77.11,,,1986-09-02,1.43,33.0,3.0,50.0,2.5,38.0,60.0,1.0,10.0,4.0,0.0
Enrique Watson,,83.91,,,,,,,,,,,,,,
Enson Inoue,177.8,95.25,,Orthodox,1967-04-15,1.7,63.0,1.88,30.0,0.0,0.0,33.0,0.0,12.0,8.0,0.0
EoJin Park,182.88,65.77,180.34,Orthodox,2001-12-26,,,,,,,,,,,
Eperaim Ginting,162.56,61.23,162.56,Orthodox,1995-11-30,,,,,,,,,,,
Eric Bedard,187.96,108.41,,,1984-09-11,,,,,,,,,,,
Eric Castile,172.72,65.77,,,,,,,,,,,,,,
Eric Esch,180.34,158.76,,Orthodox,1968-08-03,,,,,,,,,,,
Eric Galvan,,70.31,,,,,,,,,,,,,,
Eric Irvin,172.72,70.31,,,1986-01-10,,,,,,,,,,,
Eric Jacob,,70.31,,,,,,,,,,,,,,
Eric Lawson,182.88,83.91,,Orthodox,,,,,,,,,,,,
Eric Magana,,,,,,,,,,,,,,,,
Eric Martin,,,,,,0.0,0.0,0.0,0.0,0.0,0.0,0.0,0.0,0.0,1.0,0.0
Eric McConico,182.88,83.91,195.58,Southpaw,1990-05-09,1.51,36.0,2.48,52.0,0.0,0.0,57.0,0.0,10.0,3.0,1.0
Eric Nolan,187.96,83.91,187.96,Orthodox,1997-09-13,3.14,39.0,5.13,41.0,0.0,0.0,71.0,0.0,8.0,4.0,0.0
Eric Schafer,190.5,83.91,193.04,Orthodox,1977-09-20,1.89,34.0,3.38,56.0,1.81,36.0,50.0,1.8,14.0,8.0,2.0
Eric Schambari,180.34,83.91,,Orthodox,1978-04-22,,,,,,,,,,,
Eric Schwartz,,92.99,,,,,,,,,,,,,,
Eric Shelton,167.64,56.7,172.72,Orthodox,1991-02-02,2.57,42.0,1.88,63.0,2.83,51.0,46.0,0.2,12.0,6.0,0.0
Eric Smith,,,,Southpaw,,,,,,,,,,,,
Eric Spicely,185.42,83.91,185.42,Orthodox,1986-09-29,3.71,45.0,5.72,55.0,1.31,20.0,75.0,1.0,12.0,6.0,0.0
Eric Steenberg,,70.31,,,1983-06-22,,,,,,,,,,,
Eric Wisely,172.72,65.77,,Southpaw,1984-07-25,1.42,47.0,2.08,56.0,0.0,0.0,27.0,0.9,26.0,9.0,1.0
Eric Wray,182.88,77.11,,Orthodox,,,,,,,,,,,,
Erick Gonzalez,180.34,70.31,190.5,Orthodox,1992-01-20,2.4,36.0,8.08,40.0,6.0,55.0,50.0,0.0,14.0,8.0,0.0
Erick Montano,182.88,77.11,185.42,Orthodox,1985-11-19,2.79,44.0,2.06,64.0,2.29,36.0,66.0,0.0,7.0,5.0,0.0
Erick Sanchez,177.8,65.77,,,1990-10-04,,,,,,,,,,,
Erick Silva,182.88,77.11,187.96,Orthodox,1984-06-21,2.5,48.0,4.18,49.0,0.85,35.0,56.0,1.4,19.0,9.0,0.0
Erick Wanderlei,185.42,92.99,,Orthodox,,,,,,,,,,,,
Ericka Almeida,167.64,52.16,,Orthodox,1989-03-05,1.07,39.0,3.33,43.0,0.5,33.0,37.0,0.0,7.0,3.0,0.0
Erik Apple,182.88,77.11,,Orthodox,1977-08-26,,,,,,,,,,,
Erik Koch,177.8,77.11,180.34,Southpaw,1988-10-04,2.33,42.0,2.82,47.0,1.02,42.0,81.0,1.0,16.0,6.0,0.0
Erik Perez,172.72,61.23,172.72,Orthodox,1989-11-19,3.16,40.0,2.09,66.0,3.16,55.0,69.0,0.2,17.0,6.0,0.0
Erik Silva,175.26,65.77,180.34,Orthodox,1987-03-16,2.07,70.0,1.57,40.0,3.76,80.0,62.0,0.0,9.0,3.0,0.0
Erin Blanchfield,162.56,56.7,167.64,Orthodox,1999-05-04,5.24,44.0,4.21,59.0,1.86,31.0,80.0,0.8,13.0,2.0,0.0
Erisson Ferreira,167.64,56.7,177.8,Orthodox,1991-05-03,,,,,,,,,,,
Ernest Chavez,172.72,65.77,177.8,Orthodox,1983-06-27,2.79,40.0,3.89,59.0,0.89,33.0,50.0,0.0,10.0,2.0,0.0
Ernesta Kareckaite,175.26,56.7,180.34,Orthodox,1998-07-05,7.38,42.0,6.09,48.0,0.67,66.0,82.0,0.0,6.0,1.0,1.0
Ernie Juarez,172.72,65.77,177.8,,1998-01-12,,,,,,,,,,,
Ernie Verdicia,180.34,90.26,,Orthodox,,0.0,0.0,0.0,0.0,0.0,0.0,0.0,0.0,0.0,1.0,0.0
Eros Baluyot,,56.7,,,1992-10-23,,,,,,,,,,,
Errol Zimmerman,190.5,83.91,,Orthodox,1986-04-20,,,,,,,,,,,
Eryk Anders,185.42,83.91,190.5,Southpaw,1987-04-21,3.51,48.0,4.09,50.0,1.75,24.0,80.0,0.1,17.0,9.0,0.0
Esteban Ribovics,177.8,70.31,175.26,Orthodox,1996-04-27,8.09,43.0,6.3,54.0,0.39,66.0,70.0,0.2,15.0,2.0,0.0
Estefani Almeida,162.56,56.7,,Orthodox,1988-10-17,,,,,,,,,,,
Estevan Payan,177.8,65.77,,Orthodox,1982-03-14,4.25,42.0,3.58,57.0,0.36,100.0,60.0,0.4,16.0,12.0,0.0
Ethyn Ewing,,65.77,,,1998-02-16,,,,,,,,,,,
Eugene Jackson,172.72,83.91,,Orthodox,1966-09-23,2.19,33.0,3.44,32.0,1.91,71.0,16.0,2.3,15.0,9.0,1.0
Eugenio Tadeu,172.72,72.57,,Orthodox,,0.0,0.0,0.0,0.0,0.0,0.0,0.0,0.0,2.0,3.0,0.0
Eun Soo Lee,185.42,97.52,,Orthodox,1982-03-07,,,,,,,,,,,
Evan Dunham,177.8,70.31,177.8,Southpaw,1981-12-18,5.33,39.0,3.54,61.0,1.82,33.0,79.0,1.0,18.0,9.0,1.0
Evan Elder,177.8,70.31,182.88,Switch,1997-04-11,5.66,50.0,4.94,57.0,0.48,15.0,40.0,0.5,10.0,2.0,0.0
Evan Esguerra,,65.77,,,,,,,,,,,,,,
Evan Tanner,182.88,83.91,187.96,Orthodox,1971-02-11,3.05,59.0,2.64,56.0,2.55,43.0,25.0,1.3,32.0,8.0,0.0
Evangelista Santos,177.8,77.11,193.04,Orthodox,1977-12-12,,,,,,,,,,,
Everett Cummings,,92.99,,,,,,,,,,,,,,
Everett Sims,195.58,117.93,195.58,Southpaw,1988-09-04,,,,,,,,,,,
Ewerton Teixeira,185.42,109.77,,,1982-02-13,,,,,,,,,,,
Fabian Gonzalez,177.8,61.23,,,,,,,,,,,,,,
Fabiano Iha,172.72,70.31,,Orthodox,1970-07-28,1.73,47.0,2.49,42.0,2.88,40.0,50.0,2.9,9.0,5.0,0.0
Fabiano Scherner,190.5,116.57,,Orthodox,1972-06-30,1.31,31.0,3.2,38.0,1.09,33.0,40.0,0.0,11.0,10.0,0.0
Fabio Aguiar,182.88,83.91,,,1988-02-10,,,,,,,,,,,
Fabio Cherant,185.42,92.99,187.96,Southpaw,1994-11-25,1.35,40.0,4.89,38.0,0.0,0.0,0.0,0.0,7.0,4.0,0.0
Fabio Gurgel,182.88,92.99,,Orthodox,,0.0,0.0,0.0,0.0,0.0,0.0,0.0,0.0,3.0,2.0,0.0
Fabio Maldonado,185.42,92.99,190.5,Orthodox,1980-03-17,5.29,58.0,4.31,53.0,0.44,57.0,61.0,0.6,23.0,11.0,0.0
Fabio Mello,165.1,70.31,,Southpaw,,,,,,,,,,,,
Fabio Nascimento,177.8,83.91,,Orthodox,,,,,,,,,,,,
Fabio Silva,180.34,92.99,,Orthodox,1982-03-31,,,,,,,,,,,
Fabiola Pidroni,,52.16,,,1994-01-04,,,,,,,,,,,
Fabricio Camoes,177.8,70.31,180.34,Orthodox,1978-12-23,1.29,33.0,1.85,61.0,2.34,32.0,20.0,1.5,14.0,9.0,1.0
Fabricio Guerreiro,177.8,65.77,,,1990-07-24,,,,,,,,,,,
Fabricio Werdum,193.04,104.78,195.58,Orthodox,1977-07-30,3.59,52.0,2.64,55.0,1.75,31.0,31.0,1.2,24.0,9.0,1.0
Falaniko Vitale,177.8,83.91,,Orthodox,1974-07-14,1.88,49.0,3.68,47.0,0.72,33.0,86.0,0.0,30.0,11.0,0.0
Fares Ziam,185.42,70.31,190.5,Orthodox,1997-03-21,2.85,51.0,1.62,64.0,1.62,40.0,70.0,0.2,17.0,4.0,0.0
Farid Basharat,172.72,61.23,180.34,Orthodox,1997-08-02,4.36,55.0,2.57,59.0,3.97,44.0,80.0,0.5,13.0,0.0,0.0
Farida Abdueva,,52.16,,,2004-05-15,,,,,,,,,,,
Farman Hasanov,,77.11,,,1995-08-01,,,,,,,,,,,
Fatima Kline,167.64,52.16,170.18,Orthodox,2000-07-12,3.94,49.0,2.29,59.0,1.21,60.0,50.0,0.0,8.0,1.0,0.0
Fazlo Mulabitinovic,,61.23,,,,,,,,,,,,,,
Federico Lopez,162.56,63.05,,Orthodox,,,,,,,,,,,,
Fedor Emelianenko,182.88,104.33,187.96,Orthodox,1976-09-28,,,,,,,,,,,
Fedor Nikolov,,,,,,,,,,,,,,,,
Felice Herrig,162.56,52.16,165.1,Orthodox,1984-09-18,3.84,37.0,5.19,48.0,1.08,28.0,75.0,0.8,14.0,10.0,0.0
Felicia Spencer,167.64,65.77,172.72,Orthodox,1990-11-29,3.21,48.0,4.54,45.0,1.18,18.0,27.0,0.2,9.0,3.0,0.0
Felipe Arantes,172.72,61.23,185.42,Orthodox,1988-02-09,2.37,45.0,2.66,64.0,0.93,47.0,41.0,0.7,18.0,10.0,1.0
Felipe Bunes,170.18,56.7,175.26,Orthodox,1989-10-29,2.93,50.0,4.66,44.0,1.13,22.0,40.0,2.3,14.0,8.0,0.0
Felipe Colares,172.72,65.77,175.26,Orthodox,1994-03-31,2.17,45.0,4.65,36.0,1.88,24.0,43.0,0.5,10.0,4.0,0.0
Felipe Franco,185.42,92.99,193.04,Orthodox,2001-01-22,,,,,,,,,,,
Felipe Lima,167.64,61.23,172.72,Orthodox,1998-05-07,2.86,45.0,2.91,64.0,2.18,27.0,85.0,0.7,14.0,2.0,0.0
Felipe Olivieri,175.26,70.31,,Orthodox,1985-04-12,6.68,58.0,4.6,57.0,0.0,0.0,71.0,0.0,14.0,5.0,0.0
Felipe Pena,,,,,1991-10-19,,,,,,,,,,,
Felipe Portela,,77.11,,,1987-11-23,,,,,,,,,,,
Felipe Silva,182.88,70.31,195.58,Orthodox,1984-05-08,5.4,50.0,1.8,59.0,1.0,100.0,71.0,0.0,8.0,2.0,0.0
Felipe dos Santos,170.18,56.7,177.8,Orthodox,2000-09-11,3.75,39.0,3.8,41.0,0.0,0.0,20.0,0.5,8.0,3.0,0.0
Felix Klinkhammer,182.88,77.11,,,,,,,,,,,,,,
Felix Lee Mitchell,,,,Orthodox,,0.0,0.0,0.0,0.0,0.0,0.0,0.0,0.0,2.0,7.0,0.0
Fellipe Andrew,,,,,1994-10-24,,,,,,,,,,,
Feng Pengchao,,61.23,,,,,,,,,,,,,,
Feng Xiaocan,170.18,52.16,170.18,Southpaw,2001-10-27,4.18,49.0,1.49,68.0,0.7,100.0,63.0,0.0,10.0,4.0,0.0
Fernando Bettega,,77.11,,,1980-03-10,,,,,,,,,,,
Fernando Bruno,167.64,65.77,,,1982-02-24,1.75,39.0,1.78,48.0,2.02,22.0,56.0,0.5,15.0,4.0,0.0
Fernando Gonzalez,175.26,77.11,172.72,Southpaw,1983-09-15,,,,,,,,,,,
Fernando Padilla,185.42,65.77,193.04,Orthodox,1996-12-15,6.07,40.0,5.74,52.0,0.0,0.0,100.0,0.6,16.0,6.0,0.0
Fernie Garcia,170.18,61.23,170.18,Orthodox,1992-04-12,2.04,34.0,3.79,48.0,0.28,50.0,50.0,0.6,10.0,5.0,0.0
Filip Pejic,172.72,61.23,,Orthodox,1992-07-21,0.0,0.0,0.88,33.0,0.0,0.0,0.0,0.0,12.0,2.0,2.0
Fiona Muxlow,162.56,65.77,,,1977-05-13,,,,,,,,,,,
Flavio Luiz Moura,180.34,83.01,,Open Stance,,0.67,16.0,0.0,0.0,0.0,0.0,0.0,0.0,19.0,7.0,0.0
Floyd Sword,182.88,83.91,,Orthodox,1976-08-24,0.78,42.0,1.57,40.0,0.0,0.0,33.0,0.0,12.0,3.0,0.0
Forrest Griffin,190.5,92.99,195.58,Orthodox,1979-03-16,4.38,36.0,2.81,61.0,1.05,48.0,57.0,0.7,19.0,7.0,0.0
Forrest Petz,175.26,77.11,180.34,Orthodox,1975-09-22,2.27,29.0,2.2,57.0,1.3,100.0,66.0,0.0,26.0,10.0,0.0
Francesco Maturi,,,,,,0.0,0.0,0.0,0.0,0.0,0.0,0.0,0.0,0.0,1.0,0.0
Francesco Mazzeo,190.5,92.99,190.5,Orthodox,1997-09-23,,,,,,,,,,,
Francimar Barroso,185.42,92.99,190.5,Orthodox,1980-02-28,2.77,52.0,3.07,59.0,2.22,24.0,83.0,0.0,19.0,7.0,0.0
Francis Carmont,190.5,92.99,198.12,Orthodox,1981-10-11,2.22,42.0,1.64,59.0,1.79,36.0,73.0,0.6,25.0,12.0,0.0
Francis Marshall,175.26,65.77,182.88,Orthodox,1999-03-03,3.46,33.0,4.1,54.0,2.75,44.0,66.0,0.4,8.0,3.0,0.0
Francis Ngannou,193.04,113.4,210.82,Orthodox,1986-09-05,2.33,41.0,2.16,41.0,0.76,62.0,71.0,0.3,17.0,3.0,0.0
Francisco Bueno,175.26,102.06,,Orthodox,,,,,,,,,,,,
Francisco Figueiredo,167.64,56.7,172.72,Southpaw,1989-10-23,2.04,61.0,2.59,61.0,2.51,75.0,76.0,0.4,13.0,5.0,1.0
Francisco France,182.88,92.99,,,1983-01-21,,,,,,,,,,,
Francisco Prado,177.8,77.11,175.26,Orthodox,2002-06-16,4.09,43.0,4.95,54.0,0.94,19.0,50.0,0.5,12.0,4.0,0.0
Francisco Rivera,172.72,61.23,177.8,Orthodox,1981-10-08,4.07,41.0,3.16,68.0,1.01,63.0,68.0,0.6,11.0,7.0,0.0
Francisco Trevino,175.26,70.31,177.8,Orthodox,1981-12-17,2.65,42.0,2.42,64.0,0.97,22.0,41.0,0.0,13.0,3.0,0.0
Francisco Trinaldo,175.26,77.11,177.8,Southpaw,1978-08-24,3.13,45.0,2.67,60.0,0.98,42.0,60.0,0.5,28.0,9.0,0.0
Francois Botha,187.96,117.93,,Orthodox,1968-09-28,,,,,,,,,,,
Frank Camacho,177.8,70.31,185.42,Orthodox,1989-05-18,6.56,46.0,7.44,51.0,1.11,31.0,73.0,0.0,22.0,10.0,0.0
Frank Caracci,,,,,,0.0,0.0,0.0,0.0,0.0,0.0,0.0,0.0,2.0,3.0,0.0
Frank Gomez,177.8,61.23,170.18,Orthodox,1986-03-31,,,,,,,,,,,
Frank Hamaker,,,,,,0.0,0.0,0.0,0.0,0.0,0.0,0.0,0.0,1.0,0.0,0.0
Frank Lester,180.34,77.11,,Orthodox,1984-06-10,2.18,36.0,3.82,53.0,0.0,0.0,0.0,0.0,11.0,6.0,0.0
Frank Megallon,177.8,83.91,,Southpaw,,,,,,,,,,,,
Frank Mir,190.5,119.75,200.66,Southpaw,1979-05-24,2.18,47.0,3.84,38.0,2.02,40.0,54.0,2.0,18.0,11.0,0.0
Frank Shamrock,177.8,83.91,,Orthodox,1972-12-08,4.75,53.0,4.66,57.0,0.35,50.0,37.0,1.1,23.0,10.0,2.0
Frank Silva,,56.7,,,2004-08-25,,,,,,,,,,,
Frank Trigg,175.26,77.11,180.34,Southpaw,1972-05-07,2.79,46.0,1.9,56.0,2.35,47.0,75.0,0.8,21.0,9.0,0.0
Frankie Edgar,167.64,61.23,172.72,Orthodox,1981-10-16,3.77,40.0,2.82,65.0,2.29,31.0,65.0,0.3,23.0,11.0,1.0
Frankie Perez,180.34,70.31,185.42,Orthodox,1989-05-11,1.64,41.0,2.17,54.0,1.75,41.0,50.0,0.3,10.0,4.0,0.0
Frankie Saenz,167.64,61.23,167.64,Orthodox,1980-08-12,3.94,47.0,3.5,52.0,1.74,31.0,61.0,0.1,13.0,7.0,0.0
Fred Ettish,182.88,81.65,,Southpaw,,0.0,0.0,0.0,0.0,0.0,0.0,0.0,0.0,1.0,1.0,0.0
Freddy Vidal,190.5,92.99,200.66,Orthodox,1994-05-06,,,,,,,,,,,
Frederick Brown,182.88,106.59,,,,,,,,,,,,,,
Fredson Paixao,167.64,65.77,167.64,Orthodox,1979-05-13,1.71,54.0,2.31,62.0,0.62,11.0,10.0,2.2,10.0,5.0,0.0
Fredy Serrano,160.02,56.7,165.1,Orthodox,1979-09-22,1.58,26.0,1.89,61.0,2.84,25.0,84.0,0.0,3.0,2.0,0.0
Gabe Green,177.8,70.31,185.42,Switch,1993-05-02,5.6,45.0,6.19,47.0,0.71,50.0,50.0,0.5,12.0,5.0,0.0
Gabe Lemley,172.72,70.31,,Orthodox,,,,,,,,,,,,
Gabe Ruediger,177.8,70.31,,Orthodox,1977-08-29,1.7,31.0,5.16,41.0,2.04,11.0,28.0,0.0,18.0,8.0,0.0
Gable Steveson,,112.94,,,2000-05-31,,,,,,,,,,,
Gabriel Arges,,77.11,,,1993-01-29,,,,,,,,,,,
Gabriel Benitez,172.72,70.31,180.34,Southpaw,1988-06-15,5.26,41.0,4.49,63.0,0.22,50.0,55.0,0.9,23.0,13.0,0.0
Gabriel Bonfim,185.42,77.11,182.88,Orthodox,1997-08-20,4.54,45.0,3.53,63.0,4.03,55.0,76.0,1.6,18.0,1.0,0.0
Gabriel Carrasco,167.64,61.23,,,,,,,,,,,,,,
Gabriel Checco,185.42,83.91,,Switch,1986-04-03,,,,,,,,,,,
Gabriel Gonzaga,187.96,109.77,193.04,Orthodox,1979-05-18,2.12,45.0,2.94,57.0,2.8,39.0,66.0,1.1,17.0,11.0,0.0
Gabriel Miglioli,172.72,77.11,,,,,,,,,,,,,,
Gabriel Miranda,180.34,65.77,180.34,Orthodox,1990-03-25,3.23,43.0,6.01,37.0,4.75,38.0,0.0,1.9,17.0,8.0,0.0
Gabriel Salinas-Jones,185.42,111.13,,,1984-11-20,,,,,,,,,,,
Gabriel Santos,175.26,65.77,177.8,Orthodox,1996-11-28,4.35,60.0,4.31,45.0,3.8,54.0,87.0,1.2,12.0,2.0,0.0
Gabriel Silva,167.64,61.23,180.34,Orthodox,1994-08-26,1.3,34.0,3.47,45.0,1.5,25.0,38.0,0.5,8.0,2.0,0.0
Gabriella Fernandes,167.64,56.7,167.64,Southpaw,1993-08-13,3.56,48.0,5.19,52.0,0.44,18.0,68.0,0.2,11.0,3.0,0.0
Gabrielle Holloway,160.02,65.77,,,1990-04-15,,,,,,,,,,,
Gadzhi Omargadzhiev,185.42,77.11,180.34,Switch,1993-02-24,1.8,39.0,2.2,39.0,1.35,30.0,60.0,0.5,13.0,2.0,0.0
Gadzhimurad Antigulov,180.34,92.99,177.8,Orthodox,1987-02-09,2.08,55.0,4.21,40.0,5.08,36.0,0.0,1.4,20.0,8.0,0.0
Gaetano Pirrello,170.18,61.23,165.1,Orthodox,1992-04-29,0.99,55.0,2.44,42.0,0.0,0.0,30.0,0.0,15.0,7.0,1.0
Galore Bofando,180.34,77.11,182.88,Switch,1982-05-22,3.63,45.0,3.63,54.0,2.37,100.0,50.0,0.0,5.0,3.0,0.0
Gan McGee,208.28,120.2,,Orthodox,1976-11-20,2.2,29.0,2.31,59.0,0.65,25.0,83.0,0.0,13.0,5.0,0.0
Gareth Joseph,,92.99,,,,,,,,,,,,,,
Garett Whiteley,182.88,70.31,182.88,Orthodox,1980-12-13,3.72,48.0,4.04,46.0,0.0,0.0,27.0,0.9,7.0,3.0,0.0
Garreth McLellan,185.42,83.91,182.88,Southpaw,1982-09-01,3.56,54.0,2.94,45.0,1.15,22.0,34.0,0.9,13.0,6.0,0.0
Garrett Armfield,167.64,61.23,177.8,Orthodox,1996-10-09,5.35,53.0,3.64,56.0,1.1,50.0,64.0,0.6,10.0,5.0,0.0
Garrett Gross,175.26,70.31,,Orthodox,1988-08-08,,,,,,,,,,,
Garrett Mueller,175.26,61.23,,,1989-01-29,,,,,,,,,,,
Gary Frazier,182.88,111.13,,Orthodox,,,,,,,,,,,,
Gary Goodridge,190.5,112.94,,Orthodox,1966-01-17,1.84,56.0,2.14,48.0,0.4,100.0,53.0,0.8,23.0,22.0,1.0
Gary Mangat,170.18,61.23,,,,,,,,,,,,,,
Gary Padilla,180.34,92.99,,,1980-05-04,,,,,,,,,,,
Gary Quan,172.72,64.86,,,1971-04-11,,,,,,,,,,,
Gary Tapusoa,170.18,83.91,,,,,,,,,,,,,,
Gasan Umalatov,180.34,77.11,180.34,Orthodox,1982-09-11,2.23,39.0,4.1,59.0,0.75,17.0,90.0,0.0,17.0,4.0,2.0
Gaston Bolanos,170.18,61.23,175.26,Orthodox,1992-09-14,3.28,49.0,2.4,50.0,0.66,100.0,42.0,0.0,8.0,5.0,0.0
Gaston Reyno,182.88,65.77,,,1986-11-11,,,,,,,,,,,
Gauge Young,175.26,70.31,177.8,Orthodox,2000-07-14,5.71,51.0,5.82,48.0,1.0,30.0,71.0,0.0,10.0,3.0,0.0
Gavin Tucker,167.64,65.77,167.64,Southpaw,1986-06-17,4.29,44.0,4.18,57.0,3.13,44.0,53.0,1.5,13.0,3.0,0.0
Geane Herrera,165.1,56.7,167.64,Orthodox,1990-05-27,1.51,31.0,5.07,52.0,0.83,37.0,38.0,0.6,9.0,3.0,0.0
Gegard Mousasi,187.96,83.91,193.04,Orthodox,1985-08-01,3.75,50.0,1.21,68.0,1.59,60.0,59.0,1.1,42.0,6.0,2.0
Genaro Valdez,175.26,70.31,182.88,Orthodox,1992-01-16,4.08,30.0,7.16,48.0,1.54,44.0,36.0,0.4,10.0,3.0,0.0
Genki Sudo,175.26,70.31,,Orthodox,1978-03-08,1.55,39.0,2.23,33.0,3.58,60.0,50.0,4.2,15.0,4.0,2.0
Gennaro Strangis,,,,,,,,,,,,,,,,
Geoff Neal,180.34,77.11,190.5,Southpaw,1990-08-28,5.05,51.0,5.48,57.0,0.54,45.0,87.0,0.1,16.0,7.0,0.0
George Allen,187.96,92.99,,Open Stance,1967-01-13,,,,,,,,,,,
George Bush,185.42,92.99,,,,,,,,,,,,,,
George Hardwick,177.8,70.31,182.88,Orthodox,1996-12-06,,,,,,,,,,,
George Mangos,177.8,65.77,177.8,Switch,2003-08-19,,,,,,,,,,,
George Pacurariu,170.18,61.23,,,1984-07-28,,,,,,,,,,,
George Roop,185.42,61.23,182.88,Orthodox,1981-11-10,3.43,34.0,2.47,60.0,1.05,57.0,59.0,0.1,15.0,13.0,1.0
George Sotiropoulos,177.8,70.31,180.34,Orthodox,1977-07-09,2.61,27.0,2.52,67.0,2.32,31.0,53.0,1.6,14.0,7.0,0.0
George Stork,177.8,83.91,,,,,,,,,,,,,,
George Sullivan,182.88,77.11,185.42,Orthodox,1981-03-13,3.53,39.0,2.42,57.0,1.37,20.0,38.0,0.7,17.0,7.0,0.0
George Zuniga,175.26,83.91,,,,,,,,,,,,,,
Georges St-Pierre,180.34,83.91,193.04,Orthodox,1981-05-19,3.78,53.0,1.4,72.0,4.16,74.0,83.0,1.1,26.0,2.0,0.0
Georgi Karakhanyan,172.72,65.77,,,1985-05-29,,,,,,,,,,,
Gerald Harris,180.34,83.91,195.58,Southpaw,1979-11-19,1.41,29.0,1.58,62.0,2.96,54.0,72.0,0.0,23.0,5.0,0.0
Gerald Meerschaert,185.42,83.91,195.58,Southpaw,1987-12-18,3.02,45.0,3.49,53.0,1.83,30.0,42.0,1.4,37.0,20.0,0.0
Gerald Strebendt,175.26,70.31,,Orthodox,1979-03-01,0.0,0.0,4.0,38.0,0.0,0.0,0.0,16.4,9.0,7.0,0.0
Geraldo de Freitas,170.18,61.23,182.88,Orthodox,1991-09-30,3.67,52.0,2.62,50.0,3.0,45.0,59.0,0.0,12.0,6.0,0.0
Gerard Gordeau,195.58,97.98,,Orthodox,1959-03-30,,,,,,,,,,,
Germaine de Randamie,175.26,61.23,180.34,Orthodox,1984-04-24,2.57,46.0,2.0,65.0,0.0,0.0,65.0,0.4,10.0,5.0,0.0
Geronimo dos Santos,190.5,119.75,,Orthodox,1980-08-17,,,,,,,,,,,
Gerric Hayes,177.8,,,,,,,,,,,,,,,
Gerry Harris,203.2,122.47,,Orthodox,,0.0,0.0,0.0,0.0,0.0,0.0,0.0,0.0,1.0,4.0,0.0
Gesias Cavalcante,172.72,70.31,180.34,Orthodox,1983-07-06,,,,,,,,,,,
Geza Kalman,185.42,90.72,,,,0.0,0.0,0.0,0.0,0.0,0.0,0.0,0.0,4.0,9.0,0.0
Gezhen Re,,70.31,,,,,,,,,,,,,,
Giacomo Lemos,190.5,112.04,190.5,Orthodox,1989-06-23,,,,,,,,,,,
Gian Siqueira,185.42,77.11,187.96,Orthodox,1994-06-23,,,,,,,,,,,
Gian Villante,190.5,104.33,193.04,Orthodox,1985-08-18,4.38,44.0,5.47,55.0,0.45,23.0,83.0,0.0,17.0,14.0,0.0
Gianni Vazquez,,61.23,,Orthodox,1994-07-17,,,,,,,,,,,
Gideon Ray,177.8,83.91,,Southpaw,1973-05-27,2.08,40.0,2.58,53.0,1.49,100.0,0.0,0.0,17.0,15.0,1.0
Giga Chikadze,182.88,65.77,187.96,Orthodox,1988-08-25,3.82,42.0,3.48,60.0,0.19,33.0,65.0,0.2,15.0,5.0,0.0
Gigo Jara,175.26,65.77,,,,,,,,,,,,,,
Gil Castillo,175.26,77.11,,Southpaw,1965-10-21,0.6,45.0,2.22,44.0,3.33,45.0,50.0,0.0,8.0,5.0,0.0
Gilbert Aldana,185.42,113.4,,Orthodox,1977-08-25,2.91,54.0,6.26,26.0,2.57,40.0,33.0,0.0,6.0,2.0,0.0
Gilbert Burns,177.8,77.11,180.34,Orthodox,1986-07-20,3.15,48.0,3.64,52.0,2.12,37.0,53.0,0.5,22.0,9.0,0.0
Gilbert Jimenez,,70.31,,,,,,,,,,,,,,
Gilbert Melendez,175.26,65.77,185.42,Orthodox,1982-04-12,3.44,33.0,2.53,63.0,1.64,41.0,71.0,0.2,22.0,8.0,0.0
Gilbert Rael,172.72,70.31,,,,,,,,,,,,,,
Gilbert Smith,175.26,83.91,,Southpaw,1981-10-19,1.09,41.0,2.73,35.0,3.51,60.0,0.0,1.2,12.0,6.0,0.0
Gilbert Urbina,190.5,77.11,190.5,Orthodox,1996-04-05,5.57,56.0,4.62,44.0,2.86,44.0,0.0,0.7,7.0,5.0,0.0
Gilbert Yvel,187.96,102.06,195.58,Orthodox,1976-06-30,1.05,47.0,1.78,50.0,0.0,0.0,25.0,1.0,39.0,16.0,1.0
Gilles Arsene,175.26,86.18,,Southpaw,,,,,,,,,,,,
Gillian Robertson,165.1,52.16,160.02,Orthodox,1995-05-17,2.86,48.0,2.86,56.0,2.74,40.0,41.0,0.9,16.0,8.0,0.0
Gina Carano,172.72,65.77,,Orthodox,1982-04-16,,,,,,,,,,,
Gina Mazany,167.64,56.7,172.72,Southpaw,1988-08-19,3.73,50.0,3.52,50.0,4.34,52.0,33.0,0.2,7.0,6.0,0.0
Gisele Moreira,167.64,61.23,,Orthodox,1981-01-14,,,,,,,,,,,
Glaico Franca Moreira,182.88,70.31,195.58,Orthodox,1991-02-28,2.35,42.0,3.46,47.0,2.68,42.0,76.0,0.3,15.0,5.0,0.0
Gleidson Cutis,175.26,70.31,,Orthodox,1989-02-07,,,,,,,,,,,
Gleison Tibau,177.8,70.31,180.34,Southpaw,1983-10-07,1.95,31.0,2.51,63.0,4.08,53.0,92.0,0.8,33.0,14.0,0.0
Gleristone Santos,175.26,65.77,,,1988-08-20,,,,,,,,,,,
Gloria de Paula,165.1,52.16,170.18,Orthodox,1995-06-10,4.89,53.0,3.77,66.0,0.74,37.0,65.0,0.5,6.0,5.0,0.0
Glover Teixeira,187.96,92.99,193.04,Orthodox,1979-10-28,3.73,49.0,4.43,51.0,2.11,33.0,60.0,0.9,33.0,9.0,0.0
Godofredo Pepey,170.18,65.77,185.42,Orthodox,1987-07-02,2.32,38.0,3.23,47.0,0.37,7.0,35.0,1.5,13.0,6.0,0.0
Goiti Yamauchi,177.8,65.77,,,1993-01-05,,,,,,,,,,,
Gokhan Saki,182.88,92.99,185.42,Orthodox,1983-10-19,7.09,58.0,4.57,53.0,0.0,0.0,100.0,0.0,1.0,2.0,0.0
Gokhan Saricam,,120.2,,,1991-02-26,,,,,,,,,,,
Goldman Butler,,,,,,,,,,,,,,,,
Goran Reljic,190.5,92.99,205.74,Southpaw,1984-03-20,1.69,37.0,2.69,59.0,1.69,50.0,33.0,1.1,15.0,8.0,0.0
Grant Dawson,177.8,70.31,182.88,Switch,1994-02-20,3.2,52.0,2.11,44.0,3.87,40.0,57.0,1.1,23.0,2.0,1.0
Gray Maynard,175.26,70.31,177.8,Orthodox,1979-05-09,1.92,32.0,2.64,66.0,2.91,47.0,81.0,0.7,13.0,7.0,1.0
Greg Hardy,195.58,120.2,203.2,Orthodox,1988-07-28,4.79,50.0,3.31,55.0,0.2,33.0,64.0,0.0,7.0,5.0,0.0
Greg McIntyre,177.8,70.31,,Orthodox,1980-04-21,,,,,,,,,,,
Greg Nagy,185.42,95.25,,Orthodox,1983-10-18,,,,,,,,,,,
Greg Rebello,182.88,108.86,185.42,Southpaw,1982-06-13,,,,,,,,,,,
Greg Scott,175.26,65.77,,,,,,,,,,,,,,
Greg Soto,180.34,77.11,185.42,Orthodox,1986-06-03,3.21,63.0,2.61,52.0,1.49,27.0,44.0,1.0,9.0,4.0,0.0
Greg Stott,170.18,99.79,,Southpaw,,0.0,0.0,0.0,0.0,0.0,0.0,0.0,0.0,0.0,1.0,0.0
Greg Velasco,187.96,120.2,177.8,Southpaw,1993-09-23,,,,,,,,,,,
Greg Wilson,,70.31,,,1988-10-02,,,,,,,,,,,
Gregor Gillespie,170.18,70.31,180.34,Orthodox,1986-11-13,3.74,52.0,2.3,57.0,6.86,48.0,100.0,0.8,14.0,1.0,0.0
Gregory Bouchelaghem,187.96,83.01,,Switch,,,,,,,,,,,,
Gregory Rodrigues,190.5,83.91,190.5,Orthodox,1992-02-17,5.54,51.0,5.04,50.0,2.21,38.0,90.0,0.3,17.0,6.0,0.0
Grigory Popov,170.18,61.23,172.72,Switch,1984-04-18,3.63,37.0,4.2,55.0,0.0,0.0,45.0,0.0,13.0,3.0,0.0
Guangyou Ning,162.56,65.77,162.56,Southpaw,1981-12-15,2.66,41.0,1.91,61.0,1.09,50.0,62.0,0.3,5.0,4.0,1.0
Gugun Gusman,170.18,61.23,172.72,Orthodox,1990-03-03,,,,,,,,,,,
Guido Cannetti,167.64,61.23,172.72,Southpaw,1979-12-19,3.44,55.0,2.84,51.0,2.27,55.0,64.0,0.4,10.0,8.0,0.0
Guilherme Costa,,70.31,,,,,,,,,,,,,,
Guilherme Pat,,120.2,,,,,,,,,,,,,,
Guilherme Uriel,185.42,120.2,187.96,Orthodox,1997-02-18,,,,,,,,,,,
Guilherme Vasconcelos,182.88,83.91,,Orthodox,1986-03-23,3.27,29.0,4.4,70.0,0.0,0.0,0.0,0.0,9.0,4.0,0.0
Guilherme Viana,193.04,92.99,,,,,,,,,,,,,,
Gunnar Nelson,180.34,77.11,182.88,Switch,1988-07-28,1.77,61.0,3.06,48.0,2.0,52.0,68.0,1.0,19.0,6.0,1.0
Guram Kutateladze,180.34,70.31,182.88,Orthodox,1992-01-08,3.53,45.0,4.22,54.0,0.61,15.0,75.0,0.0,13.0,5.0,0.0
Gustavo Gabriel,167.64,56.7,,Orthodox,1994-04-01,,,,,,,,,,,
Gustavo Lopez,165.1,61.23,170.18,Orthodox,1989-06-27,2.48,40.0,3.87,57.0,1.74,41.0,31.0,0.7,12.0,6.0,1.0
Guto Inocente,190.5,92.99,,Orthodox,1986-05-29,4.13,66.0,2.92,54.0,0.67,33.0,66.0,0.7,7.0,4.0,0.0
Guy Mezger,185.42,90.72,,Orthodox,1968-01-01,2.3,32.0,1.36,72.0,0.39,50.0,88.0,0.0,30.0,14.0,2.0
Hacran Dias,172.72,70.31,175.26,Orthodox,1984-06-16,2.08,41.0,3.31,55.0,2.5,39.0,76.0,0.5,23.0,6.0,1.0
Hailey Cowan,172.72,61.23,170.18,Southpaw,1992-02-12,2.5,42.0,2.79,33.0,1.63,36.0,80.0,0.0,7.0,4.0,0.0
Haisam Rida,,,,,1993-07-25,,,,,,,,,,,
Hakeem Dawodu,172.72,65.77,185.42,Orthodox,1991-07-02,5.45,50.0,3.37,56.0,0.0,0.0,65.0,0.0,13.0,4.0,1.0
Hamdy Abdelwahab,187.96,119.75,182.88,Southpaw,1993-01-22,3.49,49.0,4.49,51.0,1.33,66.0,100.0,0.0,6.0,1.0,0.0
Hamid Amiri,,65.77,,,2003-06-15,,,,,,,,,,,
Han Ten Yun,180.34,99.79,,,,,,,,,,,,,,
HanSeul Kim,185.42,77.11,185.42,Southpaw,1990-06-19,,,,,,,,,,,
Hannah Cifers,154.94,52.16,157.48,Orthodox,1992-06-26,4.99,44.0,5.39,52.0,0.26,100.0,64.0,0.3,10.0,7.0,0.0
Hannah Goldy,162.56,52.16,154.94,Orthodox,1992-05-18,5.19,47.0,4.67,50.0,0.66,12.0,54.0,0.2,6.0,4.0,0.0
Hans Nijman,182.88,113.4,,Switch,1959-10-23,,,,,,,,,,,
Hans Stringer,190.5,92.99,,Orthodox,1987-07-06,3.16,61.0,2.84,41.0,2.4,36.0,62.0,0.0,22.0,8.0,3.0
Harold Howard,187.96,108.86,,Orthodox,,0.0,0.0,0.0,0.0,0.0,0.0,0.0,0.0,1.0,3.0,0.0
Harris Sarmiento,175.26,70.31,,Orthodox,1983-09-09,,,,,,,,,,,
Harry Hardwick,172.72,70.31,180.34,Switch,1994-09-29,2.39,34.0,7.16,40.0,0.0,0.0,0.0,0.0,13.0,4.0,1.0
Harry Hunsucker,187.96,92.99,190.5,Orthodox,1989-01-03,3.54,52.0,6.53,42.0,0.0,0.0,0.0,2.0,7.0,6.0,0.0
Harry Moskowitz,195.58,124.74,,Orthodox,,0.0,0.0,0.0,0.0,0.0,0.0,0.0,0.0,6.0,12.0,0.0
Harvey Park,182.88,70.31,177.8,Orthodox,1986-03-22,,,,,,,,,,,
Hashem Arkhagha,187.96,83.91,190.5,Orthodox,1989-09-11,,,,,,,,,,,
Hatsu Hioki,180.34,65.77,185.42,Orthodox,1983-07-18,2.42,42.0,2.12,65.0,2.55,56.0,54.0,0.6,29.0,10.0,2.0
Haven Torres,,56.7,,,,,,,,,,,,,,
Hayato Sakurai,170.18,76.2,,Orthodox,1975-08-24,2.45,49.0,1.94,59.0,1.87,69.0,56.0,0.3,38.0,13.0,2.0
Hayder Hassan,177.8,77.11,,,1982-10-20,2.11,46.0,3.16,48.0,0.0,0.0,25.0,0.0,6.0,3.0,0.0
He-Man Gipson,,,,,,0.0,0.0,0.0,0.0,0.0,0.0,0.0,0.0,1.0,2.0,0.0
Heath Herring,193.04,113.4,198.12,Orthodox,1978-03-02,2.37,50.0,1.77,54.0,1.22,50.0,32.0,0.7,28.0,16.0,0.0
Heather Clark,167.64,52.16,162.56,Orthodox,1980-09-19,3.69,49.0,5.62,50.0,0.33,4.0,80.0,0.3,7.0,6.0,0.0
Hecher Sosa,175.26,61.23,177.8,Orthodox,1995-08-25,,,,,,,,,,,
Hector Aldana,180.34,77.11,182.88,Orthodox,1988-08-17,3.59,38.0,5.08,59.0,0.93,100.0,0.0,0.0,4.0,3.0,0.0
Hector Lombard,175.26,83.91,180.34,Southpaw,1978-02-02,3.02,46.0,3.35,53.0,1.69,48.0,77.0,0.5,34.0,10.0,1.0
Hector Ramirez,182.88,92.99,,Orthodox,1976-03-28,2.27,41.0,4.6,56.0,2.3,55.0,66.0,0.5,10.0,6.0,1.0
Hector Sandoval,157.48,56.7,162.56,Orthodox,1986-07-19,3.31,52.0,2.33,65.0,3.49,25.0,71.0,1.4,14.0,4.0,0.0
Hector Urbina,180.34,77.11,185.42,Orthodox,1987-09-17,0.97,38.0,2.44,39.0,0.0,0.0,38.0,3.8,17.0,10.0,1.0
Helena Crevar,,,,,,,,,,,,,,,,
Helio Dipp,195.58,83.91,,Orthodox,,,,,,,,,,,,
Henrique Da Silva Lopes,190.5,108.86,,,1985-03-08,,,,,,,,,,,
Henrique Shiguemoto,180.34,83.91,182.88,Orthodox,1989-06-22,,,,,,,,,,,
Henrique da Silva,190.5,92.99,193.04,Orthodox,1989-09-01,3.89,60.0,5.28,40.0,0.25,14.0,22.0,0.2,14.0,5.0,0.0
Henry Briones,172.72,61.23,175.26,Orthodox,1980-10-22,3.47,42.0,4.68,53.0,0.0,0.0,52.0,0.6,16.0,8.0,1.0
Henry Cejudo,162.56,61.23,162.56,Orthodox,1987-02-09,3.82,47.0,3.46,59.0,1.84,31.0,76.0,0.1,16.0,5.0,0.0
Henry Corrales,175.26,65.77,,,,,,,,,,,,,,
Henry Martinez,170.18,70.31,175.26,Southpaw,1983-08-07,2.79,25.0,4.01,60.0,0.0,0.0,80.0,0.0,9.0,4.0,0.0
Henry Miller,170.18,122.47,,Southpaw,1969-07-16,,,,,,,,,,,
Heraldo Souza,180.34,83.91,185.42,Orthodox,1994-12-15,,,,,,,,,,,
Herbert Burns,175.26,65.77,185.42,Orthodox,1988-02-02,1.86,36.0,5.17,41.0,2.94,34.0,66.0,1.8,11.0,6.0,0.0
Herdem Alacabek,187.96,92.99,190.5,Orthodox,1991-06-07,,,,,,,,,,,
Herman Renting,182.88,97.52,,Switch,,,,,,,,,,,,
Herman Terrado,,77.11,,,,,,,,,,,,,,
Hermes Franca,167.64,70.31,180.34,Orthodox,1974-08-26,1.78,39.0,2.85,55.0,1.53,36.0,37.0,2.4,24.0,17.0,0.0
Hernani Perpetuo,182.88,77.11,,Orthodox,1985-05-24,2.73,29.0,4.37,55.0,0.0,0.0,37.0,0.5,18.0,5.0,0.0
Herschel Walker,185.42,97.52,,Orthodox,1962-03-03,,,,,,,,,,,
Hidehiko Hasegawa,175.26,77.11,,,1978-07-13,,,,,,,,,,,
Hidehiko Yoshida,180.34,102.06,,Orthodox,1969-09-03,,,,,,,,,,,
Hideo Tokoro,170.18,61.23,,Orthodox,1977-08-22,,,,,,,,,,,
Hidetaka Monma,182.88,76.2,,Orthodox,1973-10-23,,,,,,,,,,,
Hilarie Rose,160.02,52.16,160.02,Orthodox,1992-11-11,,,,,,,,,,,
Hiroko Yamanaka,180.34,61.23,,,1978-10-24,,,,,,,,,,,
Hiromitsu Kanehara,177.8,90.72,,Orthodox,1970-10-05,,,,,,,,,,,
Hiromitsu Miura,175.26,77.11,180.34,Orthodox,1981-09-22,,,,,,,,,,,
Hiroshi Izumi,,92.99,,Orthodox,1982-06-22,,,,,,,,,,,
Hirotaka Yokoi,180.34,92.99,,Orthodox,1978-06-08,,,,,,,,,,,
Hiroyuki Abe,167.64,65.77,,Orthodox,,,,,,,,,,,,
Hiroyuki Takaya,167.64,63.05,,Orthodox,1977-06-10,,,,,,,,,,,
Hisaki Kato,182.88,83.91,,,1982-09-17,,,,,,,,,,,
Hitomi Akano,162.56,61.23,,Southpaw,1974-07-27,,,,,,,,,,,
Ho Bae Myeon,180.34,76.2,,Orthodox,,,,,,,,,,,,
Ho Taek Oh,,70.31,,,1993-07-20,,,,,,,,,,,
Holly Holm,172.72,61.23,175.26,Southpaw,1981-10-17,3.13,40.0,2.92,55.0,0.87,30.0,76.0,0.1,15.0,7.0,0.0
Homer Moore,177.8,92.99,,Orthodox,1971-11-27,0.68,50.0,0.68,0.0,5.07,66.0,0.0,0.0,26.0,9.0,2.0
Hong Man Choi,218.44,149.69,,Orthodox,1980-10-30,,,,,,,,,,,
Horacio Gutierrez,177.8,65.77,,,1990-09-15,0.86,26.0,2.91,46.0,0.0,0.0,50.0,0.0,4.0,3.0,0.0
Houston Alexander,182.88,92.99,182.88,Orthodox,1972-03-22,3.06,54.0,3.2,52.0,1.19,57.0,33.0,0.0,17.0,15.0,1.0
Houston Dorr,185.42,95.25,,Orthodox,,0.0,0.0,0.0,0.0,0.0,0.0,0.0,0.0,1.0,2.0,0.0
Hu Yaozong,190.5,83.91,182.88,Orthodox,1995-04-07,3.35,48.0,5.09,35.0,0.0,0.0,33.0,0.4,3.0,3.0,0.0
Huang Feier,165.1,52.16,165.1,Orthodox,1994-03-12,,,,,,,,,,,
Hugh Pulley,182.88,70.31,,,,,,,,,,,,,,
Hugo Cunha,190.5,119.29,200.66,Orthodox,1993-02-04,,,,,,,,,,,
Hugo Duarte,182.88,108.86,,Orthodox,1968-08-09,0.0,0.0,0.0,0.0,0.0,0.0,0.0,0.0,6.0,3.0,0.0
Hugo Govea,,,,,,,,,,,,,,,,
Hugo Sandoval,,61.23,,,,,,,,,,,,,,
Hugo Viana,167.64,61.23,170.18,Orthodox,1982-09-26,3.05,38.0,3.2,57.0,0.22,6.0,50.0,0.0,8.0,4.0,0.0
Humberto Bandenay,180.34,65.77,180.34,Southpaw,1994-09-04,2.22,41.0,4.79,41.0,2.9,46.0,62.0,0.5,14.0,7.0,0.0
Humberto Brown Morrison,177.8,65.77,,,1984-11-03,1.71,50.0,2.19,62.0,1.43,25.0,0.0,0.0,4.0,6.0,0.0
Humberto DeLeon,,61.23,,,1989-11-12,,,,,,,,,,,
Hunter Azure,172.72,65.77,175.26,Orthodox,1992-03-02,3.92,53.0,2.08,58.0,1.97,34.0,67.0,1.3,9.0,2.0,0.0
Hunter Worsham,,83.91,,,,,,,,,,,,,,
Hussain Rasouli,167.64,61.23,,,,,,,,,,,,,,
Hyder Amil,175.26,65.77,177.8,Switch,1990-05-28,6.84,57.0,4.18,51.0,0.77,20.0,81.0,1.2,11.0,1.0,0.0
Hyeonjong Song,,61.23,,,2002-04-23,,,,,,,,,,,
Hyun Gyu Lim,190.5,77.11,195.58,Orthodox,1985-01-16,4.45,41.0,5.07,51.0,0.23,100.0,73.0,0.2,13.0,7.0,1.0
HyunSung Park,170.18,56.7,167.64,Orthodox,1995-11-04,3.66,46.0,2.94,59.0,1.59,33.0,50.0,2.4,10.0,1.0,0.0
Ian Butler,172.72,70.31,,,,,,,,,,,,,,
Ian Entwistle,165.1,61.23,,Orthodox,1986-11-19,0.11,7.0,7.36,31.0,0.0,0.0,0.0,12.1,9.0,3.0,0.0
Ian Freeman,180.34,102.06,,Orthodox,1966-11-10,2.54,48.0,3.11,44.0,1.44,40.0,80.0,0.7,20.0,7.0,1.0
Ian Heinisch,180.34,83.91,182.88,Orthodox,1988-08-05,3.25,50.0,2.98,59.0,1.02,17.0,59.0,0.7,14.0,5.0,0.0
Ian Loveland,172.72,65.77,,Orthodox,1983-09-07,2.71,40.0,2.36,64.0,1.0,37.0,69.0,0.3,18.0,10.0,0.0
Ian Machado Garry,190.5,77.11,187.96,Orthodox,1997-11-17,4.77,54.0,2.77,51.0,1.02,33.0,73.0,0.4,16.0,1.0,0.0
Ian McCall,165.1,56.7,162.56,Orthodox,1984-05-07,3.59,39.0,3.25,67.0,2.08,30.0,88.0,0.0,13.0,5.0,1.0
Ian Murphy,185.42,83.91,,Orthodox,1985-06-14,,,,,,,,,,,
Ian Rammel,182.88,83.91,,,1985-07-22,,,,,,,,,,,
Iasmin Lucindo,160.02,52.16,167.64,Orthodox,2002-01-08,3.22,45.0,2.8,62.0,2.28,55.0,68.0,0.1,18.0,6.0,0.0
Ibo Aslan,190.5,92.99,195.58,Orthodox,1996-04-23,5.09,47.0,3.47,59.0,0.0,0.0,86.0,0.0,14.0,3.0,0.0
Ibragim Magomedov,182.88,113.4,,Orthodox,,,,,,,,,,,,
Icaro Brito,,65.77,,,1999-03-09,,,,,,,,,,,
Icho Larenas,190.5,106.59,,Orthodox,1980-03-12,0.17,15.0,2.5,28.0,0.0,0.0,14.0,0.0,6.0,5.0,0.0
Ido Pariente,172.72,70.31,,Orthodox,,,,,,,,,,,,
Idris Wasi,182.88,84.37,,,1989-12-11,,,,,,,,,,,
Ignacio Bahamondes,190.5,70.31,190.5,Orthodox,1997-08-27,6.55,45.0,4.33,56.0,0.0,0.0,75.0,0.4,17.0,6.0,0.0
Igor Araujo,185.42,77.11,195.58,Orthodox,1980-12-06,1.52,42.0,2.86,49.0,0.86,15.0,22.0,0.6,25.0,9.0,0.0
Igor Borisov,182.88,106.59,,Orthodox,,,,,,,,,,,,
Igor Cavalcanti,180.34,77.11,200.66,Orthodox,1997-10-10,,,,,,,,,,,
Igor Gracie,180.34,77.11,,,1980-02-04,,,,,,,,,,,
Igor Pokrajac,182.88,92.99,187.96,Orthodox,1979-01-02,2.25,45.0,4.26,40.0,0.87,29.0,51.0,0.2,28.0,13.0,0.0
Igor Severino,170.18,56.7,175.26,Orthodox,2003-04-21,7.17,52.0,4.33,47.0,9.69,71.0,50.0,0.0,8.0,1.0,0.0
Igor Vovchanchyn,172.72,92.99,,Orthodox,1973-08-06,,,,,,,,,,,
Igor Zinoviev,185.42,90.26,,Orthodox,,0.0,0.0,0.0,0.0,0.0,0.0,0.0,0.0,4.0,1.0,2.0
Ihor Potieria,190.5,83.91,190.5,Southpaw,1996-05-29,4.44,50.0,4.96,50.0,0.73,18.0,66.0,0.0,20.0,8.0,0.0
Ike Villanueva,185.42,92.99,185.42,Orthodox,1984-04-04,3.66,38.0,7.24,36.0,0.6,50.0,100.0,0.0,18.0,14.0,0.0
Ikram Aliskerov,182.88,83.91,193.04,Southpaw,1992-12-07,7.76,62.0,5.78,41.0,1.14,33.0,100.0,1.1,16.0,2.0,0.0
Ikuhisa Minowa,175.26,82.1,,Orthodox,1976-01-12,0.88,40.0,1.66,49.0,1.82,41.0,5.0,1.9,60.0,42.0,8.0
Ildemar Alcantara,187.96,83.91,198.12,Orthodox,1982-11-18,1.93,38.0,2.63,50.0,2.0,68.0,81.0,0.9,21.0,11.0,0.0
Ilia Topuria,170.18,70.31,175.26,Orthodox,1997-01-21,4.81,48.0,3.83,64.0,1.96,61.0,93.0,1.1,17.0,0.0,0.0
Ilian Bouafia,195.58,83.91,198.12,Southpaw,1996-11-13,,,,,,,,,,,
Iliarde Santos,165.1,56.7,170.18,Orthodox,1980-09-25,3.0,30.0,6.1,57.0,1.66,23.0,83.0,0.0,30.0,13.0,1.0
Ilima Macfarlane,162.56,56.7,,,,,,,,,,,,,,
Ilir Latifi,177.8,104.33,185.42,Orthodox,1982-07-28,2.05,45.0,2.93,56.0,2.11,35.0,100.0,0.3,17.0,9.0,0.0
Ilya Kotau,,77.11,,,,,,,,,,,,,,
Imani Lee,,,,Orthodox,,,,,,,,,,,,
Imanol Rodriguez,,56.7,,Orthodox,1999-11-15,,,,,,,,,,,
Impa Kasanganay,180.34,77.11,190.5,Orthodox,1994-01-17,4.96,48.0,3.66,58.0,1.75,58.0,66.0,0.2,9.0,2.0,0.0
In Su Hwang,180.34,83.91,187.96,Orthodox,1994-01-18,,,,,,,,,,,
Ion Cherdivara,,92.99,,,,,,,,,,,,,,
Ion Cutelaba,185.42,92.99,190.5,Southpaw,1993-12-14,4.26,43.0,3.34,47.0,3.77,49.0,75.0,0.1,19.0,11.0,1.0
Iony Razafiarison,160.02,65.77,,,1984-12-23,,,,,,,,,,,
Iouri Kotchkine,187.96,106.59,,Orthodox,,,,,,,,,,,,
Irene Aldana,175.26,61.23,172.72,Orthodox,1988-03-26,5.19,39.0,6.64,56.0,0.15,50.0,77.0,0.2,15.0,8.0,0.0
Irina Alekseeva,172.72,61.23,170.18,Orthodox,1990-06-27,4.01,39.0,5.03,46.0,0.47,20.0,66.0,0.5,5.0,3.0,0.0
Irwin Rivera,167.64,61.23,170.18,Southpaw,1989-02-14,3.36,44.0,5.07,57.0,1.0,16.0,70.0,0.0,10.0,6.0,0.0
Isaac Dulgarian,170.18,65.77,180.34,Orthodox,1996-07-04,3.37,64.0,1.82,41.0,5.15,52.0,0.0,2.1,7.0,1.0,0.0
Isaac Thomson,,65.77,,,2002-05-03,,,,,,,,,,,
Isaac Vallie-Flagg,172.72,70.31,177.8,Orthodox,1978-04-08,5.56,47.0,5.6,45.0,0.2,12.0,58.0,0.0,16.0,7.0,1.0
Isabela de Padua,160.02,56.7,162.56,Orthodox,1991-09-04,1.0,35.0,2.07,50.0,2.0,66.0,0.0,1.0,5.0,2.0,0.0
Isaiah Hill,177.8,70.31,,,,,,,,,,,,,,
Isao Kobayashi,172.72,65.77,,,1988-10-28,,,,,,,,,,,
Isi Fitikefu,177.8,92.99,,,,,,,,,,,,,,
Isis Verbeek,162.56,52.16,162.56,Orthodox,1995-01-12,,,,,,,,,,,
Islam Dulatov,190.5,77.11,190.5,Orthodox,1998-08-02,8.78,54.0,4.24,50.0,2.2,100.0,100.0,0.0,12.0,1.0,0.0
Islam Makhachev,177.8,77.11,177.8,Southpaw,1991-10-27,2.63,58.0,1.55,61.0,3.2,53.0,90.0,1.1,27.0,1.0,0.0
Islem Masraf,182.88,92.99,187.96,Southpaw,1996-06-07,,,,,,,,,,,
Ismael Bonfim,172.72,70.31,180.34,Orthodox,1995-12-28,5.73,55.0,3.1,70.0,0.96,33.0,76.0,0.0,20.0,5.0,0.0
Ismail Naurdiev,177.8,83.91,187.96,Orthodox,1996-08-18,3.69,52.0,1.77,64.0,1.5,40.0,73.0,0.2,24.0,8.0,0.0
Israel Adesanya,193.04,83.91,203.2,Switch,1989-07-22,4.02,48.0,3.2,55.0,0.05,11.0,76.0,0.1,24.0,5.0,0.0
Israel Albuquerque,,83.91,,Orthodox,,,,,,,,,,,,
Israel Delgado,177.8,70.31,,,,,,,,,,,,,,
Israel Giron,172.72,70.31,,,1974-01-16,,,,,,,,,,,
Issa Isakov,175.26,70.31,177.8,Orthodox,1989-10-22,,,,,,,,,,,
Issac DeJesus,,65.77,,,,,,,,,,,,,,
Issei Tamura,165.1,61.23,160.02,Orthodox,1984-03-12,1.89,53.0,4.58,44.0,0.92,25.0,33.0,0.0,10.0,8.0,0.0
Istela Nunes,162.56,52.16,167.64,Orthodox,1992-07-23,4.28,47.0,4.07,59.0,0.0,0.0,47.0,0.0,6.0,6.0,0.0
Iuri Alcantara,175.26,61.23,180.34,Southpaw,1980-08-04,2.72,45.0,2.79,49.0,1.44,62.0,60.0,0.8,35.0,10.0,0.0
Ivan Cole,175.26,61.23,,,1990-11-30,,,,,,,,,,,
Ivan Erslan,187.96,92.99,182.88,Orthodox,1991-11-15,2.5,44.0,5.17,55.0,0.5,20.0,64.0,0.0,14.0,5.0,0.0
Ivan Gnizditskiy,,92.99,,,1996-05-10,,,,,,,,,,,
Ivan Jorge,175.26,70.31,185.42,Orthodox,1980-11-07,3.41,49.0,2.91,59.0,1.56,16.0,75.0,0.6,27.0,7.0,0.0
Ivan Lopez,167.64,61.23,,Southpaw,,,,,,,,,,,,
Ivan Menjivar,167.64,65.77,162.56,Orthodox,1982-05-30,2.78,37.0,2.76,65.0,0.56,28.0,38.0,1.0,25.0,12.0,0.0
Ivan Salaverry,182.88,83.91,,Orthodox,1971-01-11,3.01,47.0,1.19,76.0,0.49,18.0,36.0,2.5,14.0,9.0,0.0
Ivan Serati,182.88,92.99,,Orthodox,,0.86,26.0,5.33,29.0,0.0,0.0,0.0,0.0,12.0,4.0,0.0
Ivan Shtyrkov,182.88,92.99,187.96,Orthodox,1988-06-09,,,,,,,,,,,
Ivan Valenzuela,187.96,83.91,195.58,Orthodox,1992-11-17,,,,,,,,,,,
Ivana Petrovic,172.72,56.7,177.8,Southpaw,1994-06-11,1.91,41.0,2.05,56.0,2.12,38.0,61.0,0.8,7.0,3.0,0.0
Iwo Baraniewski,182.88,92.99,185.42,Orthodox,1998-11-20,,,,,,,,,,,
Izabela Badurek,165.1,52.16,,Orthodox,1991-07-11,3.74,71.0,4.9,32.0,1.75,12.0,100.0,0.0,6.0,3.0,0.0
J.T Taylor,177.8,,,,,,,,,,,,,,,
JC Cottrell,175.26,70.31,,Orthodox,1989-11-04,0.79,25.0,2.75,45.0,0.79,100.0,50.0,0.0,17.0,5.0,0.0
JJ Aldrich,165.1,56.7,170.18,Southpaw,1992-09-29,3.96,47.0,4.32,61.0,0.75,26.0,67.0,0.0,14.0,7.0,0.0
JJ Ambrose,177.8,77.11,,Orthodox,,,,,,,,,,,,
JJ Okanovich,180.34,70.31,193.04,Orthodox,1990-11-04,,,,,,,,,,,
JP Buys,165.1,61.23,170.18,Orthodox,1996-04-30,1.88,39.0,3.02,40.0,1.55,25.0,25.0,2.3,9.0,6.0,0.0
JP Felty,,77.11,,,1979-04-28,,,,,,,,,,,
JR Coughran,167.64,65.77,,Orthodox,1994-05-17,,,,,,,,,,,
JW Wright,,58.97,,,1976-01-12,,,,,,,,,,,
Jacare Souza,185.42,83.91,182.88,Orthodox,1979-12-07,2.53,47.0,2.83,62.0,2.57,39.0,57.0,1.3,26.0,10.0,0.0
Jack Becker,177.8,70.31,180.34,Orthodox,1992-12-20,,,,,,,,,,,
Jack Cartwright,175.26,61.23,172.72,Orthodox,1994-05-26,,,,,,,,,,,
Jack Congdon,187.96,77.11,190.5,Switch,1997-05-21,,,,,,,,,,,
Jack Della Maddalena,180.34,77.11,185.42,Switch,1996-09-10,6.84,52.0,4.53,64.0,0.16,11.0,69.0,0.2,18.0,2.0,0.0
Jack Duffy,170.18,56.7,175.26,Switch,1995-10-02,,,,,,,,,,,
Jack Hermansson,185.42,83.91,195.58,Orthodox,1988-06-10,5.13,45.0,3.7,57.0,1.5,29.0,80.0,0.4,24.0,9.0,0.0
Jack Jenkins,170.18,65.77,172.72,Switch,1993-11-03,4.5,61.0,2.97,58.0,1.78,64.0,67.0,0.0,13.0,4.0,0.0
Jack Marshman,182.88,83.91,185.42,Orthodox,1989-12-19,2.74,25.0,4.19,56.0,0.0,0.0,20.0,0.0,23.0,10.0,0.0
Jack May,203.2,115.67,,Switch,1981-04-14,1.52,38.0,3.29,33.0,0.91,33.0,20.0,0.0,9.0,3.0,0.0
Jack McGlaughlin,,,,Orthodox,,0.0,0.0,0.0,0.0,0.0,0.0,0.0,0.0,1.0,4.0,0.0
Jack Morrison,180.34,92.99,,,,,,,,,,,,,,
Jack Nilson,,,,,,0.0,0.0,0.0,0.0,0.0,0.0,0.0,0.0,2.0,6.0,0.0
Jack Shore,172.72,65.77,180.34,Orthodox,1995-02-06,3.6,58.0,2.31,56.0,3.22,39.0,74.0,0.6,17.0,3.0,0.0
Jackie Lee,,,,,,0.0,0.0,0.0,0.0,0.0,0.0,0.0,0.0,0.0,1.0,0.0
Jackson McVey,193.04,83.91,195.58,Southpaw,1999-03-25,1.12,26.0,1.95,22.0,0.0,0.0,0.0,0.0,6.0,1.0,0.0
Jacob Kilburn,175.26,65.77,182.88,Orthodox,1995-06-28,2.56,33.0,6.78,35.0,0.51,5.0,20.0,0.5,8.0,4.0,0.0
Jacob Malkoun,175.26,83.91,185.42,Orthodox,1995-08-26,3.86,56.0,2.48,52.0,6.62,42.0,20.0,0.4,8.0,3.0,0.0
Jacob Noe,,92.99,,,,,,,,,,,,,,
Jacob Rosales,180.34,70.31,187.96,Orthodox,1995-07-28,,,,,,,,,,,
Jacob Silva,165.1,56.7,170.18,Orthodox,1988-02-23,,,,,,,,,,,
Jacob Volkmann,175.26,70.31,180.34,Southpaw,1980-09-05,1.19,34.0,1.78,52.0,3.19,48.0,52.0,2.0,19.0,7.0,0.0
Jacobe Smith,177.8,77.11,182.88,Southpaw,1996-01-17,6.21,66.0,2.86,47.0,7.42,90.0,100.0,0.8,11.0,0.0,0.0
Jacobi Jones,175.26,70.31,182.88,Orthodox,1996-05-24,,,,,,,,,,,
Jacqueline Cavalcanti,172.72,61.23,177.8,Orthodox,1997-08-29,5.73,46.0,3.32,70.0,0.0,0.0,84.0,0.0,9.0,1.0,0.0
Jadson Costa,170.18,70.31,,Orthodox,,,,,,,,,,,,
Jae Suk Lim,175.26,77.11,,Orthodox,1979-11-09,,,,,,,,,,,
JaeHyun Park,172.72,70.31,185.42,Orthodox,2001-12-10,,,,,,,,,,,
Jafel Filho,170.18,56.7,172.72,Orthodox,1993-05-05,1.92,41.0,1.63,47.0,2.45,42.0,66.0,2.1,16.0,4.0,0.0
Jai Herbert,185.42,70.31,195.58,Orthodox,1988-05-13,3.07,40.0,3.26,53.0,0.43,21.0,66.0,0.0,13.0,6.0,1.0
Jailton Almeida,190.5,92.99,200.66,Orthodox,1991-06-26,2.62,65.0,0.89,41.0,6.58,60.0,60.0,2.4,22.0,3.0,0.0
Jaime Alvarez,172.72,56.7,175.26,Orthodox,1988-03-08,,,,,,,,,,,
Jaime Jara,185.42,92.99,,Southpaw,1969-08-02,,,,,,,,,,,
Jaimelene Nievera,165.1,56.7,,Orthodox,1984-10-28,,,,,,,,,,,
Jair De Oliveira,175.26,92.99,175.26,,1996-05-09,,,,,,,,,,,
Jair Farias,185.42,65.77,193.04,Orthodox,1993-03-16,,,,,,,,,,,
Jairzinho Rozenstruik,187.96,109.77,198.12,Orthodox,1988-03-17,3.48,48.0,2.63,52.0,0.0,0.0,72.0,0.0,15.0,6.0,0.0
Jake Collier,190.5,104.33,198.12,Orthodox,1988-10-25,5.8,44.0,5.08,50.0,0.71,33.0,67.0,0.6,13.0,10.0,0.0
Jake Ellenberger,175.26,77.11,180.34,Orthodox,1985-03-28,2.47,39.0,2.83,60.0,2.04,47.0,86.0,0.4,31.0,15.0,0.0
Jake Hadley,170.18,61.23,177.8,Southpaw,1996-08-03,3.8,43.0,4.16,61.0,0.33,11.0,54.0,1.1,11.0,4.0,0.0
Jake Hecht,182.88,77.11,185.42,Orthodox,1984-02-09,3.26,47.0,2.76,56.0,2.04,37.0,40.0,0.0,11.0,4.0,0.0
Jake Lindsey,180.34,70.31,,Switch,1986-06-21,3.44,52.0,4.01,46.0,0.65,33.0,50.0,0.0,12.0,7.0,0.0
Jake Matthews,180.34,77.11,185.42,Orthodox,1994-08-19,3.44,43.0,2.63,60.0,1.51,42.0,67.0,0.6,22.0,7.0,0.0
Jake O'Brien,190.5,92.99,193.04,Orthodox,1984-09-25,1.31,31.0,1.92,69.0,6.39,54.0,25.0,0.2,15.0,4.0,0.0
Jake Rosholt,185.42,83.91,,Orthodox,1982-02-09,2.68,53.0,2.33,49.0,6.51,68.0,0.0,1.8,12.0,5.0,0.0
Jake Shields,182.88,77.11,182.88,Orthodox,1979-01-09,2.45,36.0,1.8,56.0,2.83,29.0,35.0,1.2,31.0,9.0,1.0
Jakob Lovstad,190.5,92.99,,Orthodox,,,,,,,,,,,,
Jakub Wiklacz,177.8,61.23,182.88,Orthodox,1996-09-10,,,,,,,,,,,
Jalin Turner,190.5,70.31,195.58,Southpaw,1995-05-18,5.53,48.0,4.55,41.0,0.77,55.0,75.0,1.1,14.0,9.0,0.0
Jamahal Hill,193.04,92.99,200.66,Southpaw,1991-05-19,6.19,51.0,4.03,44.0,0.0,0.0,73.0,0.0,12.0,4.0,0.0
Jamal Pogues,190.5,92.99,195.58,Orthodox,1995-12-01,3.57,46.0,3.97,49.0,2.0,46.0,70.0,0.0,11.0,5.0,0.0
Jamall Emmers,177.8,65.77,187.96,Orthodox,1989-07-24,5.45,49.0,4.07,56.0,1.74,40.0,80.0,0.2,21.0,8.0,0.0
Jameel Massouh,177.8,65.77,182.88,Orthodox,1984-09-12,,,,,,,,,,,
Jamelle Jones,182.88,92.99,190.5,Orthodox,1988-01-31,,,,,,,,,,,
James Barnes,172.72,61.23,180.34,Orthodox,1982-05-28,,,,,,,,,,,
James Bochnovic,193.04,92.99,205.74,Orthodox,1989-02-13,0.65,26.0,3.64,21.0,0.0,0.0,0.0,0.0,8.0,3.0,0.0
James Gabert,,80.74,,,,,,,,,,,,,,
James Giboo,180.34,77.11,,Orthodox,1978-01-06,1.2,27.0,7.08,39.0,0.0,0.0,0.0,0.0,13.0,5.0,0.0
James Gray,175.26,61.23,,Orthodox,1987-10-25,,,,,,,,,,,
James Hammortree,190.5,83.91,,Orthodox,1983-11-29,1.93,30.0,4.13,44.0,2.0,50.0,100.0,1.0,6.0,3.0,0.0
James Head,185.42,77.11,185.42,Orthodox,1984-02-09,2.75,48.0,3.11,49.0,0.41,100.0,66.0,0.8,9.0,4.0,0.0
James Irvin,187.96,92.99,190.5,Orthodox,1978-09-12,2.03,48.0,3.86,35.0,0.0,0.0,36.0,0.5,17.0,10.0,0.0
James Krause,187.96,77.11,185.42,Orthodox,1986-06-04,4.79,49.0,4.11,61.0,0.96,18.0,59.0,0.9,28.0,9.0,0.0
James Lee,180.34,92.99,,Southpaw,1973-09-22,1.4,42.0,3.72,27.0,13.95,50.0,0.0,7.0,15.0,3.0,0.0
James Llontop,182.88,70.31,185.42,Orthodox,1999-08-02,5.57,41.0,4.12,57.0,0.0,0.0,54.0,0.0,14.0,5.0,0.0
James McSweeney,193.04,104.33,195.58,Switch,1980-10-24,3.94,55.0,4.33,42.0,0.52,33.0,100.0,1.1,15.0,15.0,0.0
James Moontasri,177.8,77.11,180.34,Switch,1988-04-10,2.39,48.0,3.86,40.0,0.0,0.0,79.0,0.2,9.0,5.0,0.0
James Mulheron,177.8,110.22,185.42,Orthodox,1988-02-20,2.4,31.0,3.47,42.0,0.0,0.0,25.0,0.0,11.0,2.0,0.0
James Reese,175.26,70.31,,,1980-12-21,,,,,,,,,,,
James Te Huna,187.96,83.91,190.5,Orthodox,1981-09-29,4.04,51.0,2.99,62.0,2.75,37.0,58.0,0.2,16.0,9.0,0.0
James Terry,177.8,77.11,,Orthodox,1981-03-16,,,,,,,,,,,
James Thompson,195.58,120.2,,Orthodox,1978-12-16,,,,,,,,,,,
James Toney,175.26,99.79,,Orthodox,1968-08-24,0.0,0.0,2.41,27.0,0.0,0.0,0.0,0.0,0.0,1.0,0.0
James Vick,190.5,70.31,193.04,Orthodox,1987-02-23,4.13,39.0,3.31,60.0,0.26,33.0,57.0,0.7,13.0,5.0,0.0
James Wade,177.8,92.99,,,,,,,,,,,,,,
James Wallace,177.8,70.31,175.26,Orthodox,1992-11-17,,,,,,,,,,,
James Wilks,185.42,77.11,190.5,Orthodox,1978-05-04,1.82,45.0,2.03,50.0,1.27,22.0,66.0,3.8,7.0,4.0,0.0
James Zikic,187.96,92.99,,Orthodox,1977-03-01,1.47,35.0,1.6,44.0,0.5,25.0,74.0,0.5,21.0,10.0,2.0
Jamey Simmons,167.64,61.23,177.8,Orthodox,1992-09-11,0.79,21.0,1.92,74.0,0.0,0.0,50.0,0.0,7.0,4.0,0.0
Jamey-Lyn Horth,170.18,56.7,167.64,Orthodox,1990-03-30,3.52,54.0,2.55,62.0,1.2,42.0,76.0,0.2,8.0,2.0,0.0
Jamie Colleen,160.02,52.16,165.1,Orthodox,1985-11-02,,,,,,,,,,,
Jamie Houston,,83.91,,,,,,,,,,,,,,
Jamie Moyle,154.94,52.16,165.1,Orthodox,1989-03-17,4.51,51.0,4.0,65.0,1.0,21.0,50.0,0.0,4.0,3.0,0.0
Jamie Mullarkey,182.88,70.31,187.96,Orthodox,1994-08-17,4.39,46.0,4.53,53.0,2.31,34.0,78.0,0.1,17.0,8.0,0.0
Jamie Pickett,187.96,83.91,203.2,Orthodox,1988-08-29,2.65,47.0,3.62,50.0,1.26,40.0,67.0,0.1,13.0,11.0,0.0
Jamie Siraj,,65.77,,,1994-06-28,,,,,,,,,,,
Jamie Varner,172.72,70.31,180.34,Orthodox,1984-10-12,2.92,34.0,2.55,58.0,3.49,53.0,66.0,0.8,21.0,11.0,1.0
Jamie Yager,185.42,83.91,,Orthodox,1983-11-29,3.08,39.0,2.55,63.0,0.0,0.0,66.0,0.0,8.0,4.0,0.0
Jan Blachowicz,187.96,92.99,198.12,Orthodox,1983-02-24,3.44,49.0,3.03,52.0,1.03,48.0,69.0,0.3,29.0,11.0,1.0
Jan Finney,172.72,61.23,,Orthodox,,,,,,,,,,,,
Jan Nortje,185.42,140.61,,Southpaw,1975-04-11,,,,,,,,,,,
Janaina Silva,154.94,52.16,152.4,Orthodox,1992-02-16,,,,,,,,,,,
Janay Harding,,61.23,,,,,,,,,,,,,,
Jansey Silva,187.96,83.91,170.18,Orthodox,1995-05-30,,,,,,,,,,,
Jaqueline Amorim,160.02,52.16,172.72,Orthodox,1995-06-24,2.68,53.0,1.43,64.0,2.22,37.0,0.0,4.8,10.0,1.0,0.0
Jared Cannonier,180.34,83.91,195.58,Switch,1984-03-16,4.42,49.0,4.35,56.0,0.54,40.0,64.0,0.0,18.0,9.0,0.0
Jared Chaffee,177.8,70.31,,,1984-12-15,,,,,,,,,,,
Jared Gooden,182.88,77.11,195.58,Orthodox,1993-12-05,4.4,48.0,6.74,45.0,0.91,45.0,65.0,0.4,23.0,10.0,0.0
Jared Gordon,175.26,70.31,172.72,Orthodox,1988-09-06,5.67,55.0,3.91,56.0,1.83,32.0,62.0,0.0,21.0,7.0,0.0
Jared Hamman,190.5,83.91,190.5,Orthodox,1982-03-07,5.15,42.0,3.93,55.0,1.57,46.0,30.0,0.0,14.0,6.0,0.0
Jared Papazian,172.72,61.23,170.18,Southpaw,1988-02-01,3.33,39.0,3.81,44.0,0.0,0.0,50.0,0.0,20.0,13.0,0.0
Jared Rollins,175.26,77.11,,Orthodox,1977-01-26,3.33,57.0,2.41,39.0,2.5,50.0,50.0,1.2,8.0,4.0,0.0
Jared Rosholt,187.96,120.2,190.5,Orthodox,1986-08-04,2.08,46.0,1.52,59.0,1.83,41.0,66.0,0.1,14.0,4.0,0.0
Jared Vanderaa,193.04,120.2,203.2,Orthodox,1992-05-12,4.96,44.0,5.67,45.0,0.18,50.0,20.0,0.0,12.0,10.0,0.0
Jarjis Danho,190.5,120.2,187.96,Orthodox,1983-10-15,3.38,50.0,5.25,49.0,0.51,16.0,100.0,0.0,7.0,1.0,1.0
Jarno Errens,180.34,65.77,185.42,Orthodox,1994-11-17,3.29,44.0,3.29,61.0,0.0,0.0,33.0,0.3,14.0,6.0,1.0
Jarred Brooks,160.02,56.7,157.48,Switch,1993-05-02,2.12,46.0,1.66,62.0,4.54,57.0,69.0,0.6,13.0,2.0,0.0
Jarrod Kwitty,172.72,83.91,,,,,,,,,,,,,,
Jasmine Jasudavicius,170.18,56.7,172.72,Orthodox,1989-03-01,3.71,45.0,3.63,51.0,2.61,44.0,75.0,0.6,14.0,3.0,0.0
Jason Black,172.72,70.31,,Orthodox,1972-07-15,1.06,47.0,2.6,45.0,0.48,33.0,28.0,6.2,23.0,4.0,1.0
Jason Blackford,,,,,,,,,,,,,,,,
Jason Brilz,180.34,92.99,180.34,Orthodox,1975-07-07,2.66,40.0,1.78,65.0,2.37,25.0,25.0,1.3,22.0,6.0,1.0
Jason Butcher,190.5,83.91,,,1984-10-23,,,,,,,,,,,
Jason Day,182.88,83.91,182.88,Orthodox,1981-05-19,3.61,54.0,3.46,47.0,1.13,100.0,0.0,0.0,19.0,12.0,0.0
Jason DeLucia,180.34,86.18,,Southpaw,1969-07-24,0.0,0.0,0.0,0.0,0.0,0.0,0.0,0.0,33.0,21.0,1.0
Jason Dent,177.8,70.31,180.34,Orthodox,1980-06-12,2.01,39.0,3.7,62.0,0.0,0.0,26.0,1.4,22.0,13.0,0.0
Jason Fairn,185.42,104.33,,,,0.0,0.0,0.0,0.0,0.0,0.0,0.0,0.0,4.0,5.0,0.0
Jason Freeman,187.96,102.06,,,1976-09-02,,,,,,,,,,,
Jason Gilliam,182.88,77.11,,Orthodox,,0.79,33.0,3.14,42.0,0.0,0.0,0.0,0.0,14.0,9.0,0.0
Jason Glaza,182.88,104.33,,,,,,,,,,,,,,
Jason Godsey,187.96,104.33,,Orthodox,,0.0,0.0,0.0,0.0,0.0,0.0,0.0,0.0,16.0,16.0,0.0
Jason Gonzalez,187.96,70.31,187.96,Southpaw,1990-02-28,3.06,39.0,3.13,58.0,0.0,0.0,30.0,1.0,11.0,5.0,0.0
Jason Guida,177.8,97.07,,,1977-08-04,,,,,,,,,,,
Jason High,172.72,70.31,185.42,Southpaw,1981-10-12,1.28,42.0,1.56,48.0,2.36,63.0,37.0,2.8,21.0,6.0,0.0
Jason Ireland,175.26,73.03,,Southpaw,1979-12-30,,,,,,,,,,,
Jason Jackson,185.42,77.11,198.12,Orthodox,1990-10-30,,,,,,,,,,,
Jason Knight,177.8,65.77,180.34,Orthodox,1992-07-14,2.95,33.0,3.02,51.0,1.31,31.0,47.0,1.7,20.0,5.0,0.0
Jason Lambert,190.5,83.91,190.5,Orthodox,1975-06-03,3.21,58.0,1.84,50.0,1.35,36.0,28.0,2.4,26.0,13.0,0.0
Jason MacDonald,190.5,83.91,203.2,Orthodox,1975-06-03,1.55,52.0,2.7,46.0,1.43,16.0,35.0,2.0,25.0,16.0,0.0
Jason McLean,165.1,65.77,,,,,,,,,,,,,,
Jason Medina,175.26,81.65,,,,,,,,,,,,,,
Jason Miller,185.42,83.91,,Orthodox,1980-12-24,1.83,43.0,2.3,49.0,1.31,28.0,43.0,1.3,23.0,10.0,0.0
Jason Novelli,182.88,70.31,,Orthodox,1979-06-08,1.73,24.0,3.55,66.0,0.7,33.0,100.0,0.0,11.0,3.0,1.0
Jason Reinhardt,167.64,61.23,,Orthodox,1969-10-31,0.51,40.0,4.07,43.0,1.91,12.0,50.0,0.0,20.0,3.0,0.0
Jason Riley,198.12,111.13,,,1975-09-22,,,,,,,,,,,
Jason Saggo,180.34,70.31,180.34,Orthodox,1985-11-23,2.5,39.0,2.94,52.0,2.33,40.0,23.0,0.0,12.0,4.0,0.0
Jason Sharp,,92.99,,,,,,,,,,,,,,
Jason Suttie,182.88,95.25,,Orthodox,1973-08-07,,,,,,,,,,,
Jason Tan,177.8,77.11,,Orthodox,1981-12-17,0.69,29.0,7.37,18.0,0.0,0.0,0.0,0.0,5.0,3.0,0.0
Jason Thacker,177.8,83.91,,Orthodox,1975-08-18,0.63,33.0,17.05,32.0,0.0,0.0,0.0,0.0,0.0,1.0,0.0
Jason Von Flue,182.88,77.11,,Orthodox,1975-08-01,1.89,36.0,3.23,52.0,0.62,16.0,58.0,1.5,14.0,12.0,1.0
Jason Witt,177.8,77.11,177.8,Orthodox,1986-11-07,2.15,44.0,2.54,52.0,6.9,48.0,100.0,0.9,19.0,9.0,0.0
Jason Young,175.26,65.77,185.42,Orthodox,1986-06-28,2.97,37.0,3.2,50.0,1.98,66.0,55.0,0.0,9.0,6.0,0.0
Javi Alanis,167.64,61.23,,,,,,,,,,,,,,
Javid Basharat,175.26,61.23,175.26,Orthodox,1995-09-07,5.41,53.0,2.96,61.0,1.62,40.0,83.0,0.2,14.0,2.0,0.0
Javier Reyes,170.18,65.77,185.42,,1993-10-10,,,,,,,,,,,
Javier Vazquez,170.18,65.77,175.26,Southpaw,1977-07-16,2.43,36.0,1.99,72.0,2.56,52.0,57.0,1.5,16.0,5.0,0.0
Javy Ayala,185.42,120.2,,,1988-08-20,,,,,,,,,,,
Jay Bogan,,65.77,,,,,,,,,,,,,,
Jay Cucciniello,170.18,70.31,,Orthodox,1986-07-23,0.93,21.0,4.73,36.0,0.0,0.0,71.0,0.0,8.0,1.0,0.0
Jay Hieron,182.88,77.11,190.5,Orthodox,1976-07-29,1.66,32.0,1.89,61.0,4.05,60.0,66.0,1.0,23.0,7.0,0.0
Jay Perrin,170.18,61.23,170.18,Switch,1993-06-15,3.71,46.0,3.9,44.0,2.83,52.0,58.0,0.0,10.0,7.0,0.0
Jay Silva,187.96,83.91,,Southpaw,,1.13,34.0,3.07,40.0,0.0,0.0,38.0,1.0,10.0,11.0,1.0
Jean Francois Lenogue,182.88,83.91,,Orthodox,1972-11-29,,,,,,,,,,,
Jean Matsumoto,167.64,61.23,172.72,Orthodox,1999-09-09,5.43,41.0,5.43,48.0,2.14,41.0,53.0,0.6,17.0,1.0,0.0
Jean Silva,167.64,72.57,175.26,Orthodox,1977-10-08,4.87,52.0,4.13,56.0,0.6,50.0,86.0,0.9,16.0,2.0,0.0
Jean-Paul Lebosnoyani,180.34,77.11,182.88,Switch,1999-01-27,,,,,,,,,,,
Jeff Bedard,167.64,65.77,,Orthodox,1970-02-06,,,,,,,,,,,
Jeff Cox,177.8,70.31,,Orthodox,1968-08-02,0.56,25.0,1.69,33.0,4.23,50.0,80.0,0.0,10.0,7.0,0.0
Jeff Crotty,,70.31,,,,,,,,,,,,,,
Jeff Curran,167.64,61.23,175.26,Orthodox,1977-09-02,1.54,31.0,2.48,60.0,0.35,12.0,35.0,1.2,36.0,18.0,1.0
Jeff Hougland,170.18,61.23,172.72,Orthodox,1978-08-02,1.86,48.0,3.46,47.0,0.86,18.0,0.0,1.1,10.0,6.0,0.0
Jeff Hughes,187.96,113.4,195.58,Orthodox,1988-05-17,3.95,51.0,3.67,60.0,0.71,50.0,45.0,0.0,10.0,4.0,0.0
Jeff Joslin,182.88,77.11,,Orthodox,1975-04-30,2.17,39.0,1.57,65.0,0.5,33.0,64.0,0.5,5.0,3.0,0.0
Jeff Molina,167.64,56.7,175.26,Orthodox,1997-07-17,7.25,48.0,5.04,55.0,0.0,0.0,66.0,0.0,11.0,2.0,0.0
Jeff Monson,175.26,112.04,187.96,Orthodox,1971-01-18,0.97,30.0,2.87,59.0,1.06,12.0,66.0,0.7,60.0,26.0,1.0
Jeff Newton,187.96,92.99,,Sideways,1966-12-11,0.28,20.0,1.41,52.0,0.0,0.0,0.0,8.5,4.0,2.0,0.0
Jeff Terry,187.96,92.99,,,,,,,,,,,,,,
Jeimeson Saudino,167.64,61.23,,,1991-03-05,,,,,,,,,,,
Jeisla Chaves,167.64,56.7,172.72,Orthodox,1997-02-02,,,,,,,,,,,
Jeka Saragih,172.72,65.77,175.26,Orthodox,1995-01-01,2.75,50.0,2.82,40.0,2.17,80.0,66.0,0.5,14.0,5.0,0.0
Jenel Lausa,165.1,56.7,172.72,Orthodox,1988-08-01,1.44,42.0,3.53,53.0,0.55,66.0,51.0,0.8,7.0,5.0,0.0
Jenna Castillo,157.48,56.7,,,1982-05-05,,,,,,,,,,,
Jennifer Gonzalez,157.48,56.7,,,1986-03-22,,,,,,,,,,,
Jennifer Maia,162.56,56.7,162.56,Orthodox,1988-10-06,4.35,38.0,4.52,55.0,0.42,27.0,58.0,0.1,21.0,10.0,1.0
Jens Pulver,170.18,65.77,177.8,Southpaw,1974-12-06,2.12,37.0,3.13,56.0,0.22,33.0,63.0,0.3,27.0,19.0,1.0
JeongYeong Lee,177.8,65.77,185.42,Orthodox,1995-11-13,3.38,49.0,3.82,50.0,0.63,66.0,72.0,0.3,11.0,3.0,0.0
Jeremia Siregar,157.48,56.7,160.02,Orthodox,1991-07-27,,,,,,,,,,,
Jeremiah Billington,175.26,92.99,,Orthodox,1977-11-14,,,,,,,,,,,
Jeremiah Constant,185.42,108.86,,Orthodox,1974-07-19,,,,,,,,,,,
Jeremiah Labiano,177.8,61.23,,,,,,,,,,,,,,
Jeremiah Metcalf,185.42,83.91,,Orthodox,,,,,,,,,,,,
Jeremiah O'Neal,172.72,117.93,,,1977-10-25,,,,,,,,,,,
Jeremiah Riggs,182.88,83.91,,,1982-12-17,,,,,,,,,,,
Jeremiah Wells,175.26,77.11,187.96,Switch,1986-10-30,2.41,43.0,1.31,48.0,3.08,44.0,80.0,0.8,12.0,4.0,1.0
Jeremie Holloway,182.88,77.11,,,1984-09-29,,,,,,,,,,,
Jeremy Boczulak,,,,,,,,,,,,,,,,
Jeremy Hamilton,,83.91,,,1984-11-14,,,,,,,,,,,
Jeremy Horn,185.42,83.91,187.96,Orthodox,1975-08-25,1.19,39.0,1.99,55.0,1.83,38.0,29.0,1.1,91.0,22.0,5.0
Jeremy Jackson,177.8,77.11,,Orthodox,1982-09-19,0.71,27.0,2.03,25.0,1.52,40.0,58.0,0.0,9.0,5.0,0.0
Jeremy Kennedy,180.34,65.77,180.34,Orthodox,1992-09-16,2.22,46.0,2.58,47.0,5.73,52.0,66.0,0.0,11.0,1.0,0.0
Jeremy Kimball,182.88,92.99,182.88,Switch,1991-01-03,2.81,46.0,3.84,49.0,1.41,20.0,50.0,0.0,15.0,8.0,0.0
Jeremy Lang,180.34,92.99,,Southpaw,1975-05-11,,,,,,,,,,,
Jeremy Larsen,177.8,65.77,177.8,Orthodox,1984-05-18,4.87,48.0,5.75,57.0,2.49,33.0,0.0,0.0,8.0,5.0,0.0
Jeremy Malaterre,180.34,70.31,,,,,,,,,,,,,,
Jeremy May,185.42,83.91,,,1986-10-23,,,,,,,,,,,
Jeremy Stephens,175.26,70.31,180.34,Orthodox,1986-05-25,3.15,40.0,3.14,58.0,1.11,38.0,62.0,0.4,28.0,20.0,0.0
Jeremy Tavares,,61.23,,,,,,,,,,,,,,
Jeremy Umphries,,72.57,,,,,,,,,,,,,,
Jeremy Wallace,175.26,,,,,,,,,,,,,,,
JeremyFreitag,185.42,92.99,,,,,,,,,,,,,,
Jeri Sitzes,165.1,56.7,,,,,,,,,,,,,,
Jermaine Andre,170.18,90.72,,Orthodox,,0.0,0.0,0.0,0.0,0.0,0.0,0.0,0.0,14.0,4.0,0.0
Jerome LeBanner,190.5,120.2,,Southpaw,1972-12-26,,,,,,,,,,,
Jerome Rivera,177.8,56.7,182.88,Southpaw,1995-04-22,3.21,33.0,2.6,51.0,0.0,0.0,40.0,0.0,10.0,6.0,0.0
Jerrel Venetiaan,185.42,88.45,,Orthodox,1971-03-09,,,,,,,,,,,
Jerrod Sanders,172.72,61.23,182.88,Orthodox,1979-10-01,0.88,64.0,1.14,46.0,2.2,33.0,50.0,1.6,16.0,3.0,0.0
Jerron Peoples,182.88,77.11,,,1982-05-04,,,,,,,,,,,
Jerry Bohlander,180.34,90.26,,Orthodox,1974-02-12,0.0,0.0,0.0,0.0,0.0,0.0,0.0,0.0,11.0,4.0,0.0
Jess Bouscal,,70.31,,,,,,,,,,,,,,
Jess Liaudin,175.26,77.11,182.88,Orthodox,,2.46,51.0,2.76,41.0,3.28,53.0,30.0,1.6,20.0,11.0,0.0
Jessamyn Duke,180.34,61.23,185.42,Orthodox,1986-06-24,4.83,53.0,4.43,57.0,1.27,36.0,50.0,1.9,3.0,5.0,0.0
Jesse Bongfeldt,182.88,83.91,,Orthodox,1980-08-28,2.91,62.0,1.01,50.0,1.51,33.0,33.0,0.0,16.0,5.0,1.0
Jesse Butler,177.8,61.23,185.42,Orthodox,1992-05-24,2.02,34.0,4.62,39.0,0.0,0.0,0.0,0.0,12.0,6.0,0.0
Jesse Finney,182.88,77.11,,,1974-07-11,,,,,,,,,,,
Jesse Forbes,187.96,83.91,190.5,Southpaw,1984-10-24,2.11,24.0,4.06,53.0,1.79,75.0,66.0,1.2,15.0,5.0,0.0
Jesse Fujarczyk,193.04,102.06,,Southpaw,1983-01-28,,,,,,,,,,,
Jesse Gillespie,,83.91,,,,,,,,,,,,,,
Jesse Jones,175.26,77.11,,,,,,,,,,,,,,
Jesse Juarez,185.42,77.11,,Orthodox,1981-05-08,,,,,,,,,,,
Jesse Lennox,175.26,77.11,182.88,Orthodox,1982-03-10,2.69,32.0,3.2,64.0,1.22,66.0,63.0,0.3,14.0,4.0,0.0
Jesse Moreng,170.18,65.77,,Orthodox,1979-11-09,,,,,,,,,,,
Jesse Murray,190.5,92.99,198.12,Orthodox,1993-01-26,,,,,,,,,,,
Jesse Ronson,177.8,70.31,177.8,Southpaw,1985-12-24,3.54,47.0,3.39,57.0,0.46,28.0,57.0,0.5,21.0,12.0,0.0
Jesse Sanders,182.88,77.11,,Orthodox,,0.0,0.0,6.45,35.0,0.0,0.0,50.0,0.0,23.0,7.0,0.0
Jesse Strader,170.18,61.23,177.8,Orthodox,1991-05-29,5.03,51.0,5.28,47.0,3.87,57.0,100.0,0.0,5.0,3.0,0.0
Jesse Taylor,182.88,77.11,185.42,Orthodox,1983-01-02,1.94,65.0,0.55,38.0,7.28,50.0,100.0,3.1,31.0,15.0,0.0
Jessica Aguilar,160.02,52.16,160.02,Orthodox,1982-05-08,4.93,50.0,7.19,53.0,0.94,25.0,50.0,0.2,20.0,8.0,0.0
Jessica Andrade,154.94,52.16,157.48,Orthodox,1991-09-25,6.37,48.0,5.58,54.0,2.1,54.0,75.0,0.3,26.0,15.0,0.0
Jessica Eye,167.64,56.7,167.64,Orthodox,1986-07-27,3.86,37.0,4.19,55.0,0.58,40.0,57.0,0.5,15.0,11.0,0.0
Jessica Penne,165.1,52.16,170.18,Orthodox,1983-01-30,2.63,33.0,5.05,45.0,1.29,18.0,36.0,0.5,14.0,9.0,0.0
Jessica Rakoczy,170.18,52.16,,Orthodox,1977-04-14,2.5,44.0,3.55,64.0,0.75,20.0,0.0,0.8,1.0,5.0,0.0
Jessica-Rose Clark,165.1,61.23,162.56,Orthodox,1987-11-28,3.73,51.0,3.51,58.0,1.66,42.0,62.0,0.3,11.0,9.0,0.0
Jessin Ayari,182.88,70.31,185.42,Orthodox,1992-05-31,3.53,37.0,3.59,58.0,0.0,0.0,50.0,0.3,16.0,6.0,0.0
Jesus Aguilar,162.56,56.7,157.48,Orthodox,1996-03-13,1.73,45.0,1.1,59.0,1.83,35.0,40.0,1.8,11.0,3.0,0.0
Jesus Pinedo,177.8,70.31,,Southpaw,1996-06-22,3.23,38.0,4.37,52.0,2.5,100.0,100.0,0.0,16.0,5.0,1.0
Jhonata Diniz,193.04,115.21,200.66,Orthodox,1991-06-23,4.58,56.0,3.71,59.0,0.0,0.0,78.0,0.0,9.0,1.0,0.0
Jhonata Silva,165.1,56.7,167.64,Orthodox,1997-04-24,,,,,,,,,,,
Jhonoven Pati,185.42,83.91,190.5,Switch,1990-08-29,,,,,,,,,,,
Ji Yeon Kim,170.18,56.7,182.88,Orthodox,1989-10-18,5.37,36.0,5.41,56.0,0.0,0.0,50.0,0.1,9.0,7.0,2.0
Jianping Yang,170.18,65.77,,Orthodox,1988-11-27,1.4,26.0,2.07,65.0,1.0,25.0,33.0,0.0,11.0,4.0,1.0
Jim Alers,175.26,65.77,180.34,Orthodox,1986-10-14,2.9,40.0,4.38,56.0,2.26,41.0,80.0,0.3,13.0,3.0,0.0
Jim Miller,172.72,70.31,180.34,Southpaw,1983-08-30,2.92,42.0,3.44,56.0,1.5,45.0,48.0,1.7,38.0,19.0,0.0
Jim Mullen,185.42,97.52,,Southpaw,,0.0,0.0,0.0,0.0,0.0,0.0,0.0,0.0,0.0,2.0,0.0
Jim Wallhead,177.8,77.11,,Orthodox,1984-03-14,3.19,26.0,6.65,49.0,0.0,0.0,100.0,0.0,29.0,11.0,0.0
Jimi Manuwa,185.42,92.99,200.66,Orthodox,1980-02-18,3.43,54.0,3.97,49.0,0.53,18.0,70.0,0.4,17.0,6.0,0.0
Jimmie Pace,,83.91,,,1996-04-09,,,,,,,,,,,
Jimmie Rivera,162.56,61.23,172.72,Orthodox,1989-06-29,4.03,40.0,3.9,60.0,0.88,27.0,92.0,0.1,23.0,5.0,0.0
Jimmy Ambriz,187.96,142.88,,Southpaw,1970-01-26,,,,,,,,,,,
Jimmy Crute,187.96,92.99,187.96,Orthodox,1996-03-04,4.17,52.0,3.68,42.0,4.2,52.0,58.0,1.9,13.0,4.0,2.0
Jimmy Drago,177.8,77.11,180.34,Orthodox,1995-02-18,,,,,,,,,,,
Jimmy Flick,170.18,56.7,172.72,Orthodox,1990-09-07,1.67,50.0,4.7,43.0,2.36,33.0,0.0,3.5,17.0,9.0,0.0
Jimmy Lawson,182.88,120.2,195.58,Orthodox,1991-11-13,,,,,,,,,,,
Jimmy Quinlan,182.88,83.91,,Orthodox,1986-05-25,2.08,70.0,5.94,16.0,4.46,25.0,0.0,0.0,3.0,1.0,1.0
Jimy Hettes,175.26,65.77,180.34,Southpaw,1987-06-09,3.47,57.0,3.5,57.0,5.2,44.0,61.0,1.4,11.0,3.0,0.0
Jin Aoi,167.64,65.77,172.72,Orthodox,1997-01-21,,,,,,,,,,,
Jin Bala,175.26,70.31,,,,,,,,,,,,,,
Jin Oh Kim,175.26,92.99,,Orthodox,,,,,,,,,,,,
Jin Soo Son,167.64,61.23,175.26,Orthodox,1993-04-01,5.1,36.0,7.63,52.0,1.5,25.0,100.0,0.0,9.0,4.0,0.0
Jinensibieke Asikeerbai,167.64,70.31,175.26,Orthodox,1988-07-10,,,,,,,,,,,
Jinh Yu Frey,160.02,52.16,165.1,Southpaw,1985-05-20,2.97,43.0,4.23,52.0,1.02,36.0,90.0,0.3,11.0,10.0,0.0
Jiniushiyue,167.64,56.7,172.72,Southpaw,2000-12-09,,,,,,,,,,,
Jinnosuke Kashimura,170.18,70.31,180.34,Southpaw,2001-08-12,,,,,,,,,,,
Jiri Prochazka,190.5,92.99,203.2,Orthodox,1992-10-14,5.74,55.0,5.7,43.0,0.6,60.0,68.0,0.2,31.0,5.0,1.0
Joachim Christensen,190.5,92.99,193.04,Orthodox,1978-11-07,3.78,41.0,3.29,46.0,0.0,0.0,0.0,0.0,14.0,6.0,0.0
Joachim Hansen,170.18,68.04,,Southpaw,1979-05-26,,,,,,,,,,,
Joanderson Brito,172.72,65.77,182.88,Orthodox,1995-02-11,2.48,50.0,2.49,42.0,2.49,68.0,56.0,1.0,17.0,5.0,1.0
Joanna Jedrzejczyk,167.64,52.16,165.1,Orthodox,1987-08-18,6.28,48.0,3.25,62.0,0.27,62.0,80.0,0.1,16.0,5.0,0.0
Joanne Wood,167.64,56.7,165.1,Orthodox,1985-12-23,7.1,51.0,4.89,51.0,1.52,55.0,58.0,0.3,17.0,8.0,0.0
Joao Elias,160.02,56.7,162.56,Southpaw,1995-01-08,,,,,,,,,,,
Joao Paulo Faria,175.26,70.31,,,,,,,,,,,,,,
Joao Pierini,185.42,70.31,,Switch,1971-12-11,0.76,14.0,4.56,33.0,0.0,0.0,0.0,0.0,4.0,1.0,0.0
Joao Roque,167.64,70.31,,Orthodox,1971-07-22,0.0,0.0,0.0,0.0,0.0,0.0,0.0,0.0,7.0,2.0,4.0
Joao Zaiden,,92.99,,,1993-03-16,,,,,,,,,,,
Joao Zeferino,180.34,77.11,,Orthodox,1986-01-15,0.83,36.0,2.6,48.0,0.5,5.0,50.0,1.0,21.0,9.0,0.0
Joaquim Silva,172.72,70.31,175.26,Southpaw,1989-02-05,3.66,43.0,4.53,53.0,0.39,50.0,69.0,0.8,13.0,6.0,0.0
Joaquin Buckley,177.8,77.11,193.04,Southpaw,1994-04-27,3.88,36.0,2.93,59.0,1.54,45.0,72.0,0.1,21.0,7.0,0.0
Joby Sanchez,167.64,61.23,172.72,Orthodox,1991-06-24,3.22,36.0,2.82,63.0,0.95,71.0,51.0,0.4,11.0,4.0,0.0
Jocelyn Jones-Lybarger,170.18,52.16,162.56,Orthodox,1985-10-04,2.96,31.0,4.83,56.0,0.34,25.0,81.0,0.0,6.0,4.0,0.0
Jodie Esquibel,154.94,52.16,162.56,Orthodox,1986-05-07,4.1,31.0,7.37,52.0,0.75,21.0,83.0,0.0,6.0,6.0,0.0
Joe Benoit,175.26,77.11,,Orthodox,1982-03-12,,,,,,,,,,,
Joe Brammer,172.72,70.31,,Orthodox,1983-08-23,2.15,31.0,2.8,56.0,0.81,50.0,50.0,0.0,7.0,3.0,1.0
Joe Camacho,175.26,70.31,,Orthodox,1972-03-10,,,,,,,,,,,
Joe Cason,190.5,92.99,,,1988-01-19,,,,,,,,,,,
Joe Charles,185.42,117.93,,Southpaw,,0.0,0.0,0.0,0.0,0.0,0.0,0.0,0.0,6.0,13.0,0.0
Joe Doerksen,182.88,83.91,190.5,Orthodox,1977-10-09,1.43,42.0,2.79,50.0,2.02,33.0,33.0,2.3,51.0,16.0,0.0
Joe Duarte,,70.31,,,1977-01-25,,,,,,,,,,,
Joe Duffy,177.8,70.31,185.42,Orthodox,1988-02-18,2.68,34.0,3.78,54.0,0.96,66.0,64.0,0.7,16.0,5.0,0.0
Joe Ellenberger,175.26,70.31,182.88,Orthodox,1985-03-28,1.62,47.0,3.45,48.0,3.17,40.0,0.0,1.1,15.0,2.0,0.0
Joe Giannetti,182.88,70.31,187.96,Southpaw,1995-07-05,1.93,38.0,2.8,40.0,1.0,16.0,0.0,0.0,6.0,1.0,0.0
Joe Hernandez,,,,,,,,,,,,,,,,
Joe Hurley,172.72,70.31,,,1978-06-24,,,,,,,,,,,
Joe Jordan,167.64,70.31,,Orthodox,1978-07-27,1.85,25.0,4.27,59.0,0.0,0.0,66.0,0.0,49.0,14.0,2.0
Joe Lauzon,177.8,70.31,180.34,Orthodox,1984-05-22,2.84,39.0,5.39,54.0,2.39,45.0,54.0,2.0,28.0,16.0,0.0
Joe Lowry,180.34,70.31,185.42,Orthodox,1989-12-12,,,,,,,,,,,
Joe Martin,175.26,77.11,,,,,,,,,,,,,,
Joe Merritt,182.88,77.11,,Orthodox,1984-03-07,1.53,58.0,0.73,66.0,0.0,0.0,68.0,0.0,7.0,2.0,0.0
Joe Moreira,180.34,88.45,,Southpaw,,0.0,0.0,0.0,0.0,0.0,0.0,0.0,0.0,2.0,2.0,0.0
Joe Neal,167.64,61.23,,,1986-07-29,,,,,,,,,,,
Joe Pardo,185.42,95.25,,Southpaw,,0.0,0.0,0.0,0.0,0.0,0.0,0.0,0.0,4.0,6.0,0.0
Joe Pearson,177.8,65.77,,Orthodox,1978-03-28,,,,,,,,,,,
Joe Proctor,177.8,70.31,182.88,Orthodox,1985-08-10,3.39,36.0,3.93,59.0,0.0,0.0,70.0,1.8,11.0,5.0,0.0
Joe Pyfer,187.96,83.91,190.5,Orthodox,1996-09-17,3.74,43.0,3.2,54.0,1.35,42.0,60.0,0.7,14.0,3.0,0.0
Joe Ray,,77.11,,,1984-12-17,,,,,,,,,,,
Joe Riggs,182.88,83.91,177.8,Southpaw,1982-09-23,2.41,51.0,1.69,57.0,2.45,55.0,62.0,0.6,44.0,17.0,0.0
Joe Schilling,190.5,83.91,,,,,,,,,,,,,,
Joe Slick,182.88,90.26,,Orthodox,1977-10-17,0.0,0.0,0.0,0.0,0.0,0.0,0.0,0.0,16.0,5.0,3.0
Joe Solecki,175.26,70.31,177.8,Orthodox,1993-08-27,1.97,53.0,1.85,50.0,2.06,48.0,14.0,1.4,13.0,6.0,0.0
Joe Son,162.56,107.05,,Orthodox,1970-11-22,0.0,0.0,0.0,0.0,0.0,0.0,0.0,0.0,0.0,4.0,0.0
Joe Soto,167.64,61.23,165.1,Orthodox,1987-03-22,3.36,41.0,5.37,67.0,0.85,21.0,70.0,1.9,18.0,7.0,0.0
Joe Stevenson,170.18,65.77,177.8,Orthodox,1982-06-15,2.05,44.0,2.44,60.0,2.75,44.0,39.0,2.2,33.0,16.0,0.0
Joe Taimanglo,162.56,61.23,,,1984-06-27,,,,,,,,,,,
Joe Vedepo,182.88,83.91,,Orthodox,,1.43,42.0,5.71,38.0,1.07,20.0,0.0,0.0,18.0,9.0,0.0
Joe Veres,170.18,70.31,,Orthodox,1977-11-09,0.0,0.0,5.55,27.0,0.0,0.0,0.0,0.0,4.0,3.0,0.0
Joe Warren,167.64,61.23,,Orthodox,1976-10-31,,,,,,,,,,,
Joe Wilk,175.26,65.77,,,1982-04-12,,,,,,,,,,,
Joel Alvarez,190.5,70.31,195.58,Orthodox,1993-03-02,4.51,53.0,3.32,50.0,0.0,0.0,40.0,1.2,22.0,3.0,0.0
Joel Sutton,180.34,92.99,,Orthodox,,0.0,0.0,0.0,0.0,0.0,0.0,0.0,0.0,2.0,4.0,1.0
Joel Thomas ,177.8,77.11,,,,,,,,,,,,,,
Joey Armstrong,,,,,,,,,,,,,,,,
Joey Beltran,185.42,83.91,190.5,Orthodox,1981-12-08,4.92,36.0,5.27,54.0,0.48,18.0,75.0,0.0,17.0,14.0,0.0
Joey Gambino,170.18,65.77,,Orthodox,1988-10-26,2.47,35.0,2.53,51.0,0.0,0.0,42.0,0.8,9.0,2.0,0.0
Joey Gilbert,180.34,70.31,,Orthodox,1976-06-05,0.61,42.0,4.44,31.0,0.0,0.0,0.0,0.0,2.0,3.0,0.0
Joey Gomez,177.8,61.23,185.42,Orthodox,1986-07-21,2.44,28.0,4.46,55.0,0.62,100.0,50.0,0.0,6.0,2.0,0.0
Joey Hart,190.5,77.11,200.66,Orthodox,1997-06-24,,,,,,,,,,,
Joey Roberts,187.96,90.72,,,,0.0,0.0,0.0,0.0,0.0,0.0,0.0,0.0,4.0,3.0,0.0
Joey Villasenor,182.88,83.91,,Orthodox,1975-10-17,,,,,,,,,,,
Johil de Oliveira,167.64,77.11,,Orthodox,,,,,,,,,,,,
John Adajar,175.26,77.11,190.5,Orthodox,1991-06-22,,,,,,,,,,,
John Albert,172.72,61.23,172.72,Orthodox,1986-10-13,3.05,49.0,2.82,35.0,0.0,0.0,50.0,6.1,6.0,5.0,0.0
John Alessio,177.8,70.31,182.88,Orthodox,1979-07-05,2.1,39.0,2.91,54.0,1.85,38.0,70.0,1.2,35.0,17.0,0.0
John Allan,185.42,92.99,190.5,Orthodox,1993-02-22,3.56,42.0,5.74,52.0,1.4,71.0,50.0,0.8,13.0,7.0,0.0
John Campetella,175.26,106.59,,Orthodox,,0.0,0.0,0.0,0.0,0.0,0.0,0.0,0.0,0.0,1.0,0.0
John Castaneda,167.64,61.23,180.34,Switch,1991-12-18,4.42,50.0,4.94,53.0,1.68,37.0,73.0,0.1,21.0,8.0,0.0
John Cholish,180.34,70.31,187.96,Orthodox,1983-12-17,2.65,49.0,2.29,73.0,1.82,31.0,78.0,0.4,8.0,3.0,0.0
John Clarke,,77.11,,,1977-08-15,,,,,,,,,,,
John Cofer,175.26,70.31,,Southpaw,1984-04-29,2.73,41.0,3.43,62.0,1.22,50.0,64.0,0.0,8.0,4.0,0.0
John Dave Almanza,170.18,56.7,170.18,Southpaw,2004-03-22,,,,,,,,,,,
John Devine,,,,,,,,,,,,,,,,
John Dixson,182.88,124.74,,Orthodox,,,,,,,,,,,,
John Dodson,160.02,61.23,167.64,Orthodox,1984-09-26,3.2,40.0,3.58,61.0,0.71,28.0,82.0,0.0,22.0,12.0,0.0
John Donaldson,172.72,65.77,,,1992-07-09,,,,,,,,,,,
John Dowdy,,,,,,0.0,0.0,0.0,0.0,0.0,0.0,0.0,0.0,0.0,1.0,0.0
John Doyle,180.34,92.99,,Orthodox,1976-11-21,,,,,,,,,,,
John Elam,,,,,,,,,,,,,,,,
John Franchi,167.64,65.77,170.18,Orthodox,1982-07-16,,,,,,,,,,,
John Gunderson,175.26,70.31,175.26,Orthodox,1979-01-05,1.04,27.0,1.71,58.0,1.67,33.0,11.0,2.0,35.0,16.0,2.0
John Gunther,175.26,70.31,182.88,Orthodox,1985-11-24,1.65,37.0,3.72,46.0,7.08,42.0,0.0,0.0,5.0,1.0,0.0
John Halverson,175.26,70.31,,Southpaw,1972-09-08,2.94,43.0,5.29,47.0,0.0,0.0,66.0,2.0,16.0,8.0,0.0
John Hathaway,185.42,77.11,190.5,Orthodox,1987-07-23,3.4,40.0,1.8,62.0,2.61,43.0,60.0,0.9,17.0,2.0,0.0
John Hosman,177.8,61.23,,Southpaw,1980-11-13,,,,,,,,,,,
John Howard,170.18,77.11,182.88,Orthodox,1983-03-01,2.15,50.0,3.08,51.0,2.7,49.0,53.0,0.4,24.0,13.0,0.0
John Kelly,175.26,77.11,,,1978-08-02,,,,,,,,,,,
John Kolosci,180.34,83.91,,Orthodox,1974-11-26,0.21,20.0,0.85,50.0,0.0,0.0,0.0,0.0,15.0,9.0,0.0
John Kuhner,,77.11,,,1982-10-12,,,,,,,,,,,
John Lewis,182.88,70.31,,Southpaw,,0.0,0.0,4.0,66.0,0.0,0.0,0.0,0.0,3.0,4.0,3.0
John Lineker,160.02,61.23,170.18,Orthodox,1990-06-12,5.36,40.0,4.27,56.0,0.56,58.0,67.0,0.6,31.0,9.0,0.0
John Lober,180.34,90.26,,Orthodox,1968-02-26,0.0,0.0,0.0,0.0,0.0,0.0,0.0,0.0,5.0,9.0,4.0
John Maguire,175.26,70.31,175.26,Southpaw,1983-05-19,1.41,41.0,2.44,65.0,2.8,46.0,77.0,1.1,24.0,9.0,0.0
John Makdessi,172.72,70.31,172.72,Orthodox,1985-05-03,5.52,49.0,4.15,68.0,0.0,0.0,86.0,0.0,18.0,9.0,0.0
John Marsh,182.88,120.2,,Orthodox,1970-09-15,0.83,42.0,2.23,40.0,0.43,100.0,54.0,0.4,8.0,7.0,0.0
John Matua,187.96,181.44,,Orthodox,,0.0,0.0,0.0,0.0,0.0,0.0,0.0,0.0,1.0,4.0,0.0
John Moraga,167.64,56.7,167.64,Orthodox,1984-03-20,2.57,43.0,2.55,56.0,0.62,23.0,44.0,1.1,19.0,7.0,0.0
John Paul Elias,193.04,92.99,,,,,,,,,,,,,,
John Phillips,180.34,83.91,190.5,Southpaw,1985-06-09,1.72,34.0,4.03,49.0,0.0,0.0,7.0,0.0,22.0,11.0,0.0
John Polakowski,177.8,70.31,,Orthodox,1981-06-21,2.6,26.0,2.83,50.0,0.0,0.0,87.0,0.7,2.0,2.0,0.0
John Reedy,172.72,70.31,,,,,,,,,,,,,,
John Renken,182.88,86.18,,Orthodox,,,,,,,,,,,,
John Richard,,92.99,,,1982-05-22,,,,,,,,,,,
John Salgado,177.8,77.11,,,,,,,,,,,,,,
John Salter,185.42,83.91,187.96,Southpaw,1985-03-21,1.68,32.0,1.68,68.0,2.85,46.0,66.0,0.5,14.0,3.0,0.0
John Teixeira,170.18,65.77,,Orthodox,1986-11-18,3.36,35.0,3.2,63.0,1.0,27.0,71.0,0.7,21.0,2.0,2.0
John Yannis,170.18,65.77,177.8,Southpaw,1994-07-07,0.0,0.0,0.55,71.0,0.0,0.0,0.0,0.0,9.0,4.0,0.0
John Yoo,,61.23,,,,,,,,,,,,,,
Johnny Bedford,177.8,61.23,180.34,Orthodox,1983-01-06,4.53,50.0,1.75,63.0,1.83,62.0,62.0,0.0,21.0,13.0,1.0
Johnny Case,177.8,70.31,182.88,Orthodox,1989-06-28,3.95,38.0,2.66,61.0,1.7,45.0,72.0,0.2,22.0,6.0,0.0
Johnny Cisneros,180.34,77.11,,,1980-02-05,,,,,,,,,,,
Johnny Eduardo,170.18,61.23,180.34,Orthodox,1978-08-03,2.95,39.0,3.22,63.0,0.22,20.0,58.0,0.4,28.0,13.0,0.0
Johnny Munoz,175.26,61.23,180.34,Orthodox,1993-02-16,2.44,36.0,2.66,55.0,2.4,25.0,45.0,1.8,12.0,4.0,0.0
Johnny Rees,182.88,77.11,,Orthodox,1982-10-21,3.29,64.0,0.84,47.0,1.15,25.0,50.0,0.0,13.0,5.0,0.0
Johnny Rhodes,182.88,95.25,,Orthodox,,0.0,0.0,0.0,0.0,0.0,0.0,0.0,0.0,2.0,1.0,0.0
Johnny Sampaio,172.72,77.11,,Orthodox,1975-09-11,,,,,,,,,,,
Johnny Walker,198.12,92.99,208.28,Orthodox,1992-03-30,4.06,55.0,3.09,45.0,0.42,60.0,57.0,0.8,22.0,9.0,0.0
Johny Hendricks,175.26,83.91,175.26,Southpaw,1983-09-12,3.49,45.0,3.99,53.0,3.83,46.0,63.0,0.3,18.0,8.0,0.0
Joilton Lutterbach,185.42,83.91,190.5,Orthodox,1992-11-05,,,,,,,,,,,
Jon Delos Reyes,167.64,56.7,170.18,Orthodox,1987-08-19,2.99,38.0,4.14,51.0,3.2,83.0,55.0,1.9,8.0,5.0,0.0
Jon Fitch,182.88,77.11,187.96,Orthodox,1978-02-24,2.61,50.0,1.65,54.0,3.6,51.0,56.0,0.8,30.0,7.0,1.0
Jon Hess,200.66,133.81,,,,0.0,0.0,0.0,0.0,0.0,0.0,0.0,0.0,1.0,1.0,0.0
Jon Jones,193.04,112.49,213.36,Orthodox,1987-07-19,4.38,58.0,2.24,64.0,1.89,45.0,95.0,0.5,28.0,1.0,0.0
Jon Kunneman,,83.91,,,1999-07-14,,,,,,,,,,,
Jon Madsen,182.88,108.86,182.88,Orthodox,1980-02-12,2.46,41.0,1.18,81.0,1.32,71.0,70.0,0.0,8.0,2.0,0.0
Jon Manley,185.42,77.11,,Orthodox,1986-07-07,1.13,20.0,4.33,45.0,1.0,7.0,20.0,0.0,9.0,4.0,0.0
Jon Murphy,190.5,117.93,,Orthodox,1977-08-09,,,,,,,,,,,
Jon Olav Einemo,198.12,114.76,,Orthodox,1975-12-10,2.15,52.0,3.05,52.0,1.73,55.0,43.0,0.0,6.0,3.0,0.0
Jon Tuck,180.34,70.31,185.42,Orthodox,1984-08-28,3.0,40.0,3.74,60.0,0.42,33.0,50.0,1.0,10.0,5.0,0.0
Jonas Bilharinho,180.34,65.77,190.5,Switch,1990-05-22,,,,,,,,,,,
Jonatas Novaes,180.34,77.11,,,1981-03-02,,,,,,,,,,,
Jonathan Brookins,182.88,65.77,187.96,Southpaw,1985-08-13,2.69,39.0,3.63,56.0,1.94,17.0,80.0,0.3,16.0,10.0,0.0
Jonathan Contrestano,,70.31,,,,,,,,,,,,,,
Jonathan Figueroa,,83.91,,,1995-02-05,,,,,,,,,,,
Jonathan Goulet,182.88,77.11,185.42,Orthodox,1979-07-13,1.61,41.0,2.01,46.0,4.17,70.0,45.0,0.6,23.0,12.0,0.0
Jonathan Martinez,172.72,61.23,177.8,Southpaw,1994-04-20,4.44,49.0,4.09,56.0,0.38,35.0,68.0,0.1,19.0,6.0,0.0
Jonathan Meunier,190.5,77.11,,Switch,1987-08-04,3.47,50.0,1.43,69.0,0.58,33.0,58.0,0.0,8.0,1.0,0.0
Jonathan Micallef,182.88,77.11,195.58,Southpaw,1999-03-05,4.77,43.0,4.0,58.0,0.83,50.0,50.0,0.8,8.0,1.0,0.0
Jonathan Pearce,182.88,65.77,180.34,Switch,1992-05-01,5.12,54.0,3.32,54.0,5.02,50.0,55.0,0.8,14.0,7.0,0.0
Jonathan Piersma,180.34,77.11,185.42,Orthodox,1996-03-03,,,,,,,,,,,
Jonathan Rivera,,70.31,,,,,,,,,,,,,,
Jonathan Santa Maria,175.26,56.7,,,,,,,,,,,,,,
Jonathan Wiezorek,190.5,113.4,,Southpaw,1978-02-10,1.27,58.0,5.47,31.0,1.91,20.0,0.0,0.0,11.0,2.0,0.0
Jonathan Wilson,187.96,92.99,190.5,Southpaw,1987-07-17,2.92,48.0,5.65,56.0,0.37,100.0,80.0,0.0,7.0,3.0,0.0
JonathanMix,182.88,76.2,,,1980-11-09,,,,,,,,,,,
Jonavin Webb,177.8,77.11,,Orthodox,1989-04-28,1.47,30.0,2.27,64.0,2.5,31.0,40.0,1.0,9.0,2.0,0.0
Jong Man Kim,170.18,63.05,,Orthodox,1978-03-03,,,,,,,,,,,
Jong Wang Kim,185.42,108.86,,,,,,,,,,,,,,
Jong Won Kim,170.18,63.05,,Orthodox,,,,,,,,,,,,
Jonny Carson,177.8,70.31,,,,,,,,,,,,,,
Jonny Goh,180.34,70.31,,,,,,,,,,,,,,
Jonny Parsons,175.26,77.11,175.26,Orthodox,1991-09-06,4.65,44.0,4.89,60.0,0.0,0.0,66.0,0.0,9.0,3.0,0.0
JooSang Yoo,170.18,65.77,180.34,Orthodox,1994-01-21,12.86,75.0,4.29,50.0,0.0,0.0,0.0,0.0,9.0,0.0,0.0
Jordan Bailey,175.26,65.77,,,,,,,,,,,,,,
Jordan Dowdy,,77.11,,,,,,,,,,,,,,
Jordan Espinosa,167.64,56.7,175.26,Orthodox,1989-11-08,4.22,52.0,2.94,57.0,0.75,28.0,70.0,0.2,15.0,9.0,0.0
Jordan Goodwin,,70.31,,,,,,,,,,,,,,
Jordan Griffin,177.8,65.77,185.42,Southpaw,1990-02-28,2.52,46.0,3.02,50.0,1.45,35.0,42.0,1.9,18.0,9.0,0.0
Jordan Johnson,187.96,92.99,200.66,Orthodox,1988-11-18,3.45,47.0,2.64,53.0,3.25,42.0,100.0,1.2,10.0,0.0,0.0
Jordan Leavitt,175.26,70.31,180.34,Southpaw,1995-06-02,2.49,61.0,1.79,57.0,2.92,30.0,30.0,1.3,12.0,3.0,0.0
Jordan Mein,182.88,77.11,185.42,Orthodox,1989-10-10,3.35,44.0,2.55,69.0,1.56,58.0,66.0,0.2,31.0,12.0,0.0
Jordan Parsons,175.26,65.77,,,1990-08-26,,,,,,,,,,,
Jordan Radev,170.18,83.91,,Southpaw,1976-09-28,1.35,23.0,2.38,66.0,0.0,0.0,80.0,0.0,23.0,5.0,0.0
Jordan Rinaldi,177.8,65.77,182.88,Orthodox,1987-09-25,1.56,35.0,2.32,59.0,1.45,35.0,20.0,1.2,14.0,7.0,0.0
Jordan Vucenic,177.8,70.31,185.42,Orthodox,1996-03-02,2.11,45.0,1.9,58.0,0.63,14.0,44.0,0.0,13.0,4.0,0.0
Jordan Williams,185.42,83.91,190.5,Southpaw,1990-10-13,5.83,50.0,5.46,35.0,1.11,50.0,85.0,0.0,9.0,6.0,0.0
Jordan Wright,187.96,92.99,195.58,Orthodox,1991-10-07,4.1,56.0,6.03,31.0,2.09,45.0,100.0,0.4,12.0,5.0,0.0
Jorge Gonzalez,187.96,92.99,193.04,Orthodox,1984-02-29,,,,,,,,,,,
Jorge Gurgel,170.18,70.31,175.26,Orthodox,1977-01-25,3.37,32.0,3.62,62.0,0.81,23.0,60.0,0.5,14.0,10.0,0.0
Jorge Interiano,185.42,92.99,,,,,,,,,,,,,,
Jorge Lopez,177.8,77.11,,Orthodox,1988-11-21,2.47,59.0,2.57,50.0,3.5,41.0,81.0,0.0,11.0,5.0,0.0
Jorge Masvidal,180.34,77.11,187.96,Orthodox,1984-11-12,4.05,47.0,3.05,64.0,1.38,59.0,72.0,0.3,35.0,17.0,0.0
Jorge Oliveira,185.42,92.99,,,,,,,,,,,,,,
Jorge Ortiz,182.88,83.91,,Orthodox,,,,,,,,,,,,
Jorge Patino,172.72,77.11,,Orthodox,1973-08-05,1.33,30.0,3.14,53.0,0.54,25.0,50.0,0.0,38.0,19.0,2.0
Jorge Rivera,185.42,83.91,185.42,Orthodox,1972-02-28,3.16,48.0,2.64,54.0,0.84,50.0,63.0,0.1,20.0,9.0,0.0
Jorge Santiago,185.42,77.11,190.5,Orthodox,1980-10-09,1.69,35.0,2.62,56.0,0.58,30.0,52.0,0.8,25.0,12.0,0.0
Jorge de Oliveira,172.72,70.31,,Orthodox,1980-01-22,1.26,31.0,4.84,48.0,0.0,0.0,22.0,0.0,9.0,2.0,0.0
Jorgen Kruth,187.96,92.99,,,1974-05-08,,,,,,,,,,,
Jose Alday,170.18,61.23,172.72,Orthodox,1991-09-14,,,,,,,,,,,
Jose Aldo,170.18,61.23,177.8,Orthodox,1986-09-09,3.65,46.0,3.81,60.0,0.47,51.0,92.0,0.1,32.0,10.0,0.0
Jose Augusto,190.5,113.85,,,1992-03-28,,,,,,,,,,,
Jose Barreto,,83.91,,Southpaw,,,,,,,,,,,,
Jose Canseco,193.04,108.86,,Orthodox,1964-07-02,,,,,,,,,,,
Jose Daniel Medina,182.88,83.91,187.96,Orthodox,1991-05-17,,,,,,,,,,,
Jose Delano,172.72,65.77,177.8,Orthodox,1996-09-11,,,,,,,,,,,
Jose Delgado,180.34,65.77,187.96,Switch,1998-04-21,7.13,49.0,3.67,55.0,4.58,60.0,71.0,0.0,10.0,1.0,0.0
Jose Henrique,190.5,77.11,200.66,Orthodox,2002-05-23,,,,,,,,,,,
Jose Johnson,182.88,56.7,180.34,Orthodox,1995-05-20,2.27,57.0,1.61,53.0,0.69,60.0,41.0,0.7,16.0,10.0,0.0
Jose Landi-Jons,180.34,77.11,,Orthodox,1973-09-09,,,,,,,,,,,
Jose Maria,165.1,56.7,,Orthodox,1982-01-04,3.2,53.0,3.98,52.0,2.32,27.0,33.0,2.3,37.0,7.0,0.0
Jose Medina,182.88,83.91,187.96,Orthodox,1991-05-17,2.18,36.0,5.25,47.0,0.45,33.0,31.0,0.0,11.0,5.0,0.0
Jose Montanha,,120.2,,,1996-08-25,,,,,,,,,,,
Jose Ochoa,170.18,56.7,170.18,Southpaw,2000-12-31,3.01,37.0,2.33,60.0,0.43,50.0,59.0,1.3,8.0,2.0,0.0
Jose Palacios,175.26,65.77,,Orthodox,,,,,,,,,,,,
Jose Perez,,,,,,,,,,,,,,,,
Jose Quinonez,172.72,61.23,175.26,Southpaw,1990-07-28,3.6,45.0,3.0,64.0,2.7,47.0,42.0,0.6,9.0,5.0,0.0
Jose Santibanez,,70.31,,,1980-01-18,,,,,,,,,,,
Jose Torres,162.56,56.7,165.1,Orthodox,1992-08-02,4.37,36.0,9.84,50.0,1.28,33.0,75.0,0.0,8.0,1.0,0.0
Josefine Knutsson,160.02,52.16,152.4,Orthodox,1996-01-16,4.24,51.0,2.13,54.0,1.6,72.0,35.0,0.0,8.0,1.0,0.0
Joselyne Edwards,172.72,61.23,177.8,Orthodox,1995-09-29,4.73,53.0,3.28,50.0,1.29,38.0,61.0,0.5,16.0,6.0,0.0
Joseph Benavidez,162.56,56.7,165.1,Southpaw,1984-07-31,3.52,34.0,2.67,61.0,1.41,30.0,62.0,0.6,28.0,8.0,0.0
Joseph Gigliotti,180.34,83.91,,Orthodox,1993-08-13,1.04,39.0,2.92,45.0,1.56,100.0,50.0,0.8,7.0,2.0,0.0
Joseph Holmes,193.04,83.91,203.2,Orthodox,1995-07-04,2.88,53.0,3.08,54.0,1.49,40.0,50.0,0.8,8.0,4.0,0.0
Joseph Larcinese,,56.7,,,1998-10-01,,,,,,,,,,,
Joseph Morales,167.64,56.7,175.26,Switch,1994-08-22,2.02,40.0,2.11,57.0,1.23,42.0,28.0,2.9,14.0,2.0,0.0
Joseph Sandoval,170.18,61.23,,Southpaw,1986-05-11,1.82,42.0,12.12,60.0,0.0,0.0,0.0,0.0,7.0,7.0,0.0
Josh Appelt,177.8,115.67,,Southpaw,1983-06-19,,,,,,,,,,,
Josh Barnett,190.5,113.4,198.12,Orthodox,1977-11-10,3.2,50.0,2.11,57.0,1.26,55.0,55.0,1.4,35.0,8.0,0.0
Josh Bennett,193.04,117.48,,Orthodox,,,,,,,,,,,,
Josh Bryant,177.8,83.91,,Orthodox,1980-04-23,1.1,20.0,6.1,43.0,0.0,0.0,0.0,0.0,15.0,4.0,0.0
Josh Bumgarner,185.42,77.11,,,,,,,,,,,,,,
Josh Burns,185.42,110.68,,,1978-05-15,,,,,,,,,,,
Josh Clopton,167.64,65.77,,Orthodox,1981-07-11,1.6,64.0,2.87,50.0,2.0,66.0,75.0,0.0,6.0,2.0,1.0
Josh Copeland,185.42,120.2,,Orthodox,1982-10-20,1.03,31.0,3.01,55.0,0.0,0.0,57.0,0.0,12.0,4.0,0.0
Josh Culibao,177.8,65.77,185.42,Orthodox,1994-05-24,3.41,44.0,3.04,59.0,0.0,0.0,65.0,0.3,11.0,4.0,1.0
Josh Diekmann,162.56,111.58,,,1976-10-09,,,,,,,,,,,
Josh Emmett,167.64,65.77,177.8,Orthodox,1985-03-04,3.75,35.0,4.46,60.0,1.09,37.0,46.0,0.1,19.0,5.0,0.0
Josh Epps,,58.97,,,1986-08-23,,,,,,,,,,,
Josh Ferguson,165.1,56.7,,Orthodox,1988-05-13,2.13,43.0,4.18,32.0,0.59,11.0,54.0,0.0,10.0,5.0,0.0
Josh Fremd,193.04,83.91,193.04,Orthodox,1994-01-15,2.52,44.0,2.23,47.0,0.66,25.0,30.0,1.1,11.0,6.0,0.0
Josh Grispi,180.34,65.77,187.96,Orthodox,1988-10-14,1.44,41.0,3.71,50.0,1.97,36.0,16.0,2.2,14.0,5.0,0.0
Josh Haynes,175.26,77.11,,Orthodox,1977-07-30,1.25,22.0,4.03,52.0,0.94,18.0,42.0,0.0,14.0,11.0,0.0
Josh Hendricks,187.96,106.59,,Southpaw,1976-08-28,0.98,20.0,11.8,29.0,0.0,0.0,0.0,0.0,19.0,11.0,0.0
Josh Hokit,185.42,107.95,185.42,Orthodox,1997-11-12,,,,,,,,,,,
Josh Janousek,180.34,83.91,,Orthodox,1980-09-25,,,,,,,,,,,
Josh Jarvis,,,,,,,,,,,,,,,,
Josh Koscheck,177.8,77.11,185.42,Orthodox,1977-11-30,1.79,36.0,2.27,63.0,2.46,48.0,64.0,0.4,17.0,11.0,0.0
Josh LaBerge,177.8,65.77,,,,,,,,,,,,,,
Josh McDonald,,83.91,,,,,,,,,,,,,,
Josh Neal,182.88,83.91,,,,,,,,,,,,,,
Josh Neer,180.34,77.11,182.88,Orthodox,1983-03-24,3.29,46.0,3.63,58.0,1.09,34.0,46.0,1.3,36.0,16.0,1.0
Josh Paiva,167.64,56.7,,,1991-04-05,,,,,,,,,,,
Josh Parisian,193.04,120.2,200.66,Orthodox,1989-06-28,4.55,48.0,4.88,41.0,0.98,33.0,46.0,0.2,15.0,8.0,0.0
Josh Pulsifer,177.8,65.77,,,1983-03-16,,,,,,,,,,,
Josh Quinlan,182.88,77.11,182.88,Orthodox,1993-02-06,3.57,42.0,6.38,53.0,0.34,11.0,71.0,0.0,6.0,3.0,0.0
Josh Rafferty,182.88,77.11,,Orthodox,1981-01-06,0.6,33.0,3.6,50.0,0.0,0.0,0.0,9.0,9.0,8.0,0.0
Josh Samman,190.5,83.91,200.66,Orthodox,1988-03-14,2.08,52.0,2.47,34.0,1.09,33.0,33.0,0.4,13.0,4.0,0.0
Josh Sampo,162.56,56.7,162.56,Orthodox,1984-07-24,1.99,36.0,2.96,55.0,1.06,33.0,40.0,2.1,11.0,5.0,0.0
Josh San Diego,177.8,61.23,,,,,,,,,,,,,,
Josh Shockley,185.42,70.31,,Orthodox,1989-11-15,1.4,33.0,1.75,60.0,0.0,0.0,61.0,0.8,11.0,4.0,0.0
Josh Shockman,193.04,106.59,,Southpaw,1980-12-29,0.87,32.0,0.87,58.0,0.0,0.0,23.0,0.0,6.0,3.0,0.0
Josh Smith,182.88,70.31,,Orthodox,1982-07-02,,,,,,,,,,,
Josh Stansbury,187.96,92.99,187.96,Orthodox,1984-11-19,3.22,54.0,3.54,54.0,0.0,0.0,87.0,1.0,4.0,8.0,0.0
Josh Stuart,175.26,72.57,,,,0.0,0.0,0.0,0.0,0.0,0.0,0.0,0.0,1.0,4.0,0.0
Josh Thomson,177.8,70.31,180.34,Orthodox,1978-09-21,2.59,47.0,2.12,64.0,1.92,39.0,54.0,1.3,22.0,9.0,0.0
Josh Thornburg,182.88,77.11,,,1984-05-24,,,,,,,,,,,
Josh Wick,175.26,70.31,175.26,Switch,1994-10-04,,,,,,,,,,,
Joshua Burkman,177.8,77.11,182.88,Orthodox,1980-04-10,2.69,43.0,3.13,51.0,2.53,36.0,72.0,0.3,28.0,16.0,0.0
Joshua Van,165.1,56.7,165.1,Orthodox,2001-10-10,8.86,56.0,6.36,57.0,0.85,63.0,81.0,0.0,15.0,2.0,0.0
Joshua Wang-Kim,175.26,61.23,180.34,Switch,1992-11-16,,,,,,,,,,,
Joshua Weems,172.72,61.23,175.26,Orthodox,1994-05-05,5.25,64.0,3.34,61.0,4.77,40.0,100.0,0.0,11.0,3.0,0.0
Josiah Harrell,170.18,77.11,172.72,Southpaw,1998-11-13,,,,,,,,,,,
Josiane Nunes,157.48,61.23,170.18,Southpaw,1993-12-23,5.65,43.0,5.76,51.0,0.0,0.0,58.0,0.0,10.0,4.0,0.0
Josias Musasa,172.72,61.23,187.96,Southpaw,1998-10-10,3.45,43.0,4.6,28.0,0.82,50.0,77.0,0.8,8.0,1.0,0.0
Journey Newson,165.1,61.23,170.18,Orthodox,1989-03-07,2.64,32.0,2.57,64.0,0.56,16.0,43.0,0.3,10.0,5.0,0.0
Jovan Leka,,120.2,,,2002-03-15,,,,,,,,,,,
Juan Adams,195.58,120.2,203.2,Orthodox,1992-01-16,7.09,55.0,4.06,34.0,0.91,66.0,57.0,0.0,5.0,3.0,0.0
Juan Adrian Luna,,61.23,,,1995-08-20,,,,,,,,,,,
Juan Alcain,,,,,,,,,,,,,,,,
Juan Andres Luna,170.18,56.7,182.88,Orthodox,1995-08-20,,,,,,,,,,,
Juan Cabrera,,83.91,,,2004-02-19,,,,,,,,,,,
Juan Diaz,,61.23,,,1998-06-03,,,,,,,,,,,
Juan Espino,190.5,115.67,203.2,Orthodox,1980-10-09,2.38,70.0,1.95,40.0,8.93,78.0,50.0,2.4,11.0,2.0,0.0
Juan Manuel Puig,175.26,65.77,,Orthodox,1989-04-23,4.91,23.0,7.17,51.0,0.0,0.0,0.0,0.0,11.0,4.0,0.0
Juan Miranda,,70.31,,,,,,,,,,,,,,
Juan Mott,182.88,86.18,,Switch,,,,,,,,,,,,
Juan Puerta,175.26,56.7,180.34,Southpaw,1988-01-20,,,,,,,,,,,
Juancamilo Ronderos,160.02,56.7,162.56,Southpaw,1995-02-17,2.18,30.0,2.18,63.0,2.72,33.0,0.0,0.0,4.0,2.0,0.0
Jules Bruchez,182.88,92.99,,Southpaw,1977-08-16,0.69,50.0,5.52,46.0,0.0,0.0,0.0,0.0,1.0,2.0,0.0
Julia Avila,170.18,61.23,172.72,Orthodox,1988-05-11,2.81,42.0,3.28,55.0,0.63,37.0,52.0,0.2,9.0,4.0,0.0
Julia Budd,170.18,65.77,170.18,,1983-07-04,,,,,,,,,,,
Julia Polastri,157.48,52.16,160.02,Orthodox,1998-03-05,5.62,55.0,5.37,56.0,0.87,80.0,58.0,0.4,13.0,5.0,0.0
Julian Erosa,185.42,65.77,187.96,Southpaw,1989-07-31,6.21,48.0,6.27,48.0,1.78,43.0,61.0,0.7,31.0,13.0,0.0
Julian Marquez,187.96,83.91,182.88,Orthodox,1990-05-08,5.06,45.0,5.35,50.0,0.0,0.0,54.0,2.6,9.0,6.0,0.0
Julian Sanchez,190.5,136.08,,Orthodox,,0.0,0.0,0.0,0.0,0.0,0.0,0.0,0.0,0.0,1.0,0.0
Juliana Lima,165.1,52.16,165.1,Orthodox,1982-03-15,1.94,44.0,2.11,55.0,1.72,31.0,70.0,0.0,9.0,5.0,0.0
Juliana Miller,170.18,56.7,167.64,Orthodox,1996-05-07,2.73,44.0,3.78,36.0,2.2,38.0,44.0,1.3,5.0,3.0,0.0
Julianna Pena,167.64,61.23,175.26,Orthodox,1989-08-19,3.1,44.0,2.56,57.0,1.7,54.0,24.0,0.8,13.0,6.0,0.0
Julie Kedzie,165.1,61.23,,Orthodox,1981-03-18,2.9,36.0,3.18,46.0,1.14,23.0,78.0,0.0,16.0,13.0,0.0
Julien Leblanc,,83.91,,,1992-01-21,,,,,,,,,,,
Julieta Martinez,154.94,52.16,157.48,Orthodox,2004-09-14,,,,,,,,,,,
Julija Stoliarenko,170.18,56.7,167.64,Orthodox,1993-04-08,2.74,38.0,4.45,46.0,0.78,20.0,54.0,1.4,11.0,10.0,2.0
Julio Arce,170.18,65.77,177.8,Southpaw,1989-10-27,4.36,36.0,3.05,68.0,0.46,28.0,96.0,0.3,19.0,6.0,0.0
Julio Cesar Neves Jr.,172.72,65.77,,,1994-04-25,,,,,,,,,,,
Julio Paulino,182.88,77.11,,Orthodox,1975-12-04,0.97,27.0,1.87,48.0,0.0,0.0,37.0,0.5,23.0,5.0,0.0
Julius Anglickas,190.5,92.99,,Orthodox,1991-07-23,,,,,,,,,,,
Julius Walker,193.04,92.99,198.12,Orthodox,1999-07-16,4.33,55.0,3.53,43.0,3.5,36.0,100.0,0.0,7.0,1.0,0.0
Jumabieke Tuerxun,170.18,61.23,,Orthodox,1986-04-17,1.6,28.0,3.08,59.0,0.47,11.0,66.0,0.9,19.0,4.0,1.0
JunYong Park,177.8,83.91,185.42,Orthodox,1991-02-27,4.59,50.0,3.59,53.0,1.87,42.0,57.0,0.9,19.0,6.0,0.0
JunYoung Hong,175.26,65.77,175.26,Orthodox,1990-12-18,,,,,,,,,,,
JungHyun Lee,165.1,56.7,165.1,Orthodox,2002-09-10,,,,,,,,,,,
Junie Browning,175.26,70.31,,Orthodox,1984-05-12,3.76,48.0,1.76,66.0,3.53,66.0,0.0,3.5,5.0,6.0,0.0
Junior Albini,190.5,119.75,187.96,Orthodox,1991-03-15,3.98,51.0,6.08,52.0,1.54,37.0,100.0,0.0,14.0,6.0,0.0
Junior Assuncao,175.26,65.77,182.88,Orthodox,1981-06-24,3.31,62.0,2.06,44.0,2.43,24.0,66.0,0.7,16.0,6.0,0.0
Junior Barata,177.8,77.11,,Orthodox,1982-01-25,,,,,,,,,,,
Junior Dos Santos,193.04,107.95,195.58,Orthodox,1984-01-30,4.49,47.0,3.33,56.0,0.3,50.0,81.0,0.1,21.0,9.0,0.0
Junior Tafa,190.5,92.99,190.5,Orthodox,1996-09-21,3.19,51.0,2.49,51.0,0.0,0.0,69.0,0.0,6.0,4.0,0.0
Junya Kudo,,61.23,,Orthodox,,,,,,,,,,,,
Junye Gao,,56.7,,,,,,,,,,,,,,
Jussier Formiga,165.1,56.7,170.18,Orthodox,1985-04-14,1.42,39.0,2.34,64.0,1.82,35.0,87.0,0.6,23.0,8.0,0.0
Justice Torres,170.18,65.77,167.64,Southpaw,1997-10-19,,,,,,,,,,,
Justin Bruckmann,175.26,77.11,,Orthodox,,,,,,,,,,,,
Justin Buchholz,182.88,70.31,185.42,Orthodox,1983-08-22,2.35,26.0,4.14,51.0,0.0,0.0,33.0,0.8,15.0,10.0,0.0
Justin Burlinson,185.42,77.11,187.96,Switch,1997-05-19,,,,,,,,,,,
Justin Davis,180.34,92.99,,,1983-04-01,,,,,,,,,,,
Justin DeMoney,,77.11,,,1985-07-01,,,,,,,,,,,
Justin Edwards,177.8,70.31,177.8,Orthodox,1983-01-26,2.68,42.0,3.32,51.0,2.14,26.0,27.0,1.0,9.0,5.0,0.0
Justin Eilers,185.42,106.59,,Orthodox,1978-06-28,2.86,43.0,5.66,49.0,0.82,25.0,50.0,0.0,19.0,7.0,1.0
Justin Frazier,182.88,120.2,190.5,Southpaw,1989-06-15,1.11,66.0,6.11,4.0,0.0,0.0,0.0,0.0,10.0,3.0,0.0
Justin Gaethje,180.34,70.31,177.8,Orthodox,1988-11-14,6.59,58.0,7.18,51.0,0.1,14.0,68.0,0.0,26.0,5.0,0.0
Justin Gonzales,175.26,65.77,182.88,Orthodox,1991-04-28,,,,,,,,,,,
Justin Governale,,65.77,,,,,,,,,,,,,,
Justin Guthrie,185.42,77.11,,,1981-01-19,,,,,,,,,,,
Justin Haskins,177.8,77.11,,Orthodox,1979-08-30,,,,,,,,,,,
Justin Hawes,180.34,92.99,,,1979-01-13,,,,,,,,,,,
Justin James,177.8,70.31,,Orthodox,1976-11-08,1.34,36.0,2.68,50.0,0.0,0.0,50.0,1.6,13.0,7.0,0.0
Justin Jaynes,170.18,65.77,172.72,Orthodox,1989-08-10,3.34,44.0,5.33,62.0,0.75,40.0,20.0,1.1,16.0,8.0,0.0
Justin Jones,180.34,83.91,,Orthodox,1987-09-06,1.7,36.0,3.17,45.0,1.0,15.0,46.0,0.5,9.0,2.0,0.0
Justin Lawrence,172.72,65.77,170.18,Orthodox,1990-05-15,3.84,35.0,2.83,67.0,0.72,28.0,73.0,0.0,10.0,4.0,0.0
Justin Ledet,193.04,92.99,203.2,Orthodox,1988-09-28,3.35,39.0,4.82,49.0,0.23,50.0,42.0,0.2,9.0,4.0,0.0
Justin Levens,180.34,83.91,,Orthodox,1980-04-18,1.24,47.0,3.15,37.0,1.69,50.0,33.0,5.1,10.0,7.0,0.0
Justin Martin,182.88,83.91,,,,0.0,0.0,0.0,0.0,0.0,0.0,0.0,0.0,4.0,3.0,0.0
Justin McCully,185.42,102.06,185.42,Orthodox,1976-02-18,1.58,37.0,2.02,46.0,1.28,44.0,43.0,0.0,11.0,5.0,2.0
Justin McElfresh,198.12,92.99,,Orthodox,1980-01-04,,,,,,,,,,,
Justin Patterson,177.8,77.11,,,1985-12-07,,,,,,,,,,,
Justin Pennington,162.56,,,,,,,,,,,,,,,
Justin Robbins,165.1,61.23,,,1980-07-29,,,,,,,,,,,
Justin Salas,172.72,70.31,177.8,Southpaw,1982-03-13,3.42,43.0,2.96,68.0,2.43,20.0,0.0,0.0,12.0,7.0,0.0
Justin Scoggins,170.18,56.7,167.64,Southpaw,1992-05-02,3.56,51.0,2.16,55.0,3.42,63.0,82.0,0.5,11.0,5.0,0.0
Justin Smitley,,65.77,,,,,,,,,,,,,,
Justin Sumter,187.96,83.91,203.2,Southpaw,1989-11-16,,,,,,,,,,,
Justin Tafa,182.88,119.75,187.96,Southpaw,1993-12-13,4.05,54.0,5.11,47.0,0.0,0.0,53.0,0.0,7.0,5.0,0.0
Justin Wilcox,167.64,70.31,,Orthodox,1979-03-12,,,,,,,,,,,
Justin Willis,185.42,119.75,198.12,Southpaw,1987-07-19,3.37,59.0,2.57,57.0,0.96,66.0,36.0,0.0,8.0,2.0,0.0
Justin Wren,187.96,120.2,,Orthodox,1987-04-27,3.43,35.0,2.07,64.0,0.0,0.0,100.0,0.0,13.0,2.0,0.0
Justine Kish,165.1,56.7,162.56,Orthodox,1988-04-13,4.51,48.0,4.59,57.0,0.87,33.0,50.0,0.1,7.0,4.0,0.0
Jutaro Nakao,175.26,77.11,,Southpaw,1970-11-30,0.53,38.0,1.06,44.0,0.38,50.0,56.0,0.0,25.0,19.0,4.0
KB Bhullar,193.04,83.91,198.12,Switch,1991-10-12,4.31,49.0,5.39,45.0,0.0,0.0,0.0,0.0,8.0,2.0,0.0
KJ Noons,177.8,70.31,177.8,Orthodox,1982-12-07,3.68,35.0,3.78,65.0,0.08,20.0,68.0,0.0,13.0,9.0,0.0
Kaan Ofli,170.18,65.77,167.64,Orthodox,1993-06-19,2.0,45.0,2.93,60.0,0.0,0.0,0.0,0.0,12.0,4.0,1.0
Kai Asakura,172.72,56.7,175.26,Orthodox,1993-10-31,2.27,32.0,3.53,52.0,0.0,0.0,50.0,0.0,21.0,6.0,0.0
Kai Kamaka,170.18,65.77,175.26,Orthodox,1995-01-05,4.96,57.0,5.29,55.0,1.93,58.0,52.0,0.3,8.0,4.0,1.0
Kai Kara-France,162.56,56.7,175.26,Orthodox,1993-03-26,4.46,40.0,3.24,64.0,0.56,30.0,83.0,0.0,25.0,12.0,0.0
Kai Yoshida,175.26,56.7,175.26,Southpaw,1999-10-10,,,,,,,,,,,
Kaik Brito,180.34,77.11,182.88,Orthodox,1997-03-26,,,,,,,,,,,
Kailan Hill,185.42,83.91,195.58,Southpaw,1994-12-01,,,,,,,,,,,
Kailin Curran,162.56,52.16,165.1,Orthodox,1991-04-11,3.89,43.0,4.75,53.0,2.0,57.0,61.0,0.6,4.0,5.0,0.0
Kain Royer,,83.91,,,,,,,,,,,,,,
Kaitlin Young,175.26,61.23,,Orthodox,1985-09-15,,,,,,,,,,,
Kaito Oda,,56.7,,,1998-02-13,,,,,,,,,,,
Kaiwen,172.72,65.77,180.34,Switch,1995-10-16,,,,,,,,,,,
Kajan Johnson,180.34,70.31,190.5,Orthodox,1984-04-21,2.47,42.0,1.59,64.0,1.54,37.0,62.0,0.2,23.0,13.0,1.0
Kaleio Romero,177.8,65.77,175.26,Switch,1996-04-19,,,,,,,,,,,
Kaleo Kwan,170.18,70.31,,,1970-08-01,,,,,,,,,,,
Kali Robbins,160.02,52.16,160.02,Orthodox,1984-07-05,,,,,,,,,,,
Kalib Starnes,190.5,83.91,187.96,Orthodox,1975-01-06,2.71,48.0,4.43,53.0,1.46,33.0,25.0,0.6,17.0,11.0,1.0
Kalindra Faria,170.18,56.7,,Switch,1986-07-23,2.23,56.0,1.44,45.0,1.31,66.0,20.0,0.7,18.0,8.0,1.0
Kaline Medeiros,160.02,52.16,,,,,,,,,,,,,,
Kaloyan Kolev,187.96,92.99,185.42,Orthodox,1992-10-17,,,,,,,,,,,
Kamal Shalorus,172.72,70.31,172.72,Orthodox,1972-08-27,3.06,32.0,2.99,70.0,2.07,50.0,80.0,0.0,9.0,5.0,2.0
Kamaru Usman,182.88,77.11,193.04,Switch,1987-05-11,4.16,51.0,2.67,55.0,2.79,44.0,89.0,0.1,21.0,4.0,0.0
Kamuela Kirk,177.8,70.31,190.5,Switch,1994-04-13,3.22,50.0,5.87,40.0,1.5,26.0,47.0,1.2,12.0,6.0,0.0
Kanako Murata,154.94,52.16,157.48,Orthodox,1993-08-10,2.15,56.0,2.4,53.0,3.38,56.0,100.0,0.8,12.0,3.0,0.0
Kantharaj Agasa,,61.23,,,1992-02-16,,,,,,,,,,,
Karen Darabedyan,170.18,70.31,172.72,Orthodox,1986-12-18,,,,,,,,,,,
Karine Gevorgyan,162.56,56.7,160.02,,1989-03-09,1.2,20.0,1.8,76.0,0.0,0.0,0.0,0.0,3.0,3.0,0.0
Karine Silva,165.1,56.7,170.18,Orthodox,1993-12-02,2.73,38.0,2.89,51.0,2.37,47.0,11.0,1.9,19.0,5.0,0.0
Karl Amoussou,180.34,83.91,,Orthodox,1985-11-21,,,,,,,,,,,
Karl Reed,190.5,92.99,198.12,Orthodox,1988-10-27,,,,,,,,,,,
Karl Roberson,185.42,92.99,187.96,Southpaw,1990-10-04,2.57,51.0,2.42,57.0,0.72,40.0,40.0,0.5,9.0,6.0,0.0
Karl Williams,190.5,106.59,200.66,Orthodox,1990-01-06,2.68,48.0,2.15,55.0,4.2,48.0,100.0,0.2,10.0,2.0,0.0
Karl Willis,,,,,,,,,,,,,,,,
Karla Benitez,160.02,51.26,,,,,,,,,,,,,,
Karlos Vemola,182.88,83.91,190.5,Orthodox,1985-07-03,1.67,44.0,2.13,37.0,1.93,25.0,31.0,1.7,17.0,5.0,0.0
Karo Parisyan,177.8,77.11,182.88,Orthodox,1982-08-28,2.49,41.0,2.19,58.0,5.27,59.0,59.0,1.0,24.0,11.0,0.0
Karol Rosa,165.1,61.23,170.18,Orthodox,1994-12-30,5.88,56.0,4.59,49.0,1.17,48.0,70.0,0.2,19.0,7.0,0.0
Karolina Kowalkiewicz,160.02,52.16,162.56,Orthodox,1985-10-15,5.54,43.0,5.51,57.0,0.31,22.0,74.0,0.2,16.0,9.0,0.0
Karolina Wojcik,157.48,52.16,,Orthodox,1994-12-09,,,,,,,,,,,
Kasey Tanner,170.18,61.23,175.26,Orthodox,1992-01-11,,,,,,,,,,,
Kasib Murdoch,,61.23,,,,,,,,,,,,,,
Kathryn Paprocki,160.02,52.16,160.02,Orthodox,1993-04-28,,,,,,,,,,,
Katlyn Cerminara,175.26,56.7,172.72,Orthodox,1988-12-28,4.58,34.0,4.48,62.0,0.31,15.0,50.0,0.3,18.0,6.0,0.0
Katsuaki Furuki,182.88,76.2,,,1980-11-10,,,,,,,,,,,
Katsuhiko Nagata,170.18,69.85,,Southpaw,1973-10-31,,,,,,,,,,,
Katsuhisa Fujii,182.88,92.99,,Orthodox,1972-08-15,4.0,50.0,4.43,64.0,2.14,25.0,50.0,2.1,9.0,18.0,1.0
Katsunori Kikuno,172.72,65.77,167.64,Orthodox,1981-10-31,2.64,40.0,2.47,61.0,1.88,75.0,76.0,0.8,24.0,8.0,2.0
Katsuya Inoue,175.26,76.2,,Southpaw,1979-08-10,,,,,,,,,,,
Katsuyori Shibata,182.88,76.2,,Orthodox,1979-11-17,,,,,,,,,,,
Kaue Fernandes,175.26,70.31,185.42,Orthodox,1995-03-17,4.28,55.0,1.42,62.0,1.18,100.0,76.0,0.0,11.0,2.0,0.0
Kaushik Saikumar,177.8,61.23,180.34,Orthodox,1997-12-11,,,,,,,,,,,
Kay Hansen,157.48,52.16,160.02,Orthodox,1999-08-14,3.01,50.0,3.19,51.0,1.83,22.0,37.0,0.8,7.0,6.0,0.0
Kayla Harrison,172.72,61.23,167.64,Southpaw,1990-07-02,4.29,62.0,1.1,66.0,2.84,37.0,100.0,0.9,19.0,1.0,0.0
Kaynan Kruschewsky,182.88,70.31,185.42,Orthodox,1991-04-04,5.67,50.0,5.71,46.0,2.74,100.0,75.0,2.1,15.0,3.0,0.0
Kazuhiro Hamanaka,182.88,83.91,,Southpaw,1978-10-24,,,,,,,,,,,
Kazuhiro Nakamura,180.34,92.99,177.8,Orthodox,1979-07-16,1.56,37.0,1.83,59.0,1.73,36.0,42.0,0.6,21.0,13.0,0.0
Kazuhisa Watanabe,167.64,63.05,,,1983-05-18,,,,,,,,,,,
Kazuki Okubo,180.34,79.38,,Orthodox,,,,,,,,,,,,
Kazuki Tokudome,180.34,70.31,185.42,Southpaw,1987-03-04,2.26,41.0,3.63,53.0,2.0,38.0,78.0,0.0,18.0,7.0,1.0
Kazula Vargas,172.72,70.31,180.34,Southpaw,1985-08-15,3.65,53.0,1.77,57.0,0.4,25.0,30.0,0.4,12.0,5.0,0.0
Kazuma Maruyama,180.34,70.31,182.88,Orthodox,1992-07-19,,,,,,,,,,,
Kazunari Murakami,185.42,99.79,,Orthodox,1973-11-29,,,,,,,,,,,
Kazunori Yokota,172.72,69.85,,Orthodox,1978-04-03,,,,,,,,,,,
Kazuo Misaki,172.72,83.01,,Orthodox,1976-04-25,,,,,,,,,,,
Kazushi Sakuraba,182.88,83.91,,Southpaw,1969-07-14,1.26,41.0,2.03,51.0,1.26,31.0,48.0,1.7,26.0,17.0,1.0
Kazuyuki Fujita,182.88,106.59,,Orthodox,1970-10-16,,,,,,,,,,,
Kazuyuki Miyata,172.72,63.05,,Orthodox,,,,,,,,,,,,
Keenan Raymond,,74.84,,,,,,,,,,,,,,
Keigo Kunihara,182.88,106.59,,Orthodox,,0.17,10.0,1.99,57.0,4.97,40.0,100.0,2.5,3.0,2.0,0.0
Keiichiro Nakamura,177.8,65.77,177.8,Southpaw,1998-12-02,,,,,,,,,,,
Keiichiro Yamamiya,180.34,83.91,,Southpaw,1972-07-12,0.0,0.0,0.0,0.0,0.0,0.0,0.0,0.0,45.0,35.0,10.0
Keisuke Fujiwara,167.64,63.05,,Switch,,,,,,,,,,,,
Keisuke Sasu,165.1,65.77,175.26,Switch,1994-09-30,,,,,,,,,,,
Keita Nakamura,180.34,77.11,185.42,Southpaw,1984-05-22,2.23,36.0,3.2,58.0,1.65,48.0,63.0,0.3,34.0,10.0,2.0
Keith Berish,182.88,92.99,,Orthodox,1985-11-14,3.58,36.0,4.81,62.0,1.76,40.0,0.0,0.0,5.0,1.0,0.0
Keith Berry,185.42,83.91,,,1987-10-25,,,,,,,,,,,
Keith Hackney,180.34,90.72,,Sideways,,0.0,0.0,0.0,0.0,0.0,0.0,0.0,0.0,2.0,2.0,0.0
Keith Jardine,187.96,83.91,193.04,Orthodox,1975-10-31,3.25,36.0,2.98,59.0,1.18,45.0,62.0,0.7,17.0,11.0,2.0
Keith Mielke,172.72,83.91,,,,0.0,0.0,0.0,0.0,0.0,0.0,0.0,0.0,0.0,5.0,0.0
Keith Rockel,182.88,83.91,,Orthodox,,1.13,73.0,0.21,66.0,4.63,75.0,100.0,4.6,12.0,4.0,1.0
Keith Wisniewski,182.88,77.11,,Orthodox,1981-10-25,2.32,52.0,4.86,42.0,1.57,40.0,78.0,0.3,28.0,15.0,1.0
Kelly Dullanty,172.72,70.31,,Orthodox,1977-11-04,0.0,0.0,0.67,75.0,0.0,0.0,66.0,0.0,4.0,2.0,0.0
Kelly Faszholz,172.72,61.23,,Orthodox,1985-04-09,4.01,48.0,3.61,52.0,0.0,0.0,44.0,0.0,4.0,2.0,0.0
Kelly Kobold,167.64,61.23,,Orthodox,1983-02-25,,,,,,,,,,,
Kelly Velasco,175.26,61.23,,Orthodox,1995-05-21,,,,,,,,,,,
Kelvin Gastelum,175.26,83.91,180.34,Southpaw,1991-10-24,3.67,42.0,3.49,57.0,1.05,34.0,58.0,0.1,20.0,10.0,0.0
Kemran Lachinov,,77.11,,,,,,,,,,,,,,
Ken Cross,182.88,70.31,182.88,Southpaw,1994-10-04,,,,,,,,,,,
Ken Kaneko,182.88,73.03,,Orthodox,,,,,,,,,,,,
Ken Shamrock,185.42,92.99,182.88,Orthodox,1964-02-11,1.47,46.0,4.3,39.0,0.94,60.0,44.0,2.5,28.0,17.0,2.0
Ken Stone,172.72,61.23,180.34,Southpaw,1982-10-08,3.85,49.0,2.9,48.0,1.24,33.0,60.0,0.6,11.0,4.0,0.0
Kendall Grove,198.12,83.91,200.66,Orthodox,1982-11-12,2.31,41.0,2.4,54.0,0.49,45.0,56.0,1.7,23.0,17.0,0.0
Kengo Ura,175.26,74.84,,,1981-06-20,,,,,,,,,,,
Kengo Watanabe,193.04,99.79,,Orthodox,1976-01-31,,,,,,,,,,,
Kenichi Yamamoto,182.88,77.11,,Orthodox,1976-07-11,0.3,46.0,1.93,38.0,0.0,0.0,10.0,0.3,5.0,12.0,2.0
Kenji Arai,177.8,65.77,,Southpaw,1979-10-05,,,,,,,,,,,
Kenji Osawa,170.18,61.23,167.64,Orthodox,1976-11-04,,,,,,,,,,,
Kennedy Freeman,,56.7,,,1996-11-26,,,,,,,,,,,
Kennedy Nzechukwu,195.58,107.05,210.82,Southpaw,1992-06-13,5.33,46.0,4.89,51.0,0.55,45.0,80.0,0.2,14.0,6.0,0.0
Kenneth Alexander,175.26,70.31,,Orthodox,1977-09-25,,,,,,,,,,,
Kenneth Bergh,187.96,92.99,187.96,Orthodox,1989-06-26,,,,,,,,,,,
Kenneth Seegrist,182.88,83.91,,Orthodox,,,,,,,,,,,,
Kenny Ento,187.96,87.09,,,,,,,,,,,,,,
Kenny Florian,177.8,65.77,187.96,Southpaw,1976-05-26,2.41,40.0,1.85,63.0,2.22,33.0,60.0,1.3,14.0,6.0,0.0
Kenny Giddens,180.34,70.31,,,,,,,,,,,,,,
Kenny Robertson,177.8,77.11,187.96,Orthodox,1984-02-14,3.72,47.0,3.02,52.0,1.37,26.0,57.0,0.8,15.0,5.0,0.0
Kento Imai,,56.7,,,1999-08-10,,,,,,,,,,,
Kenyon Jackson,182.88,83.91,,,,,,,,,,,,,,
Kerry Schall,187.96,120.2,,Orthodox,1971-08-09,0.94,11.0,4.84,63.0,0.0,0.0,0.0,0.0,24.0,13.0,0.0
Kerry Vera,170.18,61.23,,Orthodox,,,,,,,,,,,,
Kestutis Smirnovas,177.8,90.72,,Orthodox,,,,,,,,,,,,
Ketlen Souza,160.02,52.16,160.02,Orthodox,1994-08-18,4.56,57.0,4.4,53.0,0.3,14.0,50.0,0.3,15.0,6.0,0.0
Ketlen Vieira,172.72,61.23,172.72,Orthodox,1991-08-26,2.84,41.0,3.72,51.0,1.28,43.0,90.0,0.5,15.0,4.0,0.0
Kevin Aguilar,170.18,70.31,185.42,Orthodox,1988-09-07,3.96,40.0,4.81,52.0,0.16,16.0,78.0,0.0,17.0,5.0,0.0
Kevin Borjas,165.1,56.7,172.72,Orthodox,1997-12-06,4.19,44.0,5.74,49.0,0.0,0.0,71.0,0.0,10.0,4.0,0.0
Kevin Burns,177.8,77.11,187.96,Orthodox,1980-03-03,2.74,38.0,4.3,52.0,0.28,50.0,47.0,0.8,12.0,7.0,0.0
Kevin Casey,180.34,83.91,195.58,Southpaw,1981-06-15,2.27,53.0,3.76,46.0,0.79,22.0,27.0,0.4,9.0,5.0,2.0
Kevin Christian,200.66,92.99,203.2,Orthodox,1995-01-21,,,,,,,,,,,
Kevin Croom,180.34,61.23,185.42,Orthodox,1987-07-15,2.65,34.0,3.1,41.0,0.48,5.0,30.0,0.5,21.0,15.0,0.0
Kevin Engel,187.96,77.11,,,,,,,,,,,,,,
Kevin Ferguson,187.96,106.59,195.58,Orthodox,1974-02-08,2.3,50.0,3.41,38.0,3.1,72.0,36.0,1.2,5.0,2.0,0.0
Kevin Gray,162.56,56.7,170.18,Orthodox,1985-05-03,,,,,,,,,,,
Kevin Haley,187.96,92.99,,,,,,,,,,,,,,
Kevin Holland,190.5,77.11,205.74,Orthodox,1992-11-05,4.3,50.0,3.22,50.0,0.82,38.0,55.0,0.6,28.0,14.0,0.0
Kevin Jackson,177.8,90.26,,Switch,,0.0,0.0,0.0,0.0,0.0,0.0,0.0,0.0,4.0,2.0,0.0
Kevin Jordan,190.5,111.13,,Orthodox,1970-12-31,2.0,40.0,1.91,55.0,0.0,0.0,77.0,0.6,11.0,9.0,0.0
Kevin Jousset,187.96,77.11,190.5,Orthodox,1993-05-02,6.61,51.0,6.49,50.0,0.69,40.0,100.0,0.3,10.0,4.0,0.0
Kevin Knabjian,177.8,77.11,,Orthodox,1984-07-05,,,,,,,,,,,
Kevin Lee,175.26,77.11,195.58,Orthodox,1992-09-04,3.88,42.0,3.6,50.0,3.18,43.0,75.0,0.8,18.0,8.0,0.0
Kevin Natividad,167.64,61.23,177.8,Orthodox,1993-04-02,2.68,34.0,4.29,47.0,3.66,50.0,83.0,0.0,9.0,4.0,0.0
Kevin Randleman,177.8,92.99,,Orthodox,1971-08-10,1.26,54.0,1.12,57.0,2.0,56.0,30.0,0.8,17.0,16.0,0.0
Kevin Roddy,180.34,65.77,,,,,,,,,,,,,,
Kevin Rosier,193.04,124.74,,Orthodox,,0.0,0.0,0.0,0.0,0.0,0.0,0.0,0.0,2.0,6.0,0.0
Kevin Syler,175.26,70.31,180.34,Switch,1993-07-29,,,,,,,,,,,
Kevin Szaflarski,195.58,117.93,195.58,Orthodox,1994-12-30,,,,,,,,,,,
Kevin Vallejos,170.18,65.77,172.72,Switch,2001-12-08,6.28,45.0,5.23,57.0,0.84,33.0,83.0,0.0,16.0,1.0,0.0
Khabib Nurmagomedov,177.8,70.31,177.8,Orthodox,1988-09-20,4.1,48.0,1.75,65.0,5.32,48.0,84.0,0.8,29.0,0.0,0.0
Khadis Ibragimov,190.5,92.99,198.12,Orthodox,1995-05-21,3.55,49.0,4.26,47.0,0.97,30.0,80.0,0.3,8.0,4.0,0.0
Khadzhi Bestaev,198.12,83.91,193.04,,1988-07-16,,,,,,,,,,,
Khalid Murtazaliev,182.88,83.91,193.04,Orthodox,1993-07-15,4.8,69.0,0.4,78.0,7.5,100.0,33.0,0.0,14.0,2.0,0.0
Khalid Taha,165.1,61.23,175.26,Orthodox,1992-02-15,2.64,32.0,4.12,46.0,0.0,0.0,61.0,0.2,13.0,5.0,0.0
Khalil Rountree Jr.,185.42,92.99,193.04,Southpaw,1990-02-26,3.79,40.0,4.24,49.0,0.0,0.0,58.0,0.1,15.0,6.0,0.0
Khama Worthy,180.34,70.31,187.96,Orthodox,1986-10-15,4.18,48.0,4.45,46.0,0.0,0.0,57.0,0.7,16.0,9.0,0.0
Khamzat Chimaev,187.96,83.91,190.5,Orthodox,1994-05-01,4.04,60.0,2.32,43.0,5.29,55.0,85.0,1.8,15.0,0.0,0.0
Khaos Williams,182.88,77.11,195.58,Orthodox,1994-03-30,4.94,39.0,5.39,40.0,0.0,0.0,51.0,0.0,15.0,5.0,0.0
Khomkrit Niimi,157.48,56.7,,,,,,,,,,,,,,
Khusein Askhabov,172.72,65.77,175.26,Orthodox,1995-02-13,2.0,26.0,4.13,56.0,0.0,0.0,66.0,0.0,23.0,1.0,0.0
Kiefer Crosbie,180.34,77.11,177.8,Switch,1990-04-05,4.46,64.0,5.8,46.0,0.0,0.0,40.0,0.0,10.0,6.0,0.0
Kier Gooch,,70.31,,,1986-04-21,,,,,,,,,,,
Kiichi Kunimoto,177.8,77.11,180.34,Orthodox,1981-05-01,1.87,44.0,3.92,41.0,1.59,20.0,28.0,0.3,18.0,7.0,2.0
Kim Couture,172.72,61.23,,Orthodox,1975-12-18,,,,,,,,,,,
Kim In Seok,167.64,65.77,,Orthodox,,,,,,,,,,,,
Kim Tran,,52.16,,,1996-11-22,,,,,,,,,,,
Kimbert Alintozon,,61.23,,,1999-01-21,,,,,,,,,,,
Kimo Leopoldo,190.5,106.59,,Orthodox,1968-01-05,0.76,83.0,2.12,30.0,4.55,100.0,0.0,2.3,10.0,7.0,1.0
Kin Moy,165.1,61.23,,,,,,,,,,,,,,
King Green,177.8,70.31,180.34,Orthodox,1986-09-09,6.4,52.0,3.72,62.0,1.22,39.0,74.0,0.3,32.0,17.0,1.0
Kiran Singh,154.94,52.16,165.1,Orthodox,2000-07-25,,,,,,,,,,,
Kiril Sidelnikov,180.34,104.33,,,1988-08-17,,,,,,,,,,,
Kiru Sahota,177.8,56.7,185.42,Orthodox,1995-05-28,4.05,52.0,2.64,41.0,0.92,33.0,50.0,0.5,12.0,3.0,0.0
Kit Cope,182.88,77.11,,Orthodox,1977-03-17,1.18,52.0,2.12,35.0,0.0,0.0,50.0,3.5,6.0,7.0,0.0
Kitt Campbell,185.42,77.11,185.42,Orthodox,1994-06-26,,,,,,,,,,,
Kiyoshi Tamura,180.34,83.91,,Southpaw,1969-12-17,,,,,,,,,,,
Klaudia Sygula,172.72,61.23,175.26,Orthodox,1998-12-30,5.3,53.0,4.73,57.0,0.7,20.0,33.0,0.0,7.0,2.0,0.0
Klayton Mai,175.26,56.7,,,1986-11-30,,,,,,,,,,,
Kleydson Rodrigues,165.1,61.23,170.18,Orthodox,1995-10-22,4.58,57.0,2.29,53.0,0.6,22.0,53.0,0.6,8.0,4.0,0.0
Klidson Abreu,182.88,92.99,187.96,Orthodox,1992-12-24,2.05,40.0,2.9,55.0,0.64,20.0,80.0,0.0,15.0,4.0,0.0
Kody Steele,175.26,70.31,180.34,Orthodox,1995-04-21,4.44,32.0,7.17,52.0,0.62,14.0,100.0,0.0,7.0,1.0,0.0
Koichiro Matsumoto,170.18,65.77,,,1986-03-07,,,,,,,,,,,
Koji Kitao,200.66,158.76,,Southpaw,1963-10-12,0.0,0.0,0.0,0.0,0.0,0.0,0.0,0.0,1.0,2.0,0.0
Koji Oishi,172.72,77.11,,Orthodox,1977-05-31,1.43,9.0,17.86,43.0,0.0,0.0,0.0,0.0,25.0,10.0,10.0
Kolton Englund,177.8,70.31,175.26,Orthodox,1993-07-09,,,,,,,,,,,
Konstantin Erokhin,180.34,104.33,,Orthodox,1983-01-31,1.07,36.0,1.83,47.0,0.0,0.0,70.0,0.0,9.0,3.0,0.0
Korey Kuppe,195.58,77.11,195.58,Switch,1989-01-23,,,,,,,,,,,
Kotetsu Boku,175.26,69.85,,Orthodox,1977-05-27,,,,,,,,,,,
Koya Kanda,175.26,65.77,190.5,Southpaw,1995-12-20,,,,,,,,,,,
Koyomi Matsushima,170.18,65.77,167.64,Orthodox,1992-10-08,,,,,,,,,,,
Kris McCray,182.88,77.11,193.04,Orthodox,1981-09-24,2.69,45.0,2.57,54.0,2.88,55.0,38.0,0.0,8.0,5.0,0.0
Kris Moutinho,170.18,61.23,172.72,Southpaw,1992-08-09,4.51,31.0,14.68,29.0,0.0,0.0,0.0,0.0,14.0,7.0,0.0
Krishaun Gilmore,,,,,,,,,,,,,,,,
Kristian Rothaermel,182.88,92.99,,Open Stance,1972-01-31,0.75,50.0,2.49,41.0,0.0,0.0,0.0,0.0,4.0,3.0,0.0
Kristof Midoux,185.42,99.79,,Orthodox,1974-07-30,0.7,43.0,2.89,49.0,0.0,0.0,0.0,0.0,6.0,10.0,0.0
Kron Gracie,175.26,65.77,177.8,Southpaw,1988-07-11,2.95,42.0,5.73,51.0,0.35,25.0,0.0,0.7,5.0,3.0,0.0
Krzysztof Jotko,185.42,83.91,195.58,Southpaw,1989-08-19,2.98,42.0,2.23,57.0,1.33,39.0,82.0,0.1,24.0,6.0,0.0
Krzysztof Soszynski,185.42,92.99,195.58,Open Stance,1977-08-02,3.37,39.0,3.13,58.0,0.52,25.0,71.0,1.0,26.0,12.0,1.0
Kultar Gill,182.88,69.85,,Orthodox,1979-03-24,,,,,,,,,,,
Kuniyoshi Hironaka,177.8,76.2,177.8,Orthodox,1976-06-17,1.98,40.0,3.01,54.0,1.91,30.0,25.0,0.6,23.0,9.0,0.0
Kurt Holobaugh,180.34,70.31,177.8,Orthodox,1986-09-08,4.58,44.0,4.24,49.0,0.65,33.0,38.0,0.8,22.0,10.0,0.0
Kurt Osiander,,83.91,,,,,,,,,,,,,,
Kurt Pellegrino,172.72,70.31,177.8,Orthodox,1979-05-07,2.45,43.0,1.94,63.0,2.9,54.0,69.0,0.8,16.0,7.0,0.0
Kurtis Campbell,175.26,65.77,182.88,Switch,2002-07-29,,,,,,,,,,,
Kuya Ito,165.1,61.23,167.64,Orthodox,1996-10-07,,,,,,,,,,,
Kwan Ho Kwak,165.1,61.23,,Switch,1989-06-18,3.29,41.0,3.45,47.0,0.78,100.0,26.0,0.0,9.0,2.0,0.0
Kwan Woo Lim,,70.31,,,2001-07-27,,,,,,,,,,,
Kwon Won Il,,61.23,,,1995-06-24,,,,,,,,,,,
KyeungPyo Kim,175.26,70.31,180.34,Orthodox,1992-01-29,,,,,,,,,,,
Kyle Bochniak,170.18,65.77,177.8,Orthodox,1987-02-05,2.63,31.0,5.11,58.0,1.14,15.0,62.0,0.0,8.0,5.0,0.0
Kyle Bolt,187.96,83.91,,,,,,,,,,,,,,
Kyle Bradley,175.26,70.31,180.34,Orthodox,1982-08-19,1.99,40.0,3.45,58.0,0.65,50.0,40.0,0.0,19.0,12.0,0.0
Kyle Daukaus,187.96,83.91,193.04,Southpaw,1993-02-27,3.25,53.0,2.93,42.0,2.11,25.0,82.0,1.9,16.0,4.0,0.0
Kyle Dietz,172.72,61.23,,Orthodox,1986-04-29,,,,,,,,,,,
Kyle Driscoll,180.34,65.77,187.96,Orthodox,1994-09-23,,,,,,,,,,,
Kyle Jensen,175.26,77.11,,Orthodox,1979-07-20,,,,,,,,,,,
Kyle Kingsbury,193.04,92.99,200.66,Orthodox,1982-03-22,2.97,40.0,3.81,51.0,2.64,41.0,52.0,0.0,11.0,6.0,0.0
Kyle Kurtz,,77.11,,,,,,,,,,,,,,
Kyle Levinton,,,,,,,,,,,,,,,,
Kyle Nelson,180.34,70.31,180.34,Switch,1991-04-20,3.51,45.0,4.72,51.0,1.06,20.0,73.0,0.6,16.0,6.0,1.0
Kyle Noblitt,187.96,110.22,,,1989-12-26,,,,,,,,,,,
Kyle Noke,185.42,77.11,193.04,Southpaw,1980-03-18,3.23,50.0,2.09,64.0,1.53,54.0,66.0,0.8,22.0,10.0,1.0
Kyle Prepolec,177.8,70.31,177.8,Southpaw,1989-08-30,2.87,35.0,5.19,49.0,0.0,0.0,40.0,0.0,18.0,9.0,0.0
Kyle Reyes,172.72,65.77,,,,,,,,,,,,,,
Kyle Stewart,182.88,77.11,193.04,Orthodox,1989-01-31,1.41,35.0,2.42,43.0,1.32,20.0,60.0,0.0,11.0,3.0,0.0
Kyle Sturgeon,190.5,102.06,,Switch,,,,,,,,,,,,
Kyle Watson,182.88,70.31,,Southpaw,1979-08-09,3.67,35.0,3.25,62.0,0.0,0.0,100.0,0.0,13.0,8.0,1.0
Kyler Phillips,172.72,61.23,182.88,Orthodox,1995-06-12,5.04,42.0,3.83,60.0,2.31,45.0,75.0,0.4,12.0,4.0,0.0
Kyoji Horiguchi,165.1,56.7,167.64,Orthodox,1990-10-12,3.6,45.0,2.45,62.0,2.0,44.0,55.0,0.0,19.0,2.0,0.0
Kyosuke Sasaki,170.18,83.01,,Southpaw,,,,,,,,,,,,
Kyron Bowen,190.5,83.91,185.42,Orthodox,1993-12-22,,,,,,,,,,,
KyuSung Kim,180.34,56.7,175.26,Orthodox,1992-11-05,,,,,,,,,,,
Kyung Ho Kang,175.26,61.23,185.42,Orthodox,1987-09-09,3.13,47.0,3.32,54.0,1.97,50.0,68.0,0.8,19.0,11.0,0.0
LC Davis,172.72,61.23,175.26,Southpaw,1980-10-28,,,,,,,,,,,
Lacey Schuckman,160.02,56.7,,,,,,,,,,,,,,
Lance Benoist,180.34,77.11,182.88,Southpaw,1988-08-26,3.68,51.0,2.7,56.0,1.5,33.0,61.0,0.0,7.0,2.0,0.0
Lance Gibson,175.26,83.91,,Orthodox,1970-11-20,1.21,75.0,6.44,20.0,0.0,0.0,0.0,0.0,4.0,5.0,0.0
Lance Gibson Jr.,,70.31,,,1995-02-02,,,,,,,,,,,
Lance Lawrence,185.42,65.77,187.96,Orthodox,1993-06-26,,,,,,,,,,,
Lando Vannata,175.26,70.31,180.34,Orthodox,1992-03-14,4.52,45.0,4.76,55.0,1.09,37.0,69.0,0.3,12.0,7.0,2.0
Landon Quinones,175.26,70.31,177.8,Southpaw,1995-11-21,6.77,40.0,7.7,55.0,0.5,33.0,100.0,0.0,7.0,3.0,1.0
Landon Showalter,182.88,83.91,,,1976-06-14,,,,,,,,,,,
Lara Procopio,162.56,56.7,170.18,Orthodox,1995-11-14,5.64,58.0,6.5,47.0,3.15,47.0,50.0,0.3,7.0,2.0,0.0
Larissa Pacheco,170.18,61.23,,Orthodox,1994-09-07,1.21,19.0,4.14,55.0,0.0,0.0,0.0,0.0,10.0,2.0,0.0
Larry Cureton,187.96,108.86,,Orthodox,,0.0,0.0,0.0,0.0,0.0,0.0,0.0,0.0,0.0,2.0,0.0
Larry Parker,180.34,92.99,,Orthodox,,,,,,,,,,,,
Laureano Staropoli,185.42,83.91,180.34,Orthodox,1993-02-27,3.31,34.0,3.73,54.0,0.83,26.0,48.0,0.0,9.0,5.0,0.0
Lauren Mueller,165.1,56.7,170.18,Orthodox,1991-11-15,4.08,41.0,3.77,58.0,0.7,50.0,71.0,0.0,5.0,3.0,0.0
Lauren Murphy,165.1,56.7,170.18,Orthodox,1983-07-27,3.94,38.0,5.19,56.0,1.09,24.0,67.0,0.2,16.0,7.0,0.0
Lavar Johnson,193.04,108.86,208.28,Orthodox,1977-06-11,5.39,55.0,2.54,55.0,0.61,66.0,54.0,0.6,18.0,10.0,0.0
Laverne Clark,180.34,77.11,,Orthodox,1973-12-02,0.0,0.0,0.0,0.0,0.0,0.0,0.0,0.0,27.0,21.0,1.0
Lawrence Lui,170.18,61.23,182.88,Orthodox,1996-08-04,,,,,,,,,,,
Lazar Stojadinovic,170.18,65.77,172.72,Southpaw,1989-03-22,,,,,,,,,,,
Leah Letson,170.18,65.77,180.34,Southpaw,1992-08-21,3.06,41.0,3.84,52.0,0.51,50.0,76.0,0.0,5.0,3.0,0.0
Leandro Issa,170.18,61.23,175.26,Orthodox,1983-09-19,2.08,37.0,3.17,58.0,2.38,22.0,50.0,1.2,13.0,6.0,0.0
Leandro Silva,175.26,70.31,182.88,Orthodox,1985-11-11,2.39,48.0,2.08,63.0,1.76,37.0,65.0,0.4,20.0,6.0,1.0
Lee Brousseau,185.42,92.99,,,1974-10-04,,,,,,,,,,,
Lee Gibson,170.18,70.31,,,,,,,,,,,,,,
Lee Higgins,,70.31,,,1980-07-14,,,,,,,,,,,
Lee Kwan Bum,187.96,129.73,,Orthodox,,,,,,,,,,,,
Lee Murray,190.5,83.91,,Orthodox,1977-09-12,0.36,15.0,3.28,32.0,0.9,100.0,42.0,1.8,8.0,2.0,1.0
Leigh Remedios,170.18,70.31,,Orthodox,1976-01-13,0.75,41.0,1.36,68.0,0.0,0.0,33.0,0.0,18.0,10.0,2.0
Leiticia Pestova,167.64,61.23,,Orthodox,1984-01-15,,,,,,,,,,,
Lemont Davis,172.72,77.11,,Orthodox,,,,,,,,,,,,
Len Bentley,175.26,70.31,,,1982-11-30,,,,,,,,,,,
Leo Kuntz,177.8,70.31,,Orthodox,1983-10-03,1.68,32.0,3.8,45.0,1.99,25.0,33.0,0.7,18.0,4.0,1.0
Leo Sylvest,180.34,92.99,,Orthodox,1973-09-03,,,,,,,,,,,
Leon Aliu,182.88,83.91,187.96,Orthodox,1989-07-14,,,,,,,,,,,
Leon Edwards,187.96,77.11,187.96,Southpaw,1991-08-25,2.62,54.0,2.42,53.0,1.18,36.0,63.0,0.4,22.0,5.0,0.0
Leon Shahbazyan,193.04,77.11,187.96,Orthodox,1995-11-18,,,,,,,,,,,
Leonard Garcia,177.8,65.77,172.72,Orthodox,1979-07-14,2.77,24.0,4.79,52.0,0.3,26.0,42.0,0.5,18.0,13.0,1.0
Leonardo Damiani,177.8,77.11,175.26,Orthodox,1990-08-30,,,,,,,,,,,
Leonardo Guimaraes,182.88,83.91,,Orthodox,1982-04-15,2.35,56.0,2.99,44.0,0.0,0.0,52.0,1.0,11.0,5.0,0.0
Leonardo Mafra,177.8,70.31,177.8,Orthodox,1989-04-25,4.55,48.0,4.38,43.0,2.12,83.0,69.0,0.4,13.0,4.0,0.0
Leonardo Morales,172.72,61.23,,Southpaw,1992-12-22,2.05,47.0,2.05,58.0,0.0,0.0,62.0,0.0,6.0,2.0,0.0
Leonardo Santos,182.88,70.31,190.5,Orthodox,1980-02-05,2.82,46.0,3.4,54.0,0.88,25.0,86.0,0.2,18.0,7.0,1.0
Leonardo Silva de Oliveira,187.96,83.91,,Orthodox,1992-04-23,,,,,,,,,,,
Lerone Murphy,175.26,65.77,185.42,Orthodox,1991-07-22,4.48,53.0,2.51,61.0,1.41,54.0,51.0,0.5,17.0,0.0,1.0
Lerryan Douglas,175.26,65.77,182.88,Orthodox,1995-04-27,,,,,,,,,,,
Leslie Hernandez,160.02,52.16,162.56,Orthodox,1997-12-29,,,,,,,,,,,
Leslie Smith,175.26,61.23,167.64,Orthodox,1982-08-17,7.56,40.0,8.41,51.0,0.0,0.0,62.0,0.0,10.0,7.0,1.0
Levan Makashvili,172.72,65.77,172.72,Orthodox,1989-01-07,2.87,54.0,2.07,61.0,3.67,42.0,85.0,0.0,15.0,2.0,1.0
Levi Alford,,,,,,,,,,,,,,,,
Levi Avera,185.42,77.11,,,1982-05-17,,,,,,,,,,,
Levi Rodrigues,,92.99,,,1996-10-15,,,,,,,,,,,
Lewis Gonzalez,177.8,77.11,,Orthodox,1987-09-19,1.4,37.0,1.87,41.0,2.0,33.0,62.0,0.0,11.0,3.0,0.0
Li Jingliang,182.88,77.11,180.34,Orthodox,1988-03-20,4.46,42.0,3.95,56.0,1.19,41.0,60.0,0.0,19.0,9.0,0.0
Li Yunfeng,172.72,61.23,172.72,Orthodox,1999-03-08,,,,,,,,,,,
Liam Anderson,190.5,83.91,190.5,Orthodox,1995-01-13,,,,,,,,,,,
Liam McGeary,198.12,92.99,,,1982-10-04,,,,,,,,,,,
Liana Jojua,162.56,56.7,157.48,Orthodox,1995-03-22,2.42,30.0,5.32,54.0,1.71,66.0,50.0,1.3,8.0,5.0,0.0
Liang Na,165.1,56.7,170.18,Orthodox,1996-07-27,1.99,42.0,3.95,36.0,3.6,58.0,25.0,0.5,19.0,8.0,0.0
Liliya Shakirova,162.56,56.7,165.1,Orthodox,1991-10-24,2.7,30.0,2.58,74.0,0.0,0.0,0.0,0.0,8.0,2.0,0.0
Lina Kvokov,175.26,61.23,,Orthodox,,,,,,,,,,,,
Lina Lansberg,170.18,61.23,165.1,Orthodox,1982-03-13,2.69,55.0,3.87,44.0,0.52,27.0,47.0,0.1,10.0,8.0,0.0
Linton Vassell,193.04,92.99,,,1983-06-03,,,,,,,,,,,
Lionel Lanham,,92.99,,,1980-08-31,,,,,,,,,,,
Lisa Ellis,162.56,52.16,,,1982-11-15,1.68,48.0,2.32,57.0,4.19,63.0,50.0,0.6,15.0,11.0,0.0
Lisa Kyriacou,165.1,56.7,162.56,Orthodox,1993-11-17,,,,,,,,,,,
Lissette Neri,157.48,65.77,,,1987-08-05,,,,,,,,,,,
Liudvik Sholinian,177.8,61.23,180.34,Orthodox,1990-01-20,2.5,30.0,5.67,55.0,0.0,0.0,66.0,0.0,9.0,4.0,1.0
Livinha Souza,160.02,52.16,160.02,Orthodox,1991-03-11,1.75,45.0,3.6,56.0,2.54,45.0,40.0,1.4,14.0,4.0,0.0
Liz Carmouche,167.64,56.7,167.64,Orthodox,1984-02-19,2.78,54.0,2.51,61.0,2.57,51.0,65.0,0.3,13.0,7.0,0.0
Lloyd Van Dams,185.42,108.86,,Southpaw,1972-03-05,,,,,,,,,,,
Lodune Sincaid,175.26,83.91,,Orthodox,1973-05-07,2.72,42.0,6.17,57.0,0.0,0.0,75.0,0.0,15.0,9.0,0.0
Logan Clark,187.96,83.91,,Orthodox,1985-02-16,2.2,54.0,1.49,53.0,0.31,100.0,30.0,2.1,18.0,6.0,0.0
Logan Nail,,83.91,,,1989-06-20,,,,,,,,,,,
Logan Urban,182.88,77.11,182.88,Orthodox,1994-04-22,,,,,,,,,,,
Logan Woods,,83.91,,,1994-05-30,,,,,,,,,,,
Loik Radzhabov,180.34,70.31,175.26,Orthodox,1990-09-17,2.89,44.0,3.76,46.0,4.65,57.0,42.0,0.0,18.0,6.0,1.0
Lolohea Mahe,,,,,,,,,,,,,,,,
Loma Lookboonmee,154.94,52.16,154.94,Orthodox,1996-01-18,3.87,56.0,2.47,52.0,2.03,51.0,73.0,0.1,10.0,3.0,0.0
Lone'er Kavanagh,167.64,56.7,170.18,Orthodox,1999-06-09,4.29,49.0,3.69,58.0,1.79,50.0,88.0,0.4,9.0,1.0,0.0
Loopy Godinez,157.48,52.16,154.94,Orthodox,1993-09-06,4.51,49.0,4.03,62.0,2.96,41.0,81.0,0.9,14.0,5.0,0.0
Lorenz Larkin,180.34,77.11,182.88,Orthodox,1986-09-03,3.53,46.0,2.74,63.0,0.27,42.0,79.0,0.1,18.0,6.0,0.0
Lorenzo Hood,190.5,120.2,203.2,Southpaw,1989-03-02,,,,,,,,,,,
Losene Keita,172.72,65.77,182.88,Orthodox,1997-12-30,,,,,,,,,,,
Louie Sutherland,190.5,119.75,193.04,Orthodox,1994-02-08,,,,,,,,,,,
Louis Cosce,175.26,77.11,180.34,Orthodox,1995-08-27,4.31,45.0,5.35,47.0,1.04,20.0,50.0,0.5,7.0,2.0,0.0
Louis Gaudinot,160.02,56.7,160.02,Orthodox,1984-08-28,2.34,37.0,6.42,48.0,0.57,40.0,31.0,1.1,8.0,4.0,0.0
Louis Jauregui,170.18,77.11,,,,,,,,,,,,,,
Louis Jourdain,175.26,61.23,175.26,Orthodox,1997-03-13,,,,,,,,,,,
Louis Lee Scott,172.72,61.23,177.8,Orthodox,2000-02-26,,,,,,,,,,,
Louis Smolka,175.26,61.23,172.72,Orthodox,1991-07-16,4.67,47.0,4.11,53.0,1.69,35.0,32.0,1.8,17.0,9.0,0.0
Louis Taylor,180.34,83.91,,Orthodox,1979-05-12,,,,,,,,,,,
Lowell Anderson,167.64,72.57,,Orthodox,,0.0,0.0,0.0,0.0,0.0,0.0,0.0,0.0,0.0,1.0,0.0
Lu Kai,175.26,65.77,175.26,Orthodox,1994-03-01,,,,,,,,,,,
Lu Zhengyong,,56.7,,,,,,,,,,,,,,
Luan Chagas,182.88,77.11,190.5,Orthodox,1993-06-17,4.16,47.0,3.19,62.0,0.32,12.0,85.0,0.3,15.0,3.0,1.0
Luan Lacerda,170.18,61.23,180.34,Orthodox,1993-01-07,4.52,44.0,7.07,47.0,1.26,25.0,75.0,0.6,12.0,3.0,0.0
Luana Carolina,167.64,61.23,175.26,Orthodox,1993-06-11,4.81,50.0,3.54,50.0,0.34,37.0,74.0,0.6,11.0,4.0,0.0
Luana Pinheiro,157.48,52.16,157.48,Orthodox,1992-11-18,3.29,39.0,4.06,60.0,2.33,37.0,71.0,0.2,11.0,5.0,0.0
Luana Santos,167.64,61.23,170.18,Orthodox,2000-04-16,3.69,52.0,3.4,62.0,1.91,50.0,83.0,1.3,9.0,2.0,0.0
Luc Bondole,187.96,92.99,,,,,,,,,,,,,,
Lucas Alexander,180.34,65.77,185.42,Orthodox,1995-07-28,4.69,57.0,2.87,56.0,0.0,0.0,60.0,0.0,8.0,5.0,0.0
Lucas Almeida,180.34,65.77,180.34,Orthodox,1991-01-31,4.94,39.0,5.04,44.0,0.0,0.0,53.0,0.0,15.0,4.0,0.0
Lucas Brennan,,70.31,,Southpaw,2000-06-03,,,,,,,,,,,
Lucas Caldas,,70.31,,Orthodox,1996-05-22,,,,,,,,,,,
Lucas Camacho,193.04,120.2,203.2,Orthodox,1992-12-15,,,,,,,,,,,
Lucas Fernando,190.5,83.91,203.2,,1997-01-10,,,,,,,,,,,
Lucas Gamaza,,77.11,,,,,,,,,,,,,,
Lucas Lopes,187.96,83.91,,,1979-10-05,,,,,,,,,,,
Lucas Martins,182.88,65.77,182.88,Southpaw,1988-11-11,2.87,35.0,4.14,60.0,0.0,0.0,76.0,0.5,19.0,3.0,0.0
Lucas Rocha,160.02,56.7,162.56,Orthodox,2000-08-12,2.0,44.0,4.48,39.0,0.0,0.0,61.0,0.0,17.0,2.0,0.0
Lucas Stark,,70.31,,,,,,,,,,,,,,
Lucasz Sudolski,193.04,92.99,190.5,Orthodox,1993-06-15,,,,,,,,,,,
Luciano Azevedo,190.5,73.03,,Orthodox,1981-06-25,,,,,,,,,,,
Luciano Pereira,,56.7,,Orthodox,2001-01-09,,,,,,,,,,,
Lucie Pudilova,172.72,56.7,170.18,Orthodox,1994-06-13,3.6,37.0,4.07,50.0,0.7,31.0,67.0,0.6,14.0,10.0,0.0
Lucio Linhares,187.96,83.91,,Orthodox,1973-12-08,0.99,22.0,3.47,34.0,1.86,50.0,50.0,1.9,19.0,8.0,0.0
Lucrezia Ria,167.64,56.7,,Orthodox,1992-06-24,,,,,,,,,,,
Ludovit Klein,170.18,70.31,182.88,Southpaw,1995-02-22,3.57,52.0,3.34,52.0,1.52,51.0,76.0,0.0,23.0,5.0,1.0
Luigi Fioravanti,172.72,77.11,177.8,Orthodox,1981-01-22,2.23,42.0,2.21,69.0,3.76,63.0,67.0,0.9,26.0,15.0,0.0
Luigi Vendramini,172.72,70.31,185.42,Orthodox,1996-01-16,2.82,40.0,3.82,57.0,1.11,15.0,100.0,0.6,9.0,3.0,0.0
Luis Felipe Dias,,83.91,,,1995-01-17,,,,,,,,,,,
Luis Gomez,170.18,65.77,172.72,Orthodox,1995-01-28,,,,,,,,,,,
Luis Gurule,165.1,56.7,162.56,Orthodox,1993-11-16,5.34,48.0,3.74,58.0,0.68,16.0,50.0,0.0,10.0,1.0,0.0
Luis Henrique,187.96,110.22,187.96,Orthodox,1993-08-21,1.81,43.0,2.22,47.0,3.09,36.0,50.0,1.0,10.0,5.0,0.0
Luis Mendoza,,70.31,,,,,,,,,,,,,,
Luis Pajuelo,177.8,65.77,175.26,Orthodox,1994-12-18,6.03,57.0,8.2,52.0,0.0,0.0,66.0,0.0,8.0,2.0,0.0
Luis Pena,190.5,70.31,190.5,Southpaw,1993-07-05,3.66,46.0,3.12,51.0,1.17,33.0,48.0,1.2,9.0,3.0,0.0
Luis Ramos,172.72,77.11,,Orthodox,1981-01-18,2.4,35.0,5.6,42.0,1.5,20.0,100.0,0.0,20.0,10.0,2.0
Luis Saldana,180.34,65.77,185.42,Orthodox,1991-01-27,5.16,50.0,3.65,60.0,0.64,17.0,44.0,0.2,16.0,7.0,1.0
Luis Santos,185.42,77.11,,Southpaw,,,,,,,,,,,,
Luiz Azeredo,175.26,69.85,,Orthodox,1976-06-10,,,,,,,,,,,
Luiz Cane,187.96,83.91,195.58,Southpaw,1981-04-24,4.79,41.0,5.0,60.0,0.56,28.0,100.0,0.3,17.0,7.0,0.0
Luiz Dutra,180.34,77.11,,Orthodox,1982-05-06,3.92,50.0,4.8,41.0,0.0,0.0,100.0,0.0,13.0,6.0,1.0
Luiz Firmino,167.64,69.85,,Orthodox,1982-03-18,,,,,,,,,,,
Lukasz Brzeski,190.5,107.05,198.12,Orthodox,1992-05-17,4.9,50.0,3.65,54.0,0.41,33.0,35.0,0.4,9.0,7.0,1.0
Lukasz Les,,77.11,,,1981-11-05,,,,,,,,,,,
Lukasz Sajewski,172.72,70.31,180.34,Orthodox,1990-11-27,2.06,35.0,3.88,57.0,1.01,25.0,66.0,0.0,13.0,3.0,0.0
Luke Barnatt,198.12,83.91,195.58,Orthodox,1988-04-13,4.43,36.0,3.87,59.0,0.63,42.0,63.0,0.4,13.0,4.0,0.0
Luke Caudillo,170.18,70.31,,Orthodox,1980-11-30,1.97,28.0,5.07,55.0,0.44,20.0,85.0,0.0,17.0,17.0,0.0
Luke Cummo,182.88,77.11,187.96,Orthodox,1980-04-27,1.74,43.0,1.5,59.0,0.89,55.0,42.0,1.4,6.0,6.0,0.0
Luke Fernandez,,92.99,,Orthodox,1995-06-29,,,,,,,,,,,
Luke Flores,182.88,70.31,185.42,Southpaw,1988-03-17,,,,,,,,,,,
Luke Hartwig,,,,,,,,,,,,,,,,
Luke Jumeau,180.34,77.11,182.88,Orthodox,1988-02-12,2.93,43.0,3.17,58.0,0.25,100.0,86.0,0.0,13.0,5.0,0.0
Luke Riley,,65.77,,,1999-06-30,,,,,,,,,,,
Luke Rockhold,190.5,83.91,195.58,Southpaw,1984-10-17,4.1,49.0,2.68,53.0,0.7,29.0,65.0,1.0,16.0,6.0,0.0
Luke Sanders,167.64,61.23,170.18,Southpaw,1985-12-12,6.61,52.0,4.37,50.0,0.71,30.0,72.0,0.2,13.0,5.0,0.0
Luke Stewart,180.34,77.11,,Orthodox,,,,,,,,,,,,
Luke Zachrich,187.96,83.91,187.96,Orthodox,1981-12-19,4.56,32.0,4.46,62.0,0.74,33.0,80.0,0.0,14.0,4.0,0.0
Lumumba Sayers,182.88,83.91,,,1978-06-30,,,,,,,,,,,
Lv Zhenhong,172.72,65.77,170.18,Switch,1993-06-25,,,,,,,,,,,
Lyle Beerbohm,177.8,70.31,,Southpaw,1979-02-05,,,,,,,,,,,
Lyman Good,182.88,77.11,187.96,Orthodox,1985-05-26,5.34,48.0,4.01,63.0,0.27,100.0,75.0,0.0,21.0,6.0,0.0
Lyoto Machida,185.42,83.91,187.96,Southpaw,1978-05-30,2.59,53.0,1.57,61.0,1.21,65.0,75.0,0.4,24.0,8.0,0.0
Mabelly Lima,157.48,61.23,,Orthodox,1994-01-25,,,,,,,,,,,
Mac Danzig,172.72,70.31,177.8,Orthodox,1980-01-02,3.39,48.0,3.44,57.0,1.2,37.0,46.0,0.6,21.0,12.0,1.0
Machi Fukuda,,52.16,,,2003-06-03,,,,,,,,,,,
Maciej Jewtuszko,182.88,70.31,,Southpaw,1981-01-31,2.29,45.0,1.39,66.0,0.0,0.0,42.0,0.9,12.0,3.0,0.0
Mack Brewer,,92.99,,,,,,,,,,,,,,
Mackens Semerzier,175.26,65.77,182.88,Orthodox,1980-11-03,2.91,45.0,3.48,46.0,2.14,50.0,50.0,2.1,8.0,4.0,0.0
Mackenzie Dern,162.56,52.16,160.02,Orthodox,1993-03-24,3.31,40.0,3.9,52.0,0.89,17.0,25.0,1.2,15.0,5.0,0.0
Macksom Lee,185.42,61.23,190.5,Orthodox,1999-01-06,,,,,,,,,,,
Macy Chiasson,180.34,61.23,182.88,Orthodox,1991-07-27,3.49,46.0,2.68,45.0,2.08,35.0,71.0,0.4,11.0,4.0,0.0
Mads Burnell,172.72,65.77,175.26,Orthodox,1994-03-06,1.28,41.0,2.71,51.0,3.45,47.0,22.0,0.4,9.0,3.0,0.0
Magno Almeida,182.88,70.31,,,1985-06-06,,,,,,,,,,,
Magno Dias,165.1,61.23,170.18,,1995-11-30,,,,,,,,,,,
Magnus Cedenblad,195.58,83.91,200.66,Orthodox,1982-04-10,2.38,51.0,3.02,40.0,2.87,64.0,66.0,1.0,14.0,5.0,0.0
Magomed Ankalaev,190.5,92.99,190.5,Orthodox,1992-06-02,3.66,52.0,2.46,57.0,0.8,22.0,87.0,0.0,21.0,1.0,1.0
Magomed Gadzhiyasulov,187.96,92.99,190.5,Orthodox,1993-11-04,2.89,49.0,1.64,62.0,3.67,73.0,61.0,0.0,9.0,1.0,0.0
Magomed Mustafaev,172.72,70.31,180.34,Orthodox,1988-08-02,2.59,58.0,2.68,41.0,3.31,50.0,23.0,0.4,14.0,4.0,0.0
Magomed Sultanakhmedov,187.96,83.91,,Southpaw,,,,,,,,,,,,
Magomed Tuchalov,,92.99,,,1999-12-30,,,,,,,,,,,
Magomed Zaynukov,,70.31,,Orthodox,1995-01-02,,,,,,,,,,,
Mahamed Aly,187.96,92.99,198.12,Orthodox,1994-01-11,,,,,,,,,,,
Maheshate,182.88,70.31,180.34,Orthodox,1999-12-01,3.96,31.0,5.96,51.0,0.0,0.0,47.0,0.0,10.0,5.0,0.0
Maia Stevenson,162.56,52.16,157.48,Orthodox,1982-03-19,1.57,54.0,3.13,33.0,3.91,100.0,50.0,0.0,6.0,5.0,0.0
Maiara Amanajas dos Santos,165.1,52.16,,Southpaw,1987-07-11,,,,,,,,,,,
Maiju Kujala,,61.23,,,,,,,,,,,,,,
Maimaitituoheti Keremuaili,167.64,61.23,167.64,Orthodox,1991-03-18,,,,,,,,,,,
Maiquel Falcao,180.34,83.91,,Orthodox,1981-03-08,1.67,55.0,0.53,86.0,1.0,100.0,71.0,3.0,37.0,10.0,0.0
Mairbek Taisumov,175.26,70.31,185.42,Orthodox,1988-08-08,2.98,39.0,3.03,64.0,1.34,63.0,88.0,0.0,27.0,6.0,0.0
Mairon Santos,170.18,70.31,182.88,Orthodox,2000-06-10,3.53,46.0,2.38,66.0,0.0,0.0,50.0,0.0,17.0,1.0,0.0
Maka Watson,,70.31,,,1984-09-22,,,,,,,,,,,
Makhmud Muradov,187.96,83.91,190.5,Orthodox,1990-02-08,4.21,43.0,2.57,61.0,3.03,66.0,77.0,0.2,26.0,8.0,0.0
Maki Pitolo,177.8,83.91,190.5,Orthodox,1990-11-24,4.1,44.0,3.93,55.0,2.24,52.0,50.0,0.8,13.0,9.0,0.0
Makoto Takimoto,170.18,92.99,,Southpaw,1979-12-08,,,,,,,,,,,
Makwan Amirkhani,177.8,65.77,182.88,Southpaw,1988-11-08,1.33,44.0,2.98,46.0,3.96,43.0,35.0,1.1,17.0,9.0,0.0
Mal Foki,170.18,99.79,,Orthodox,,,,,,,,,,,,
Malcolm Gordon,170.18,56.7,180.34,Switch,1990-05-19,2.5,45.0,2.0,43.0,1.72,35.0,26.0,1.0,14.0,8.0,0.0
Malcolm Wellmaker,177.8,61.23,180.34,Switch,1994-06-04,7.2,62.0,4.8,60.0,0.0,0.0,100.0,0.0,10.0,0.0,0.0
Malik Lewis,182.88,70.31,190.5,Orthodox,1996-03-04,,,,,,,,,,,
Mallory Martin,162.56,52.16,160.02,Orthodox,1994-01-29,4.42,48.0,6.64,55.0,2.28,43.0,25.0,0.3,7.0,5.0,0.0
Mana Martinez,177.8,61.23,177.8,Orthodox,1996-03-25,4.33,48.0,4.94,50.0,0.72,42.0,25.0,0.5,10.0,4.0,0.0
Mandel Nallo,182.88,70.31,190.5,Orthodox,1989-07-26,,,,,,,,,,,
Mando Gutierrez,167.64,61.23,177.8,Southpaw,1997-02-24,,,,,,,,,,,
Mandy Bohm,170.18,56.7,180.34,Orthodox,1989-07-30,2.51,45.0,3.24,60.0,0.72,18.0,75.0,0.7,8.0,2.0,0.0
Manel Kape,165.1,56.7,172.72,Southpaw,1993-11-14,5.04,55.0,4.05,57.0,0.42,30.0,81.0,0.3,21.0,7.0,0.0
Manny Bermudez,177.8,65.77,180.34,Orthodox,1994-07-16,2.92,61.0,2.68,46.0,3.06,54.0,0.0,3.1,14.0,2.0,0.0
Manny Tapia,165.1,61.23,170.18,Orthodox,1981-03-14,,,,,,,,,,,
Manny Vazquez,177.8,56.7,182.88,Orthodox,1993-11-19,,,,,,,,,,,
Manoel Sousa,175.26,70.31,177.8,Orthodox,1997-06-04,,,,,,,,,,,
Manolo Zecchini,172.72,65.77,172.72,Orthodox,1996-10-22,2.34,21.0,6.75,46.0,0.0,0.0,0.0,0.0,11.0,4.0,0.0
Manon Fiorot,170.18,56.7,165.1,Orthodox,1990-02-17,5.58,41.0,3.59,66.0,1.06,29.0,87.0,0.0,12.0,2.0,0.0
Mansher Khera,177.8,70.31,172.72,Orthodox,1992-04-15,,,,,,,,,,,
Mansur Abdul-Malik,187.96,83.91,203.2,Orthodox,1997-10-07,4.27,48.0,3.49,51.0,0.49,33.0,82.0,0.0,8.0,0.0,1.0
Mantas Kondratavicius,187.96,83.91,190.5,Orthodox,1999-07-17,,,,,,,,,,,
Manuel Exposito,170.18,65.77,172.72,Orthodox,2000-05-09,,,,,,,,,,,
Manuel Gaxhja,172.72,70.31,,Switch,1997-07-23,,,,,,,,,,,
Manuel Rodriguez,175.26,77.11,,Orthodox,1985-04-25,0.81,33.0,3.23,38.0,9.09,75.0,0.0,0.0,11.0,5.0,0.0
Manuel Torres,177.8,70.31,185.42,Switch,1995-03-25,7.87,60.0,4.2,52.0,2.0,66.0,88.0,1.0,16.0,3.0,0.0
Manvel Gamburyan,165.1,61.23,170.18,Orthodox,1981-05-08,2.13,41.0,2.83,55.0,3.26,34.0,69.0,0.7,15.0,10.0,0.0
MarQuel Mederos,177.8,70.31,175.26,Orthodox,1996-11-30,4.84,56.0,2.99,58.0,0.0,0.0,83.0,0.0,11.0,1.0,0.0
Mara Romero Borella,167.64,56.7,175.26,Orthodox,1986-06-03,2.54,37.0,2.48,71.0,1.83,44.0,66.0,0.2,12.0,9.0,0.0
Marc Cofer,,83.91,,,1972-03-03,,,,,,,,,,,
Marc Diakiese,177.8,70.31,185.42,Orthodox,1993-03-16,2.54,40.0,2.64,52.0,3.29,43.0,66.0,0.0,17.0,7.0,0.0
Marc Stevens,175.26,70.31,,,,,,,,,,,,,,
Marc-Andre Barriault,185.42,83.91,187.96,Orthodox,1990-02-18,5.7,47.0,5.63,50.0,0.37,28.0,68.0,0.1,17.0,10.0,0.0
Marcel Fortuna,185.42,92.99,187.96,Orthodox,1985-10-22,3.83,46.0,4.52,64.0,0.45,8.0,75.0,0.5,9.0,3.0,0.0
Marcelo Aguiar,177.8,77.11,,Orthodox,,0.0,0.0,0.0,0.0,0.0,0.0,0.0,0.0,2.0,3.0,1.0
Marcelo Brito,185.42,77.11,,Orthodox,1977-11-27,,,,,,,,,,,
Marcelo Golm,190.5,112.94,190.5,Orthodox,1992-09-15,4.27,58.0,4.3,45.0,0.45,50.0,87.0,0.5,6.0,3.0,0.0
Marcelo Guimaraes,182.88,83.91,185.42,Orthodox,1983-06-25,4.67,51.0,4.41,62.0,1.99,13.0,0.0,0.0,9.0,2.0,1.0
Marcelo Mello,170.18,77.11,,Southpaw,,0.0,0.0,0.0,0.0,0.0,0.0,0.0,0.0,1.0,0.0,0.0
Marcelo Rojo,172.72,65.77,180.34,Orthodox,1988-07-02,4.92,39.0,6.42,55.0,0.46,50.0,66.0,0.0,16.0,10.0,0.0
Marcin Bandel,177.8,70.31,,Orthodox,1989-10-10,0.79,50.0,5.26,23.0,0.0,0.0,0.0,0.0,15.0,7.0,0.0
Marcin Held,175.26,70.31,180.34,Orthodox,1992-01-18,1.41,34.0,2.02,47.0,2.46,46.0,37.0,1.3,23.0,7.0,0.0
Marcin Prachnio,190.5,92.99,185.42,Orthodox,1988-07-14,5.52,54.0,3.15,54.0,0.14,20.0,53.0,0.0,17.0,9.0,0.0
Marcin Tybura,190.5,111.58,198.12,Orthodox,1985-11-09,3.59,48.0,3.33,55.0,1.38,33.0,75.0,0.1,27.0,10.0,0.0
Marcin Wrzosek,175.26,70.31,,,1987-10-14,3.47,43.0,4.07,43.0,3.0,25.0,33.0,0.0,12.0,4.0,0.0
Marcio Alexandre Junior,182.88,83.91,190.5,Southpaw,1989-05-05,1.61,45.0,2.89,42.0,0.35,20.0,66.0,0.7,17.0,4.0,0.0
Marcio Barbosa,167.64,65.77,177.8,Orthodox,1998-05-22,,,,,,,,,,,
Marcio Cruz,193.04,105.23,,Orthodox,1978-04-24,2.92,46.0,1.51,68.0,0.53,7.0,37.0,1.6,8.0,3.0,0.0
Marcio Navarro,182.88,70.31,,,1978-09-17,,,,,,,,,,,
Marco Beltran,172.72,56.7,175.26,Orthodox,1986-05-18,2.07,37.0,1.93,63.0,0.7,50.0,46.0,0.2,8.0,6.0,0.0
Marco Polo Reyes,180.34,70.31,180.34,Orthodox,1984-11-07,6.0,37.0,5.52,59.0,0.0,0.0,46.0,0.0,8.0,7.0,0.0
Marco Ruas,185.42,95.25,,Orthodox,1961-01-23,0.0,0.0,0.0,0.0,0.0,0.0,0.0,0.0,9.0,4.0,2.0
Marco Tulio,182.88,83.91,187.96,Orthodox,1994-06-13,7.54,60.0,2.53,61.0,0.88,20.0,0.0,0.4,14.0,1.0,0.0
Marcos Bonilla,177.8,65.77,,,,,,,,,,,,,,
Marcos Brigagao,190.5,92.99,193.04,Southpaw,1996-04-01,,,,,,,,,,,
Marcos Conrado Jr.,187.96,99.79,,Orthodox,1982-03-14,,,,,,,,,,,
Marcos Galvao,170.18,61.23,,Orthodox,1981-06-23,,,,,,,,,,,
Marcos Mariano,185.42,70.31,193.04,Switch,1986-10-12,0.25,27.0,2.11,43.0,0.0,0.0,28.0,0.0,6.0,6.0,0.0
Marcos Rogerio de Lima,185.42,114.76,190.5,Orthodox,1985-06-25,3.7,57.0,2.9,51.0,1.4,45.0,59.0,0.5,22.0,10.0,1.0
Marcos Vinicius,175.26,56.7,,Orthodox,1979-12-05,1.93,49.0,2.91,47.0,0.0,0.0,25.0,0.5,23.0,11.0,1.0
Marcos da Matta,162.56,65.77,,,1973-03-18,,,,,,,,,,,
Marcus Aurelio,177.8,70.31,187.96,Orthodox,1973-08-18,1.42,33.0,2.27,59.0,1.69,27.0,27.0,1.3,22.0,10.0,0.0
Marcus Bossett,185.42,97.52,,Orthodox,,0.0,0.0,0.0,0.0,0.0,0.0,0.0,0.0,1.0,3.0,0.0
Marcus Brimage,162.56,61.23,180.34,Southpaw,1985-04-06,3.97,35.0,3.64,56.0,0.56,100.0,80.0,0.0,7.0,7.0,0.0
Marcus Buchecha,187.96,115.67,195.58,Orthodox,1990-01-08,1.6,40.0,2.73,52.0,1.0,9.0,0.0,0.0,5.0,2.0,0.0
Marcus Davis,177.8,77.11,177.8,Southpaw,1973-08-24,2.72,39.0,2.79,65.0,1.6,48.0,47.0,1.4,22.0,11.0,0.0
Marcus Hicks,167.64,70.31,162.56,Southpaw,1975-11-25,,,,,,,,,,,
Marcus Jones,198.12,120.2,,Orthodox,1973-08-15,1.94,52.0,2.71,58.0,8.71,75.0,0.0,2.9,4.0,2.0,0.0
Marcus Kowal,,61.23,,,,,,,,,,,,,,
Marcus LeVesseur,175.26,70.31,177.8,Southpaw,1982-07-17,2.55,64.0,3.7,37.0,3.89,36.0,83.0,0.6,22.0,7.0,0.0
Marcus McGhee,172.72,61.23,175.26,Orthodox,1990-05-07,5.5,45.0,3.64,57.0,0.31,14.0,90.0,0.3,10.0,2.0,0.0
Marcus Silveira,190.5,109.77,,Orthodox,,0.0,0.0,0.0,0.0,0.0,0.0,0.0,0.0,6.0,4.0,0.0
Marek Bujlo,,120.2,,,1993-10-10,,,,,,,,,,,
Maria Oliveira,167.64,52.16,175.26,Orthodox,1996-12-12,5.03,38.0,5.76,44.0,0.95,44.0,47.0,0.0,13.0,7.0,0.0
Maria Rios,165.1,56.7,,,1983-05-31,,,,,,,,,,,
Maria Silva,160.02,52.16,162.56,Orthodox,1995-12-19,,,,,,,,,,,
Marilia Santos,162.56,56.7,,Orthodox,1992-12-12,,,,,,,,,,,
Marina Rodriguez,167.64,52.16,165.1,Orthodox,1987-04-29,4.51,46.0,3.01,55.0,0.27,50.0,61.0,0.3,17.0,6.0,2.0
Mario Bautista,175.26,61.23,175.26,Switch,1993-07-01,6.13,49.0,4.45,55.0,1.67,33.0,67.0,0.8,16.0,2.0,0.0
Mario Mingaj,,83.91,,,,,,,,,,,,,,
Mario Miranda,190.5,83.91,187.96,Orthodox,1979-07-12,1.96,54.0,2.46,36.0,1.02,60.0,54.0,0.0,14.0,7.0,0.0
Mario Neto,182.88,103.87,,Orthodox,,1.89,50.0,1.89,70.0,2.84,100.0,0.0,0.0,13.0,5.0,0.0
Mario Piazzon,175.26,120.2,185.42,Orthodox,1998-04-06,,,,,,,,,,,
Mario Pinto,195.58,120.2,200.66,Orthodox,1998-03-14,3.67,71.0,5.29,51.0,0.0,0.0,100.0,0.0,10.0,0.0,0.0
Mario Rivera,177.8,77.11,,,,,,,,,,,,,,
Mario Soto,182.88,65.77,,,,,,,,,,,,,,
Mario Sousa,190.5,83.91,200.66,Orthodox,1996-10-20,,,,,,,,,,,
Mario Sperry,187.96,92.99,,Orthodox,1966-09-28,,,,,,,,,,,
Marion Reneau,167.64,61.23,172.72,Orthodox,1977-06-20,3.2,41.0,3.52,59.0,0.62,63.0,50.0,0.8,9.0,8.0,1.0
Marius Enache,180.34,70.31,,,1975-10-16,,,,,,,,,,,
Marius Zaromskis,175.26,77.11,,Orthodox,1980-07-30,,,,,,,,,,,
Mariusz Ksiazkiewicz,190.5,83.91,190.5,Southpaw,1989-10-04,,,,,,,,,,,
Mariya Agapova,167.64,56.7,172.72,Southpaw,1997-04-07,4.43,54.0,3.62,52.0,0.55,66.0,45.0,0.8,10.0,5.0,0.0
Mark Bocek,172.72,70.31,190.5,Orthodox,1981-10-24,2.34,43.0,2.32,60.0,3.65,36.0,31.0,1.3,12.0,5.0,0.0
Mark Cherico,170.18,65.77,175.26,Orthodox,1986-05-12,,,,,,,,,,,
Mark Choinski,172.72,70.31,175.26,Orthodox,1995-10-22,3.87,50.0,7.33,33.0,2.0,18.0,0.0,0.0,8.0,1.0,0.0
Mark Climaco,162.56,56.7,165.1,Southpaw,1997-11-06,,,,,,,,,,,
Mark Coleman,185.42,92.99,190.5,Orthodox,1964-12-20,1.88,52.0,2.62,40.0,3.89,40.0,50.0,0.8,16.0,10.0,0.0
Mark De La Rosa,167.64,61.23,165.1,Orthodox,1994-08-31,3.13,35.0,5.0,48.0,0.54,13.0,40.0,0.2,11.0,5.0,0.0
Mark Dickman,175.26,65.77,,,1984-07-19,,,,,,,,,,,
Mark Eddiva,172.72,65.77,172.72,Orthodox,1986-02-16,3.37,45.0,2.98,54.0,1.45,22.0,63.0,0.0,6.0,3.0,0.0
Mark Godbeer,193.04,108.86,195.58,Orthodox,1983-11-22,3.97,53.0,3.3,54.0,0.0,0.0,28.0,0.0,13.0,4.0,0.0
Mark Hall,182.88,86.18,,Orthodox,,0.0,0.0,0.0,0.0,0.0,0.0,0.0,0.0,5.0,6.0,0.0
Mark Holst,182.88,70.31,,Orthodox,1985-08-14,0.25,19.0,1.67,47.0,0.76,100.0,60.0,2.3,12.0,6.0,0.0
Mark Hominick,172.72,65.77,172.72,Orthodox,1982-07-22,4.08,42.0,4.18,69.0,0.25,66.0,71.0,0.9,20.0,12.0,0.0
Mark Hughes,175.26,92.99,,Southpaw,1973-10-13,0.9,47.0,0.4,42.0,3.0,50.0,0.0,4.5,6.0,2.0,0.0
Mark Hunt,177.8,120.2,182.88,Orthodox,1974-03-23,2.81,43.0,2.9,51.0,0.51,55.0,64.0,0.2,13.0,14.0,1.0
Mark Kerr,190.5,120.66,,Switch,1968-12-21,0.28,41.0,0.89,28.0,2.92,77.0,0.0,0.4,15.0,11.0,0.0
Mark Madsen,172.72,70.31,182.88,Orthodox,1984-09-23,3.56,49.0,3.97,52.0,2.86,66.0,62.0,0.0,12.0,2.0,0.0
Mark Munoz,182.88,83.91,180.34,Orthodox,1978-02-09,3.12,51.0,2.26,57.0,3.17,29.0,57.0,0.6,14.0,6.0,0.0
Mark Robinson,182.88,120.2,,Orthodox,,0.0,0.0,5.8,13.0,0.0,0.0,0.0,0.0,1.0,0.0,0.0
Mark Scanlon,175.26,77.11,,Orthodox,,2.2,35.0,3.33,48.0,3.0,75.0,25.0,2.0,9.0,2.0,0.0
Mark Schultz,175.26,90.72,,Orthodox,,0.0,0.0,0.0,0.0,0.0,0.0,0.0,0.0,1.0,1.0,0.0
Mark Striegl,172.72,65.77,177.8,Southpaw,1988-06-23,1.4,45.0,4.07,40.0,0.0,0.0,66.0,0.0,18.0,4.0,0.0
Mark Vologdin,,61.23,,Orthodox,2000-04-18,,,,,,,,,,,
Mark Vorgeas,177.8,61.23,,,,,,,,,,,,,,
Mark Weir,187.96,83.91,,Southpaw,1967-09-19,1.54,56.0,2.5,38.0,0.8,50.0,25.0,2.4,21.0,18.0,1.0
Marko Damiani,182.88,77.11,,,,,,,,,,,,,,
Markus Perez,185.42,83.91,185.42,Orthodox,1988-06-22,2.6,47.0,3.72,52.0,0.81,25.0,77.0,1.0,12.0,5.0,0.0
Marloes Coenen,175.26,65.77,170.18,,1981-03-31,,,,,,,,,,,
Marlon Moraes,167.64,61.23,170.18,Orthodox,1988-04-26,3.37,40.0,4.53,54.0,0.87,41.0,46.0,0.3,23.0,10.0,1.0
Marlon Sims,,77.11,,,,,,,,,,,,,,
Marlon Vera,172.72,61.23,177.8,Switch,1992-12-02,4.27,49.0,5.37,50.0,0.51,39.0,72.0,0.8,23.0,10.0,1.0
Marnic Mann,152.4,52.16,162.56,Southpaw,1993-03-05,1.47,41.0,5.08,31.0,1.9,33.0,25.0,0.4,6.0,3.0,0.0
Marques Daniels,,70.31,,,,,,,,,,,,,,
Martin Bravo,172.72,65.77,180.34,Southpaw,1993-09-21,7.66,39.0,5.72,51.0,2.6,35.0,85.0,0.0,11.0,3.0,0.0
Martin Buday,193.04,120.2,195.58,Orthodox,1991-11-11,4.39,53.0,4.49,55.0,0.15,20.0,93.0,0.1,16.0,2.0,0.0
Martin Buschkamp,175.26,65.77,,Orthodox,1991-01-06,,,,,,,,,,,
Martin Day,177.8,65.77,185.42,Orthodox,1988-11-10,3.97,45.0,3.79,53.0,0.72,60.0,65.0,0.5,8.0,6.0,0.0
Martin Kampmann,182.88,77.11,182.88,Orthodox,1982-04-17,3.22,42.0,3.28,62.0,1.86,41.0,78.0,2.0,20.0,7.0,0.0
Martin Sano,180.34,77.11,190.5,Orthodox,1991-05-30,4.0,33.0,12.0,40.0,0.0,0.0,0.0,0.0,4.0,3.0,1.0
Martin Svensson,185.42,70.31,,,1985-04-25,2.02,38.0,5.91,38.0,0.0,0.0,0.0,0.0,15.0,6.0,0.0
Marvin Eastman,175.26,83.91,185.42,Orthodox,1971-06-08,2.21,35.0,3.92,42.0,1.38,33.0,81.0,0.0,18.0,15.0,1.0
Marvin Maldonado,167.64,61.23,,,,,,,,,,,,,,
Marvin Vettori,182.88,83.91,187.96,Southpaw,1993-09-20,4.68,45.0,4.52,56.0,1.43,45.0,65.0,0.4,19.0,9.0,1.0
Marwan Rahiki,,65.77,,,,,,,,,,,,,,
Maryna Moroz,170.18,56.7,170.18,Orthodox,1991-09-08,4.42,33.0,4.89,51.0,0.7,24.0,42.0,0.6,11.0,6.0,0.0
Masaaki Satake,185.42,99.79,,Orthodox,1965-08-17,,,,,,,,,,,
Masakatsu Funaki,182.88,83.91,,Southpaw,1969-03-13,,,,,,,,,,,
Masakatsu Okuda,,,,,,,,,,,,,,,,
Masakazu Imanari,162.56,63.05,,Southpaw,1976-02-10,,,,,,,,,,,
Masanori Kanehara,170.18,61.23,170.18,Orthodox,1982-11-19,1.88,49.0,1.63,62.0,1.44,50.0,63.0,0.9,26.0,12.0,5.0
Masanori Suda,175.26,83.01,,Orthodox,,,,,,,,,,,,
Masanori Tonooka,172.72,83.91,,Orthodox,,,,,,,,,,,,
Mashrabjon Ruzibaev,172.72,70.31,170.18,Orthodox,1996-02-16,,,,,,,,,,,
Masio Fullen,177.8,65.77,177.8,Orthodox,1986-10-06,2.46,32.0,3.5,54.0,0.47,33.0,69.0,0.0,11.0,7.0,0.0
Mason Fowler,180.34,77.11,,,,,,,,,,,,,,
Mason Jones,177.8,70.31,187.96,Orthodox,1995-04-26,5.71,41.0,4.47,50.0,4.17,55.0,81.0,0.2,17.0,2.0,0.0
Masutatsu Yano,175.26,89.81,,Orthodox,1975-07-11,0.0,0.0,0.0,0.0,0.0,0.0,0.0,0.0,2.0,4.0,1.0
Masuto Kawana,167.64,65.77,175.26,Orthodox,1995-01-30,,,,,,,,,,,
Matej Penaz,190.5,83.91,210.82,Southpaw,1996-10-14,,,,,,,,,,,
Mateo Vogel,172.72,65.77,180.34,Orthodox,1996-03-05,,,,,,,,,,,
Mateus Mendonca,167.64,56.7,180.34,Orthodox,1999-01-17,1.66,40.0,4.14,30.0,2.54,27.0,55.0,0.4,10.0,3.0,0.0
Mateusz Gamrot,177.8,70.31,177.8,Southpaw,1990-12-11,3.35,51.0,3.04,59.0,5.33,36.0,90.0,0.1,25.0,3.0,0.0
Mateusz Rebecki,170.18,70.31,167.64,Southpaw,1992-11-03,5.29,46.0,4.53,55.0,3.46,65.0,50.0,0.6,20.0,3.0,0.0
Matheus Camilo,177.8,70.31,175.26,Orthodox,2001-01-02,1.49,48.0,1.38,55.0,3.44,66.0,0.0,1.7,9.0,3.0,0.0
Matheus Nicolau,167.64,56.7,167.64,Orthodox,1993-01-06,3.31,51.0,2.98,65.0,1.22,43.0,90.0,0.8,19.0,6.0,1.0
Matheus Scheffel,187.96,92.99,190.5,Orthodox,1992-11-04,,,,,,,,,,,
Mats Nilsson,185.42,77.11,,Orthodox,1983-12-05,2.99,39.0,5.62,63.0,3.87,83.0,44.0,2.3,11.0,4.0,1.0
Matt Andersen,187.96,104.33,,Southpaw,1971-05-29,0.0,0.0,0.0,0.0,0.0,0.0,0.0,0.0,14.0,8.0,1.0
Matt Arroyo,177.8,77.11,182.88,Orthodox,1982-09-01,1.62,47.0,2.01,58.0,2.12,36.0,100.0,5.3,3.0,3.0,0.0
Matt Bessette,177.8,65.77,177.8,Orthodox,1984-12-28,4.36,41.0,4.45,58.0,0.64,28.0,61.0,0.3,22.0,9.0,0.0
Matt Brown,182.88,77.11,190.5,Orthodox,1981-01-10,3.76,55.0,2.92,55.0,1.68,46.0,63.0,1.3,26.0,19.0,0.0
Matt Dixon,177.8,77.11,190.5,Switch,1995-10-09,,,,,,,,,,,
Matt Dwyer,193.04,77.11,193.04,Orthodox,1989-12-17,2.57,34.0,3.24,54.0,0.44,10.0,60.0,0.0,9.0,4.0,0.0
Matt Foki,170.18,99.79,,Orthodox,,,,,,,,,,,,
Matt Frevola,175.26,70.31,180.34,Orthodox,1990-06-11,3.37,40.0,3.69,57.0,2.39,39.0,36.0,1.0,11.0,5.0,1.0
Matt Grice,172.72,65.77,177.8,Orthodox,1981-07-29,4.09,53.0,2.69,56.0,2.19,37.0,82.0,0.5,15.0,5.0,0.0
Matt Hamill,185.42,92.99,193.04,Orthodox,1976-10-05,3.69,42.0,3.8,61.0,3.0,34.0,91.0,0.0,12.0,8.0,0.0
Matt Helm,,70.31,,,,,,,,,,,,,,
Matt Hobar,177.8,61.23,177.8,Southpaw,1987-01-07,3.23,42.0,4.27,52.0,3.66,44.0,50.0,0.0,9.0,3.0,0.0
Matt Horning,162.56,56.7,,,,,,,,,,,,,,
Matt Horwich,185.42,83.91,,Orthodox,1978-10-02,1.11,62.0,2.16,38.0,0.33,9.0,28.0,2.7,30.0,25.0,1.0
Matt Hughes,175.26,77.11,185.42,Switch,1973-10-13,2.14,53.0,1.36,53.0,2.95,50.0,35.0,1.2,45.0,9.0,0.0
Matt Kovacs,182.88,110.68,,Orthodox,,,,,,,,,,,,
Matt Lee,180.34,70.31,,Orthodox,,,,,,,,,,,,
Matt Lindland,182.88,83.91,187.96,Southpaw,1970-05-17,2.62,50.0,1.56,52.0,3.01,48.0,60.0,1.3,22.0,9.0,0.0
Matt Lucas,185.42,92.99,,,,1.27,48.0,3.93,40.0,1.0,10.0,0.0,0.0,15.0,3.0,0.0
Matt Mitrione,190.5,120.2,208.28,Switch,1978-07-15,3.55,50.0,2.79,64.0,0.0,0.0,55.0,0.7,12.0,5.0,0.0
Matt Pedro,,,,,,,,,,,,,,,,
Matt Ramirez,165.1,56.7,,,,,,,,,,,,,,
Matt Ricehouse,,70.31,,,1987-03-11,,,,,,,,,,,
Matt Sayles,170.18,70.31,172.72,Orthodox,1994-02-21,4.83,41.0,2.81,61.0,0.36,16.0,81.0,0.7,8.0,4.0,0.0
Matt Schnell,172.72,56.7,177.8,Orthodox,1990-01-15,4.13,40.0,4.17,55.0,0.49,40.0,43.0,1.2,17.0,9.0,0.0
Matt Secor,182.88,77.11,,,1986-09-26,,,,,,,,,,,
Matt Serra,167.64,77.11,172.72,Orthodox,1974-06-02,1.98,39.0,2.64,46.0,2.05,20.0,38.0,0.9,11.0,7.0,0.0
Matt Skelton,190.5,120.2,,Orthodox,1967-01-23,,,,,,,,,,,
Matt Van Buren,195.58,92.99,,,1986-06-12,7.73,45.0,6.82,49.0,0.0,0.0,50.0,0.0,7.0,6.0,0.0
Matt Veach,180.34,70.31,,Orthodox,1981-05-31,1.12,28.0,4.91,44.0,3.64,38.0,100.0,1.5,17.0,5.0,0.0
Matt Wiman,177.8,70.31,172.72,Orthodox,1983-09-19,3.17,50.0,3.57,51.0,2.13,37.0,56.0,1.5,16.0,10.0,0.0
Matthew Lopez,170.18,61.23,175.26,Southpaw,1987-01-21,3.13,50.0,3.73,55.0,3.32,60.0,71.0,1.3,10.0,4.0,0.0
Matthew Riddle,185.42,77.11,193.04,Southpaw,1986-01-14,3.01,42.0,2.74,54.0,3.51,50.0,89.0,0.5,8.0,3.0,0.0
Matthew Semelsberger,185.42,77.11,190.5,Switch,1992-11-23,3.77,42.0,4.24,54.0,1.01,57.0,45.0,0.4,11.0,8.0,0.0
Matthieu Duclos,190.5,83.91,195.58,Orthodox,1995-04-04,,,,,,,,,,,
Matty Iann,,61.23,,,2000-10-26,,,,,,,,,,,
Maurice Eazel,170.18,61.23,,,,,,,,,,,,,,
Maurice Greene,200.66,117.03,203.2,Orthodox,1986-07-05,3.28,45.0,3.61,45.0,0.0,0.0,27.0,0.4,9.0,7.0,0.0
Maurice Mitchell,175.26,65.77,,Orthodox,1987-06-29,,,,,,,,,,,
Maurice Smith,187.96,100.24,,Orthodox,1961-12-13,0.41,46.0,0.47,60.0,0.89,50.0,20.0,0.9,12.0,14.0,0.0
Mauricio Alonso,187.96,77.11,,,1980-02-27,,,,,,,,,,,
Mauricio Rua,185.42,92.99,193.04,Orthodox,1981-11-25,3.57,50.0,2.79,54.0,2.01,48.0,49.0,0.7,27.0,14.0,1.0
Mauricio Ruffy,180.34,70.31,190.5,Orthodox,1996-06-17,3.84,57.0,4.16,60.0,0.0,0.0,84.0,0.0,12.0,2.0,0.0
Max Gimenis,,120.2,,,1983-04-14,,,,,,,,,,,
Max Griffin,180.34,77.11,193.04,Orthodox,1985-11-29,3.76,47.0,3.7,58.0,1.28,40.0,70.0,0.3,20.0,12.0,0.0
Max Holloway,180.34,65.77,175.26,Orthodox,1991-12-04,7.2,48.0,4.74,59.0,0.24,53.0,83.0,0.3,27.0,8.0,0.0
Max Martyniouk,,70.31,,,,,,,,,,,,,,
Max Mustaki,182.88,70.31,,Orthodox,1987-11-07,,,,,,,,,,,
Max Rohskopf,185.42,70.31,180.34,Orthodox,1994-09-27,1.7,31.0,5.8,42.0,3.0,33.0,0.0,1.5,5.0,1.0,0.0
Maxim Grishin,190.5,92.99,198.12,Orthodox,1984-05-02,3.26,52.0,2.27,58.0,0.21,16.0,66.0,0.0,32.0,10.0,2.0
Maximo Blanco,172.72,65.77,180.34,Orthodox,1983-10-16,4.11,44.0,3.19,66.0,1.85,36.0,63.0,0.3,12.0,8.0,1.0
Mayana Kellem,165.1,61.23,,Orthodox,1981-07-07,,,,,,,,,,,
Maycee Barber,165.1,56.7,165.1,Switch,1998-05-18,4.7,53.0,2.9,54.0,1.44,43.0,53.0,0.1,14.0,2.0,0.0
Mayra Bueno Silva,167.64,61.23,167.64,Orthodox,1991-08-22,3.83,58.0,4.85,51.0,0.57,29.0,63.0,1.5,10.0,5.0,1.0
Megan Anderson,182.88,65.77,182.88,Orthodox,1990-02-11,1.76,46.0,3.35,37.0,0.52,25.0,53.0,0.5,11.0,5.0,0.0
Megumi Fujii,160.02,51.26,,,1974-04-26,,,,,,,,,,,
Mehdi Baghdad,185.42,70.31,,Orthodox,1985-04-13,3.13,30.0,4.56,46.0,0.0,0.0,33.0,0.0,11.0,5.0,0.0
Melchor Manibusan,165.1,69.85,,Southpaw,1976-12-27,,,,,,,,,,,
Melinda Fabian,167.64,56.7,167.64,Orthodox,1987-06-25,4.03,41.0,4.0,62.0,0.0,0.0,100.0,0.0,4.0,4.0,2.0
Melissa Croden,,61.23,,,1991-04-12,,,,,,,,,,,
Melissa Gatto,165.1,61.23,175.26,Orthodox,1996-05-02,3.78,49.0,2.84,54.0,1.47,28.0,63.0,0.5,9.0,2.0,2.0
Melissa Martinez,157.48,52.16,167.64,Southpaw,1997-08-18,3.78,47.0,5.21,53.0,0.35,50.0,50.0,0.0,8.0,2.0,0.0
Melissa Mullins,170.18,61.23,172.72,Orthodox,1991-07-23,3.71,50.0,4.39,52.0,2.03,42.0,85.0,0.0,7.0,2.0,0.0
Melquizael Costa,177.8,65.77,180.34,Southpaw,1996-09-14,4.44,49.0,3.09,54.0,1.96,38.0,58.0,1.2,24.0,7.0,0.0
Melsik Baghdasaryan,175.26,65.77,177.8,Southpaw,1992-01-28,5.04,59.0,3.14,56.0,0.0,0.0,72.0,0.0,8.0,3.0,0.0
Melton Bowen,182.88,102.06,,Orthodox,1969-07-16,0.0,0.0,0.0,0.0,0.0,0.0,0.0,0.0,0.0,1.0,0.0
Melvin Guillard,175.26,70.31,180.34,Orthodox,1983-03-30,2.96,40.0,1.85,66.0,1.3,63.0,61.0,0.2,32.0,18.0,2.0
Melvin Manhoef,175.26,83.91,,Orthodox,1976-05-11,,,,,,,,,,,
Merab Dvalishvili,167.64,61.23,172.72,Orthodox,1991-01-10,4.31,42.0,2.48,56.0,5.84,35.0,82.0,0.3,20.0,4.0,0.0
Merritt Warren,177.8,70.31,,Southpaw,,,,,,,,,,,,
Micah Miller,182.88,65.77,,Orthodox,1987-02-14,,,,,,,,,,,
Michael Aswell,172.72,65.77,175.26,Orthodox,2000-09-27,9.1,44.0,7.93,54.0,0.0,0.0,57.0,0.0,10.0,3.0,0.0
Michael Bisping,185.42,83.91,190.5,Orthodox,1979-02-28,4.33,38.0,2.71,65.0,1.05,43.0,63.0,0.3,30.0,9.0,0.0
Michael Bravo,,70.31,,,,,,,,,,,,,,
Michael Byrnes,180.34,70.31,,,1990-07-17,,,,,,,,,,,
Michael Chandler,172.72,70.31,180.34,Orthodox,1986-04-24,4.04,49.0,4.52,43.0,1.96,41.0,61.0,0.6,23.0,10.0,0.0
Michael Chiesa,185.42,77.11,190.5,Southpaw,1987-12-07,2.03,40.0,1.73,57.0,3.05,47.0,67.0,1.0,19.0,7.0,0.0
Michael Cora,185.42,77.11,195.58,Southpaw,1989-08-24,,,,,,,,,,,
Michael Diaz,,117.93,,,,,,,,,,,,,,
Michael Graves,177.8,77.11,180.34,Orthodox,1991-01-08,1.25,54.0,1.47,58.0,4.8,52.0,66.0,0.4,6.0,0.0,1.0
Michael Imperato,170.18,61.23,167.64,Switch,1989-09-01,,,,,,,,,,,
Michael Johnson,177.8,70.31,185.42,Southpaw,1986-06-04,4.28,39.0,3.79,58.0,0.58,38.0,81.0,0.0,25.0,19.0,0.0
Michael Knaap,187.96,99.79,,Orthodox,1984-02-27,,,,,,,,,,,
Michael Kuiper,182.88,83.91,185.42,Orthodox,1989-06-07,3.28,54.0,3.62,54.0,2.3,55.0,79.0,0.0,15.0,5.0,0.0
Michael Lerma,,,,,,,,,,,,,,,,
Michael Lombardo,182.88,77.11,182.88,Orthodox,1990-04-03,,,,,,,,,,,
Michael Mangan,,70.31,,,,,,,,,,,,,,
Michael McBride,185.42,70.31,,Orthodox,1986-03-09,4.08,48.0,5.85,40.0,1.85,42.0,30.0,1.2,8.0,3.0,0.0
Michael McDonald,180.34,92.99,177.8,Orthodox,1965-02-06,2.69,42.0,2.76,57.0,1.09,66.0,52.0,1.4,17.0,4.0,0.0
Michael Morales,182.88,77.11,200.66,Orthodox,1999-06-24,5.62,49.0,3.31,53.0,1.09,41.0,89.0,0.0,18.0,0.0,0.0
Michael Oliveira,,77.11,,,1998-01-21,,,,,,,,,,,
Michael Page,190.5,83.91,200.66,Switch,1987-04-07,2.39,60.0,1.68,57.0,0.23,16.0,66.0,0.0,24.0,3.0,0.0
Michael Patt,182.88,92.99,,Orthodox,,1.65,28.0,5.53,55.0,0.0,0.0,0.0,0.0,12.0,4.0,0.0
Michael Trizano,180.34,65.77,180.34,Orthodox,1991-12-31,3.63,53.0,4.4,50.0,0.36,66.0,72.0,0.5,11.0,3.0,0.0
Michal Figlak,177.8,70.31,177.8,Orthodox,1996-08-15,4.0,39.0,4.93,52.0,0.5,12.0,57.0,0.0,8.0,2.0,0.0
Michal Martinek,187.96,104.33,,Southpaw,1990-04-19,,,,,,,,,,,
Michal Oleksiejczuk,182.88,83.91,187.96,Southpaw,1995-02-22,5.34,51.0,4.41,59.0,1.02,43.0,52.0,0.0,21.0,9.0,0.0
Micheal Gillmore,180.34,77.11,182.88,Orthodox,1987-03-28,2.04,57.0,3.02,43.0,0.0,0.0,50.0,0.0,6.0,5.0,0.0
Michel Batista,190.5,117.93,,Orthodox,1984-04-20,0.0,0.0,4.03,40.0,6.72,50.0,0.0,0.0,4.0,1.0,0.0
Michel Pereira,185.42,83.91,185.42,Orthodox,1993-10-06,4.49,52.0,4.35,51.0,1.13,52.0,76.0,0.7,31.0,14.0,0.0
Michel Prazeres,167.64,77.11,170.18,Orthodox,1981-07-25,2.38,47.0,2.51,57.0,3.94,36.0,47.0,0.6,26.0,4.0,0.0
Michel Quinones,177.8,70.31,185.42,Orthodox,1984-12-22,2.91,29.0,5.98,48.0,0.0,0.0,36.0,0.0,8.0,3.0,0.0
Michelle Maher,,65.77,,,,,,,,,,,,,,
Michelle Montague,175.26,61.23,172.72,Southpaw,1993-11-25,,,,,,,,,,,
Michelle Waterson-Gomez,160.02,52.16,157.48,Orthodox,1986-01-06,3.42,46.0,4.25,48.0,1.39,33.0,69.0,0.6,18.0,13.0,0.0
Michihiro Omigawa,167.64,65.77,172.72,Orthodox,1975-12-19,2.01,39.0,3.06,64.0,1.19,36.0,49.0,1.5,17.0,14.0,1.0
Michinori Tanaka,165.1,61.23,170.18,Orthodox,1990-10-04,1.97,37.0,1.99,50.0,2.4,38.0,43.0,0.2,11.0,3.0,0.0
Michiyoshi Ohara,177.8,92.99,,Orthodox,,,,,,,,,,,,
Mick Parkin,193.04,120.2,200.66,Orthodox,1995-10-02,4.7,50.0,4.13,58.0,1.38,46.0,50.0,0.2,10.0,1.0,0.0
Mickael Lebout,180.34,70.31,185.42,Orthodox,1987-08-16,2.6,34.0,2.98,54.0,0.0,0.0,60.0,0.0,16.0,7.0,1.0
Mickey Gall,187.96,77.11,187.96,Switch,1992-01-22,3.5,49.0,4.72,49.0,1.15,32.0,37.0,1.6,7.0,7.0,0.0
Micol Di Segni,160.02,52.16,152.4,Orthodox,1987-12-29,,,,,,,,,,,
Miesha Tate,167.64,61.23,165.1,Orthodox,1986-08-18,2.62,44.0,3.05,51.0,1.97,30.0,56.0,1.2,20.0,10.0,0.0
Miguel Baeza,187.96,77.11,187.96,Orthodox,1992-08-23,4.09,49.0,5.92,46.0,0.36,22.0,54.0,2.0,10.0,4.0,0.0
Miguel Cosio,193.04,92.99,,,,,,,,,,,,,,
Miguel Linares,,,,,,,,,,,,,,,,
Miguel Torres,175.26,61.23,193.04,Orthodox,1981-01-18,3.98,43.0,1.86,74.0,0.0,0.0,17.0,1.6,44.0,9.0,0.0
Miika Mehmet,,92.99,,Orthodox,,,,,,,,,,,,
Mike Aina,175.26,70.31,,Orthodox,,,,,,,,,,,,
Mike Altman,177.8,83.91,,Orthodox,,,,,,,,,,,,
Mike Bencic,182.88,97.52,,Orthodox,,,,,,,,,,,,
Mike Bourke,182.88,124.74,,Orthodox,,,,,,,,,,,,
Mike Breeden,177.8,70.31,177.8,Orthodox,1989-04-21,5.75,45.0,7.28,42.0,0.98,30.0,67.0,0.0,11.0,6.0,0.0
Mike Bronzoulis,182.88,70.31,,,1979-01-05,,,,,,,,,,,
Mike Brown,167.64,65.77,177.8,Orthodox,1975-09-08,2.98,44.0,2.45,60.0,3.23,40.0,66.0,0.6,26.0,9.0,0.0
Mike Budnik,175.26,65.77,172.72,Orthodox,1974-08-08,,,,,,,,,,,
Mike Campbell,175.26,70.31,,Southpaw,,,,,,,,,,,,
Mike Ciesnolevicz,182.88,106.59,,Orthodox,1979-10-28,0.51,50.0,4.62,57.0,0.0,0.0,20.0,5.1,19.0,4.0,0.0
Mike Cook,185.42,92.99,,Orthodox,,,,,,,,,,,,
Mike Davis,182.88,70.31,182.88,Orthodox,1992-10-07,4.73,53.0,5.23,54.0,2.4,44.0,60.0,0.8,12.0,3.0,0.0
Mike Dolce,180.34,83.91,,,1976-04-15,,,,,,,,,,,
Mike Easton,167.64,61.23,177.8,Southpaw,1984-01-25,3.51,37.0,4.28,61.0,0.75,22.0,66.0,0.0,13.0,6.0,0.0
Mike French,177.8,65.77,,,1975-05-29,,,,,,,,,,,
Mike Glenn,,92.99,,,1977-10-09,,,,,,,,,,,
Mike Grundy,170.18,65.77,182.88,Orthodox,1987-01-03,2.09,45.0,4.45,56.0,4.06,28.0,50.0,0.4,12.0,4.0,0.0
Mike Guymon,182.88,77.11,187.96,Orthodox,1974-09-17,2.75,65.0,0.79,66.0,1.87,37.0,54.0,1.2,15.0,6.0,1.0
Mike Hayes,193.04,104.33,,Orthodox,,,,,,,,,,,,
Mike Jackson,187.96,77.11,187.96,Orthodox,1985-03-22,4.49,57.0,3.73,62.0,0.71,33.0,88.0,0.0,1.0,2.0,0.0
Mike Joy,167.64,70.31,,Southpaw,1985-07-18,,,,,,,,,,,
Mike King,190.5,83.91,,,1983-08-04,4.44,58.0,1.29,72.0,1.75,25.0,40.0,3.5,5.0,1.0,0.0
Mike Kyle,193.04,92.99,195.58,Orthodox,1980-03-31,3.93,51.0,3.35,49.0,1.33,62.0,50.0,0.8,22.0,14.0,1.0
Mike Lullo,172.72,65.77,,Orthodox,1979-07-24,2.48,36.0,4.84,40.0,1.18,11.0,0.0,0.6,8.0,3.0,0.0
Mike Malott,185.42,77.11,185.42,Orthodox,1991-11-07,4.09,47.0,2.96,54.0,2.08,56.0,16.0,0.7,12.0,2.0,1.0
Mike Massenzio,187.96,83.91,185.42,Southpaw,1982-11-01,2.08,45.0,3.59,54.0,2.74,24.0,50.0,1.4,13.0,9.0,0.0
Mike Minniger,,,,,,,,,,,,,,,,
Mike Moreno,182.88,83.91,,,,,,,,,,,,,,
Mike Nickels,193.04,92.99,,Orthodox,1971-12-13,4.44,52.0,1.11,64.0,11.11,80.0,0.0,2.8,9.0,5.0,0.0
Mike Perry,177.8,77.11,180.34,Orthodox,1991-09-15,4.32,47.0,5.16,52.0,0.81,40.0,78.0,0.2,14.0,8.0,0.0
Mike Pierce,172.72,77.11,180.34,Orthodox,1980-09-01,2.62,42.0,2.36,62.0,3.08,42.0,71.0,0.2,17.0,7.0,0.0
Mike Polchlopek,193.04,129.27,,Orthodox,1965-12-27,,,,,,,,,,,
Mike Pyle,182.88,77.11,187.96,Orthodox,1975-09-18,2.74,45.0,2.84,60.0,1.8,35.0,70.0,1.5,27.0,14.0,1.0
Mike Rhodes,185.42,77.11,187.96,Orthodox,1989-12-04,3.2,39.0,4.13,64.0,0.96,33.0,75.0,0.5,10.0,5.0,0.0
Mike Ricci,182.88,70.31,193.04,Southpaw,1986-03-18,1.8,32.0,1.64,65.0,0.67,100.0,54.0,0.0,11.0,5.0,0.0
Mike Richman,172.72,61.23,,,1985-06-23,,,,,,,,,,,
Mike Rio,177.8,70.31,177.8,Orthodox,1981-07-06,1.68,39.0,2.99,53.0,2.58,27.0,0.0,1.0,10.0,5.0,0.0
Mike Rodriguez,193.04,92.99,208.28,Southpaw,1988-11-28,4.35,53.0,4.24,41.0,0.0,0.0,37.0,0.0,11.0,7.0,0.0
Mike Russow,185.42,115.67,185.42,Orthodox,1976-09-11,1.55,47.0,2.9,59.0,4.66,43.0,0.0,0.7,15.0,3.0,0.0
Mike Santiago,177.8,65.77,175.26,Orthodox,1989-07-28,3.44,49.0,3.58,36.0,2.66,50.0,53.0,1.1,19.0,12.0,0.0
Mike Seal,193.04,83.91,,Orthodox,,,,,,,,,,,,
Mike Stumpf,177.8,77.11,,,1986-08-01,3.34,43.0,8.85,47.0,1.59,25.0,33.0,0.8,11.0,4.0,0.0
Mike Swick,185.42,77.11,195.58,Orthodox,1979-06-19,2.36,37.0,2.29,54.0,1.06,50.0,61.0,0.6,15.0,6.0,0.0
Mike Wessel,182.88,117.93,,Orthodox,1977-12-02,1.82,56.0,6.43,22.0,6.29,50.0,0.0,0.0,15.0,8.0,0.0
Mike Whitehead,185.42,92.99,,Orthodox,1981-06-29,1.62,33.0,2.36,59.0,3.59,43.0,77.0,0.3,27.0,8.0,0.0
Mike Wilkinson,170.18,65.77,167.64,Orthodox,1987-09-15,2.35,38.0,3.7,35.0,0.92,14.0,55.0,0.9,9.0,4.0,0.0
Mike Zichelle,,92.99,,,,,,,,,,,,,,
Mike de la Torre,180.34,65.77,180.34,Orthodox,1986-09-22,3.21,39.0,4.75,51.0,0.36,16.0,83.0,0.0,14.0,7.0,0.0
Mike van Arsdale,187.96,92.99,,Switch,1965-06-20,1.52,41.0,1.91,41.0,1.06,14.0,37.0,0.0,8.0,5.0,0.0
Mikey Burnett,167.64,77.11,,Orthodox,1974-04-12,0.0,0.0,0.0,0.0,0.0,0.0,0.0,0.0,5.0,2.0,0.0
Mikey Gonzalez,180.34,70.31,187.96,Orthodox,1985-08-13,,,,,,,,,,,
Mikhail Iloukhine,175.26,92.99,,Orthodox,1966-11-21,,,,,,,,,,,
Mikheil Sazhiniani,182.88,92.99,180.34,Orthodox,1996-10-05,,,,,,,,,,,
Miki Motono,157.48,52.16,160.02,Southpaw,1994-05-18,,,,,,,,,,,
Milana Dudieva,160.02,61.23,,Orthodox,1989-08-04,0.87,31.0,3.43,58.0,2.34,45.0,0.0,0.0,11.0,6.0,0.0
Milco Voorn,,99.79,,Orthodox,,,,,,,,,,,,
Miles Johns,170.18,61.23,172.72,Orthodox,1994-03-30,3.38,44.0,2.99,66.0,1.29,26.0,83.0,0.0,15.0,4.0,0.0
Miles McDonald,170.18,52.16,,,1991-08-13,,,,,,,,,,,
Milton Vieira,182.88,65.77,,Orthodox,1978-10-04,1.13,35.0,2.36,48.0,2.67,53.0,12.0,0.7,13.0,8.0,2.0
Min Soo Kim,185.42,115.67,,Southpaw,1975-01-22,,,,,,,,,,,
MinWoo Kim,172.72,61.23,182.88,Orthodox,1993-07-21,,,,,,,,,,,
Minoki Ichihara,170.18,80.74,,Orthodox,,0.0,0.0,0.0,0.0,0.0,0.0,0.0,0.0,0.0,1.0,0.0
Minoru Toyonaga,180.34,88.45,,Southpaw,,,,,,,,,,,,
Miranda Granger,170.18,52.16,172.72,Orthodox,1992-04-13,2.79,47.0,2.57,57.0,0.0,0.0,33.0,0.0,7.0,3.0,0.0
Miranda Maverick,160.02,56.7,165.1,Southpaw,1997-07-01,3.22,44.0,2.25,61.0,2.16,40.0,45.0,0.4,17.0,6.0,0.0
Mirko Filipovic,187.96,104.33,185.42,Southpaw,1974-09-10,2.11,50.0,1.89,63.0,0.19,40.0,78.0,0.3,35.0,11.0,2.0
Mirsad Bektic,172.72,65.77,177.8,Orthodox,1991-02-16,2.43,41.0,1.8,57.0,3.98,52.0,92.0,0.4,13.0,4.0,0.0
Misha Cirkunov,190.5,92.99,195.58,Orthodox,1987-02-27,3.86,51.0,3.06,57.0,4.15,39.0,76.0,1.7,15.0,9.0,0.0
Mitch Clarke,177.8,70.31,185.42,Orthodox,1985-11-24,2.35,34.0,3.27,47.0,0.64,15.0,50.0,0.4,11.0,5.0,0.0
Mitch Gagnon,165.1,61.23,165.1,Southpaw,1984-10-10,2.76,46.0,2.21,61.0,1.16,25.0,65.0,1.9,12.0,5.0,0.0
Mitch Ramirez,180.34,70.31,180.34,Orthodox,1992-11-03,3.51,44.0,3.98,37.0,0.59,33.0,25.0,0.0,8.0,3.0,0.0
Mitch Raposo,165.1,56.7,162.56,Switch,1998-10-16,1.62,33.0,3.2,55.0,3.54,37.0,50.0,0.0,9.0,3.0,0.0
Mitch Whitesel,175.26,83.91,,,1981-07-12,,,,,,,,,,,
Mitchell Sipe,187.96,111.13,,Orthodox,1996-04-09,,,,,,,,,,,
Mitsuhiro Ishida,167.64,69.85,,Southpaw,1978-12-29,,,,,,,,,,,
Mizuki,160.02,52.16,165.1,Orthodox,1994-08-19,4.56,50.0,5.62,48.0,0.33,14.0,85.0,0.0,15.0,6.0,0.0
Mizuto Hirota,170.18,70.31,170.18,Orthodox,1981-05-05,3.36,40.0,3.5,54.0,1.36,50.0,58.0,0.1,18.0,10.0,2.0
Mo Miller,172.72,61.23,182.88,Orthodox,1992-08-10,,,,,,,,,,,
Modestas Bukauskas,190.5,92.99,193.04,Switch,1994-02-10,3.32,43.0,3.93,51.0,0.3,66.0,80.0,0.1,19.0,6.0,0.0
Mohamed Ado,180.34,77.11,193.04,Switch,2000-05-03,,,,,,,,,,,
Mohammad Yahya,175.26,65.77,185.42,Switch,1994-05-23,3.5,39.0,6.39,43.0,0.5,20.0,42.0,0.5,12.0,6.0,0.0
Mohammed Usman,187.96,108.41,200.66,Orthodox,1989-04-01,3.85,39.0,4.27,51.0,0.56,14.0,66.0,0.0,12.0,4.0,0.0
Moise Rimbon,177.8,92.99,,Orthodox,1977-04-20,,,,,,,,,,,
Molly McCann,162.56,52.16,157.48,Orthodox,1990-05-04,5.28,49.0,4.65,62.0,1.78,36.0,38.0,0.5,14.0,8.0,0.0
Montana De La Rosa,170.18,56.7,172.72,Orthodox,1995-02-14,2.9,37.0,3.39,45.0,1.85,33.0,68.0,0.8,13.0,9.0,1.0
Montel Jackson,177.8,61.23,190.5,Southpaw,1992-04-24,3.22,53.0,1.39,62.0,3.24,62.0,68.0,0.4,15.0,2.0,0.0
Montse Rendon,172.72,61.23,172.72,Orthodox,1989-03-16,3.13,28.0,3.9,54.0,3.0,54.0,100.0,0.0,6.0,1.0,0.0
Montserrat Conejo Ruiz,152.4,52.16,154.94,Southpaw,1993-02-03,0.79,27.0,4.96,37.0,2.05,83.0,33.0,0.8,10.0,4.0,0.0
Morgan Charriere,172.72,65.77,175.26,Orthodox,1995-10-26,4.08,50.0,4.54,53.0,2.11,46.0,83.0,0.3,21.0,11.0,1.0
Mostapha Al-Turk,187.96,111.13,195.58,Orthodox,1973-07-14,1.36,19.0,3.61,53.0,0.0,0.0,0.0,0.0,6.0,6.0,0.0
Moti Horenstein,193.04,104.33,,Orthodox,,0.0,0.0,0.0,0.0,0.0,0.0,0.0,0.0,1.0,6.0,0.0
Motoki Miyazawa,180.34,76.2,,Southpaw,,,,,,,,,,,,
Motonobu Tezuka,170.18,61.23,,Southpaw,1987-08-29,0.87,23.0,2.8,51.0,1.5,11.0,0.0,0.5,28.0,12.0,7.0
Mounir Lazzez,185.42,77.11,193.04,Orthodox,1987-11-16,7.49,55.0,5.42,53.0,1.8,57.0,71.0,0.0,11.0,3.0,0.0
Movsar Evloev,170.18,65.77,182.88,Orthodox,1994-02-11,3.99,48.0,2.66,60.0,4.67,48.0,61.0,0.2,19.0,0.0,0.0
Mridul Saikia,170.18,56.7,172.72,Orthodox,1997-05-09,,,,,,,,,,,
Mu Bae Choi,187.96,104.33,,Orthodox,1970-06-27,,,,,,,,,,,
Muhammad Mokaev,170.18,56.7,177.8,Orthodox,2000-07-30,1.61,45.0,1.35,57.0,5.29,41.0,25.0,0.8,13.0,0.0,0.0
Muhammad Naimov,175.26,65.77,177.8,Orthodox,1994-08-07,2.61,40.0,3.45,45.0,1.69,36.0,67.0,0.2,13.0,3.0,0.0
Muhammed Lawal,182.88,92.99,198.12,Southpaw,1981-01-11,,,,,,,,,,,
Muhsin Corbbrey,177.8,70.31,,Orthodox,1978-05-18,,,,,,,,,,,
Muin Gafurov,170.18,61.23,172.72,Orthodox,1996-05-17,2.89,45.0,2.21,52.0,1.47,26.0,70.0,0.0,20.0,6.0,0.0
Murad Chunkaiev,180.34,83.91,,Orthodox,,,,,,,,,,,,
Murilo Bustamante,187.96,83.01,,Orthodox,1966-07-30,1.33,32.0,1.9,60.0,2.46,33.0,54.0,1.2,15.0,8.0,1.0
Murilo Rua,180.34,83.91,,Orthodox,1980-05-22,,,,,,,,,,,
Murtaza Talha,182.88,92.99,187.96,Orthodox,1996-07-10,,,,,,,,,,,
Murtazali Magomedov,175.26,65.77,177.8,Orthodox,1999-08-26,,,,,,,,,,,
Muslim Salikhov,180.34,77.11,177.8,Orthodox,1984-06-09,3.39,49.0,2.92,62.0,1.08,32.0,72.0,0.0,22.0,5.0,0.0
Mychal Clark,190.5,101.6,,Orthodox,,,,,,,,,,,,
Myktybek Orolbai,177.8,70.31,187.96,Orthodox,1998-02-10,3.11,48.0,3.08,50.0,5.82,45.0,40.0,0.7,14.0,2.0,1.0
Myles Jury,177.8,65.77,185.42,Orthodox,1988-10-31,2.94,42.0,2.16,66.0,2.16,55.0,50.0,0.3,17.0,4.0,0.0
Nad Narimani,172.72,65.77,177.8,Orthodox,1987-04-14,3.33,42.0,3.0,58.0,1.92,41.0,70.0,0.0,12.0,4.0,0.0
Nadia Kassem,165.1,56.7,167.64,Southpaw,1995-11-15,3.13,41.0,4.48,48.0,0.46,33.0,40.0,2.8,5.0,2.0,0.0
Nah-Shon Burrell,180.34,77.11,,Orthodox,1990-02-05,4.83,47.0,3.45,56.0,0.0,0.0,52.0,0.3,15.0,7.0,0.0
Naho Sugiyuma,154.94,47.63,,,1978-02-03,,,,,,,,,,,
Nair Melikyan,167.64,70.31,,,1997-08-08,,,,,,,,,,,
Nam Phan,167.64,61.23,177.8,Orthodox,1983-03-13,4.52,37.0,6.55,59.0,0.18,18.0,60.0,0.2,21.0,17.0,0.0
Namsrai Batbayar,162.56,56.7,172.72,Orthodox,2000-12-29,,,,,,,,,,,
Nandor Guelmino,190.5,104.33,,,1975-12-20,3.62,56.0,3.16,33.0,0.0,0.0,42.0,0.0,11.0,5.0,1.0
Naoki Inoue,175.26,56.7,180.34,Orthodox,1997-06-14,3.67,35.0,3.37,60.0,0.0,0.0,60.0,2.5,11.0,1.0,0.0
Naoki Matsushita,167.64,70.31,,Orthodox,,,,,,,,,,,,
Naoya Ogawa,193.04,115.67,,Orthodox,1968-03-31,,,,,,,,,,,
Naoyuki Kotani,172.72,70.31,167.64,Southpaw,1981-12-08,1.02,31.0,2.89,50.0,0.83,16.0,46.0,0.8,34.0,14.0,7.0
Nariman Abbasov,172.72,70.31,167.64,Orthodox,1994-02-01,,,,,,,,,,,
Nasrat Haqparast,177.8,70.31,182.88,Southpaw,1995-08-22,6.4,45.0,6.01,63.0,0.35,20.0,84.0,0.0,18.0,5.0,0.0
Nasrudin Nasrudinov,182.88,92.99,180.34,Orthodox,1991-10-06,,,,,,,,,,,
Nassourdine Imavov,190.5,83.91,190.5,Orthodox,1996-03-01,4.28,54.0,3.17,58.0,0.74,32.0,81.0,1.0,17.0,4.0,0.0
Natalia Silva,162.56,56.7,165.1,Southpaw,1997-02-03,5.04,46.0,2.46,65.0,0.34,25.0,92.0,0.0,19.0,5.0,1.0
Natan Levy,175.26,70.31,180.34,Southpaw,1991-09-30,3.7,52.0,3.19,58.0,5.03,58.0,41.0,0.5,8.0,2.0,0.0
Nate Diaz,182.88,77.11,193.04,Southpaw,1985-04-16,4.57,45.0,3.77,52.0,1.05,30.0,41.0,1.3,22.0,13.0,0.0
Nate James,182.88,83.91,,,1978-05-29,,,,,,,,,,,
Nate Landwehr,175.26,65.77,182.88,Orthodox,1988-06-06,5.63,45.0,5.83,52.0,0.76,41.0,71.0,0.8,18.0,7.0,0.0
Nate Loughran,187.96,83.91,,Orthodox,1980-07-28,1.81,40.0,4.11,59.0,0.0,0.0,0.0,2.1,11.0,2.0,0.0
Nate Maness,177.8,56.7,182.88,Orthodox,1991-06-27,3.14,50.0,3.88,42.0,0.68,75.0,80.0,0.7,16.0,3.0,0.0
Nate Marquardt,182.88,83.91,187.96,Orthodox,1979-04-20,2.71,49.0,2.32,55.0,1.87,51.0,70.0,0.8,35.0,19.0,2.0
Nate Mohr,175.26,70.31,182.88,Orthodox,1983-03-03,3.79,41.0,2.5,74.0,0.45,50.0,71.0,0.0,9.0,7.0,0.0
Nate Moore,182.88,77.11,,,,,,,,,,,,,,
Nate Quarry,182.88,83.91,182.88,Open Stance,1972-03-18,4.96,44.0,2.8,66.0,0.25,33.0,60.0,0.0,12.0,4.0,0.0
Nate Schroeder,185.42,104.33,,,,0.0,0.0,0.0,0.0,0.0,0.0,0.0,0.0,11.0,10.0,0.0
Nate Smith,167.64,56.7,175.26,Switch,1995-04-09,,,,,,,,,,,
Nathan Coy,177.8,77.11,175.26,Southpaw,1978-07-24,3.88,52.0,2.4,61.0,3.17,47.0,50.0,0.0,15.0,7.0,0.0
Nathan Fletcher,170.18,61.23,177.8,Orthodox,1998-01-03,3.41,59.0,2.16,57.0,3.37,38.0,50.0,0.7,9.0,3.0,0.0
Nathan Jones,210.82,156.49,,Orthodox,1970-08-21,,,,,,,,,,,
Nathaniel Wood,167.64,65.77,175.26,Orthodox,1993-05-08,5.66,51.0,3.89,56.0,1.41,48.0,72.0,0.6,21.0,6.0,0.0
Navajo Stirling,193.04,92.99,200.66,Orthodox,1997-11-07,6.43,52.0,2.49,61.0,1.2,30.0,78.0,0.0,7.0,0.0,0.0
Nayara Maia,165.1,56.7,167.64,Orthodox,1990-07-25,,,,,,,,,,,
Nazareno Malegarie,172.72,70.31,,,1986-05-16,3.87,34.0,3.27,69.0,1.0,33.0,0.0,0.0,28.0,4.0,0.0
Nazim Sadykhov,177.8,70.31,175.26,Southpaw,1994-05-16,5.55,50.0,5.89,50.0,1.29,55.0,75.0,0.3,11.0,1.0,1.0
Neal Ewing,,83.91,,,1985-09-30,,,,,,,,,,,
Neemias Santana,187.96,83.91,193.04,Orthodox,1996-07-10,,,,,,,,,,,
Neil Grove,198.12,120.2,,Orthodox,1971-01-18,0.0,0.0,0.0,0.0,0.0,0.0,100.0,14.3,12.0,8.0,1.0
Neil Magny,190.5,77.11,203.2,Orthodox,1987-08-03,3.45,46.0,2.47,51.0,2.15,39.0,55.0,0.2,30.0,14.0,0.0
Neil Seery,162.56,56.7,162.56,Orthodox,1979-08-30,3.56,41.0,3.79,58.0,0.78,27.0,53.0,1.6,16.0,13.0,0.0
Neil Wain,177.8,109.77,,Orthodox,,2.64,50.0,8.57,43.0,0.0,0.0,50.0,0.0,13.0,4.0,0.0
Neiman Gracie,182.88,77.11,,,,,,,,,,,,,,
Nghiem Van Y,170.18,61.23,172.72,Orthodox,1999-05-15,,,,,,,,,,,
Nicco Montano,165.1,61.23,165.1,Southpaw,1988-12-16,5.6,41.0,4.43,64.0,2.25,54.0,69.0,0.4,5.0,3.0,0.0
Nicdali Rivera-Calanoc,160.02,47.63,,,1985-06-12,,,,,,,,,,,
Nicholas Musoke,182.88,77.11,190.5,Orthodox,1986-04-05,3.56,35.0,3.8,57.0,1.16,19.0,82.0,0.2,13.0,5.0,0.0
Nicholas Sergiacomi,,77.11,,,,,,,,,,,,,,
Nick Agallar,172.72,70.31,,Orthodox,1979-01-13,0.69,11.0,4.56,42.0,0.0,0.0,0.0,0.0,24.0,6.0,0.0
Nick Aguirre,175.26,61.23,187.96,Southpaw,1996-01-15,0.73,33.0,2.89,45.0,1.16,20.0,33.0,0.6,7.0,2.0,0.0
Nick Barnes,180.34,77.11,,,,,,,,,,,,,,
Nick Bustamante,175.26,77.11,,,,,,,,,,,,,,
Nick Catone,182.88,83.91,182.88,Southpaw,1981-09-01,2.11,44.0,2.32,63.0,3.71,44.0,83.0,0.5,10.0,4.0,0.0
Nick Denis,170.18,61.23,,Orthodox,1983-10-11,6.54,53.0,5.42,36.0,2.8,100.0,80.0,0.0,11.0,3.0,0.0
Nick Diaz,185.42,77.11,193.04,Southpaw,1983-08-02,5.71,42.0,3.84,59.0,1.28,32.0,60.0,1.0,26.0,10.0,0.0
Nick Ertl,175.26,70.31,,,,,,,,,,,,,,
Nick Fiore,177.8,70.31,182.88,Orthodox,1997-12-10,2.83,46.0,7.93,42.0,2.5,45.0,71.0,0.0,6.0,2.0,0.0
Nick Garcia,162.56,56.7,,,,,,,,,,,,,,
Nick Gibbons,177.8,70.31,,,,,,,,,,,,,,
Nick Gonzalez,167.64,70.31,,Orthodox,1981-03-03,,,,,,,,,,,
Nick Hein,167.64,70.31,167.64,Southpaw,1984-04-24,2.65,35.0,3.61,59.0,0.86,33.0,83.0,0.0,14.0,5.0,0.0
Nick Klein,185.42,83.91,195.58,Orthodox,1995-09-08,2.51,56.0,3.41,39.0,5.79,35.0,66.0,1.9,6.0,3.0,0.0
Nick Maximov,182.88,83.91,193.04,Southpaw,1997-12-23,1.93,45.0,2.64,46.0,4.16,45.0,35.0,0.2,8.0,2.0,0.0
Nick Meregali,,,,,,,,,,,,,,,,
Nick Newell,177.8,70.31,,Southpaw,1986-03-17,,,,,,,,,,,
Nick Nolte,182.88,77.11,,,,,,,,,,,,,,
Nick Osipczak,187.96,77.11,193.04,Orthodox,1984-12-30,2.83,50.0,3.77,50.0,1.2,45.0,71.0,1.0,6.0,3.0,0.0
Nick Pace,170.18,61.23,172.72,Orthodox,1987-04-17,1.48,34.0,3.14,57.0,2.52,43.0,54.0,0.5,8.0,3.0,0.0
Nick Penner,193.04,92.99,,Southpaw,1980-03-26,1.25,30.0,4.6,38.0,0.0,0.0,40.0,0.0,11.0,3.0,0.0
Nick Pica,177.8,83.91,,,,,,,,,,,,,,
Nick Piccininni,167.64,56.7,167.64,Orthodox,1996-12-16,,,,,,,,,,,
Nick Piedmont,177.8,65.77,,,,,,,,,,,,,,
Nick Ring,182.88,83.91,187.96,Southpaw,1979-02-10,3.52,42.0,3.48,62.0,1.36,36.0,52.0,0.3,14.0,4.0,0.0
Nick Roehrick,187.96,92.99,,Orthodox,1987-07-06,2.31,17.0,6.92,44.0,0.0,0.0,0.0,0.0,7.0,1.0,0.0
Nick Rossborough,195.58,92.99,,,1981-11-18,,,,,,,,,,,
Nick Sanzo,175.26,86.18,,,,0.0,0.0,0.0,0.0,0.0,0.0,0.0,0.0,1.0,1.0,0.0
Nick Serra,175.26,77.11,,Orthodox,1978-03-27,0.0,0.0,1.73,43.0,1.0,10.0,0.0,2.0,7.0,3.0,0.0
Nick Sperling,,61.23,,,,,,,,,,,,,,
Nick Thompson,185.42,77.11,187.96,Orthodox,1981-06-23,1.87,42.0,1.8,49.0,1.06,100.0,35.0,2.6,38.0,14.0,1.0
Nick Urso,167.64,56.7,167.64,Southpaw,1985-09-26,,,,,,,,,,,
Nicolae Negumereanu,182.88,92.99,198.12,Orthodox,1994-09-04,3.58,41.0,5.56,39.0,1.02,28.0,62.0,0.0,13.0,2.0,0.0
Nicolas Dalby,180.34,77.11,187.96,Orthodox,1984-11-16,4.05,43.0,3.69,52.0,0.98,27.0,58.0,0.1,23.0,6.0,1.0
Nicolle Caliari,160.02,56.7,157.48,Orthodox,1996-11-04,3.46,38.0,7.01,53.0,2.88,24.0,0.0,1.0,8.0,4.0,0.0
Nik Lentz,172.72,65.77,172.72,Orthodox,1984-08-13,3.44,47.0,3.25,50.0,3.3,32.0,43.0,1.2,30.0,12.0,2.0
Nik Theotikos,,83.91,,Orthodox,,,,,,,,,,,,
Nikita Krylov,190.5,92.99,195.58,Orthodox,1992-03-07,4.31,54.0,2.58,44.0,2.17,38.0,53.0,1.4,30.0,11.0,0.0
Nikk Covert,172.72,83.91,,,1969-08-04,,,,,,,,,,,
Niklas Backstrom,185.42,65.77,,Orthodox,1989-08-22,1.12,41.0,3.65,40.0,2.92,80.0,72.0,2.2,11.0,3.0,0.0
Niklas Stolze,185.42,70.31,187.96,Switch,1992-12-28,2.12,48.0,2.25,49.0,0.66,100.0,55.0,0.7,12.0,6.0,0.0
Niko Price,182.88,77.11,193.04,Orthodox,1989-09-29,5.13,43.0,5.55,48.0,0.98,28.0,50.0,0.6,16.0,9.0,0.0
Nikola Joksovic,,77.11,,,1994-09-11,,,,,,,,,,,
Nikolajus Cilkinas,,,,Orthodox,,,,,,,,,,,,
Nikolas Motta,175.26,70.31,177.8,Orthodox,1993-02-08,4.13,38.0,5.28,52.0,0.0,0.0,83.0,0.0,15.0,6.0,0.0
Nikolay Veretennikov,185.42,77.11,187.96,Orthodox,1989-12-22,3.01,55.0,3.43,46.0,0.55,18.0,62.0,0.0,13.0,6.0,0.0
Nina Nunes,165.1,56.7,162.56,Orthodox,1985-12-03,4.39,45.0,3.47,55.0,0.24,33.0,73.0,0.5,11.0,7.0,0.0
Nissen Osterneck,187.96,83.91,,Orthodox,1981-05-01,3.15,58.0,2.9,41.0,0.63,12.0,42.0,1.3,12.0,4.0,0.0
Noad Lahat,175.26,65.77,175.26,Orthodox,1984-06-08,2.79,46.0,1.47,63.0,2.37,26.0,16.0,2.4,11.0,2.0,0.0
Noah Thomas,175.26,61.23,,Orthodox,1981-03-27,,,,,,,,,,,
Nobuhiko Takada,182.88,99.79,,Southpaw,1962-04-12,,,,,,,,,,,
Nobuhiro Obiya,172.72,65.77,,Orthodox,1981-01-15,,,,,,,,,,,
Noe Hernandez,,,,Orthodox,,0.0,0.0,0.0,0.0,0.0,0.0,0.0,0.0,5.0,5.0,0.0
Nohelin Hernandez,177.8,61.23,180.34,Orthodox,1994-03-01,1.32,34.0,2.63,52.0,0.71,50.0,37.0,0.0,9.0,4.0,0.0
Nolan Ticman,167.64,56.7,,Orthodox,1988-05-17,2.57,47.0,2.53,67.0,0.0,0.0,60.0,0.0,4.0,3.0,0.0
Nora Cornolle,170.18,61.23,170.18,Orthodox,1989-12-06,2.75,54.0,1.98,58.0,0.25,11.0,47.0,0.2,9.0,3.0,0.0
Nordine Taleb,185.42,77.11,187.96,Orthodox,1981-06-10,3.66,51.0,2.62,66.0,1.94,76.0,73.0,0.0,15.0,7.0,0.0
Norifumi Yamamoto,162.56,61.23,167.64,Southpaw,1977-03-15,2.09,45.0,2.01,57.0,0.41,22.0,45.0,0.0,18.0,6.0,0.0
Norma Dumont,170.18,61.23,170.18,Orthodox,1990-10-01,3.86,50.0,2.16,65.0,1.72,56.0,72.0,0.0,12.0,2.0,0.0
Norman Parke,180.34,70.31,177.8,Southpaw,1986-12-22,3.06,35.0,2.88,64.0,1.98,26.0,77.0,0.0,23.0,6.0,1.0
Nursulton Ruziboev,195.58,83.91,193.04,Orthodox,1993-11-19,2.59,46.0,2.89,48.0,0.75,66.0,33.0,0.0,36.0,9.0,2.0
Nurullo Aliev,177.8,70.31,182.88,Orthodox,2000-12-08,2.43,45.0,1.07,58.0,2.6,54.0,0.0,0.0,10.0,0.0,0.0
Nyamjargal Tumendemberel,170.18,56.7,180.34,Orthodox,1998-03-22,3.18,39.0,3.33,52.0,3.1,38.0,54.0,2.6,9.0,1.0,0.0
OJ Dominguez,,,,,,,,,,,,,,,,
Oban Elliott,182.88,77.11,182.88,Orthodox,1997-12-19,3.5,48.0,2.24,60.0,1.7,44.0,55.0,0.0,12.0,3.0,0.0
Ode Osbourne,170.18,56.7,185.42,Southpaw,1992-01-09,3.07,41.0,3.43,47.0,1.09,30.0,66.0,0.5,13.0,9.0,0.0
Olaf Alfonso,187.96,77.11,,Orthodox,1974-08-06,,,,,,,,,,,
Oleg Taktarov,182.88,95.25,,Orthodox,1967-08-26,0.0,0.0,0.0,0.0,0.0,0.0,0.0,0.0,17.0,5.0,2.0
Oleksandr Doskalchuk,167.64,56.7,,Southpaw,1990-03-13,,,,,,,,,,,
Oli Thompson,185.42,109.77,190.5,Orthodox,1980-01-02,1.66,46.0,5.31,46.0,0.0,0.0,50.0,0.5,17.0,10.0,0.0
Oliver Enkamp,182.88,77.11,195.58,Switch,1991-08-10,2.38,36.0,3.55,37.0,0.87,16.0,0.0,0.0,7.0,2.0,0.0
Olivier Aubin-Mercier,175.26,70.31,177.8,Southpaw,1989-02-23,2.48,51.0,2.97,55.0,2.36,33.0,70.0,0.5,11.0,5.0,0.0
Olivier Murad,177.8,65.77,182.88,Southpaw,1993-12-21,,,,,,,,,,,
Ollie Schmid,,65.77,,,2000-12-28,,,,,,,,,,,
Oluwale Bamgbose,180.34,83.91,198.12,Switch,1987-08-04,2.45,48.0,2.7,55.0,0.94,33.0,37.0,0.0,6.0,4.0,0.0
Omar Morales,180.34,70.31,185.42,Orthodox,1985-10-17,3.42,40.0,3.18,58.0,0.46,100.0,63.0,0.0,11.0,4.0,0.0
Omari Akhmedov,182.88,83.91,185.42,Orthodox,1987-10-12,2.97,34.0,2.84,55.0,2.58,45.0,65.0,0.2,21.0,6.0,1.0
Onassis Parungao,180.34,90.72,,,,0.0,0.0,0.0,0.0,0.0,0.0,0.0,0.0,2.0,1.0,0.0
Orion Cosce,180.34,77.11,180.34,Switch,1994-07-15,2.77,53.0,4.02,44.0,1.92,40.0,61.0,0.0,8.0,2.0,0.0
Orlando Wiet,177.8,77.11,,Southpaw,,0.0,0.0,0.0,0.0,0.0,0.0,0.0,0.0,1.0,5.0,0.0
Oron Kahlon,172.72,61.23,177.8,Orthodox,1984-11-04,,,,,,,,,,,
Osamu Tachihikari,195.58,136.08,,Orthodox,,,,,,,,,,,,
Oscar Cota,182.88,104.33,182.88,Orthodox,1984-10-15,,,,,,,,,,,
Oskar Piechota,182.88,83.91,193.04,Southpaw,1990-01-24,3.3,52.0,3.93,51.0,0.61,40.0,38.0,1.5,11.0,3.0,1.0
Otari Tanzilovi,177.8,61.23,177.8,Orthodox,1998-04-09,,,,,,,,,,,
Otgonbaatar Boldbaatar,,56.7,,,2002-12-25,,,,,,,,,,,
Ottman Azaitar,172.72,70.31,180.34,Switch,1990-02-20,4.43,44.0,4.11,52.0,0.0,0.0,100.0,0.0,13.0,3.0,0.0
Oumar Sy,193.04,92.99,210.82,Orthodox,1995-11-21,3.67,48.0,1.72,70.0,2.73,36.0,100.0,0.4,12.0,1.0,0.0
Ovince Saint Preux,190.5,92.99,203.2,Southpaw,1983-04-08,3.03,47.0,3.33,47.0,1.09,36.0,67.0,0.5,27.0,18.0,0.0
Ozzy Diaz,193.04,83.91,200.66,Orthodox,1990-11-22,6.44,50.0,7.23,59.0,0.0,0.0,50.0,0.0,10.0,3.0,0.0
Pablo Alfonso,172.72,65.77,,,1983-05-09,,,,,,,,,,,
Pablo Garza,185.42,65.77,185.42,Orthodox,1983-09-16,3.37,44.0,2.7,50.0,0.94,25.0,15.0,1.3,12.0,4.0,0.0
Pablo Villaseca,170.18,70.31,,,1987-01-26,,,,,,,,,,,
Paddy Holohan,177.8,56.7,175.26,Orthodox,1988-05-03,2.13,46.0,2.81,46.0,2.88,47.0,71.0,1.3,12.0,2.0,1.0
Paddy McCorry,190.5,83.91,185.42,Switch,1997-12-09,,,,,,,,,,,
Paddy Pimblett,177.8,70.31,185.42,Orthodox,1995-01-03,5.19,53.0,3.14,42.0,0.96,28.0,50.0,1.7,23.0,3.0,0.0
Paige VanZant,162.56,52.16,165.1,Orthodox,1994-03-26,3.35,52.0,2.62,42.0,1.27,33.0,34.0,1.0,8.0,5.0,0.0
Pannie Kianzad,170.18,61.23,167.64,Orthodox,1991-12-08,4.88,49.0,4.09,51.0,0.41,33.0,65.0,0.1,17.0,9.0,0.0
Papy Abedi,180.34,83.91,,Southpaw,1978-06-30,2.8,55.0,3.15,48.0,3.47,57.0,50.0,1.3,10.0,4.0,0.0
Parker Porter,182.88,120.2,190.5,Orthodox,1985-04-22,6.55,50.0,6.32,51.0,1.35,26.0,66.0,0.5,14.0,9.0,0.0
Pascal Krauss,185.42,77.11,,Orthodox,1987-04-19,5.45,47.0,3.88,59.0,1.53,50.0,60.0,0.9,11.0,2.0,0.0
Pat Audinwood,182.88,70.31,,Orthodox,1986-04-16,1.17,12.0,4.31,41.0,0.8,50.0,0.0,0.0,11.0,2.0,1.0
Pat Barry,180.34,106.59,187.96,Orthodox,1979-07-07,2.72,52.0,3.54,59.0,0.0,0.0,76.0,0.2,8.0,7.0,0.0
Pat Benson,175.26,70.31,,,,,,,,,,,,,,
Pat Curran,175.26,65.77,,,1987-08-31,,,,,,,,,,,
Pat Healy,182.88,70.31,182.88,Orthodox,1983-07-20,2.57,36.0,2.57,50.0,3.08,37.0,55.0,1.1,34.0,23.0,0.0
Pat Miletich,177.8,77.11,,Orthodox,1968-03-09,1.79,45.0,1.66,63.0,1.96,100.0,54.0,1.0,29.0,7.0,2.0
Pat Pytlik,182.88,77.11,185.42,Orthodox,1989-04-24,,,,,,,,,,,
Pat Sabatini,172.72,65.77,177.8,Orthodox,1990-11-09,1.87,62.0,1.22,49.0,3.98,48.0,50.0,1.8,20.0,5.0,0.0
Pat Schilling,172.72,65.77,,Orthodox,1988-08-28,1.87,26.0,8.24,52.0,0.0,0.0,0.0,0.0,5.0,2.0,0.0
Patchy Mix,172.72,61.23,182.88,Southpaw,1993-08-16,8.13,40.0,11.53,42.0,0.0,0.0,0.0,0.0,20.0,2.0,0.0
Patricia Alujas,162.56,52.16,162.56,Orthodox,1996-05-08,,,,,,,,,,,
Patricio Freire,167.64,65.77,170.18,Orthodox,1987-07-07,2.68,43.0,4.23,57.0,1.49,33.0,88.0,0.6,37.0,8.0,0.0
Patrick Cote,180.34,77.11,190.5,Orthodox,1980-02-29,2.81,48.0,3.21,48.0,0.68,20.0,43.0,0.2,23.0,11.0,0.0
Patrick Cummins,187.96,92.99,193.04,Orthodox,1980-11-16,4.26,50.0,3.35,55.0,4.49,41.0,28.0,0.1,10.0,7.0,0.0
Patrick Kaase,175.26,83.91,,,,,,,,,,,,,,
Patrick Murphy,182.88,77.11,,,,,,,,,,,,,,
Patrick Smith,187.96,102.06,,Orthodox,1963-08-28,0.0,0.0,0.0,0.0,0.0,0.0,0.0,0.0,20.0,17.0,0.0
Patrick Speight,185.42,77.11,,Orthodox,,,,,,,,,,,,
Patrick Walsh,180.34,83.91,,,1988-11-28,2.03,19.0,2.83,64.0,3.0,54.0,100.0,1.5,10.0,3.0,0.0
Patrick Williams,172.72,61.23,185.42,Orthodox,1981-09-07,4.12,51.0,4.12,52.0,2.71,41.0,100.0,0.5,8.0,6.0,0.0
Patricky Freire,170.18,70.31,180.34,,1986-06-01,,,,,,,,,,,
Patrik White,182.88,70.31,182.88,Orthodox,1993-06-11,,,,,,,,,,,
Patryk Grabowski,,92.99,,,1995-11-12,,,,,,,,,,,
Paul Bradley,175.26,77.11,,Orthodox,1983-06-13,2.26,32.0,4.13,56.0,1.12,16.0,100.0,0.0,23.0,8.0,0.0
Paul Buentello,187.96,111.13,195.58,Orthodox,1974-01-16,3.29,45.0,3.83,52.0,0.19,33.0,39.0,0.4,35.0,17.0,0.0
Paul Capaldo,170.18,61.23,,,1996-12-27,,,,,,,,,,,
Paul Craig,190.5,92.99,193.04,Orthodox,1987-11-27,2.5,45.0,3.04,43.0,1.43,18.0,35.0,1.3,17.0,10.0,1.0
Paul Creighton,167.64,70.31,,Southpaw,1970-06-04,0.72,75.0,4.65,30.0,5.37,37.0,0.0,0.0,3.0,1.0,0.0
Paul Daley,175.26,77.11,193.04,Orthodox,1983-02-21,3.14,47.0,2.37,60.0,0.91,40.0,64.0,0.0,39.0,15.0,2.0
Paul Felder,180.34,70.31,177.8,Orthodox,1984-04-25,3.7,44.0,3.44,48.0,0.29,28.0,64.0,0.2,17.0,6.0,0.0
Paul Georgieff,187.96,77.11,,Orthodox,1982-09-22,2.55,40.0,2.34,35.0,0.0,0.0,0.0,0.0,6.0,2.0,0.0
Paul Herrera,177.8,83.91,,Orthodox,,0.0,0.0,0.0,0.0,0.0,0.0,0.0,0.0,1.0,1.0,0.0
Paul Jones,175.26,90.26,,Orthodox,1963-06-16,0.0,0.0,0.0,0.0,0.0,0.0,0.0,0.0,11.0,1.0,1.0
Paul Kelly,175.26,70.31,177.8,Orthodox,1984-09-12,3.22,37.0,2.61,59.0,1.34,60.0,30.0,1.5,14.0,5.0,0.0
Paul Redmond,177.8,65.77,,Orthodox,1986-10-20,0.72,34.0,2.99,41.0,0.0,0.0,50.0,0.0,12.0,7.0,0.0
Paul Rodriguez,170.18,70.31,,Orthodox,,0.84,100.0,1.68,68.0,0.0,0.0,50.0,0.0,10.0,9.0,2.0
Paul Ruiz,167.64,61.23,,,1987-06-23,,,,,,,,,,,
Paul Sass,182.88,70.31,185.42,Orthodox,1988-08-04,0.53,26.0,1.9,51.0,0.53,16.0,33.0,7.4,14.0,2.0,0.0
Paul Song,,83.91,,,,,,,,,,,,,,
Paul Taylor,182.88,70.31,182.88,Orthodox,1979-12-15,4.44,47.0,4.47,55.0,0.27,25.0,56.0,0.5,11.0,6.0,1.0
Paul Varelans,203.2,136.08,,Orthodox,,0.0,0.0,0.0,0.0,0.0,0.0,0.0,0.0,9.0,9.0,0.0
Paula Luna,157.48,56.7,157.48,Orthodox,1999-07-05,,,,,,,,,,,
Pauline Macias,162.56,52.16,162.56,Southpaw,1988-06-27,,,,,,,,,,,
Paulo Cesar Silva,226.06,174.63,,Orthodox,1963-07-21,,,,,,,,,,,
Paulo Costa,185.42,83.91,182.88,Orthodox,1991-04-21,6.26,58.0,6.2,49.0,0.32,50.0,80.0,0.0,15.0,4.0,0.0
Paulo Filho,172.72,83.91,,Southpaw,1978-05-24,,,,,,,,,,,
Paulo Henrique,170.18,56.7,175.26,,2002-07-03,,,,,,,,,,,
Paulo Renato Junior,182.88,92.99,185.42,Orthodox,1994-01-25,,,,,,,,,,,
Paulo Santos,,,,,,0.0,0.0,0.0,0.0,0.0,0.0,0.0,0.0,0.0,3.0,0.0
Paulo Thiago,180.34,77.11,187.96,Orthodox,1981-01-25,1.71,39.0,1.99,63.0,1.42,31.0,63.0,1.2,18.0,9.0,0.0
Pawan Maan,170.18,70.31,177.8,Orthodox,1986-04-06,,,,,,,,,,,
Pawel Nastula,182.88,104.33,,Southpaw,1970-06-26,,,,,,,,,,,
Pawel Pawlak,182.88,77.11,185.42,Orthodox,1989-02-08,1.67,33.0,2.22,53.0,1.0,37.0,70.0,0.0,12.0,3.0,0.0
Payton Talbott,177.8,61.23,177.8,Switch,1998-09-09,6.05,54.0,3.26,46.0,0.24,25.0,76.0,0.2,10.0,1.0,0.0
Pearl Gonzalez,162.56,52.16,,Orthodox,1986-08-12,2.23,37.0,4.07,57.0,1.04,11.0,0.0,0.5,6.0,3.0,0.0
Pedro Falcao,167.64,61.23,167.64,Orthodox,1992-07-30,3.21,48.0,3.39,50.0,2.73,25.0,66.0,0.0,16.0,5.0,0.0
Pedro Munhoz,167.64,61.23,165.1,Orthodox,1986-09-07,5.38,41.0,6.29,55.0,0.48,16.0,82.0,0.5,20.0,10.0,0.0
Pedro Nobre,165.1,61.23,,,1986-02-13,1.37,30.0,9.16,35.0,0.0,0.0,0.0,0.0,18.0,4.0,2.0
Pedro Otavio,190.5,111.13,,Orthodox,,,,,,,,,,,,
Pedro Rizzo,185.42,109.32,,Orthodox,1974-05-03,1.93,34.0,3.02,50.0,0.26,28.0,78.0,0.0,20.0,11.0,0.0
Pedro Rocha,,,,,,,,,,,,,,,,
Peggy Morgan,185.42,61.23,,,1979-12-16,2.27,23.0,8.2,33.0,0.0,0.0,50.0,0.0,4.0,4.0,0.0
Per Eklund,177.8,70.31,182.88,Orthodox,,2.07,61.0,2.38,67.0,2.07,11.0,50.0,3.6,14.0,5.0,1.0
Pete Rodriguez,175.26,77.11,180.34,Switch,1996-11-13,9.28,43.0,12.83,42.0,0.0,0.0,100.0,0.0,5.0,2.0,0.0
Pete Rogers Jr.,182.88,65.77,,,,,,,,,,,,,,
Pete Sabala,,61.23,,,,,,,,,,,,,,
Pete Sell,180.34,77.11,190.5,Orthodox,1982-08-05,2.6,42.0,3.65,51.0,0.91,21.0,47.0,0.9,10.0,7.0,0.0
Pete Spratt,175.26,77.11,,Orthodox,1971-01-09,1.63,48.0,1.33,55.0,0.3,100.0,46.0,0.3,25.0,23.0,0.0
Pete Williams,190.5,106.59,,Orthodox,1975-07-10,0.61,62.0,2.77,40.0,1.84,40.0,16.0,0.9,12.0,6.0,0.0
Peter Barrett,177.8,65.77,185.42,Southpaw,1986-08-10,4.18,61.0,4.32,42.0,1.39,22.0,66.0,0.0,11.0,5.0,0.0
Peter Danesoe,175.26,61.23,172.72,Orthodox,2000-09-01,,,,,,,,,,,
Peter Petties,180.34,65.77,182.88,Southpaw,1990-12-20,,,,,,,,,,,
Peter Sobotta,182.88,77.11,190.5,Southpaw,1987-01-11,2.14,40.0,2.9,58.0,1.53,32.0,77.0,0.5,17.0,7.0,1.0
Petr Yan,170.18,61.23,170.18,Switch,1993-02-11,5.12,54.0,4.14,58.0,1.58,48.0,85.0,0.1,19.0,5.0,0.0
Phil Baroni,175.26,77.11,182.88,Orthodox,1976-04-16,2.77,45.0,3.93,40.0,1.46,47.0,60.0,0.5,15.0,18.0,0.0
Phil Caracappa,172.72,61.23,177.8,Orthodox,1992-06-05,,,,,,,,,,,
Phil Cardella,180.34,70.31,,,1976-07-09,,,,,,,,,,,
Phil Davis,187.96,92.99,200.66,Orthodox,1984-09-25,2.85,34.0,1.33,72.0,2.99,38.0,72.0,0.6,17.0,4.0,0.0
Phil Harris,162.56,56.7,165.1,Orthodox,1983-09-04,2.34,26.0,3.16,68.0,1.76,21.0,60.0,0.0,22.0,12.0,0.0
Phil Hawes,182.88,83.91,195.58,Orthodox,1989-01-08,5.33,59.0,3.72,55.0,2.11,34.0,90.0,0.2,12.0,6.0,0.0
Phil Johns,157.48,77.11,,Southpaw,1968-10-22,1.2,66.0,1.8,50.0,0.0,0.0,50.0,0.0,30.0,14.0,1.0
Phil Rowe,190.5,77.11,203.2,Orthodox,1990-07-18,3.99,49.0,4.38,53.0,0.6,36.0,56.0,0.3,11.0,5.0,0.0
Philip De Fries,195.58,113.4,200.66,Orthodox,1986-04-21,2.3,47.0,3.0,37.0,3.29,42.0,100.0,0.6,12.0,6.0,0.0
Philip Perez,165.1,70.31,,Southpaw,,,,,,,,,,,,
Philip Preece,172.72,92.99,,Orthodox,,,,,,,,,,,,
Philipe Lins,187.96,92.99,198.12,Orthodox,1985-08-17,3.8,49.0,3.59,46.0,1.65,33.0,100.0,0.0,18.0,5.0,0.0
Phillip Latu,190.5,92.99,193.04,Orthodox,1991-02-17,,,,,,,,,,,
Phillip Miller,180.34,83.91,,Orthodox,1979-02-20,1.61,54.0,1.93,50.0,3.62,25.0,100.0,0.6,16.0,0.0,0.0
Phillipe Nover,175.26,65.77,182.88,Orthodox,1984-02-03,1.79,35.0,2.48,56.0,0.99,28.0,44.0,0.7,11.0,8.0,1.0
Piera Rodriguez,160.02,52.16,160.02,Orthodox,1992-11-11,3.54,47.0,2.81,55.0,4.53,54.0,73.0,0.0,11.0,2.0,0.0
Pietro Menga,170.18,56.7,172.72,Southpaw,1988-02-15,,,,,,,,,,,
Pingyuan Liu,167.64,61.23,182.88,Orthodox,1993-02-13,2.36,33.0,2.99,54.0,0.25,20.0,56.0,1.0,13.0,7.0,0.0
Piotr Hallmann,175.26,70.31,180.34,Orthodox,1987-08-25,3.98,45.0,3.17,58.0,2.55,44.0,70.0,0.4,18.0,6.0,0.0
Poliana Botelho,172.72,56.7,170.18,Orthodox,1988-12-15,2.9,58.0,2.8,54.0,0.85,57.0,76.0,0.0,8.0,5.0,0.0
Polyana Viana,165.1,52.16,170.18,Orthodox,1992-06-14,2.74,40.0,2.5,53.0,0.75,33.0,35.0,1.7,13.0,8.0,0.0
Poppies Martinez,175.26,65.77,,,1983-08-19,,,,,,,,,,,
Preston Parsons,180.34,77.11,180.34,Orthodox,1995-07-15,3.54,51.0,3.25,54.0,3.46,36.0,71.0,2.3,11.0,6.0,0.0
Priscila Cachoeira,170.18,61.23,165.1,Orthodox,1988-08-19,4.11,44.0,7.23,43.0,0.15,33.0,67.0,0.0,13.0,7.0,0.0
Priya Sharma,154.94,52.16,149.86,Orthodox,1991-08-29,,,,,,,,,,,
Pro Escobedo,,92.99,,,,,,,,,,,,,,
Puja Tomar,162.56,52.16,149.86,Southpaw,1993-12-05,5.61,48.0,5.82,46.0,0.0,0.0,100.0,0.0,9.0,5.0,0.0
Punahele Soriano,180.34,77.11,182.88,Southpaw,1992-11-22,5.0,53.0,3.88,48.0,1.47,56.0,37.0,0.0,11.0,4.0,0.0
Qiu Lun,172.72,56.7,167.64,Southpaw,1997-07-08,,,,,,,,,,,
Quang Le,170.18,61.23,177.8,Orthodox,1991-10-18,2.7,37.0,4.53,47.0,3.15,35.0,100.0,0.5,9.0,2.0,0.0
Quemuel Ottoni,182.88,70.31,182.88,Orthodox,1992-10-22,,,,,,,,,,,
Quentin Pasley,,92.99,,,,,,,,,,,,,,
Quillan Salkilld,182.88,70.31,190.5,Orthodox,1999-12-28,5.48,59.0,3.46,45.0,8.41,37.0,100.0,0.5,9.0,1.0,0.0
Quinn Mulhern,190.5,70.31,,Orthodox,1984-09-20,1.48,28.0,2.09,51.0,1.36,20.0,33.0,0.0,18.0,4.0,0.0
Quinton Jackson,185.42,92.99,185.42,Orthodox,1978-06-20,3.25,54.0,2.51,55.0,1.52,56.0,73.0,0.1,37.0,12.0,0.0
RJ Clifford,,72.57,,,,,,,,,,,,,,
Rabindra Dhant,,61.23,,,1998-11-30,,,,,,,,,,,
Rachael Ostovich,160.02,56.7,157.48,Orthodox,1991-02-25,2.54,43.0,3.97,57.0,2.03,83.0,66.0,0.8,4.0,6.0,0.0
Radley Da Silva,175.26,65.77,180.34,Orthodox,1995-06-20,,,,,,,,,,,
Rafa Garcia,170.18,70.31,177.8,Orthodox,1994-08-05,4.01,43.0,4.47,60.0,3.21,43.0,77.0,0.2,17.0,4.0,0.0
Rafael Alves,172.72,70.31,172.72,Orthodox,1990-11-14,1.85,48.0,3.3,58.0,0.29,25.0,44.0,1.5,20.0,12.0,0.0
Rafael Carino,203.2,111.13,,Orthodox,,0.0,0.0,0.0,0.0,0.0,0.0,0.0,0.0,2.0,1.0,1.0
Rafael Carvalho,190.5,83.91,,,1986-07-27,,,,,,,,,,,
Rafael Cavalcante,185.42,92.99,187.96,Orthodox,1980-04-14,2.71,53.0,3.62,49.0,0.6,40.0,63.0,0.1,12.0,7.0,0.0
Rafael Cerqueira,190.5,92.99,193.04,Southpaw,1990-03-15,1.61,44.0,4.88,36.0,0.0,0.0,40.0,0.0,11.0,3.0,0.0
Rafael Dias,175.26,65.77,,Orthodox,1979-10-20,,,,,,,,,,,
Rafael Dos Anjos,172.72,77.11,177.8,Southpaw,1984-10-26,3.48,47.0,3.23,60.0,1.95,35.0,54.0,0.6,32.0,17.0,0.0
Rafael Estevam,172.72,56.7,175.26,Orthodox,1996-08-10,2.1,54.0,2.59,47.0,6.01,38.0,66.0,0.3,14.0,0.0,0.0
Rafael Fiziev,172.72,70.31,180.34,Switch,1993-03-05,4.77,52.0,4.77,50.0,0.89,72.0,90.0,0.0,13.0,4.0,0.0
Rafael Freitas,,92.99,,Orthodox,,,,,,,,,,,,
Rafael Natal,182.88,83.91,195.58,Orthodox,1982-12-25,3.1,47.0,2.48,57.0,2.55,34.0,77.0,0.5,21.0,9.0,1.0
Rafael Pergentino,,92.99,,Orthodox,2002-01-08,,,,,,,,,,,
Rafael Rebello,165.1,61.23,170.18,Orthodox,1980-10-16,,,,,,,,,,,
Rafael Rios,,68.04,,,,,,,,,,,,,,
Rafael Silva,170.18,61.23,,,1985-03-20,,,,,,,,,,,
Rafael Tobias,187.96,92.99,187.96,Orthodox,2003-03-20,,,,,,,,,,,
RafaelDel Real,180.34,102.06,,,,,,,,,,,,,,
Rafaello Oliveira,172.72,70.31,180.34,Orthodox,1982-01-26,2.19,33.0,3.38,59.0,2.49,36.0,11.0,1.6,17.0,8.0,0.0
Raheam Forest,180.34,77.11,185.42,Switch,1997-07-11,,,,,,,,,,,
Raimond Magomedaliev,185.42,77.11,190.5,Orthodox,1990-06-10,,,,,,,,,,,
Rainn Guerrero,167.64,56.7,165.1,Orthodox,1992-05-13,,,,,,,,,,,
Rainy Martinez,182.88,90.26,,Orthodox,,0.0,0.0,0.0,0.0,0.0,0.0,0.0,0.0,0.0,2.0,0.0
Raja Shippen,167.64,65.77,,,1986-10-07,,,,,,,,,,,
Ralek Gracie,187.96,95.25,,Orthodox,1985-10-04,,,,,,,,,,,
Ralph Dillon,187.96,92.99,,Orthodox,,,,,,,,,,,,
Ralph Gracie,175.26,83.01,,Orthodox,,,,,,,,,,,,
Rama Supandhi,165.1,56.7,167.64,Southpaw,1991-11-07,,,,,,,,,,,
Ramazan Emeev,177.8,77.11,193.04,Southpaw,1987-05-23,2.53,45.0,2.14,65.0,2.37,29.0,66.0,0.7,20.0,6.0,0.0
Ramazan Kuramagomedov,185.42,77.11,185.42,Orthodox,1996-08-23,,,,,,,,,,,
Ramazan Temirov,162.56,56.7,160.02,Orthodox,1997-01-31,4.37,40.0,3.93,59.0,0.84,50.0,100.0,0.0,19.0,3.0,0.0
Rameau Thierry Sokoudjou,177.8,92.99,198.12,Orthodox,1984-04-18,2.26,45.0,2.61,56.0,1.93,47.0,78.0,0.9,18.0,18.0,0.0
Rami Hamed,185.42,77.11,180.34,Orthodox,1991-04-25,,,,,,,,,,,
Ramiro Hernandez,175.26,61.23,,Orthodox,1986-07-22,2.72,28.0,5.51,64.0,0.0,0.0,0.0,0.0,19.0,9.0,0.0
Ramiro Jimenez,175.26,65.77,185.42,Southpaw,1999-01-16,,,,,,,,,,,
Ramiz Brahimaj,177.8,77.11,182.88,Orthodox,1992-11-17,2.14,45.0,3.81,43.0,1.99,41.0,47.0,1.7,12.0,5.0,0.0
Ramon Taveras,172.72,65.77,177.8,Southpaw,1994-01-09,4.62,44.0,7.41,57.0,0.0,0.0,100.0,0.0,10.0,3.0,0.0
Ramona Pascual,170.18,61.23,167.64,Southpaw,1988-09-23,3.87,57.0,8.43,46.0,1.81,19.0,100.0,0.0,6.0,5.0,0.0
Ramsey Nijem,180.34,70.31,190.5,Orthodox,1988-04-01,3.05,44.0,1.62,62.0,5.32,62.0,55.0,1.1,9.0,6.0,0.0
Rana Rudra Pratap Singh,177.8,61.23,175.26,Orthodox,1997-05-09,,,,,,,,,,,
Randa Markos,162.56,52.16,160.02,Orthodox,1985-08-10,2.97,43.0,3.1,58.0,1.12,28.0,52.0,0.2,11.0,12.0,1.0
Randall Wallace,180.34,83.91,185.42,Orthodox,1989-03-01,,,,,,,,,,,
Randy Brown,190.5,77.11,198.12,Orthodox,1990-07-08,4.47,47.0,3.26,54.0,0.79,39.0,73.0,0.6,20.0,6.0,0.0
Randy Costa,175.26,61.23,185.42,Switch,1994-07-06,6.53,46.0,7.58,58.0,0.0,0.0,50.0,0.0,6.0,4.0,0.0
Randy Couture,185.42,92.99,190.5,Orthodox,1963-06-22,2.85,57.0,1.53,59.0,2.78,46.0,58.0,0.5,19.0,11.0,0.0
Rani Yahya,167.64,61.23,170.18,Orthodox,1984-09-12,1.71,38.0,2.08,50.0,2.73,30.0,29.0,1.8,28.0,12.0,1.0
Raoni Barcelos,170.18,61.23,170.18,Orthodox,1987-05-01,4.87,52.0,4.4,60.0,2.33,33.0,85.0,0.6,20.0,5.0,0.0
Raou Raou,172.72,88.45,,Orthodox,,,,,,,,,,,,
Raphael Assuncao,165.1,61.23,167.64,Orthodox,1982-07-19,3.22,42.0,2.5,66.0,1.65,39.0,78.0,0.2,28.0,10.0,0.0
Raphael Butler,190.5,118.39,,,1984-01-04,,,,,,,,,,,
Raphael Pessoa,190.5,118.84,198.12,Orthodox,1989-03-09,2.16,26.0,3.43,42.0,0.0,0.0,100.0,0.0,10.0,2.0,0.0
Raphael Uchegbu,175.26,61.23,185.42,Orthodox,1995-08-16,,,,,,,,,,,
Raquel Pa'aluhi,170.18,61.23,,,,,,,,,,,,,,
Raquel Pennington,170.18,61.23,170.18,Orthodox,1988-09-05,4.1,49.0,3.32,61.0,0.83,27.0,62.0,0.6,16.0,10.0,0.0
Rashad Coulter,180.34,92.99,193.04,Orthodox,1981-11-27,4.82,56.0,6.68,50.0,0.0,0.0,62.0,0.0,9.0,4.0,0.0
Rashad Evans,182.88,92.99,190.5,Orthodox,1979-09-25,2.14,37.0,2.42,63.0,2.98,44.0,73.0,0.0,19.0,8.0,1.0
Rashard Lovelace,,70.31,,,,,,,,,,,,,,
Rashid Magomedov,175.26,70.31,177.8,Orthodox,1984-11-29,4.4,49.0,3.05,54.0,0.67,57.0,89.0,0.2,20.0,2.0,0.0
Rashid Vagabov,170.18,56.7,160.02,Orthodox,1998-06-27,,,,,,,,,,,
Raul Castillo,180.34,83.91,,Orthodox,,,,,,,,,,,,
Raul Rosas Jr.,175.26,61.23,170.18,Switch,2004-10-08,1.51,44.0,1.37,50.0,4.01,41.0,0.0,1.1,11.0,1.0,0.0
Raul Sandoval,,58.97,,,,,,,,,,,,,,
Raulian Paiva,172.72,61.23,175.26,Orthodox,1995-10-17,4.14,42.0,5.01,48.0,0.65,23.0,77.0,0.2,21.0,5.0,0.0
Ravena Oliveira,165.1,52.16,165.1,Orthodox,1997-02-20,1.0,48.0,1.2,48.0,2.0,66.0,62.0,0.0,7.0,2.0,1.0
Ray Borg,162.56,61.23,160.02,Orthodox,1993-08-04,1.52,52.0,1.93,48.0,3.89,50.0,46.0,1.0,13.0,5.0,0.0
Ray Perales,177.8,77.11,,Orthodox,,,,,,,,,,,,
Ray Rodriguez,170.18,61.23,177.8,Orthodox,1987-12-10,0.9,27.0,3.89,40.0,1.42,50.0,44.0,0.0,16.0,8.0,0.0
Ray Routh,172.72,83.91,,Orthodox,,,,,,,,,,,,
Ray Sefo,182.88,108.86,,Orthodox,1971-02-15,,,,,,,,,,,
Ray Seraille,190.5,111.58,,,,,,,,,,,,,,
Ray Sloan,185.42,92.99,,,1985-07-14,,,,,,,,,,,
Ray Steinbeiss,180.34,77.11,,Orthodox,1979-09-12,,,,,,,,,,,
Ray Wizard,,,,,,0.0,0.0,0.0,0.0,0.0,0.0,0.0,0.0,0.0,1.0,0.0
Rayanne dos Santos,157.48,52.16,157.48,Orthodox,1995-06-08,4.57,40.0,6.47,59.0,0.5,14.0,80.0,0.0,14.0,9.0,0.0
Raymond Daniels,187.96,83.91,,Southpaw,,,,,,,,,,,,
Razak Al-Hassan,187.96,92.99,,Orthodox,1982-05-14,3.27,39.0,3.14,60.0,0.65,14.0,57.0,0.0,13.0,5.0,0.0
Reese Andy,182.88,92.99,,Orthodox,1973-03-31,2.87,50.0,3.5,58.0,0.67,20.0,40.0,0.0,7.0,3.0,0.0
Regina Malpica,,56.7,,,2004-10-19,,,,,,,,,,,
Regina Malpica Rivera,,61.23,,,2004-10-19,,,,,,,,,,,
Reginaldo Vieira,170.18,61.23,165.1,Orthodox,1982-11-26,3.76,40.0,2.89,59.0,1.97,27.0,25.0,0.8,13.0,5.0,0.0
Rei Tsuruya,167.64,56.7,172.72,Orthodox,2002-06-22,2.24,52.0,2.01,42.0,5.06,37.0,50.0,1.9,10.0,1.0,0.0
Reinier de Ridder,193.04,83.91,198.12,Southpaw,1990-09-07,2.95,52.0,2.44,50.0,2.86,27.0,66.0,0.6,21.0,2.0,0.0
Remco Pardoel,190.5,117.93,,Southpaw,,0.0,0.0,0.0,0.0,0.0,0.0,0.0,0.0,9.0,6.0,1.0
Remo Cardarelli,,61.23,,,,,,,,,,,,,,
Ren Ozaki,170.18,61.23,172.72,Orthodox,2001-12-15,,,,,,,,,,,
Ren Yawei,175.26,70.31,175.26,Orthodox,1998-02-07,,,,,,,,,,,
Renan Barao,167.64,65.77,177.8,Orthodox,1987-01-31,3.78,36.0,3.9,57.0,1.49,41.0,91.0,0.5,34.0,9.0,0.0
Renato Moicano,180.34,70.31,182.88,Orthodox,1989-05-21,4.17,48.0,3.57,59.0,1.67,41.0,62.0,0.5,20.0,7.0,1.0
Renato Sobral,185.42,92.99,190.5,Orthodox,1975-09-07,2.23,45.0,1.53,57.0,2.48,42.0,65.0,2.6,37.0,11.0,0.0
Renato Verissimo,185.42,77.11,,Orthodox,1973-08-03,0.92,48.0,1.87,47.0,1.46,30.0,50.0,2.5,7.0,5.0,0.0
Rene Kronvold,172.72,77.11,,Orthodox,,,,,,,,,,,,
Renee Forte,170.18,70.31,180.34,Orthodox,1987-03-27,2.08,32.0,2.12,63.0,2.32,58.0,66.0,0.0,8.0,4.0,0.0
Renzo Gracie,177.8,83.91,,Orthodox,1967-03-11,1.71,41.0,1.67,55.0,1.13,20.0,40.0,0.8,13.0,7.0,1.0
Reuben Duran,170.18,61.23,180.34,Orthodox,1983-07-02,3.19,49.0,2.61,50.0,0.98,23.0,25.0,0.7,11.0,7.0,1.0
Rex Holman,190.5,92.99,,Southpaw,,2.75,34.0,7.25,40.0,0.0,0.0,100.0,0.0,4.0,2.0,0.0
Rex Richards,195.58,120.2,,,,,,,,,,,,,,
Reyes Cortez Jr.,170.18,61.23,172.72,Orthodox,1992-07-31,,,,,,,,,,,
Reynaldo Trujillo,175.26,70.31,,,1982-01-01,,,,,,,,,,,
Reza Arianto,,70.31,,,,,,,,,,,,,,
Reza Madadi,180.34,70.31,185.42,Orthodox,1978-06-20,2.51,46.0,3.31,66.0,3.17,33.0,89.0,0.5,14.0,6.0,0.0
Reza Nasri,180.34,92.99,,Orthodox,,0.0,0.0,0.0,0.0,0.0,0.0,0.0,0.0,0.0,1.0,0.0
Rhadi Ferguson,170.18,92.99,,,,,,,,,,,,,,
Rhys McKee,187.96,77.11,198.12,Orthodox,1995-09-10,4.71,40.0,7.15,47.0,0.0,0.0,47.0,0.0,14.0,7.0,1.0
Ricardo Abreu,180.34,83.91,,Orthodox,1984-04-27,3.79,31.0,3.98,68.0,2.13,42.0,100.0,0.7,5.0,1.0,0.0
Ricardo Almeida,182.88,77.11,187.96,Orthodox,1976-11-29,2.02,49.0,1.2,61.0,3.74,38.0,31.0,1.2,13.0,5.0,0.0
Ricardo Arona,180.34,92.99,,Orthodox,1978-07-17,,,,,,,,,,,
Ricardo Barros,185.42,92.99,,,1976-03-22,,,,,,,,,,,
Ricardo Funch,177.8,77.11,187.96,Southpaw,1980-08-14,2.61,65.0,3.57,40.0,1.24,18.0,60.0,0.0,9.0,6.0,0.0
Ricardo Lamas,172.72,65.77,180.34,Orthodox,1982-05-21,3.13,47.0,2.87,57.0,1.84,33.0,46.0,0.9,20.0,8.0,0.0
Ricardo Morais,203.2,122.47,,Orthodox,1967-02-26,,,,,,,,,,,
Ricardo Prasel,200.66,107.95,198.12,Orthodox,1990-06-02,,,,,,,,,,,
Ricardo Ramos,175.26,65.77,182.88,Orthodox,1995-08-01,2.97,36.0,4.06,54.0,2.57,57.0,70.0,0.7,17.0,7.0,0.0
Ricardo Romero,182.88,92.99,193.04,Orthodox,1978-04-15,2.17,55.0,4.77,46.0,1.63,10.0,100.0,3.3,11.0,3.0,0.0
Ricco Rodriguez,193.04,120.2,,Orthodox,1977-08-19,1.85,51.0,1.15,61.0,2.3,39.0,40.0,1.0,53.0,25.0,0.0
Rich Attonito,177.8,77.11,182.88,Orthodox,1977-06-16,2.28,47.0,2.13,59.0,0.74,37.0,75.0,0.0,10.0,5.0,0.0
Rich Bouphanouvong,170.18,77.11,,,,,,,,,,,,,,
Rich Clementi,175.26,70.31,182.88,Southpaw,1976-03-31,1.43,37.0,2.29,60.0,1.72,42.0,25.0,1.1,45.0,23.0,1.0
Rich Franklin,185.42,83.91,193.04,Southpaw,1974-10-05,4.1,44.0,2.07,62.0,1.31,66.0,63.0,0.7,29.0,7.0,0.0
Richard Crunkilton,170.18,70.31,,Orthodox,1979-11-25,1.72,41.0,1.45,58.0,4.08,61.0,65.0,1.3,19.0,4.0,0.0
Richard Dalton,185.42,92.99,,Orthodox,,,,,,,,,,,,
Richard Jacobi,193.04,117.93,190.5,Orthodox,1993-09-28,,,,,,,,,,,
Richard Odoms,195.58,120.2,,Orthodox,1975-05-08,,,,,,,,,,,
Richard Walsh,182.88,77.11,185.42,Orthodox,1988-12-01,3.84,46.0,2.72,58.0,1.55,40.0,66.0,0.2,9.0,5.0,0.0
Richardson Moreira,187.96,83.91,,Orthodox,1984-03-31,1.17,28.0,1.83,67.0,0.0,0.0,100.0,0.0,7.0,4.0,0.0
Richie Hightower,172.72,77.11,,Orthodox,1974-11-26,4.62,35.0,6.92,21.0,3.46,100.0,100.0,0.0,8.0,4.0,0.0
Richie Santiago,170.18,61.23,170.18,Southpaw,1992-10-10,,,,,,,,,,,
Richie Smullen,175.26,70.31,172.72,Orthodox,1991-08-17,1.98,77.0,2.26,65.0,8.49,66.0,0.0,0.0,3.0,1.0,1.0
Richie Vaculik,167.64,56.7,175.26,Orthodox,1983-06-19,3.69,46.0,4.09,57.0,3.0,45.0,31.0,1.0,10.0,4.0,0.0
Rick Davis,175.26,70.31,,Orthodox,,3.09,50.0,6.19,64.0,0.0,0.0,0.0,0.0,3.0,1.0,1.0
Rick Roufus,182.88,93.89,,Southpaw,,,,,,,,,,,,
Rick Story,175.26,77.11,180.34,Southpaw,1984-08-28,3.8,41.0,2.17,62.0,2.53,48.0,63.0,0.9,19.0,9.0,0.0
Rickson Gracie,177.8,83.91,,Switch,1958-11-20,,,,,,,,,,,
Rickson Zenidim,170.18,56.7,170.18,Orthodox,1999-02-17,,,,,,,,,,,
Ricky Calatayud,175.26,56.7,,,1982-10-10,,,,,,,,,,,
Ricky Camp,170.18,61.23,,,,,,,,,,,,,,
Ricky Glenn,182.88,77.11,177.8,Southpaw,1989-04-12,3.79,42.0,4.3,51.0,0.72,13.0,69.0,0.4,22.0,9.0,2.0
Ricky Johnson,172.72,65.77,,Orthodox,,,,,,,,,,,,
Ricky Legere Jr.,172.72,77.11,,,,,,,,,,,,,,
Ricky Palacios,167.64,65.77,,Orthodox,1987-07-05,,,,,,,,,,,
Ricky Rainey,185.42,77.11,195.58,Switch,1983-06-29,2.55,48.0,2.62,46.0,0.95,18.0,55.0,0.0,12.0,6.0,0.0
Ricky Simon,167.64,61.23,175.26,Orthodox,1992-08-31,2.93,44.0,3.72,61.0,5.01,43.0,75.0,0.3,22.0,6.0,0.0
Ricky Steele,175.26,61.23,187.96,Orthodox,1988-05-26,,,,,,,,,,,
Ricky Turcios,175.26,61.23,180.34,Orthodox,1993-06-05,4.73,40.0,3.72,52.0,0.91,20.0,44.0,0.4,13.0,5.0,0.0
Rico Altamirano,177.8,77.11,,,,,,,,,,,,,,
Rico DiSciullo,172.72,61.23,,Orthodox,1986-10-12,,,,,,,,,,,
Rico Farrington,193.04,77.11,200.66,Southpaw,1989-06-19,,,,,,,,,,,
Riki Fukuda,182.88,83.91,185.42,Southpaw,1981-01-06,4.24,43.0,3.71,64.0,2.17,43.0,70.0,0.0,24.0,9.0,0.0
Rilley Dutro,172.72,56.7,,Orthodox,1987-09-03,,,,,,,,,,,
Rin Nakai,154.94,61.23,,Orthodox,1986-10-22,1.57,33.0,3.9,60.0,3.0,18.0,75.0,0.5,19.0,2.0,1.0
Rinat Fakhretdinov,182.88,77.11,187.96,Orthodox,1991-09-28,5.03,52.0,3.61,54.0,3.91,34.0,91.0,0.2,24.0,1.0,1.0
Rinya Nakamura,170.18,61.23,172.72,Southpaw,1995-03-23,3.27,52.0,1.72,63.0,2.58,81.0,100.0,1.4,10.0,1.0,0.0
Rio Tirto,162.56,56.7,167.64,Switch,2000-02-09,,,,,,,,,,,
Rizvan Kuniev,193.04,108.86,193.04,Orthodox,1992-03-10,4.45,58.0,2.45,45.0,1.45,75.0,90.0,0.0,12.0,3.0,1.0
Roan Carneiro,180.34,77.11,193.04,Orthodox,1978-06-02,1.46,46.0,1.82,62.0,3.05,42.0,83.0,1.4,21.0,11.0,0.0
Rob Broughton,187.96,120.2,187.96,Orthodox,1983-03-03,2.83,60.0,2.54,51.0,0.0,0.0,26.0,3.2,16.0,7.0,1.0
Rob Emerson,175.26,70.31,177.8,Orthodox,1981-07-30,2.5,30.0,2.83,64.0,2.02,52.0,65.0,0.4,18.0,12.0,0.0
Rob Font,172.72,61.23,180.34,Orthodox,1987-06-25,5.49,46.0,3.67,57.0,0.79,34.0,42.0,0.4,22.0,8.0,0.0
Rob Kimmons,177.8,83.91,185.42,Orthodox,1981-01-30,1.86,48.0,4.79,38.0,2.08,46.0,25.0,2.4,25.0,9.0,0.0
Rob MacDonald,190.5,92.99,198.12,Orthodox,1978-09-05,1.8,50.0,2.04,46.0,7.19,80.0,80.0,5.4,5.0,4.0,0.0
Rob McCullough,175.26,70.31,175.26,Orthodox,1977-05-26,,,,,,,,,,,
Rob Sinclair,172.72,70.31,,,1980-02-20,,,,,,,,,,,
Rob Wilkinson,190.5,83.91,203.2,Orthodox,1992-02-22,2.74,50.0,5.66,39.0,4.47,25.0,0.0,0.0,11.0,2.0,0.0
Rob Yundt,185.42,83.91,,Orthodox,1980-05-05,1.37,41.0,2.55,31.0,2.94,100.0,0.0,0.0,9.0,5.0,0.0
Robbie Lawler,180.34,77.11,187.96,Southpaw,1982-03-20,3.85,47.0,4.67,59.0,0.65,64.0,65.0,0.0,30.0,16.0,0.0
Robbie Ring,175.26,65.77,172.72,Orthodox,2000-07-14,,,,,,,,,,,
Robelis Despaigne,200.66,120.2,213.36,Orthodox,1988-09-09,2.11,59.0,2.54,46.0,0.0,0.0,50.0,0.0,5.0,2.0,0.0
Robert Breslin,180.34,70.31,,,,,,,,,,,,,,
Robert Bryczek,182.88,83.91,190.5,Orthodox,1990-07-04,3.74,36.0,4.08,59.0,0.56,100.0,85.0,0.0,18.0,6.0,0.0
Robert Densley,175.26,70.31,,,,,,,,,,,,,,
Robert Drysdale,190.5,92.99,,Orthodox,1981-10-05,0.0,0.0,0.0,0.0,7.32,100.0,0.0,21.9,7.0,0.0,0.0
Robert Lucarelli,187.96,111.13,,,,0.0,0.0,0.0,0.0,0.0,0.0,0.0,0.0,0.0,1.0,0.0
Robert McDaniel,190.5,83.91,190.5,Southpaw,1983-05-03,1.64,44.0,1.98,56.0,0.93,50.0,50.0,1.4,28.0,10.0,0.0
Robert Peralta,172.72,65.77,180.34,Orthodox,1986-03-14,3.76,44.0,2.97,53.0,0.59,66.0,65.0,0.0,18.0,8.0,0.0
Robert Ruchala,172.72,65.77,182.88,Switch,1998-05-15,2.27,35.0,3.27,57.0,2.0,33.0,0.0,0.0,11.0,2.0,0.0
Robert Sanchez,167.64,56.7,167.64,Orthodox,1986-03-05,0.96,40.0,1.78,46.0,3.61,62.0,50.0,0.7,8.0,2.0,0.0
Robert Valentin,187.96,83.91,195.58,Orthodox,1995-03-31,1.13,56.0,2.83,32.0,0.0,0.0,55.0,1.3,11.0,6.0,0.0
Robert Whiteford,175.26,65.77,175.26,Southpaw,1983-04-12,2.33,46.0,1.99,62.0,1.9,30.0,45.0,0.0,14.0,4.0,0.0
Robert Whittaker,182.88,83.91,185.42,Orthodox,1990-12-20,4.39,43.0,3.36,59.0,0.73,38.0,82.0,0.0,27.0,9.0,0.0
Roberta Rovel,172.72,65.77,,,,,,,,,,,,,,
Roberto Romero,172.72,65.77,177.8,Orthodox,2000-01-30,4.56,49.0,6.44,44.0,0.0,0.0,71.0,0.0,8.0,5.0,1.0
Roberto Traven,190.5,102.97,,Orthodox,1968-09-16,0.92,50.0,2.77,57.0,0.0,0.0,0.0,0.0,6.0,4.0,1.0
Rocky Lee,175.26,65.77,,Orthodox,1987-04-08,2.47,51.0,5.33,44.0,1.0,10.0,33.0,0.0,3.0,2.0,0.0
Rocky Long,,65.77,,,1978-02-18,,,,,,,,,,,
Rodney Faverus,182.88,97.52,,Southpaw,,,,,,,,,,,,
Rodney Wallace,175.26,92.99,182.88,Switch,1981-11-21,1.13,46.0,3.44,45.0,6.0,54.0,28.0,1.0,26.0,15.0,1.0
Rodolfo Bellato,190.5,92.99,190.5,Orthodox,1996-02-05,5.84,61.0,6.0,45.0,1.26,36.0,100.0,0.3,12.0,2.0,1.0
Rodolfo Marques Diniz,167.64,61.23,,,1984-01-23,,,,,,,,,,,
Rodolfo Rubio Perez,165.1,65.77,,Orthodox,1987-01-29,1.13,36.0,1.0,62.0,2.0,33.0,33.0,0.0,10.0,16.0,1.0
Rodolfo Vieira,182.88,83.91,185.42,Orthodox,1989-09-25,3.77,55.0,4.12,51.0,3.09,23.0,100.0,1.0,11.0,3.0,0.0
Rodrigo Damm,170.18,70.31,180.34,Orthodox,1980-02-03,3.5,36.0,5.61,57.0,0.44,16.0,80.0,0.3,13.0,9.0,0.0
Rodrigo Gracie,182.88,83.01,,Orthodox,1975-04-11,,,,,,,,,,,
Rodrigo Gripp de Sousa,180.34,92.99,,Orthodox,,,,,,,,,,,,
Rodrigo Lidio,180.34,70.31,185.42,Orthodox,1989-07-07,,,,,,,,,,,
Rodrigo Nascimento,187.96,111.58,203.2,Orthodox,1992-11-26,3.71,47.0,4.34,44.0,1.02,37.0,60.0,0.5,11.0,3.0,0.0
Rodrigo Ruas,177.8,83.91,,Orthodox,1977-10-06,1.28,35.0,7.0,41.0,0.0,0.0,0.0,0.0,4.0,5.0,1.0
Rodrigo Sezinando,175.26,77.11,180.34,Orthodox,1997-12-11,,,,,,,,,,,
Rodrigo Vera,,65.77,,,1995-10-18,,,,,,,,,,,
Rodrigo de Lima,170.18,70.31,,Orthodox,1991-03-12,1.29,33.0,5.5,32.0,2.66,36.0,0.0,1.3,8.0,3.0,1.0
Roger Bowling,175.26,70.31,172.72,Orthodox,1982-12-05,3.9,47.0,3.86,51.0,3.09,43.0,27.0,0.9,12.0,6.0,0.0
Roger Carroll,177.8,77.11,,,,,,,,,,,,,,
Roger Gracie,193.04,83.91,200.66,Orthodox,1981-09-26,1.78,35.0,1.79,61.0,1.87,53.0,60.0,1.9,8.0,2.0,0.0
Roger Hollett,180.34,92.99,,Orthodox,1978-10-08,1.83,47.0,6.47,34.0,1.0,28.0,30.0,0.0,13.0,5.0,0.0
Roger Huerta,175.26,70.31,177.8,Orthodox,1983-05-20,3.64,36.0,2.33,56.0,2.13,46.0,52.0,0.5,23.0,9.0,1.0
Roger Narvaez,190.5,83.91,,Southpaw,1983-09-09,2.12,37.0,3.32,64.0,0.0,0.0,50.0,0.9,8.0,3.0,0.0
Roger Zapata,180.34,77.11,,Southpaw,1986-05-09,2.6,51.0,2.13,36.0,0.0,0.0,81.0,1.4,4.0,2.0,0.0
Rogerio Bontorin,165.1,56.7,170.18,Orthodox,1992-04-25,2.63,52.0,3.27,50.0,2.9,60.0,51.0,1.0,16.0,4.0,0.0
Rogerio Nogueira,187.96,92.99,190.5,Southpaw,1976-06-02,2.43,35.0,2.34,59.0,0.64,44.0,62.0,0.8,23.0,10.0,0.0
Roland Delorme,175.26,61.23,180.34,Orthodox,1983-12-18,2.28,44.0,4.32,40.0,2.51,34.0,42.0,1.6,9.0,5.0,0.0
Roland Payne,175.26,92.99,,Orthodox,,0.0,0.0,0.0,0.0,0.0,0.0,0.0,0.0,0.0,1.0,0.0
Rolando Bedoya,180.34,70.31,187.96,Orthodox,1997-01-13,7.29,49.0,6.38,52.0,0.0,0.0,33.0,0.0,14.0,4.0,0.0
Rolando Delgado,190.5,70.31,195.58,Orthodox,1981-11-22,1.56,40.0,1.83,62.0,1.17,22.0,0.0,3.5,11.0,6.0,1.0
Rolando Dy,172.72,65.77,175.26,Orthodox,1990-08-11,3.04,37.0,4.47,52.0,0.3,20.0,68.0,0.0,9.0,7.0,1.0
Rolando Perez,172.72,61.23,,Orthodox,,,,,,,,,,,,
Roldan Sangcha'an,162.56,56.7,,Orthodox,1990-12-04,2.71,46.0,2.15,51.0,1.94,60.0,68.0,0.0,4.0,2.0,0.0
Rolles Gracie,193.04,109.77,,Orthodox,1978-07-14,2.3,32.0,3.38,55.0,2.3,10.0,0.0,0.0,8.0,4.0,0.0
Roman Bogatov,172.72,70.31,185.42,Orthodox,1990-12-15,3.33,42.0,4.4,44.0,1.0,9.0,50.0,0.0,10.0,1.0,0.0
Roman Bravo-Young,,92.99,,,,,,,,,,,,,,
Roman Dolidze,187.96,83.91,193.04,Orthodox,1988-07-15,3.41,41.0,3.72,48.0,0.99,39.0,26.0,0.8,15.0,4.0,0.0
Roman Kopylov,182.88,83.91,190.5,Southpaw,1991-05-04,4.74,50.0,5.08,53.0,1.02,42.0,87.0,0.0,14.0,4.0,0.0
Roman Mitichyan,177.8,77.11,,Orthodox,1978-09-04,0.26,16.0,2.7,43.0,1.93,100.0,25.0,1.9,8.0,3.0,0.0
Roman Salazar,170.18,61.23,,Orthodox,1988-02-21,1.95,39.0,2.89,57.0,1.77,18.0,50.0,0.0,10.0,6.0,0.0
Roman Zentsov,185.42,104.33,,Orthodox,1973-09-10,,,,,,,,,,,
Romie Aram,177.8,77.11,,Orthodox,1977-12-02,1.8,35.0,2.83,50.0,2.5,62.0,83.0,0.0,7.0,1.0,0.0
Ron Faircloth,175.26,92.99,,Orthodox,1979-08-16,0.39,40.0,8.9,42.0,0.0,0.0,0.0,0.0,33.0,20.0,0.0
Ron Fields,187.96,90.72,,Orthodox,1974-11-18,,,,,,,,,,,
Ron Henderson,177.8,56.7,,,,,,,,,,,,,,
Ron Keslar,,83.91,,,,,,,,,,,,,,
Ron Sparks,195.58,120.2,,,,,,,,,,,,,,
Ron Stallings,187.96,77.11,190.5,Southpaw,1983-01-25,3.22,60.0,3.26,51.0,0.0,0.0,71.0,0.0,14.0,8.0,0.0
Ron Waterman,187.96,127.01,,Orthodox,1965-11-23,0.84,50.0,1.37,42.0,4.19,69.0,50.0,2.8,16.0,6.0,2.0
Ron van Clief,177.8,86.18,,Orthodox,1943-01-25,0.0,0.0,0.0,0.0,0.0,0.0,0.0,0.0,0.0,1.0,0.0
Ronal Siahaan,170.18,56.7,180.34,Southpaw,1996-05-05,,,,,,,,,,,
Ronald Carillo,,56.7,,,,,,,,,,,,,,
Ronald Jhun,180.34,77.11,,Orthodox,1970-09-21,1.45,57.0,3.01,50.0,1.81,100.0,100.0,0.0,24.0,26.0,2.0
Ronaldo Candido,167.64,56.7,,Southpaw,1989-04-24,,,,,,,,,,,
Ronaldo Rodriguez,167.64,56.7,165.1,Orthodox,1999-05-07,2.71,43.0,3.8,44.0,1.09,36.0,64.0,0.8,17.0,3.0,0.0
Ronda Rousey,170.18,61.23,167.64,Orthodox,1987-02-01,4.17,52.0,4.14,44.0,6.26,68.0,50.0,4.8,12.0,2.0,0.0
Rongzhu,175.26,70.31,180.34,Orthodox,2000-03-07,6.02,51.0,5.44,52.0,1.35,62.0,84.0,0.1,27.0,6.0,0.0
Ronnie Lawrence,172.72,61.23,172.72,Switch,1992-06-13,2.78,56.0,1.75,52.0,6.75,77.0,45.0,0.2,8.0,2.0,0.0
Ronny Markes,185.42,83.91,190.5,Orthodox,1988-04-21,2.17,53.0,2.43,45.0,3.13,40.0,100.0,0.5,17.0,5.0,0.0
Rony Jason,170.18,65.77,185.42,Orthodox,1984-03-21,2.04,44.0,3.14,53.0,0.59,30.0,36.0,0.8,14.0,7.0,0.0
Rony Sefo,175.26,102.06,,Orthodox,,,,,,,,,,,,
Ronys Torres,170.18,70.31,,Orthodox,1975-08-13,0.87,26.0,1.93,57.0,4.0,47.0,16.0,0.5,35.0,5.0,0.0
Roosevelt Roberts,187.96,70.31,185.42,Orthodox,1994-02-11,2.84,43.0,3.1,52.0,1.18,26.0,50.0,0.7,12.0,6.0,0.0
Roque Conceicao,,56.7,,Orthodox,1999-10-27,,,,,,,,,,,
Roque Martinez,177.8,113.4,182.88,Orthodox,1986-03-04,3.28,53.0,4.9,56.0,0.38,50.0,53.0,0.4,15.0,8.0,2.0
Rory MacDonald,182.88,77.11,193.04,Orthodox,1989-07-22,3.75,42.0,2.8,62.0,1.77,47.0,88.0,0.4,19.0,4.0,0.0
Rory Markham,182.88,77.11,180.34,Orthodox,1982-03-25,1.98,21.0,10.27,45.0,0.0,0.0,0.0,0.0,17.0,6.0,0.0
Rory Singer,187.96,83.91,195.58,Orthodox,1976-05-28,2.55,39.0,2.42,63.0,0.39,25.0,64.0,0.8,11.0,9.0,0.0
Rose Conceicao,139.7,52.16,165.1,Orthodox,1997-05-13,,,,,,,,,,,
Rose Namajunas,165.1,56.7,165.1,Orthodox,1992-06-29,3.6,41.0,3.38,63.0,1.49,50.0,62.0,0.4,15.0,7.0,0.0
Roshan Mainam,,61.23,,,,,,,,,,,,,,
Roshaun Jones,172.72,61.23,,,,,,,,,,,,,,
Rosi Sexton,160.02,61.23,,Orthodox,1977-07-16,3.31,39.0,7.42,41.0,0.75,10.0,80.0,0.0,13.0,5.0,0.0
Ross Ebanez,175.26,69.85,,Southpaw,1975-05-18,,,,,,,,,,,
Ross Pearson,172.72,70.31,175.26,Orthodox,1984-09-26,3.68,40.0,4.09,62.0,0.74,35.0,75.0,0.0,20.0,16.0,0.0
Ross Pointon,172.72,77.11,,Orthodox,1980-02-18,2.62,23.0,2.77,58.0,1.19,100.0,0.0,0.0,6.0,17.0,0.0
Rostem Akman,177.8,77.11,182.88,Switch,1991-12-19,1.8,25.0,3.97,57.0,1.0,40.0,87.0,0.0,6.0,2.0,0.0
Rousimar Palhares,172.72,77.11,180.34,Orthodox,1980-02-26,1.75,51.0,2.04,59.0,3.93,45.0,0.0,4.1,19.0,8.0,0.0
Roxanne Modafferi,170.18,56.7,175.26,Orthodox,1982-09-24,3.35,30.0,5.7,51.0,1.35,23.0,30.0,0.1,25.0,21.0,0.0
Roy Boughton,182.88,92.99,,,,,,,,,,,,,,
Roy Jones,,92.99,,,1983-10-26,,,,,,,,,,,
Roy Nelson,182.88,119.29,185.42,Orthodox,1976-06-20,2.18,36.0,4.79,46.0,1.14,27.0,65.0,0.1,22.0,14.0,0.0
Roybert Echeverria,165.1,56.7,170.18,Switch,1995-08-21,,,,,,,,,,,
Royce Alger,177.8,90.26,,Orthodox,,0.0,0.0,0.0,0.0,0.0,0.0,0.0,0.0,3.0,2.0,0.0
Royce Gracie,185.42,79.38,,Southpaw,1966-12-12,0.88,41.0,1.13,37.0,0.0,0.0,66.0,0.8,15.0,2.0,3.0
Royler Gracie,172.72,68.04,,Southpaw,1965-12-06,,,,,,,,,,,
Royston Wee,170.18,61.23,170.18,Orthodox,1986-11-15,1.1,60.0,2.45,49.0,3.38,81.0,0.0,0.0,4.0,1.0,0.0
Ruan Potts,187.96,112.04,190.5,Orthodox,1978-02-23,0.85,37.0,5.92,22.0,0.75,16.0,33.0,2.3,11.0,6.0,0.0
Ruben Villareal,193.04,120.2,,Orthodox,1970-05-01,,,,,,,,,,,
Rubens Xavier,190.5,99.79,,Orthodox,,,,,,,,,,,,
Rubin Williams,185.42,83.91,,Orthodox,1976-04-09,,,,,,,,,,,
Rudy Bears,180.34,77.11,,Southpaw,,,,,,,,,,,,
Rudyard Moncayo,177.8,88.45,,Orthodox,,0.0,0.0,0.0,0.0,0.0,0.0,0.0,0.0,0.0,3.0,0.0
Ruel Panales,165.1,56.7,170.18,Southpaw,1996-12-07,,,,,,,,,,,
Rui Imura,177.8,61.23,175.26,Southpaw,1999-03-24,,,,,,,,,,,
Rulon Gardner,190.5,120.2,,Orthodox,1971-08-16,,,,,,,,,,,
Ruslan Magomedov,190.5,109.77,198.12,Orthodox,1986-11-26,4.02,47.0,1.47,66.0,0.33,100.0,88.0,0.0,14.0,1.0,0.0
Russell Doane,170.18,61.23,177.8,Orthodox,1986-08-13,1.75,40.0,1.68,53.0,2.11,45.0,52.0,0.8,15.0,8.0,0.0
Russell Patrick,175.26,65.77,,,,,,,,,,,,,,
Rustam Khabilov,172.72,70.31,185.42,Orthodox,1986-11-04,1.98,34.0,2.16,65.0,3.95,41.0,61.0,0.1,24.0,4.0,0.0
Ryan Bader,187.96,92.99,187.96,Orthodox,1983-06-07,2.82,43.0,1.39,71.0,3.37,44.0,80.0,0.4,23.0,5.0,0.0
Ryan Bastianelli,165.1,61.23,,,,,,,,,,,,,,
Ryan Benoit,165.1,56.7,172.72,Orthodox,1989-08-25,2.88,39.0,3.65,58.0,0.28,22.0,72.0,0.4,10.0,8.0,0.0
Ryan Couture,177.8,70.31,185.42,Orthodox,1982-08-27,3.54,45.0,2.87,54.0,1.55,29.0,46.0,1.3,11.0,5.0,0.0
Ryan Diaz,,65.77,,,,,,,,,,,,,,
Ryan Gandra,185.42,83.91,187.96,Orthodox,1995-05-08,,,,,,,,,,,
Ryan Gracie,175.26,90.72,,Orthodox,1974-08-14,,,,,,,,,,,
Ryan Hall,177.8,65.77,177.8,Southpaw,1985-02-22,2.38,50.0,1.33,65.0,0.22,9.0,0.0,2.2,9.0,2.0,0.0
Ryan Hayes,,,,,,,,,,,,,,,,
Ryan Healy,185.42,70.31,,Orthodox,1983-07-20,,,,,,,,,,,
Ryan Janes,190.5,83.91,193.04,Orthodox,1981-08-22,7.69,48.0,5.53,59.0,0.35,100.0,58.0,0.0,10.0,3.0,0.0
Ryan Jensen,185.42,83.91,193.04,Orthodox,1977-09-20,2.84,39.0,2.99,59.0,1.55,50.0,31.0,1.9,21.0,8.0,0.0
Ryan Jimmo,185.42,92.99,185.42,Orthodox,1981-11-27,3.12,66.0,2.77,46.0,0.45,28.0,87.0,0.0,19.0,5.0,0.0
Ryan Keenan,177.8,77.11,,,1985-06-15,,,,,,,,,,,
Ryan LaFlare,185.42,77.11,187.96,Southpaw,1983-10-01,2.89,40.0,1.86,63.0,2.13,44.0,58.0,0.2,14.0,3.0,0.0
Ryan Larson,,77.11,,,1980-12-30,,,,,,,,,,,
Ryan Loder,187.96,83.91,193.04,Southpaw,1991-06-05,5.76,71.0,2.51,50.0,1.57,14.0,100.0,1.6,8.0,2.0,0.0
Ryan MacDonald,180.34,61.23,180.34,Switch,1993-03-18,2.28,29.0,6.49,45.0,0.0,0.0,0.0,0.0,10.0,2.0,0.0
Ryan Madigan,182.88,77.11,,Orthodox,,0.0,0.0,3.35,47.0,0.0,0.0,0.0,0.0,5.0,3.0,0.0
Ryan McGillivray,180.34,77.11,,,1986-09-27,1.27,20.0,2.2,52.0,0.0,0.0,44.0,0.0,12.0,0.0,1.0
Ryan McGivern,182.88,83.91,,Orthodox,1980-01-17,,,,,,,,,,,
Ryan Parker,190.5,106.59,,Southpaw,,0.0,0.0,0.0,0.0,0.0,0.0,0.0,0.0,0.0,1.0,0.0
Ryan Quinn,172.72,65.77,,,,,,,,,,,,,,
Ryan Roberts,167.64,70.31,,Orthodox,1978-07-16,0.0,0.0,22.5,45.0,0.0,0.0,0.0,0.0,21.0,12.0,1.0
Ryan Spann,195.58,92.99,200.66,Orthodox,1991-08-24,3.19,39.0,4.14,43.0,1.3,34.0,52.0,1.8,23.0,11.0,0.0
Ryan Stonitsch,175.26,77.11,,Southpaw,1977-02-03,,,,,,,,,,,
Ryan Thomas,182.88,77.11,,Orthodox,1984-11-05,2.01,36.0,4.17,30.0,5.59,33.0,0.0,2.2,20.0,8.0,0.0
Ryan Tobar,,70.31,,,,,,,,,,,,,,
Ryo Chonan,175.26,77.11,177.8,Orthodox,1976-10-08,2.57,43.0,2.25,60.0,0.61,41.0,39.0,0.3,22.0,13.0,0.0
Ryo Kawamura,180.34,92.99,,Orthodox,1981-06-29,,,,,,,,,,,
Ryo Tajima,,61.23,,,1999-08-14,,,,,,,,,,,
Ryoga Arimoto,,56.7,,,1998-12-07,,,,,,,,,,,
Ryuho Miyaguchi,,61.23,,,1998-01-27,,,,,,,,,,,
Ryuichi Murata,172.72,83.01,,Orthodox,,,,,,,,,,,,
Ryuki Ueyama,180.34,81.65,,Southpaw,1976-04-17,,,,,,,,,,,
Ryuta Sakurai,170.18,83.01,,Orthodox,,,,,,,,,,,,
Saad Awad,180.34,70.31,,,1983-06-07,,,,,,,,,,,
Sabah Homasi,182.88,77.11,182.88,Orthodox,1988-10-19,4.98,48.0,6.91,47.0,2.8,50.0,66.0,0.0,11.0,8.0,0.0
Sabina Mazo,170.18,56.7,177.8,Orthodox,1997-03-25,6.1,43.0,4.35,57.0,0.65,80.0,59.0,0.2,9.0,4.0,0.0
Saeed Hosseini,,,,,,0.0,0.0,0.0,0.0,0.0,0.0,0.0,0.0,0.0,1.0,0.0
Sage Northcutt,182.88,77.11,180.34,Orthodox,1996-03-01,3.58,52.0,1.96,58.0,1.81,34.0,41.0,0.6,11.0,2.0,0.0
Sai Wang,182.88,77.11,,Southpaw,1986-01-14,3.17,46.0,2.27,53.0,0.0,0.0,77.0,0.0,20.0,6.0,1.0
Said Nurmagomedov,172.72,61.23,177.8,Orthodox,1992-04-05,3.08,48.0,2.05,55.0,0.86,15.0,63.0,1.1,18.0,5.0,0.0
Saidyokub Kakhramonov,172.72,61.23,175.26,Orthodox,1995-11-14,2.05,51.0,0.88,58.0,6.63,48.0,83.0,1.9,10.0,3.0,0.0
Saimon Oliveira,162.56,61.23,182.88,Orthodox,1991-04-21,2.67,40.0,4.13,46.0,1.07,25.0,38.0,1.4,18.0,6.0,0.0
Sako Chivitchian,180.34,70.31,,Orthodox,1984-03-11,2.4,27.0,4.8,46.0,0.0,0.0,100.0,0.0,8.0,1.0,0.0
Salim Touahri,177.8,77.11,182.88,Orthodox,1989-09-28,2.6,46.0,2.87,58.0,0.0,0.0,83.0,0.0,10.0,4.0,0.0
Salvador Becerra,175.26,70.31,,,,,,,,,,,,,,
Salvador Woods,180.34,77.11,,,1985-02-05,,,,,,,,,,,
Sam Adkins,190.5,102.06,,Orthodox,1965-04-26,0.0,0.0,0.0,0.0,0.0,0.0,0.0,0.0,7.0,20.0,2.0
Sam Alvey,187.96,83.91,190.5,Southpaw,1986-05-06,3.28,44.0,3.63,52.0,0.06,14.0,82.0,0.1,33.0,18.0,1.0
Sam Fulton,,,,,,0.0,0.0,0.0,0.0,0.0,0.0,0.0,0.0,0.0,2.0,0.0
Sam Greco,187.96,92.99,,Orthodox,1967-05-03,,,,,,,,,,,
Sam Hoger,187.96,92.99,,Orthodox,1980-06-28,1.07,25.0,2.25,57.0,1.12,38.0,29.0,1.3,10.0,4.0,0.0
Sam Hughes,165.1,52.16,162.56,Orthodox,1992-06-28,4.34,46.0,4.44,58.0,1.23,35.0,60.0,0.2,11.0,6.0,0.0
Sam Liera,,,,,,,,,,,,,,,,
Sam Oropeza,187.96,77.11,,,,,,,,,,,,,,
Sam Patterson,190.5,77.11,198.12,Orthodox,1996-04-30,3.89,43.0,3.93,49.0,1.39,100.0,33.0,2.8,14.0,2.0,1.0
Sam Sicilia,172.72,65.77,170.18,Orthodox,1986-02-01,2.46,33.0,3.55,59.0,1.45,43.0,70.0,0.9,15.0,8.0,0.0
Sam Spengler,180.34,83.91,,Orthodox,,,,,,,,,,,,
Sam Stout,175.26,70.31,177.8,Orthodox,1984-04-23,4.17,28.0,4.08,57.0,0.63,38.0,77.0,0.1,20.0,12.0,1.0
Sam Watford,,70.31,,,,,,,,,,,,,,
Samandar Murodov,185.42,77.11,190.5,Orthodox,1999-08-28,,,,,,,,,,,
Sammy Morgan,177.8,77.11,,Orthodox,1981-09-28,1.05,22.0,3.74,40.0,1.43,20.0,0.0,0.5,18.0,12.0,0.0
Samuel Sanches,177.8,70.31,187.96,Orthodox,2003-01-28,,,,,,,,,,,
Samuel Silva,182.88,70.31,182.88,Orthodox,1996-01-02,,,,,,,,,,,
Samy Schiavo,172.72,70.31,,Orthodox,1975-12-24,1.68,34.0,2.62,38.0,0.94,50.0,66.0,0.9,10.0,6.0,0.0
Sanae Kikuta,175.26,90.72,,Orthodox,1971-09-10,0.7,45.0,0.9,52.0,1.6,63.0,25.0,1.8,31.0,9.0,3.0
Sandra Lavado,170.18,52.16,167.64,Orthodox,1994-05-03,,,,,,,,,,,
Sanford Alton Meeks,195.58,120.2,190.5,Orthodox,1994-04-05,,,,,,,,,,,
SangHoon Yoo,182.88,77.11,187.96,Orthodox,1990-01-18,,,,,,,,,,,
SangWon Kim,175.26,65.77,175.26,Orthodox,1993-09-01,,,,,,,,,,,
Sangwook Kim,182.88,70.31,180.34,Orthodox,1993-10-17,,,,,,,,,,,
Santiago Luna,175.26,61.23,187.96,Orthodox,2004-08-06,,,,,,,,,,,
Santiago Ponzinibbio,182.88,77.11,185.42,Orthodox,1986-09-26,4.78,41.0,4.68,61.0,0.6,27.0,71.0,0.0,31.0,9.0,0.0
Santo Curatolo,160.02,56.7,157.48,Southpaw,1995-01-18,,,,,,,,,,,
Saparbeg Safarov,185.42,83.91,198.12,Orthodox,1986-10-14,4.03,48.0,2.96,47.0,2.52,41.0,33.0,0.0,9.0,3.0,0.0
Sara McMann,167.64,61.23,167.64,Orthodox,1980-09-24,2.26,46.0,1.92,47.0,4.38,65.0,50.0,0.5,13.0,6.0,0.0
Sarah Alpar,162.56,61.23,160.02,Southpaw,1991-06-01,2.36,44.0,6.06,38.0,1.61,26.0,20.0,0.4,9.0,6.0,0.0
Sarah D'alelio,170.18,65.77,,,1980-12-13,,,,,,,,,,,
Sarah Frota,167.64,56.7,175.26,Southpaw,1987-04-14,4.52,52.0,2.57,55.0,0.0,0.0,53.0,0.0,9.0,2.0,0.0
Sarah Kaufman,165.1,61.23,167.64,Orthodox,1985-09-20,6.65,46.0,4.0,62.0,0.38,57.0,81.0,0.0,18.0,4.0,0.0
Sarah Moras,170.18,61.23,170.18,Orthodox,1988-04-30,2.28,34.0,3.58,50.0,0.67,21.0,33.0,0.8,6.0,8.0,0.0
Sarah Payant,162.56,52.16,,,,,,,,,,,,,,
Sasha Palatnikov,185.42,77.11,182.88,Switch,1989-03-15,6.69,53.0,5.44,52.0,0.72,100.0,70.0,0.0,6.0,4.0,0.0
Satoru Kitaoka,167.64,69.85,,,1980-02-04,,,,,,,,,,,
Satoshi Honma,185.42,92.99,,Orthodox,1968-05-19,0.0,0.0,0.0,0.0,0.0,0.0,0.0,0.0,4.0,6.0,3.0
Satoshi Ishii,180.34,108.86,,Orthodox,1986-12-19,,,,,,,,,,,
Saul Elizondo,170.18,61.23,,,1985-07-17,,,,,,,,,,,
Saygid Izagakhmaev,,77.11,,,1994-09-03,,,,,,,,,,,
Scott Adams,182.88,102.06,,Southpaw,,0.0,0.0,0.0,0.0,0.0,0.0,0.0,0.0,8.0,1.0,0.0
Scott Askham,190.5,83.91,190.5,Southpaw,1988-05-20,3.03,46.0,3.52,52.0,0.44,18.0,65.0,0.7,14.0,4.0,0.0
Scott Baker,182.88,95.25,,,,0.0,0.0,0.0,0.0,0.0,0.0,0.0,0.0,1.0,1.0,0.0
Scott Bessac,193.04,111.13,,,,0.0,0.0,0.0,0.0,0.0,0.0,0.0,0.0,4.0,6.0,0.0
Scott Bills,177.8,77.11,,,,,,,,,,,,,,
Scott Carson,187.96,97.52,,,,,,,,,,,,,,
Scott Ettling,,61.23,,,,,,,,,,,,,,
Scott Ferrozzo,180.34,146.51,,Orthodox,1965-04-26,0.0,0.0,0.0,0.0,0.0,0.0,0.0,0.0,4.0,2.0,0.0
Scott Fiedler,193.04,106.59,,Orthodox,,0.0,0.0,0.0,0.0,0.0,0.0,0.0,0.0,0.0,1.0,0.0
Scott Graham,193.04,83.91,,Orthodox,,,,,,,,,,,,
Scott Harper,182.88,83.91,,Orthodox,1972-04-14,,,,,,,,,,,
Scott Holtzman,175.26,70.31,175.26,Orthodox,1983-09-30,4.32,47.0,3.66,55.0,1.88,56.0,67.0,0.2,14.0,6.0,0.0
Scott Jorgensen,165.1,61.23,167.64,Orthodox,1982-09-17,3.37,40.0,3.41,65.0,2.61,45.0,59.0,0.7,15.0,12.0,0.0
Scott Junk,185.42,120.2,,Orthodox,1978-12-17,5.13,60.0,1.81,45.0,0.0,0.0,0.0,0.0,8.0,3.0,1.0
Scott Lighty,187.96,92.99,,,1978-10-15,,,,,,,,,,,
Scott McAfee,172.72,70.31,,Orthodox,1983-08-23,,,,,,,,,,,
Scott McDonald,,,,,,,,,,,,,,,,
Scott Morris,177.8,95.25,,Orthodox,,0.0,0.0,0.0,0.0,0.0,0.0,0.0,0.0,2.0,1.0,0.0
Scott Norton,177.8,77.11,,Orthodox,1973-03-15,,,,,,,,,,,
Scott Shaffer,170.18,65.77,,Orthodox,,,,,,,,,,,,
Scott Smith,182.88,83.91,177.8,Orthodox,1979-05-21,1.9,27.0,5.87,50.0,0.12,6.0,58.0,0.5,18.0,11.0,0.0
Scott Ventimiglia,180.34,83.91,,,1972-11-17,,,,,,,,,,,
Sean Alvarez,182.88,106.59,,Orthodox,1971-07-14,0.89,37.0,3.25,47.0,0.0,0.0,0.0,0.0,4.0,3.0,0.0
Sean Bassett,,70.31,,,,,,,,,,,,,,
Sean Brady,177.8,77.11,182.88,Orthodox,1992-11-23,4.0,55.0,2.94,59.0,3.62,54.0,86.0,0.9,18.0,1.0,0.0
Sean Daugherty,182.88,79.38,,,1975-12-04,0.0,0.0,0.0,0.0,0.0,0.0,0.0,0.0,0.0,2.0,0.0
Sean Gannon,190.5,120.2,,Southpaw,,0.0,0.0,6.38,28.0,0.0,0.0,50.0,0.0,2.0,1.0,0.0
Sean Gauci,165.1,56.7,162.56,Switch,1996-10-07,,,,,,,,,,,
Sean Holden,177.8,77.11,,,1984-09-17,,,,,,,,,,,
Sean Lally,182.88,77.11,,Orthodox,1990-11-04,,,,,,,,,,,
Sean Loeffler,190.5,83.91,,Orthodox,1982-05-23,,,,,,,,,,,
Sean McCorkle,200.66,120.2,205.74,Orthodox,1976-07-17,0.85,44.0,2.48,52.0,2.12,40.0,33.0,4.2,17.0,7.0,0.0
Sean O'Connell,185.42,92.99,187.96,Orthodox,1983-09-02,5.46,48.0,6.77,45.0,0.0,0.0,30.0,0.5,17.0,9.0,0.0
Sean O'Haire,195.58,122.47,,Orthodox,1971-02-25,,,,,,,,,,,
Sean O'Malley,180.34,61.23,182.88,Switch,1994-10-24,6.3,61.0,3.48,60.0,0.27,42.0,61.0,0.3,18.0,3.0,0.0
Sean Pierson,182.88,77.11,193.04,Southpaw,1976-03-10,3.84,39.0,3.73,64.0,0.39,18.0,66.0,0.4,14.0,6.0,0.0
Sean Salmon,177.8,83.91,,Southpaw,1977-09-11,1.49,33.0,2.03,65.0,4.06,50.0,0.0,0.0,18.0,21.0,0.0
Sean Santella,165.1,56.7,,,1984-10-25,,,,,,,,,,,
Sean Sharaf,190.5,114.31,195.58,Orthodox,1993-07-11,7.31,44.0,9.79,44.0,2.07,12.0,0.0,0.0,4.0,1.0,0.0
Sean Sherk,167.64,70.31,170.18,Orthodox,1973-08-05,2.17,35.0,2.71,55.0,4.09,46.0,56.0,0.4,36.0,4.0,1.0
Sean Soriano,175.26,65.77,177.8,Orthodox,1989-10-06,3.18,61.0,2.14,56.0,1.33,55.0,52.0,0.0,14.0,8.0,0.0
Sean Spencer,177.8,77.11,187.96,Orthodox,1987-06-25,4.24,32.0,4.02,60.0,0.14,33.0,68.0,0.0,12.0,6.0,0.0
Sean Strickland,185.42,83.91,193.04,Orthodox,1991-02-27,5.95,42.0,4.57,60.0,0.73,64.0,76.0,0.2,29.0,7.0,0.0
Sean Wilson,172.72,65.77,,,1982-10-20,,,,,,,,,,,
Sean Woodson,187.96,65.77,198.12,Orthodox,1992-06-07,5.57,46.0,4.18,58.0,0.58,55.0,84.0,0.3,13.0,2.0,1.0
Sebastian Szalay,167.64,65.77,167.64,Orthodox,1994-02-03,,,,,,,,,,,
Sedriques Dumas,187.96,83.91,200.66,Orthodox,1995-08-06,2.1,45.0,2.5,55.0,1.25,35.0,40.0,0.2,10.0,3.0,0.0
Seichi Ikemoto,180.34,76.2,,Orthodox,1975-08-24,,,,,,,,,,,
Semmy Schilt,208.28,120.2,,Orthodox,1973-10-27,1.2,50.0,1.31,53.0,0.0,0.0,47.0,1.1,26.0,14.0,1.0
Seo Hee Ham,157.48,52.16,157.48,Southpaw,1987-03-08,4.2,39.0,5.15,61.0,0.0,0.0,66.0,0.2,17.0,8.0,0.0
Seokhyeon Ko,177.8,77.11,180.34,Southpaw,1993-09-24,2.9,52.0,2.0,59.0,4.0,53.0,75.0,0.5,12.0,2.0,0.0
SeongChan Hong,170.18,70.31,175.26,Orthodox,1989-11-28,,,,,,,,,,,
Sergei Kharitonov,182.88,111.13,,Orthodox,1980-08-18,,,,,,,,,,,
Sergei Pavlovich,190.5,116.57,213.36,Southpaw,1992-05-13,4.43,44.0,3.62,55.0,0.48,25.0,75.0,0.0,20.0,3.0,0.0
Sergey Ignatov,175.26,95.25,,Orthodox,,,,,,,,,,,,
Sergey Khandozhko,185.42,77.11,187.96,Orthodox,1992-05-19,3.41,41.0,2.37,60.0,0.76,28.0,61.0,0.0,28.0,6.0,1.0
Sergey Morozov,167.64,61.23,170.18,Orthodox,1989-06-14,3.01,43.0,2.97,61.0,3.63,31.0,68.0,0.0,19.0,5.0,0.0
Serghei Spivac,190.5,117.93,198.12,Orthodox,1995-01-24,3.45,48.0,4.25,50.0,4.21,62.0,63.0,0.5,17.0,6.0,0.0
Sergio Gomez,167.64,70.31,,Orthodox,1982-04-29,,,,,,,,,,,
Sergio Moraes,182.88,77.11,182.88,Orthodox,1982-07-23,2.42,42.0,3.73,59.0,1.2,38.0,75.0,0.4,14.0,6.0,1.0
Sergio Pettis,167.64,56.7,175.26,Orthodox,1993-08-18,3.88,37.0,2.91,65.0,0.85,40.0,67.0,0.4,18.0,5.0,0.0
Serhiy Sidey,180.34,61.23,182.88,Switch,1996-07-04,4.49,39.0,4.26,54.0,1.58,25.0,20.0,1.3,12.0,2.0,0.0
Seth Baczynski,190.5,77.11,190.5,Orthodox,1981-10-26,3.08,31.0,3.14,51.0,0.89,16.0,48.0,0.8,20.0,14.0,0.0
Seth Dikun,177.8,61.23,175.26,Orthodox,1980-08-05,,,,,,,,,,,
Seth Kleinbeck,187.96,83.91,,,1973-07-25,,,,,,,,,,,
Seth Petruzelli,182.88,92.99,193.04,Orthodox,1979-12-03,2.17,41.0,2.08,55.0,0.46,50.0,47.0,2.3,14.0,8.0,0.0
SeungGuk Choi,167.64,56.7,162.56,Orthodox,1996-12-26,2.69,42.0,2.69,65.0,1.02,27.0,74.0,0.0,7.0,3.0,0.0
SeungWoo Choi,182.88,65.77,187.96,Orthodox,1992-11-03,3.56,38.0,3.16,47.0,0.83,54.0,70.0,0.0,11.0,8.0,0.0
Shah Kamali,,120.2,,,1998-10-25,,,,,,,,,,,
Shaheen Santana,185.42,70.31,190.5,Orthodox,1991-06-04,,,,,,,,,,,
Shamar Bailey,175.26,70.31,190.5,Southpaw,1982-09-22,1.56,20.0,3.91,69.0,1.5,33.0,37.0,0.0,16.0,11.0,0.0
Shamil Abdurakhimov,190.5,106.59,193.04,Orthodox,1981-09-02,2.41,44.0,3.02,55.0,1.01,23.0,45.0,0.1,20.0,8.0,0.0
Shamil Gamzatov,187.96,92.99,193.04,Orthodox,1990-08-09,5.35,48.0,3.46,51.0,0.0,0.0,50.0,0.0,14.0,1.0,0.0
Shamil Gaziev,193.04,120.2,198.12,Orthodox,1990-02-10,2.57,48.0,3.87,44.0,0.96,30.0,83.0,0.3,14.0,1.0,0.0
Shana Dobson,167.64,56.7,175.26,Orthodox,1989-03-30,3.34,37.0,5.2,50.0,0.84,50.0,14.0,0.0,4.0,5.0,0.0
Shana Olsen,170.18,65.77,,,1980-12-17,,,,,,,,,,,
Shane Burgos,180.34,65.77,190.5,Orthodox,1991-03-19,7.4,52.0,6.78,56.0,0.43,44.0,91.0,0.4,15.0,3.0,0.0
Shane Campbell,182.88,70.31,180.34,Orthodox,1987-01-21,3.99,59.0,3.19,55.0,1.36,28.0,82.0,0.0,14.0,6.0,0.0
Shane Carwin,187.96,120.2,203.2,Orthodox,1975-01-04,4.38,47.0,3.53,53.0,1.42,33.0,42.0,0.0,12.0,2.0,0.0
Shane Howell,172.72,56.7,,Orthodox,1983-11-28,1.27,32.0,2.55,42.0,0.0,0.0,20.0,0.0,13.0,10.0,0.0
Shane Nelson,175.26,70.31,177.8,Southpaw,1984-11-29,1.38,31.0,2.84,61.0,1.31,18.0,54.0,1.6,16.0,7.0,0.0
Shane Primm,190.5,92.99,,Orthodox,1984-07-30,0.83,26.0,2.25,62.0,1.78,20.0,0.0,0.0,5.0,5.0,0.0
Shane Roller,177.8,70.31,182.88,Orthodox,1979-07-14,2.04,34.0,2.65,60.0,2.46,33.0,42.0,1.9,11.0,7.0,0.0
Shane Young,172.72,65.77,182.88,Orthodox,1993-07-31,5.19,40.0,5.46,52.0,0.63,18.0,64.0,0.0,13.0,8.0,0.0
Shane del Rosario,193.04,113.4,,Southpaw,1983-09-23,3.93,60.0,2.97,54.0,1.2,40.0,16.0,2.4,11.0,2.0,0.0
Shanelle Dyer,167.64,52.16,165.1,Orthodox,2001-04-23,,,,,,,,,,,
Shang Zhifa,170.18,56.7,160.02,Orthodox,1986-03-15,,,,,,,,,,,
Shanna Young,170.18,56.7,165.1,Orthodox,1991-02-20,3.18,47.0,4.88,43.0,0.0,0.0,53.0,0.6,9.0,6.0,0.0
Shannon Clark,165.1,56.7,162.56,Orthodox,1992-07-07,,,,,,,,,,,
Shannon Gugerty,177.8,70.31,180.34,Orthodox,1981-12-30,1.25,39.0,1.88,58.0,2.13,27.0,50.0,3.4,15.0,7.0,0.0
Shannon Ritch,175.26,86.18,,Orthodox,1970-09-27,,,,,,,,,,,
Shannon Ross,167.64,56.7,167.64,Switch,1989-05-12,5.96,39.0,7.39,55.0,0.0,0.0,100.0,0.0,13.0,9.0,0.0
Shaqueme Rock,,70.31,,,1993-11-05,,,,,,,,,,,
Shara Magomedov,187.96,83.91,185.42,Orthodox,1994-05-16,5.93,62.0,3.85,43.0,0.0,0.0,71.0,0.0,16.0,1.0,0.0
Shaun Etchell,170.18,56.7,172.72,Switch,1993-08-05,,,,,,,,,,,
Shauna Bannon,165.1,52.16,165.1,Switch,1993-10-23,4.32,43.0,3.75,45.0,0.0,0.0,40.0,0.7,7.0,2.0,0.0
Shavkat Rakhmonov,185.42,77.11,195.58,Orthodox,1994-10-23,3.25,60.0,2.17,51.0,1.4,25.0,85.0,1.2,19.0,0.0,0.0
Shawn Bunch,165.1,61.23,,,1983-03-19,,,,,,,,,,,
Shawn Jordan,182.88,117.93,190.5,Southpaw,1984-10-21,2.87,50.0,3.3,47.0,1.97,38.0,76.0,0.1,19.0,8.0,0.0
Shawn Teed,195.58,120.2,,Orthodox,1992-02-13,,,,,,,,,,,
Shayilan Nuerdanbieke,172.72,65.77,175.26,Orthodox,1994-05-04,1.95,45.0,2.64,50.0,3.3,35.0,28.0,0.2,39.0,12.0,0.0
Shayna Baszler,170.18,61.23,,Orthodox,1980-08-08,2.49,30.0,6.36,51.0,0.67,18.0,44.0,1.3,15.0,11.0,0.0
Sheila Gaff,165.1,61.23,,Orthodox,1989-12-29,1.6,50.0,2.89,28.0,0.0,0.0,20.0,0.0,9.0,7.0,0.0
Sheldon Westcott,185.42,77.11,180.34,Southpaw,1984-08-20,2.26,40.0,3.73,37.0,3.23,37.0,14.0,0.0,10.0,3.0,1.0
Shelton Graves,187.96,115.67,193.04,Southpaw,1985-10-23,,,,,,,,,,,
Sherman Pendergarst,185.42,106.59,,Orthodox,1967-08-01,1.23,36.0,3.08,16.0,4.62,100.0,0.0,0.0,11.0,18.0,0.0
Sherrard Blackledge,180.34,70.31,190.5,Orthodox,1993-08-16,,,,,,,,,,,
Sherron Leggett,172.72,70.31,,Southpaw,1978-10-27,,,,,,,,,,,
Sheymon Moraes,172.72,65.77,182.88,Orthodox,1990-10-11,3.0,42.0,3.64,63.0,0.0,0.0,53.0,0.0,11.0,4.0,0.0
Shi Ming,157.48,52.16,152.4,Orthodox,1994-11-14,3.12,36.0,2.92,53.0,0.81,30.0,57.0,0.0,17.0,6.0,0.0
Shimon Smotritsky,187.96,77.11,187.96,Orthodox,2000-08-22,,,,,,,,,,,
Shin Haraguchi,165.1,65.77,172.72,Switch,1998-11-27,,,,,,,,,,,
Shingo Kohara,167.64,61.23,,,,,,,,,,,,,,
Shinsho Anzai,170.18,77.11,177.8,Orthodox,1985-12-01,3.23,58.0,3.75,45.0,1.83,16.0,75.0,0.0,10.0,3.0,0.0
Shinya Aoki,180.34,69.85,,Southpaw,1983-05-09,,,,,,,,,,,
Sho Patrick Usami,175.26,70.31,177.8,Orthodox,2000-05-08,,,,,,,,,,,
Shogo Sato,170.18,77.11,167.64,Southpaw,1993-06-08,,,,,,,,,,,
Shohei Nose,167.64,61.23,172.72,Switch,1997-10-19,,,,,,,,,,,
Shoji Maruyama,170.18,63.05,,Orthodox,1983-04-24,,,,,,,,,,,
Shonie Carter,177.8,77.11,,Southpaw,1972-05-03,1.62,36.0,2.32,47.0,0.75,66.0,75.0,0.0,51.0,31.0,7.0
Shonte Barnes,180.34,83.91,193.04,Southpaw,1987-02-09,,,,,,,,,,,
Shungo Oyama,180.34,83.91,,Southpaw,1974-04-11,,,,,,,,,,,
Shunichi Shimizu,165.1,61.23,,Orthodox,1985-01-31,0.14,33.0,4.68,30.0,0.0,0.0,0.0,0.0,30.0,18.0,11.0
Shuya Kamikubo,165.1,61.23,172.72,Switch,1993-04-12,,,,,,,,,,,
Siala Siliga,185.42,131.54,,Orthodox,1970-10-08,,,,,,,,,,,
Sidney Outlaw,172.72,77.11,187.96,Orthodox,1992-04-11,,,,,,,,,,,
Sidney Silva,190.5,77.11,,Southpaw,1972-02-27,,,,,,,,,,,
Sijara Eubanks,162.56,56.7,170.18,Orthodox,1985-04-27,4.3,43.0,3.43,57.0,1.9,44.0,66.0,0.3,8.0,7.0,0.0
Silvana Gomez Juarez,160.02,52.16,165.1,Orthodox,1984-12-06,4.26,32.0,4.04,61.0,0.0,0.0,30.0,0.0,11.0,5.0,0.0
Sim Kai Xiong,167.64,61.23,170.18,Orthodox,1997-09-06,,,,,,,,,,,
Simeon Thoresen,185.42,77.11,200.66,Orthodox,1984-03-14,3.85,43.0,3.85,64.0,1.12,40.0,50.0,1.7,17.0,6.0,1.0
Simon Biyong,,92.99,,,1991-04-05,,,,,,,,,,,
Sione Latu,182.88,97.52,,,,0.0,0.0,0.0,0.0,0.0,0.0,0.0,0.0,1.0,0.0,0.0
Sirwan Kakai,165.1,61.23,,Orthodox,1989-10-03,3.57,41.0,4.63,62.0,4.0,42.0,83.0,0.0,12.0,5.0,0.0
Siyar Bahadurzada,180.34,77.11,185.42,Orthodox,1984-04-17,2.91,40.0,3.23,49.0,1.32,61.0,62.0,0.3,24.0,8.0,1.0
Slim Trabelsi,190.5,106.59,,,1993-05-09,,,,,,,,,,,
So Yul Kim,,52.16,,,1997-05-25,,,,,,,,,,,
Soa Palelei,193.04,120.2,205.74,Orthodox,1977-07-12,2.47,57.0,2.68,48.0,2.2,47.0,66.0,0.0,22.0,5.0,0.0
Sodiq Yusuff,175.26,70.31,180.34,Orthodox,1993-05-19,5.27,49.0,4.29,53.0,0.36,23.0,62.0,0.4,13.0,5.0,0.0
Sofia Montenegro,167.64,56.7,170.18,Orthodox,1999-06-18,,,,,,,,,,,
Soichi Nishida,180.34,145.15,,Orthodox,,,,,,,,,,,,
Sokun Koh,185.42,92.99,,,,,,,,,,,,,,
Solomon Hutcherson,180.34,83.91,,Southpaw,1972-08-31,2.59,39.0,2.59,64.0,3.53,100.0,0.0,0.0,11.0,7.0,0.0
Solomon Renfro,175.26,77.11,182.88,Switch,1997-02-05,,,,,,,,,,,
Song Kenan,182.88,77.11,180.34,Orthodox,1990-03-10,4.49,46.0,5.82,51.0,0.42,30.0,73.0,0.0,22.0,9.0,0.0
Song Yadong,172.72,61.23,170.18,Orthodox,1997-12-02,4.58,43.0,4.0,55.0,0.61,38.0,73.0,0.1,22.0,8.0,1.0
Sora Rakhmonova,,56.7,,,1998-06-21,,,,,,,,,,,
Sovannahry Em,162.56,61.23,,,1992-06-26,,,,,,,,,,,
Spencer Fisher,170.18,70.31,172.72,Southpaw,1976-05-09,3.17,43.0,3.03,64.0,0.67,30.0,60.0,0.8,24.0,9.0,0.0
Spencer Hearns,180.34,83.91,,,,,,,,,,,,,,
Spike Carlyle,172.72,65.77,180.34,Switch,1993-05-06,2.55,54.0,3.85,30.0,3.34,36.0,57.0,0.5,9.0,3.0,0.0
Stanislav Nedkov,180.34,92.99,180.34,Orthodox,1981-12-09,3.33,43.0,5.39,43.0,2.77,41.0,0.0,0.0,12.0,2.0,0.0
Stefan Klever,,83.91,,Orthodox,,,,,,,,,,,,
Stefan Leko,187.96,97.52,,Orthodox,1974-06-03,,,,,,,,,,,
Stefan Sekulic,182.88,77.11,190.5,Southpaw,1992-02-12,1.83,50.0,2.83,64.0,2.0,33.0,25.0,0.5,12.0,4.0,0.0
Stefan Struve,210.82,120.2,213.36,Orthodox,1988-02-18,3.12,47.0,4.04,46.0,0.56,46.0,55.0,1.7,33.0,13.0,0.0
Stephan Bonnar,193.04,92.99,200.66,Orthodox,1977-04-04,2.76,38.0,3.01,52.0,1.32,40.0,60.0,1.0,15.0,9.0,0.0
Stephanie Egger,167.64,61.23,172.72,Orthodox,1988-08-12,2.2,46.0,2.48,52.0,2.48,42.0,50.0,0.6,8.0,5.0,0.0
Stephanie Frausto,157.48,52.16,154.94,Orthodox,1990-09-20,,,,,,,,,,,
Stephanie Luciano,167.64,52.16,165.1,Orthodox,1999-12-16,5.36,41.0,3.38,61.0,0.67,66.0,80.0,0.0,6.0,2.0,1.0
Stephanie Webber,167.64,61.23,,,,,,,,,,,,,,
Stephen Banaszak,182.88,65.77,,,1990-12-07,,,,,,,,,,,
Stephen Bass,175.26,65.77,,Orthodox,1982-11-14,4.87,52.0,5.87,55.0,0.0,0.0,0.0,0.0,11.0,2.0,0.0
Stephen Ledbetter,175.26,65.77,,Orthodox,1982-06-30,,,,,,,,,,,
Stephen Palling,162.56,64.86,,,1967-01-29,,,,,,,,,,,
Stephen Regman,180.34,83.91,193.04,Orthodox,1991-08-05,,,,,,,,,,,
Stephen Thompson,182.88,77.11,190.5,Orthodox,1983-02-11,4.05,46.0,3.0,54.0,0.23,35.0,63.0,0.0,17.0,9.0,1.0
Sterling Ford,177.8,70.31,,,1986-03-12,,,,,,,,,,,
Steve Berger,180.34,77.11,,Orthodox,1973-05-20,1.0,27.0,3.26,36.0,0.84,40.0,16.0,1.7,21.0,23.0,2.0
Steve Bosse,180.34,92.99,182.88,Orthodox,1981-07-29,5.99,52.0,5.38,50.0,0.92,33.0,100.0,0.0,12.0,2.0,0.0
Steve Bruno,177.8,77.11,,Orthodox,1981-11-03,0.96,52.0,3.38,36.0,1.94,25.0,46.0,0.4,15.0,6.0,0.0
Steve Byrnes,182.88,77.11,,Orthodox,,1.2,51.0,2.67,27.0,3.0,60.0,0.0,4.0,6.0,1.0,0.0
Steve Cantwell,187.96,83.91,190.5,Orthodox,1986-12-08,3.63,34.0,5.76,55.0,0.65,30.0,80.0,0.7,7.0,6.0,0.0
Steve Erceg,172.72,56.7,172.72,Orthodox,1995-07-27,4.0,45.0,3.79,52.0,1.15,27.0,62.0,0.4,13.0,4.0,0.0
Steve Garcia,182.88,65.77,190.5,Southpaw,1992-05-22,5.18,48.0,2.2,57.0,0.9,40.0,88.0,0.5,18.0,5.0,0.0
Steve Hadsel,172.72,77.11,,,,,,,,,,,,,,
Steve Jennum,177.8,97.52,,Orthodox,,0.0,0.0,0.0,0.0,0.0,0.0,0.0,0.0,2.0,3.0,0.0
Steve Judson,180.34,104.33,,Orthodox,,0.0,0.0,0.0,0.0,0.0,0.0,0.0,0.0,0.0,2.0,0.0
Steve Kennedy,180.34,77.11,,Orthodox,1983-03-07,2.28,35.0,5.52,45.0,2.51,33.0,0.0,0.0,24.0,8.0,0.0
Steve Kozola,,70.31,,,,,,,,,,,,,,
Steve Lopez,180.34,70.31,,Orthodox,1984-07-30,1.39,24.0,2.69,62.0,0.0,0.0,37.0,0.0,13.0,6.0,1.0
Steve Mann,185.42,77.11,,,,,,,,,,,,,,
Steve Mensing,180.34,83.91,,Orthodox,1977-12-06,,,,,,,,,,,
Steve Montgomery,193.04,83.91,,Southpaw,1990-12-19,4.85,39.0,4.12,47.0,0.0,0.0,64.0,0.0,9.0,5.0,0.0
Steve Nelmark,182.88,108.86,,Orthodox,,0.0,0.0,0.0,0.0,0.0,0.0,0.0,0.0,2.0,1.0,0.0
Steve Ramirez,170.18,56.7,,,,,,,,,,,,,,
Steve Steinbeiss,190.5,83.91,190.5,Orthodox,1981-05-05,3.92,55.0,1.86,49.0,0.44,50.0,58.0,0.0,9.0,4.0,0.0
Steve Vigneault,177.8,83.91,,Orthodox,1978-02-14,2.19,28.0,5.75,44.0,0.0,0.0,100.0,0.0,12.0,6.0,0.0
Steve White,180.34,79.38,,,,,,,,,,,,,,
Steven Asplund,195.58,118.39,198.12,Orthodox,1998-07-16,,,,,,,,,,,
Steven Ciaccio,182.88,77.11,,,,,,,,,,,,,,
Steven Graham,185.42,131.54,,Orthodox,,0.0,0.0,0.0,0.0,0.0,0.0,0.0,0.0,2.0,1.0,0.0
Steven Koslow,170.18,56.7,175.26,Switch,1997-01-22,0.77,37.0,3.73,40.0,5.28,55.0,0.0,1.1,6.0,1.0,0.0
Steven Nguyen,180.34,65.77,185.42,Switch,1993-05-19,7.47,42.0,7.1,60.0,0.24,100.0,88.0,0.0,10.0,2.0,0.0
Steven Peterson,177.8,65.77,177.8,Orthodox,1990-05-29,4.76,40.0,5.94,53.0,1.42,26.0,64.0,0.7,19.0,11.0,0.0
Steven Siler,180.34,65.77,177.8,Orthodox,1987-02-15,3.21,41.0,2.96,54.0,0.47,21.0,55.0,1.6,29.0,16.0,0.0
Stevie Lynch,177.8,77.11,,Orthodox,,2.47,25.0,7.06,41.0,0.0,0.0,0.0,0.0,5.0,2.0,0.0
Stevie Ray,177.8,70.31,177.8,Southpaw,1990-03-25,3.73,44.0,2.93,54.0,0.75,46.0,55.0,0.6,23.0,9.0,0.0
Stewart Nicoll,165.1,56.7,165.1,Orthodox,1996-04-11,3.02,47.0,1.13,40.0,5.66,100.0,0.0,0.0,8.0,1.0,0.0
Stipe Miocic,193.04,108.86,203.2,Orthodox,1982-08-19,4.67,52.0,4.01,52.0,1.74,34.0,65.0,0.0,20.0,5.0,0.0
Stoney Hale,182.88,,,,1979-10-18,,,,,,,,,,,
SuYoung You,167.64,61.23,165.1,Orthodox,1995-12-11,2.28,46.0,1.96,70.0,3.8,47.0,66.0,0.4,16.0,3.0,0.0
Sulangrangbo,175.26,61.23,167.64,Southpaw,2005-07-17,,,,,,,,,,,
Sultan Aliev,180.34,77.11,187.96,Orthodox,1984-09-17,1.41,45.0,2.2,56.0,1.76,38.0,100.0,0.0,15.0,3.0,0.0
Suman Mokhtarian,172.72,65.77,182.88,Orthodox,1992-06-13,2.21,43.0,6.85,48.0,0.0,0.0,0.0,0.0,8.0,5.0,0.0
Sumit Kumar,165.1,56.7,167.64,Orthodox,2000-09-09,,,,,,,,,,,
Sumudaerji,172.72,56.7,182.88,Southpaw,1996-01-20,4.48,52.0,2.39,60.0,0.16,11.0,71.0,0.6,18.0,7.0,0.0
Sung Bin Jo,182.88,65.77,182.88,Orthodox,1992-07-17,1.4,33.0,2.67,51.0,1.0,33.0,83.0,1.0,9.0,1.0,0.0
Syuri Kondo,162.56,52.16,167.64,Orthodox,1989-02-08,5.4,44.0,7.22,58.0,0.0,0.0,83.0,0.3,6.0,3.0,0.0
TJ Brown,175.26,65.77,182.88,Switch,1990-05-22,3.37,44.0,2.89,49.0,3.41,57.0,36.0,1.3,17.0,11.0,0.0
TJ Cook,,92.99,,,1982-09-08,,,,,,,,,,,
TJ Dillashaw,167.64,61.23,170.18,Orthodox,1986-02-07,5.09,41.0,3.47,62.0,1.56,30.0,77.0,0.8,18.0,5.0,0.0
TJ Grant,177.8,70.31,182.88,Orthodox,1984-02-26,3.95,54.0,3.21,56.0,1.63,43.0,36.0,0.6,21.0,5.0,0.0
TJ Hepburn,170.18,70.31,,,,,,,,,,,,,,
TJ Laramie,167.64,65.77,167.64,Orthodox,1997-10-15,1.49,50.0,2.64,38.0,1.44,33.0,40.0,0.0,12.0,5.0,0.0
TJ O'Brien,187.96,70.31,,Orthodox,1987-01-01,3.77,46.0,4.78,57.0,0.94,100.0,0.0,0.0,20.0,8.0,0.0
TJ Waldburger,180.34,77.11,190.5,Orthodox,1988-04-25,2.02,51.0,2.39,40.0,3.03,46.0,40.0,4.8,16.0,9.0,0.0
Tabatha Ricci,154.94,52.16,154.94,Orthodox,1995-02-21,4.18,36.0,5.19,57.0,2.69,37.0,78.0,0.1,12.0,3.0,0.0
Tadao Yasuda,193.04,140.61,,Orthodox,1963-10-09,,,,,,,,,,,
Tae Hyun Bang,175.26,70.31,180.34,Switch,1983-04-15,2.72,38.0,2.07,66.0,0.49,33.0,57.0,0.5,18.0,10.0,0.0
Tae Hyun Lee,198.12,133.81,,Orthodox,1975-01-17,,,,,,,,,,,
Tafon Nchukwi,182.88,83.91,195.58,Orthodox,1994-10-14,5.57,52.0,4.11,54.0,0.76,57.0,64.0,0.0,6.0,4.0,0.0
Tagir Ulanbekov,170.18,56.7,177.8,Southpaw,1991-08-07,3.37,49.0,3.36,52.0,2.94,38.0,62.0,1.6,17.0,2.0,0.0
Tai Bowden,180.34,104.33,,,,0.0,0.0,0.0,0.0,0.0,0.0,0.0,0.0,1.0,1.0,0.0
Tai Tuivasa,187.96,119.75,190.5,Southpaw,1993-03-16,3.77,46.0,5.18,44.0,0.0,0.0,57.0,0.0,15.0,8.0,0.0
Taiei Kin,180.34,83.91,,Orthodox,1970-07-08,,,,,,,,,,,
Taiga Iwasaki,185.42,83.91,185.42,Orthodox,1997-07-07,,,,,,,,,,,
Taila Santos,167.64,56.7,172.72,Orthodox,1993-06-22,3.39,48.0,2.64,58.0,2.0,76.0,86.0,1.1,19.0,3.0,0.0
Tainara Lisboa,170.18,61.23,170.18,Orthodox,1991-03-02,1.68,43.0,1.42,49.0,1.53,36.0,58.0,0.4,7.0,3.0,0.0
Taiyilake Nueraji,187.96,77.11,190.5,Southpaw,2001-01-12,9.82,53.0,5.01,58.0,1.47,33.0,100.0,0.0,12.0,1.0,0.0
Takafumi Otsuka,167.64,63.05,,Orthodox,,,,,,,,,,,,
Takahiro Oba,172.72,90.72,,Southpaw,,,,,,,,,,,,
Takanori Gomi,170.18,70.31,177.8,Southpaw,1978-09-22,3.81,41.0,3.52,60.0,1.23,65.0,63.0,0.8,35.0,14.0,0.0
Takashi Sato,177.8,77.11,185.42,Southpaw,1990-06-09,2.21,41.0,3.73,44.0,0.76,37.0,60.0,0.0,16.0,7.0,0.0
Takashi Sugiura,180.34,102.06,,Southpaw,1970-05-31,,,,,,,,,,,
Takaya Suzuki,,56.7,,,2004-09-04,,,,,,,,,,,
Takayo Hashi,162.56,61.23,,Orthodox,1977-10-02,,,,,,,,,,,
Takayuki Okada,185.42,131.54,,Orthodox,,,,,,,,,,,,
Takenori Sato,177.8,77.11,,Southpaw,1985-06-08,0.46,33.0,12.92,9.0,0.0,0.0,0.0,0.0,19.0,11.0,7.0
Takeru Uchida,165.1,56.7,172.72,Southpaw,2002-09-30,,,,,,,,,,,
Takeshi Inoue,172.72,65.77,,,1980-03-18,,,,,,,,,,,
Takeshi Yamazaki,172.72,63.05,,Southpaw,,,,,,,,,,,,
Takeya Mizugaki,170.18,61.23,175.26,Orthodox,1983-12-16,3.37,37.0,3.27,57.0,1.46,57.0,70.0,0.1,21.0,11.0,2.0
Talita Alencar,154.94,52.16,147.32,Orthodox,1990-10-17,2.62,33.0,3.77,53.0,2.5,20.0,50.0,0.2,6.0,1.0,1.0
Talita Bernardo,162.56,61.23,172.72,Orthodox,1987-03-04,3.12,42.0,4.04,55.0,1.62,22.0,28.0,0.5,6.0,4.0,0.0
Talita Nogueira,177.8,65.77,,,1985-10-13,,,,,,,,,,,
Tallison Teixeira,200.66,117.03,210.82,Orthodox,1999-12-07,12.83,59.0,8.98,56.0,0.0,0.0,0.0,0.0,8.0,1.0,0.0
Tamdan McCrory,193.04,83.91,193.04,Switch,1986-11-05,2.07,49.0,1.6,46.0,2.28,50.0,33.0,2.5,14.0,5.0,0.0
Tamires Vidal,167.64,61.23,172.72,Orthodox,1998-07-27,2.91,53.0,4.46,49.0,0.0,0.0,35.0,0.7,7.0,4.0,0.0
Taneisha Tennant,170.18,65.77,177.8,Orthodox,1989-06-15,,,,,,,,,,,
Tanner Boser,187.96,92.99,190.5,Orthodox,1991-08-02,4.7,52.0,2.75,58.0,0.0,0.0,63.0,0.0,21.0,10.0,1.0
Tarec Saffiedine,177.8,77.11,177.8,Switch,1986-09-06,4.05,47.0,3.06,62.0,0.52,36.0,84.0,0.1,16.0,7.0,0.0
Tateki Matsuda,170.18,56.7,,Orthodox,1986-02-27,3.2,34.0,3.43,69.0,0.0,0.0,16.0,0.0,13.0,8.0,0.0
Tatiana Suarez,165.1,52.16,167.64,Southpaw,1990-12-19,3.22,61.0,1.58,47.0,4.65,47.0,80.0,0.7,11.0,1.0,0.0
Tatsuro Taira,170.18,56.7,177.8,Orthodox,2000-01-27,2.87,60.0,2.54,47.0,3.21,48.0,45.0,1.7,17.0,1.0,0.0
Tatsuya Ando,162.56,65.77,172.72,Southpaw,1990-04-26,,,,,,,,,,,
Tatsuya Iwasaki,175.26,92.99,,Orthodox,,,,,,,,,,,,
Tatsuya Kawajiri,170.18,65.77,175.26,Orthodox,1978-05-08,2.04,44.0,2.01,50.0,3.63,48.0,63.0,1.1,36.0,11.0,2.0
Tatsuya Mizuno,185.42,92.99,,Southpaw,1981-06-02,,,,,,,,,,,
Tatsuya Saika,182.88,70.31,185.42,Orthodox,1990-09-18,,,,,,,,,,,
Taylor Callens,177.8,70.31,,,1991-05-21,,,,,,,,,,,
Taylor Johnson,182.88,83.91,187.96,Switch,1990-11-09,,,,,,,,,,,
Taylor Lapilus,167.64,61.23,185.42,Southpaw,1992-04-08,4.59,48.0,2.61,62.0,0.27,33.0,77.0,0.3,21.0,4.0,0.0
Taylor Moore,177.8,61.23,177.8,Southpaw,1993-10-16,,,,,,,,,,,
Taylor Roberts,180.34,77.11,,,,,,,,,,,,,,
Te Edwards,172.72,70.31,182.88,Orthodox,1990-09-11,1.5,41.0,4.15,44.0,0.72,100.0,44.0,0.0,6.0,3.0,0.0
Tebaris Gordon,185.42,120.2,,Orthodox,1988-07-19,,,,,,,,,,,
Tecia Pennington,154.94,52.16,152.4,Orthodox,1989-08-16,4.78,48.0,3.48,61.0,0.54,13.0,62.0,0.1,15.0,7.0,0.0
Tedd Williams,185.42,124.74,,Orthodox,1969-12-19,0.0,0.0,0.0,0.0,0.0,0.0,0.0,0.0,7.0,1.0,0.0
Teddy Ash,185.42,83.91,185.42,Switch,1989-12-27,,,,,,,,,,,
Teemu Packalen,185.42,70.31,190.5,Orthodox,1987-05-22,2.57,54.0,3.91,47.0,2.31,25.0,100.0,1.5,8.0,3.0,0.0
Teila Tuli,182.88,195.04,,Orthodox,1969-06-14,,,,,,,,,,,
Tereza Bleda,175.26,56.7,180.34,Orthodox,2001-11-30,3.02,53.0,1.86,46.0,1.81,27.0,83.0,0.7,7.0,1.0,0.0
Terrance McKinney,177.8,70.31,185.42,Switch,1994-09-15,5.78,56.0,2.58,47.0,3.59,40.0,77.0,2.2,17.0,7.0,0.0
Terrance Saeteurn,167.64,56.7,170.18,Orthodox,1995-05-30,,,,,,,,,,,
Terrell Brown,,83.91,,,1983-04-13,,,,,,,,,,,
Terrence Mitchell,177.8,61.23,187.96,Orthodox,1989-12-30,2.21,34.0,8.85,41.0,3.69,50.0,0.0,0.0,14.0,4.0,0.0
Terrion Ware,172.72,61.23,180.34,Orthodox,1986-03-31,4.02,32.0,6.07,50.0,0.5,22.0,44.0,0.0,17.0,9.0,0.0
Terry Etim,185.42,70.31,185.42,Orthodox,1986-01-11,2.16,35.0,2.53,67.0,0.43,30.0,39.0,1.4,16.0,5.0,0.0
Terry Martin,172.72,83.91,180.34,Orthodox,1980-10-10,2.82,43.0,3.13,54.0,3.1,42.0,92.0,0.0,23.0,11.0,0.0
Teruto Ishihara,170.18,61.23,175.26,Southpaw,1991-07-23,3.26,44.0,3.63,53.0,0.5,16.0,30.0,0.0,10.0,7.0,2.0
Tetsuji Kato,,70.31,,Orthodox,,,,,,,,,,,,
Tetsuya Seki,177.8,70.31,,,1994-02-08,,,,,,,,,,,
Thaddeus Luster,190.5,95.25,,,,0.0,0.0,0.0,0.0,0.0,0.0,0.0,0.0,0.0,1.0,0.0
Thales Leites,185.42,83.91,198.12,Orthodox,1981-09-06,2.13,40.0,2.99,52.0,2.1,27.0,30.0,1.1,28.0,9.0,0.0
Thanh Le,175.26,65.77,187.96,Orthodox,1985-08-28,,,,,,,,,,,
Themba Gorimbo,185.42,77.11,195.58,Orthodox,1991-01-23,3.15,61.0,1.09,56.0,4.81,65.0,82.0,0.6,14.0,5.0,0.0
Theo Haig,187.96,83.91,195.58,Orthodox,1996-08-23,,,,,,,,,,,
Theo Rlayang,170.18,65.77,165.1,Orthodox,1994-08-10,,,,,,,,,,,
Thiago Alves,175.26,77.11,177.8,Orthodox,1983-10-03,3.73,41.0,3.42,62.0,0.71,60.0,63.0,0.3,23.0,15.0,0.0
Thiago Moises,175.26,70.31,177.8,Orthodox,1995-03-23,2.48,42.0,4.08,53.0,1.31,35.0,52.0,1.1,19.0,9.0,0.0
Thiago Perpetuo,177.8,77.11,,Orthodox,1987-12-14,5.39,69.0,3.51,51.0,2.82,50.0,66.0,0.0,9.0,4.0,1.0
Thiago Santos,187.96,92.99,193.04,Orthodox,1984-01-07,3.72,48.0,2.57,53.0,0.88,33.0,65.0,0.1,22.0,11.0,0.0
Thiago Silva,187.96,92.99,187.96,Orthodox,1982-11-12,3.92,50.0,2.55,67.0,1.03,47.0,70.0,0.7,19.0,6.0,0.0
Thiago Tavares,170.18,65.77,177.8,Orthodox,1984-11-08,2.0,40.0,2.31,62.0,3.83,42.0,62.0,1.5,21.0,7.0,1.0
Thibault Gouti,177.8,70.31,182.88,Orthodox,1987-02-27,3.68,34.0,5.64,50.0,1.23,80.0,83.0,0.3,12.0,5.0,0.0
Thomas Almeida,170.18,65.77,177.8,Southpaw,1991-07-31,4.84,43.0,4.93,61.0,0.17,14.0,75.0,0.0,22.0,5.0,0.0
Thomas Campbell,,,,,,,,,,,,,,,,
Thomas Denny,177.8,77.11,,Orthodox,1971-04-19,,,,,,,,,,,
Thomas Diagne,185.42,69.85,,,1983-09-03,,,,,,,,,,,
Thomas Gifford,185.42,70.31,190.5,Orthodox,1992-07-26,3.97,37.0,6.45,37.0,0.5,33.0,33.0,0.0,14.0,9.0,0.0
Thomas Longacre,175.26,65.77,,Orthodox,,,,,,,,,,,,
Thomas Paull,170.18,70.31,170.18,Orthodox,1994-10-15,,,,,,,,,,,
Thomas Petersen,185.42,119.75,187.96,Southpaw,1995-03-30,3.74,59.0,2.94,57.0,4.42,66.0,100.0,0.6,10.0,3.0,0.0
Thomas Ramirez,185.42,185.97,,Sideways,,0.0,0.0,0.0,0.0,0.0,0.0,0.0,0.0,0.0,1.0,0.0
Ti Haitao,,61.23,,,,,,,,,,,,,,
Tiago dos Santos e Silva,175.26,65.77,177.8,Orthodox,1987-04-12,3.69,35.0,4.23,59.0,0.63,11.0,33.0,0.3,20.0,7.0,2.0
Tiffany Masters,160.02,52.16,165.1,Orthodox,1994-07-31,,,,,,,,,,,
Tiki Ghosn,177.8,77.11,,Orthodox,1977-02-09,2.78,46.0,2.94,58.0,0.41,50.0,61.0,0.0,10.0,7.0,1.0
Tim Boetsch,182.88,83.91,187.96,Orthodox,1981-01-28,2.93,50.0,2.9,57.0,1.45,34.0,59.0,0.8,21.0,13.0,0.0
Tim Caron,185.42,83.91,,Orthodox,1987-07-24,,,,,,,,,,,
Tim Catalfo,180.34,106.59,,Orthodox,,,,,,,,,,,,
Tim Credeur,190.5,83.91,190.5,Orthodox,1977-07-09,3.59,30.0,3.13,57.0,0.41,100.0,50.0,3.3,12.0,4.0,0.0
Tim Elliott,170.18,56.7,167.64,Southpaw,1986-12-24,3.37,44.0,2.65,57.0,3.71,47.0,59.0,1.1,22.0,13.0,1.0
Tim Gorman,165.1,61.23,,Southpaw,1983-04-29,2.73,31.0,5.57,46.0,1.0,9.0,33.0,0.0,9.0,4.0,0.0
Tim Hague,193.04,117.93,193.04,Orthodox,1983-05-09,2.79,47.0,4.14,46.0,1.72,33.0,85.0,0.9,21.0,13.0,0.0
Tim Kennedy,180.34,83.91,187.96,Orthodox,1979-09-01,2.78,47.0,1.84,62.0,2.58,35.0,70.0,0.7,18.0,6.0,0.0
Tim Lajcik,185.42,102.06,,Orthodox,1965-06-21,0.0,0.0,0.0,0.0,0.0,0.0,0.0,0.0,7.0,6.0,1.0
Tim McKenzie,182.88,83.91,187.96,Orthodox,1982-07-21,1.37,54.0,2.96,44.0,0.0,0.0,28.0,2.1,14.0,9.0,0.0
Tim Means,187.96,77.11,190.5,Orthodox,1984-02-20,5.04,49.0,3.65,60.0,1.14,40.0,64.0,0.2,33.0,17.0,1.0
Tim Roman,185.42,77.11,,,1985-06-08,,,,,,,,,,,
Tim Stout,180.34,83.91,,,1979-02-09,,,,,,,,,,,
Tim Sylvia,203.2,120.2,203.2,Orthodox,1976-03-05,4.23,41.0,2.61,61.0,0.11,100.0,75.0,0.1,31.0,10.0,0.0
Tim Williams,187.96,83.91,193.04,Orthodox,1986-07-03,3.07,38.0,3.55,48.0,1.81,40.0,100.0,0.0,15.0,5.0,0.0
Timmy Cuamba,175.26,65.77,180.34,Orthodox,1999-02-08,3.12,42.0,4.3,58.0,1.11,26.0,80.0,0.0,9.0,3.0,0.0
Timo Feucht,190.5,92.99,200.66,Orthodox,1996-01-18,,,,,,,,,,,
Timothy Johnson,190.5,120.2,195.58,Southpaw,1985-03-13,3.43,45.0,3.08,44.0,1.09,24.0,69.0,0.0,12.0,4.0,0.0
Timur Valiev,167.64,61.23,170.18,Orthodox,1990-01-19,5.19,53.0,3.33,45.0,1.73,40.0,55.0,0.3,18.0,3.0,0.0
Tina Lahdemaki,157.48,52.16,,Orthodox,1988-05-28,1.93,20.0,4.67,57.0,0.0,0.0,16.0,0.0,5.0,1.0,0.0
Tito Jones,172.72,65.77,,Southpaw,1981-07-31,,,,,,,,,,,
Tito Ortiz,190.5,92.99,187.96,Orthodox,1975-01-23,2.59,46.0,2.88,60.0,2.47,35.0,54.0,0.6,19.0,12.0,1.0
Tobias Harila,,,,,1994-01-13,,,,,,,,,,,
Toby Misech,172.72,65.77,,Southpaw,1988-03-07,,,,,,,,,,,
Todd Brown,180.34,92.99,,Orthodox,1976-12-13,2.15,45.0,3.85,48.0,0.0,0.0,50.0,0.0,16.0,4.0,0.0
Todd Butler,185.42,90.72,,Southpaw,,0.0,0.0,0.0,0.0,0.0,0.0,0.0,0.0,1.0,4.0,0.0
Todd Duffee,190.5,117.93,198.12,Orthodox,1985-12-06,5.93,37.0,2.87,56.0,0.72,25.0,90.0,0.0,9.0,3.0,0.0
Todd Gouwenberg,185.42,92.99,,Orthodox,1974-09-25,,,,,,,,,,,
Todd Lally,170.18,65.77,,Orthodox,,,,,,,,,,,,
Todd Medina,177.8,87.54,,Southpaw,,0.0,0.0,0.0,0.0,0.0,0.0,0.0,0.0,11.0,9.0,0.0
Todd Moore,175.26,77.11,180.34,Southpaw,1983-12-30,,,,,,,,,,,
Tofiq Musayev,175.26,70.31,175.26,Orthodox,1989-12-15,0.44,33.0,0.44,71.0,0.0,0.0,40.0,0.0,22.0,6.0,0.0
Toki Matsui,167.64,56.7,165.1,Orthodox,1999-09-08,,,,,,,,,,,
Tokimitsu Ishizawa,182.88,83.91,,Orthodox,1968-08-05,,,,,,,,,,,
Tokitaka Nakanishi,167.64,61.23,167.64,Orthodox,1996-07-28,,,,,,,,,,,
Tom Aaron,,70.31,,,1978-07-13,,,,,,,,,,,
Tom Aspinall,195.58,116.12,198.12,Orthodox,1993-04-11,8.07,67.0,2.89,65.0,3.27,100.0,100.0,1.6,15.0,3.0,0.0
Tom Blackledge,,92.99,,Orthodox,,2.91,61.0,2.55,46.0,0.0,0.0,75.0,0.0,10.0,7.0,0.0
Tom Breese,190.5,83.91,185.42,Southpaw,1991-09-26,3.34,50.0,2.81,60.0,0.0,0.0,70.0,1.1,12.0,3.0,0.0
Tom DeBlass,182.88,83.91,,Orthodox,1982-05-14,1.5,35.0,4.43,37.0,1.0,50.0,28.0,0.5,9.0,2.0,0.0
Tom Duquesnoy,170.18,61.23,172.72,Orthodox,1993-06-21,3.83,45.0,5.3,62.0,0.42,25.0,46.0,0.0,16.0,2.0,0.0
Tom Egan,180.34,77.11,,Orthodox,,0.0,0.0,3.91,50.0,0.0,0.0,28.0,0.0,7.0,5.0,0.0
Tom Erikson,190.5,127.01,,Orthodox,,,,,,,,,,,,
Tom Gallicchio,177.8,77.11,,Southpaw,1986-09-23,3.53,26.0,7.07,43.0,1.0,11.0,0.0,0.0,19.0,10.0,0.0
Tom Lawlor,182.88,92.99,187.96,Southpaw,1983-05-15,2.5,42.0,2.41,60.0,2.46,32.0,57.0,1.4,10.0,6.0,0.0
Tom Murphy,187.96,102.97,,Southpaw,1974-11-19,2.5,71.0,0.17,84.0,7.51,85.0,0.0,2.5,8.0,0.0,0.0
Tom Niinimaki,175.26,65.77,175.26,Orthodox,1982-07-25,1.91,54.0,2.31,58.0,2.97,46.0,33.0,0.5,22.0,8.0,1.0
Tom Nolan,190.5,70.31,185.42,Southpaw,2000-03-08,5.82,45.0,4.85,46.0,0.41,12.0,66.0,1.6,9.0,1.0,0.0
Tom Sauer,185.42,119.29,,,1970-11-11,,,,,,,,,,,
Tom Tuggle,187.96,113.4,,Orthodox,,,,,,,,,,,,
Tom Watson,185.42,83.91,185.42,Orthodox,1982-07-13,4.01,44.0,4.41,50.0,0.15,7.0,43.0,0.0,17.0,9.0,0.0
Tomasz Drwal,185.42,92.99,193.04,Orthodox,1982-01-22,3.29,38.0,2.26,57.0,3.55,60.0,82.0,0.4,21.0,5.0,1.0
Tommy Cuozzi Jr.,175.26,65.77,180.34,Orthodox,1999-08-31,,,,,,,,,,,
Tommy Gantt,180.34,70.31,193.04,Orthodox,1993-01-09,,,,,,,,,,,
Tommy Hayden,175.26,65.77,,Southpaw,1986-03-11,1.48,27.0,2.05,55.0,3.42,33.0,66.0,0.0,11.0,3.0,0.0
Tommy Lee,170.18,65.77,,Orthodox,1977-01-20,,,,,,,,,,,
Tommy McMillen,182.88,65.77,187.96,Orthodox,1997-12-15,,,,,,,,,,,
Tommy Petersen,,70.31,,,,,,,,,,,,,,
Tommy Speer,177.8,77.11,180.34,Orthodox,1984-08-20,2.56,51.0,5.12,35.0,2.02,33.0,33.0,0.0,21.0,7.0,0.0
Tomohiko Hashimoto,182.88,113.4,,Orthodox,,,,,,,,,,,,
Tomomi Iwama,160.02,70.31,,Orthodox,,,,,,,,,,,,
Tomoya Miyashita,170.18,63.05,,Southpaw,,,,,,,,,,,,
Tony Bonello,187.96,83.91,,,,,,,,,,,,,,
Tony DeSouza,182.88,77.11,177.8,Southpaw,1974-07-26,1.12,52.0,1.57,41.0,2.25,42.0,40.0,1.5,11.0,4.0,0.0
Tony Ferguson,180.34,77.11,193.04,Orthodox,1984-02-12,4.91,45.0,4.37,55.0,0.39,35.0,66.0,0.9,26.0,11.0,0.0
Tony Fryklund,182.88,83.91,,Orthodox,1971-03-26,3.49,39.0,6.5,43.0,0.0,0.0,66.0,0.5,14.0,9.0,1.0
Tony Gravely,165.1,61.23,175.26,Orthodox,1991-09-28,3.82,48.0,4.47,44.0,5.4,41.0,52.0,0.3,23.0,9.0,0.0
Tony Halme,190.5,136.08,,Orthodox,1963-01-06,0.0,0.0,0.0,0.0,0.0,0.0,0.0,0.0,0.0,4.0,0.0
Tony Johnson,187.96,92.99,193.04,Orthodox,1983-05-02,,,,,,,,,,,
Tony Juarez,,70.31,,,,,,,,,,,,,,
Tony Kelley,175.26,61.23,177.8,Switch,1987-01-21,5.55,47.0,4.85,45.0,0.0,0.0,52.0,1.4,8.0,3.0,0.0
Tony Petarra,180.34,88.9,,Orthodox,,0.0,0.0,0.0,0.0,0.0,0.0,0.0,0.0,2.0,3.0,1.0
Tony Sims,180.34,70.31,177.8,Southpaw,1985-10-14,1.81,63.0,0.76,65.0,0.71,50.0,50.0,0.7,12.0,4.0,0.0
Tony Sylvester,185.42,102.06,,Southpaw,1978-01-27,,,,,,,,,,,
Tonya Evinger,170.18,61.23,177.8,Orthodox,1981-06-04,1.16,42.0,4.02,38.0,0.93,30.0,33.0,0.9,19.0,8.0,0.0
Top Noi Kiwram,165.1,56.7,170.18,Southpaw,1992-08-15,,,,,,,,,,,
Tor Troeng,187.96,83.91,,Orthodox,1983-01-25,1.16,46.0,3.26,32.0,0.62,7.0,66.0,0.3,16.0,7.0,1.0
Torrance Taylor,170.18,70.31,,,,,,,,,,,,,,
Torrez Finney,172.72,83.91,190.5,Orthodox,1998-10-24,1.77,68.0,1.74,48.0,9.31,60.0,0.0,1.1,11.0,0.0,0.0
Toshiomi Kazama,170.18,61.23,175.26,Orthodox,1997-05-15,1.49,53.0,4.56,38.0,1.94,16.0,66.0,1.0,11.0,5.0,0.0
Townsend Saunders,165.1,77.11,,Orthodox,,0.0,0.0,0.0,0.0,0.0,0.0,0.0,0.0,0.0,2.0,0.0
Tra Telligman,187.96,105.69,,Orthodox,1965-02-07,1.83,35.0,3.02,56.0,0.87,100.0,80.0,0.0,7.0,5.0,1.0
Tracy Cortez,165.1,56.7,165.1,Orthodox,1993-12-10,3.79,49.0,2.84,57.0,2.19,47.0,62.0,0.3,12.0,2.0,0.0
Travis Browne,198.12,115.67,200.66,Orthodox,1982-07-17,2.93,41.0,4.31,42.0,1.21,68.0,75.0,0.2,18.0,7.0,1.0
Travis Calanoc,172.72,65.77,,Orthodox,,,,,,,,,,,,
Travis Fulton,182.88,108.86,,Orthodox,1977-05-29,0.0,0.0,0.0,0.0,0.0,0.0,0.0,0.0,253.0,53.0,10.0
Travis Galbraith,182.88,77.11,,Orthodox,1981-05-18,,,,,,,,,,,
Travis Johnson,,92.99,,,,,,,,,,,,,,
Travis Lutter,180.34,83.91,190.5,Orthodox,1973-05-12,0.41,32.0,2.42,42.0,1.95,24.0,30.0,0.7,10.0,6.0,0.0
Travis Wiuff,190.5,92.99,,Orthodox,1978-03-15,0.48,30.0,4.03,41.0,4.84,57.0,44.0,1.2,75.0,21.0,0.0
Tre'ston Vines,185.42,83.91,200.66,Orthodox,1996-06-18,,,,,,,,,,,
Trenell Young,167.64,65.77,,Orthodox,1976-06-19,,,,,,,,,,,
Trent Jenkins,187.96,83.91,,,,0.0,0.0,0.0,0.0,0.0,0.0,0.0,0.0,0.0,4.0,0.0
Trent Miller,175.26,83.91,182.88,Orthodox,1995-10-31,,,,,,,,,,,
Tresean Gore,182.88,83.91,190.5,Switch,1994-06-21,2.76,42.0,7.48,40.0,1.83,75.0,88.0,0.9,6.0,4.0,0.0
Treston Thomison,172.72,65.77,,,,,,,,,,,,,,
Trevin Giles,182.88,77.11,187.96,Orthodox,1992-08-06,3.17,54.0,2.39,58.0,1.07,50.0,72.0,0.3,16.0,7.0,0.0
Trevin Jones,170.18,61.23,177.8,Southpaw,1990-08-04,2.13,37.0,4.29,39.0,0.62,15.0,60.0,0.2,13.0,10.0,0.0
Trevor Harris,167.64,65.77,,,,,,,,,,,,,,
Trevor Peek,175.26,65.77,177.8,Switch,1995-01-09,4.39,53.0,3.88,43.0,1.45,50.0,52.0,0.0,9.0,3.0,0.0
Trevor Prangley,185.42,83.91,190.5,Orthodox,1972-08-24,2.59,60.0,2.02,48.0,3.38,55.0,74.0,1.0,34.0,11.0,2.0
Trevor Smith,190.5,83.91,190.5,Orthodox,1981-01-05,3.29,55.0,3.31,51.0,1.7,32.0,60.0,0.7,15.0,10.0,0.0
Trey Houston,180.34,83.91,,,,,,,,,,,,,,
Trey Ogden,180.34,70.31,182.88,Orthodox,1989-11-14,3.2,50.0,3.49,55.0,1.89,32.0,100.0,0.7,18.0,7.0,0.0
Trey Waters,195.58,77.11,195.58,Orthodox,1995-02-21,6.39,44.0,5.83,55.0,0.4,33.0,85.0,0.8,9.0,2.0,0.0
Tristan Arenal,,70.31,,,,,,,,,,,,,,
Tristan Connelly,177.8,65.77,172.72,Orthodox,1985-12-12,3.31,51.0,2.96,50.0,0.33,14.0,60.0,0.3,14.0,8.0,0.0
Troy Mandaloniz,175.26,77.11,,Orthodox,1980-02-01,3.52,56.0,4.71,63.0,3.1,66.0,57.0,0.0,3.0,2.0,0.0
Tsuyoshi Kohsaka,180.34,102.06,,Orthodox,1970-03-06,1.88,38.0,4.41,54.0,1.32,20.0,33.0,0.4,27.0,19.0,2.0
Tsuyoshi Kurihara,177.8,83.91,,Orthodox,1973-07-13,,,,,,,,,,,
Tsuyoshi Tamakairiki,182.88,99.79,,Orthodox,,,,,,,,,,,,
Tucker Lutz,172.72,65.77,182.88,Orthodox,1994-07-12,3.74,46.0,3.25,44.0,1.99,44.0,69.0,0.2,12.0,4.0,0.0
Tuco Tokkos,193.04,92.99,193.04,Orthodox,1990-06-30,2.12,40.0,4.27,46.0,4.21,47.0,33.0,0.5,11.0,5.0,0.0
Tulio Palhares,,81.65,,,,0.0,0.0,0.0,0.0,0.0,0.0,0.0,0.0,2.0,16.0,0.0
Turrell Galloway,160.02,65.77,,,,,,,,,,,,,,
Ty Flores,190.5,92.99,185.42,Switch,1993-12-22,,,,,,,,,,,
Ty Miller,187.96,77.11,195.58,Orthodox,2000-06-04,,,,,,,,,,,
Tyler Diamond,170.18,65.77,175.26,Orthodox,1991-03-18,3.4,47.0,2.53,44.0,3.0,75.0,70.0,0.0,9.0,1.0,0.0
Tyler Hill,190.5,77.11,,Switch,1991-08-10,,,,,,,,,,,
Tyler Stinson,190.5,77.11,,,1986-01-17,,,,,,,,,,,
Tyler Toner,172.72,65.77,177.8,Orthodox,1983-03-31,2.95,52.0,2.13,62.0,0.0,0.0,54.0,0.4,15.0,7.0,0.0
Tyra Parker,165.1,52.16,,Orthodox,,,,,,,,,,,,
Tyron Woodley,175.26,77.11,187.96,Orthodox,1982-04-07,2.36,48.0,2.76,54.0,1.06,40.0,87.0,0.4,19.0,7.0,1.0
Tyrone Roberts,175.26,83.91,,Orthodox,,0.0,0.0,0.0,0.0,0.0,0.0,0.0,0.0,43.0,12.0,1.0
Tyson Griffin,167.64,65.77,172.72,Orthodox,1984-04-20,3.71,41.0,2.3,65.0,1.87,46.0,59.0,0.9,16.0,8.0,0.0
Tyson Nam,170.18,56.7,172.72,Orthodox,1983-10-06,3.87,33.0,4.97,65.0,0.0,0.0,87.0,0.0,21.0,14.0,1.0
Tyson Pedro,190.5,92.99,200.66,Orthodox,1991-09-17,2.9,59.0,2.39,56.0,0.76,30.0,50.0,0.8,10.0,5.0,0.0
Ulysses Gomez,167.64,56.7,,Orthodox,1983-05-25,2.72,25.0,3.57,68.0,0.0,0.0,0.0,0.0,9.0,5.0,0.0
Umar Nurmagomedov,172.72,61.23,175.26,Orthodox,1996-01-03,4.38,57.0,2.15,60.0,3.26,39.0,78.0,0.3,18.0,1.0,0.0
Uran Satybaldiev,193.04,92.99,200.66,Orthodox,1994-08-10,2.14,25.0,3.66,44.0,0.0,0.0,50.0,1.7,9.0,1.0,0.0
Uriah Hall,182.88,83.91,200.66,Orthodox,1984-07-31,3.23,48.0,3.85,54.0,0.54,38.0,64.0,0.1,18.0,11.0,0.0
Urijah Faber,167.64,61.23,170.18,Orthodox,1979-05-14,2.65,40.0,2.59,64.0,1.54,30.0,58.0,0.8,35.0,11.0,0.0
Uros Medic,185.42,77.11,180.34,Southpaw,1993-04-25,5.47,60.0,3.5,56.0,0.36,50.0,55.0,0.0,11.0,3.0,0.0
Vadym Kutsyi,182.88,77.11,180.34,Orthodox,1991-07-18,,,,,,,,,,,
Vagner Rocha,177.8,70.31,185.42,Orthodox,1982-06-06,2.64,42.0,4.5,48.0,1.4,33.0,50.0,1.9,14.0,4.0,0.0
Val Woodburn,172.72,77.11,187.96,Orthodox,1993-08-10,1.6,35.0,4.93,36.0,1.92,100.0,50.0,0.0,7.0,2.0,0.0
Valentijn Overeem,190.5,104.33,,Orthodox,1976-08-17,,,,,,,,,,,
Valentina Shevchenko,165.1,56.7,167.64,Southpaw,1988-03-07,3.14,52.0,2.06,63.0,2.62,60.0,75.0,0.3,25.0,4.0,1.0
Valeri Ignatov,175.26,77.11,,Orthodox,,0.0,0.0,0.0,0.0,0.0,0.0,0.0,0.0,1.0,2.0,0.0
Valerie Letourneau,170.18,52.16,172.72,Orthodox,1983-04-29,4.51,37.0,5.4,58.0,0.77,45.0,66.0,0.3,8.0,6.0,0.0
Valesca Machado,162.56,52.16,160.02,Orthodox,1996-05-06,,,,,,,,,,,
Valmir Lazaro,182.88,70.31,185.42,Orthodox,1985-08-15,4.87,37.0,4.09,61.0,1.33,40.0,96.0,0.0,15.0,5.0,0.0
Valter Walker,198.12,120.2,198.12,Orthodox,1997-12-14,1.9,49.0,2.89,42.0,5.43,66.0,0.0,2.0,14.0,1.0,0.0
Vanessa Demopoulos,157.48,56.7,149.86,Orthodox,1988-09-22,3.37,39.0,5.39,41.0,0.32,9.0,26.0,0.4,11.0,8.0,0.0
Vanessa Melo,165.1,61.23,165.1,Orthodox,1988-03-27,3.48,30.0,6.13,59.0,0.0,0.0,71.0,0.0,11.0,8.0,0.0
Vanilto Antunes,182.88,77.11,182.88,Orthodox,1994-12-28,,,,,,,,,,,
Vaughan Lee,167.64,56.7,167.64,Orthodox,1982-10-15,3.47,47.0,2.07,70.0,0.81,33.0,72.0,1.0,14.0,13.0,1.0
Vernon Ramos Ho,167.64,77.11,,Orthodox,1992-06-03,4.0,25.0,8.0,55.0,0.0,0.0,0.0,0.0,3.0,1.0,0.0
Vernon White,182.88,92.99,,Southpaw,1971-12-03,2.11,38.0,2.2,54.0,0.88,28.0,44.0,0.0,26.0,33.0,2.0
Veronica Hardy,162.56,56.7,162.56,Southpaw,1995-10-30,3.12,45.0,3.48,49.0,0.93,41.0,55.0,0.3,9.0,5.0,1.0
Veta Arteaga,170.18,56.7,,,,,,,,,,,,,,
Viacheslav Borshchev,180.34,70.31,175.26,Orthodox,1992-01-08,5.22,54.0,4.73,57.0,0.0,0.0,42.0,0.1,8.0,6.0,1.0
Vicente Luque,180.34,77.11,190.5,Orthodox,1991-11-27,5.02,51.0,5.25,52.0,0.97,51.0,61.0,0.7,23.0,11.0,1.0
Victor Altamirano,172.72,56.7,177.8,Switch,1991-01-23,4.58,53.0,3.82,53.0,2.88,38.0,63.0,0.0,12.0,5.0,0.0
Victor Dias,167.64,56.7,175.26,Orthodox,1990-12-26,,,,,,,,,,,
Victor Henry,170.18,61.23,172.72,Switch,1987-05-04,7.17,53.0,5.19,48.0,1.04,42.0,81.0,0.3,25.0,7.0,0.0
Victor Hugo,170.18,61.23,180.34,Orthodox,1992-11-22,3.27,44.0,2.95,56.0,0.81,33.0,73.0,1.2,25.0,5.0,0.0
Victor Jones,,65.77,,,,,,,,,,,,,,
Victor Madrigal,170.18,61.23,180.34,Orthodox,1990-08-16,,,,,,,,,,,
Victor Martinez,172.72,70.31,177.8,Orthodox,1991-07-17,7.94,51.0,7.66,53.0,0.7,33.0,80.0,0.0,13.0,6.0,0.0
Victor Reyna,180.34,77.11,187.96,Southpaw,1986-08-05,,,,,,,,,,,
Victor Rodriguez,165.1,56.7,170.18,Switch,1992-09-05,1.59,37.0,6.11,50.0,0.0,0.0,0.0,0.0,7.0,4.0,0.0
Victor Valenzuela,177.8,70.31,,,,,,,,,,,,,,
Victor Valimaki,182.88,92.99,,Orthodox,,3.94,30.0,2.99,67.0,0.9,14.0,0.0,0.0,18.0,10.0,0.0
Victoria Leonardo,165.1,56.7,162.56,Orthodox,1990-02-16,3.22,38.0,4.81,47.0,1.57,27.0,71.0,0.0,9.0,7.0,0.0
Vik Grujic,180.34,77.11,185.42,Orthodox,1977-02-06,2.24,48.0,3.39,41.0,1.18,33.0,26.0,0.4,6.0,6.0,0.0
Viktor Pesta,190.5,108.86,195.58,Orthodox,1990-07-15,1.58,36.0,2.54,56.0,3.29,28.0,100.0,0.0,10.0,4.0,0.0
Viktoriia Dudakova,165.1,52.16,170.18,Orthodox,1999-01-26,2.87,47.0,3.4,50.0,2.73,35.0,33.0,0.0,8.0,2.0,0.0
Vinc Pichel,177.8,70.31,182.88,Orthodox,1982-11-23,3.78,46.0,3.17,54.0,2.5,51.0,31.0,0.2,14.0,5.0,0.0
Vince Cachero,167.64,65.77,172.72,Orthodox,1989-11-07,3.29,45.0,6.51,43.0,0.0,0.0,18.0,0.5,7.0,4.0,0.0
Vince Morales,170.18,61.23,177.8,Orthodox,1990-11-12,3.57,37.0,4.0,53.0,0.59,40.0,58.0,0.5,16.0,10.0,0.0
Vince Murdock,167.64,65.77,162.56,Orthodox,1991-03-21,,,,,,,,,,,
Vincent Eazelle,180.34,70.31,,,1980-12-07,,,,,,,,,,,
Vinicius Cenci,185.42,70.31,187.96,Orthodox,1995-11-24,,,,,,,,,,,
Vinicius Magalhaes,,65.77,,,1971-07-30,,,,,,,,,,,
Vinicius Moreira,193.04,92.99,193.04,Orthodox,1989-02-28,3.15,59.0,5.07,43.0,1.97,18.0,0.0,1.3,9.0,5.0,0.0
Vinicius Oliveira,175.26,61.23,177.8,Switch,1995-11-30,5.28,43.0,2.89,57.0,1.67,50.0,80.0,0.2,23.0,3.0,0.0
Vinicius Queiroz,200.66,99.79,,Orthodox,1983-08-29,3.67,51.0,4.1,41.0,5.07,70.0,100.0,0.7,8.0,4.0,0.0
Vinicius Salvador,170.18,61.23,177.8,Southpaw,1996-07-24,5.48,43.0,6.5,48.0,0.36,11.0,86.0,0.0,14.0,7.0,0.0
Vinny Magalhaes,190.5,92.99,190.5,Orthodox,1984-07-02,2.14,24.0,3.97,68.0,1.55,44.0,66.0,0.8,14.0,9.0,0.0
Virgil Zwicker,187.96,92.99,187.96,,1982-06-26,,,,,,,,,,,
Virna Jandiroba,160.02,52.16,162.56,Orthodox,1988-05-30,1.97,38.0,2.55,57.0,2.37,33.0,73.0,1.8,22.0,3.0,0.0
Viscardi Andrade,180.34,77.11,190.5,Orthodox,1984-03-08,3.26,42.0,2.77,63.0,1.93,50.0,66.0,0.3,19.0,6.0,0.0
Vitaly Minakov,187.96,112.94,,,1985-02-06,,,,,,,,,,,
Vitor Belfort,182.88,83.91,187.96,Southpaw,1977-04-01,1.59,46.0,2.83,50.0,1.02,60.0,53.0,0.6,26.0,14.0,0.0
Vitor Costa,187.96,83.91,190.5,Orthodox,2000-09-19,,,,,,,,,,,
Vitor Miranda,185.42,83.91,195.58,Orthodox,1979-03-10,2.98,45.0,2.95,58.0,0.95,55.0,50.0,0.2,12.0,5.0,0.0
Vitor Petrino,187.96,120.2,195.58,Orthodox,1997-08-28,2.72,45.0,2.6,47.0,3.25,58.0,71.0,1.0,12.0,2.0,0.0
Vitor Ribeiro,172.72,69.85,,Orthodox,1979-02-24,,,,,,,,,,,
Vitor Vianna,,92.99,,Orthodox,,,,,,,,,,,,
Viviane Araujo,162.56,56.7,172.72,Orthodox,1986-11-21,3.84,47.0,4.83,55.0,1.72,43.0,75.0,0.6,13.0,7.0,0.0
Viviane Pereira,154.94,52.16,160.02,Orthodox,1993-08-28,2.7,30.0,4.48,58.0,0.25,100.0,28.0,0.2,13.0,2.0,0.0
Vladimir Matyushenko,182.88,92.99,187.96,Orthodox,1971-01-04,1.9,44.0,1.62,59.0,3.25,46.0,70.0,0.1,27.0,8.0,0.0
Vlasto Cepo,,83.91,,,1995-01-25,,,,,,,,,,,
Volkan Oezdemir,187.96,92.99,190.5,Orthodox,1989-09-19,4.95,48.0,4.22,55.0,0.5,29.0,80.0,0.1,20.0,8.0,0.0
Waachiim Spiritwolf,172.72,77.11,,,,,,,,,,,,,,
Wade Shipp,190.5,111.13,,Orthodox,1975-02-09,4.29,86.0,2.14,0.0,0.0,0.0,75.0,0.0,11.0,5.0,0.0
Wagner Campos,167.64,65.77,,Southpaw,1981-07-31,1.54,41.0,2.53,51.0,2.71,100.0,0.0,0.0,12.0,10.0,0.0
Wagner Prado,182.88,92.99,187.96,Southpaw,1986-12-30,1.72,40.0,3.06,50.0,0.0,0.0,22.0,0.0,12.0,3.0,0.0
Wagner Silva,182.88,77.11,,Orthodox,1987-02-07,1.69,29.0,2.87,65.0,0.0,0.0,58.0,0.0,6.0,3.0,0.0
Wagner da Conceicao Martins,200.66,176.9,,Orthodox,1978-05-19,,,,,,,,,,,
Wagnney Fabiano,167.64,65.77,175.26,Southpaw,1975-07-14,,,,,,,,,,,
Waldo Cortes-Acosta,193.04,117.93,198.12,Orthodox,1991-10-03,5.61,48.0,3.51,55.0,0.37,50.0,71.0,0.1,14.0,2.0,0.0
Walel Watson,180.34,61.23,190.5,Orthodox,1984-07-16,2.1,29.0,3.79,43.0,0.0,0.0,61.0,1.4,14.0,10.0,0.0
Wallen Del Rosario,162.56,56.7,170.18,Orthodox,1993-03-18,,,,,,,,,,,
Wallid Ismail,170.18,92.99,,Orthodox,1968-02-23,0.92,31.0,0.83,44.0,1.85,28.0,0.0,0.5,9.0,3.0,0.0
Walt Harris,195.58,113.4,195.58,Southpaw,1983-06-10,3.05,39.0,3.33,54.0,0.29,28.0,70.0,0.1,13.0,10.0,0.0
Walter Smith-Cotito,172.72,61.23,,,,,,,,,,,,,,
Wanderlei Silva,180.34,92.99,187.96,Orthodox,1976-07-03,2.79,40.0,2.19,60.0,0.97,53.0,62.0,0.6,35.0,13.0,1.0
Wang Cong,167.64,56.7,167.64,Southpaw,1992-05-15,7.48,57.0,2.68,63.0,1.05,75.0,100.0,0.7,8.0,1.0,0.0
Wang Guan,175.26,65.77,180.34,Orthodox,1986-03-14,4.73,43.0,3.27,60.0,0.0,0.0,0.0,0.0,20.0,1.0,1.0
War Machine,180.34,77.11,,Orthodox,1981-11-30,2.32,60.0,3.17,43.0,1.16,50.0,40.0,0.0,14.0,5.0,0.0
Warlley Alves,180.34,83.91,182.88,Orthodox,1991-01-04,3.04,48.0,3.95,50.0,1.22,50.0,62.0,0.8,15.0,8.0,0.0
Wataru Sakata,175.26,88.45,,Southpaw,1973-03-11,,,,,,,,,,,
Wataru Yamauchi,167.64,56.7,172.72,Orthodox,1999-06-22,,,,,,,,,,,
Waylon Kennell,182.88,83.91,,,,,,,,,,,,,,
Waylon Lowe,170.18,65.77,,Southpaw,1980-10-31,1.88,55.0,2.4,53.0,4.47,55.0,83.0,0.3,16.0,7.0,0.0
Wayne Cole,185.42,92.99,,Orthodox,,,,,,,,,,,,
Wayne Phillips,,83.91,,,1983-06-17,,,,,,,,,,,
Wellington Turman,182.88,77.11,182.88,Orthodox,1996-07-22,3.23,51.0,4.17,45.0,1.55,20.0,42.0,0.8,18.0,8.0,0.0
Wendell Oliveira Marques,177.8,77.11,,Orthodox,1983-06-01,3.77,47.0,4.4,47.0,0.0,0.0,100.0,0.0,29.0,10.0,0.0
Wes Albritton,177.8,85.28,,Orthodox,,0.0,0.0,0.0,0.0,0.0,0.0,0.0,0.0,0.0,1.0,0.0
Wes Combs,187.96,92.99,,Orthodox,1973-06-18,2.14,48.0,4.73,45.0,0.0,0.0,0.0,0.0,20.0,6.0,0.0
Wes Schultz,187.96,83.91,195.58,Orthodox,1996-08-09,,,,,,,,,,,
Wes Shivers,203.2,,,,,,,,,,,,,,,
Wes Sims,208.28,117.93,,Orthodox,1979-08-04,0.98,51.0,2.95,37.0,0.0,0.0,40.0,2.3,24.0,14.0,1.0
Wesley Correira,190.5,117.93,,Orthodox,1978-11-11,2.6,36.0,8.8,40.0,0.0,0.0,90.0,0.0,20.0,16.0,0.0
Wesley Little,193.04,92.99,,,,,,,,,,,,,,
Westin Wilson,185.42,65.77,185.42,Southpaw,1989-01-24,1.57,31.0,6.71,30.0,1.57,16.0,33.0,7.9,17.0,10.0,0.0
Will Brooks,177.8,70.31,182.88,Orthodox,1986-10-08,4.26,59.0,2.54,56.0,2.08,51.0,82.0,0.3,18.0,4.0,0.0
Will Campuzano,175.26,56.7,177.8,Orthodox,1986-05-27,2.43,31.0,3.82,57.0,0.88,45.0,48.0,0.2,14.0,6.0,0.0
Will Chope,193.04,65.77,,Switch,1990-09-08,4.43,27.0,9.93,46.0,0.0,0.0,0.0,0.0,34.0,13.0,0.0
Will Currie,190.5,83.91,193.04,Switch,1998-11-12,,,,,,,,,,,
Will Kerr,177.8,70.31,175.26,Orthodox,1982-10-21,,,,,,,,,,,
Will Ribeiro,172.72,61.23,,Orthodox,1983-02-17,,,,,,,,,,,
Will Santiago,170.18,83.91,,Orthodox,1983-02-08,,,,,,,,,,,
Willamy Freire,172.72,70.31,,Orthodox,1987-07-28,1.53,37.0,0.93,62.0,0.5,100.0,73.0,0.0,26.0,6.0,0.0
William Gomis,182.88,65.77,185.42,Southpaw,1997-06-13,3.48,49.0,2.76,61.0,0.86,38.0,72.0,0.3,15.0,3.0,0.0
William Knight,177.8,92.99,185.42,Orthodox,1988-04-03,2.62,56.0,3.3,35.0,1.78,40.0,48.0,0.4,11.0,5.0,0.0
William Macario,180.34,77.11,190.5,Orthodox,1991-07-01,4.92,54.0,3.96,65.0,1.85,45.0,78.0,0.0,9.0,3.0,0.0
Willian Colorado,177.8,61.23,182.88,,1986-06-21,,,,,,,,,,,
Willie Gates,172.72,56.7,182.88,Orthodox,1987-01-21,1.8,38.0,4.28,38.0,0.0,0.0,67.0,0.4,12.0,7.0,0.0
Willie Parks,177.8,83.91,,,1983-11-04,,,,,,,,,,,
Willie Peeters,175.26,99.79,,Orthodox,1965-10-26,,,,,,,,,,,
Wilson Gouveia,185.42,83.91,193.04,Orthodox,1978-10-03,3.02,39.0,4.06,56.0,0.9,66.0,57.0,2.2,14.0,8.0,0.0
Wilson Reis,162.56,56.7,165.1,Southpaw,1985-01-06,1.83,29.0,3.04,55.0,5.15,42.0,47.0,0.6,23.0,10.0,0.0
Windri Patilima,167.64,70.31,180.34,Southpaw,1993-07-19,,,,,,,,,,,
Won Jin Eoh,170.18,72.57,,Orthodox,,,,,,,,,,,,
Won Sik Park,180.34,69.85,,Orthodox,,,,,,,,,,,,
WonBin Ki,180.34,70.31,185.42,Orthodox,1991-02-11,,,,,,,,,,,
Wu Yanan,172.72,61.23,167.64,Orthodox,1996-04-18,4.23,41.0,4.95,49.0,0.62,30.0,63.0,0.2,13.0,6.0,0.0
Wulijiburen,175.26,61.23,175.26,Orthodox,1989-03-01,1.61,42.0,3.02,56.0,3.28,42.0,77.0,0.4,20.0,9.0,0.0
Wuziazibieke Jiahefu,175.26,65.77,177.8,Orthodox,1990-04-09,,,,,,,,,,,
Xavier Foupa-Pokam,185.42,83.91,,Open Stance,1982-07-03,1.47,43.0,2.5,49.0,0.0,0.0,16.0,0.0,32.0,22.0,0.0
Xavier Franklin,167.64,61.23,167.64,Southpaw,1996-10-15,,,,,,,,,,,
Xavier Siller,165.1,56.7,,,1994-06-06,,,,,,,,,,,
Xiao Long,172.72,61.23,177.8,Orthodox,1998-04-13,5.25,46.0,4.2,50.0,0.69,25.0,79.0,0.0,27.0,10.0,0.0
Xie Bin,177.8,65.77,182.88,Orthodox,1998-02-28,,,,,,,,,,,
Xiong Jingnan,,52.16,,,1988-01-12,,,,,,,,,,,
Xue Do Won,170.18,74.84,,,,,,,,,,,,,,
Yadier del Valle,175.26,65.77,175.26,Southpaw,1996-07-29,7.49,67.0,3.46,52.0,2.51,42.0,66.0,1.7,9.0,0.0,0.0
Yair Rodriguez,180.34,65.77,180.34,Orthodox,1992-10-06,4.65,46.0,3.78,52.0,0.71,29.0,59.0,0.6,21.0,6.0,0.0
Yamato Nishikawa,170.18,70.31,,Orthodox,2002-12-06,,,,,,,,,,,
Yan Cabral,180.34,70.31,185.42,Orthodox,1983-05-13,2.02,47.0,1.98,62.0,2.89,35.0,37.0,1.2,13.0,3.0,0.0
Yan Pellerin,180.34,92.99,,Orthodox,,,,,,,,,,,,
Yan Qihui,160.02,56.7,157.48,Orthodox,1996-10-21,,,,,,,,,,,
Yan Xiaonan,165.1,52.16,160.02,Orthodox,1989-06-16,4.69,45.0,3.23,60.0,0.84,73.0,64.0,0.0,19.0,5.0,0.0
Yana Santos,167.64,61.23,172.72,Orthodox,1989-11-11,4.42,58.0,3.07,52.0,0.87,50.0,53.0,0.1,16.0,8.0,0.0
Yanal Ashmouz,175.26,70.31,175.26,Orthodox,1995-03-31,2.88,50.0,4.78,50.0,3.24,38.0,64.0,0.0,8.0,2.0,0.0
Yancy Medeiros,177.8,70.31,190.5,Orthodox,1987-09-07,4.36,37.0,5.67,47.0,0.33,50.0,73.0,0.7,15.0,8.0,0.0
Yanis Ghemmouri,175.26,61.23,175.26,Orthodox,1995-01-24,2.29,38.0,5.14,35.0,0.0,0.0,0.0,0.0,12.0,3.0,0.0
Yao Zhikui,165.1,56.7,162.56,Orthodox,1991-02-07,1.44,21.0,2.82,48.0,0.66,16.0,58.0,0.0,2.0,4.0,0.0
Yaotzin Meza,175.26,65.77,180.34,Orthodox,1981-02-04,1.43,41.0,1.62,64.0,1.06,20.0,18.0,1.4,21.0,11.0,0.0
Yaroslav Amosov,,83.91,,,1993-09-09,,,,,,,,,,,
Yasuhiro Urushitani,165.1,56.7,,Southpaw,1976-09-08,3.47,39.0,4.71,65.0,0.0,0.0,80.0,0.0,21.0,8.0,6.0
Yasuhito Namekawa,175.26,92.99,,Orthodox,1974-10-27,,,,,,,,,,,
Yazan Hajeh,175.26,65.77,,Orthodox,1992-09-04,,,,,,,,,,,
Yazmin Jauregui,160.02,52.16,162.56,Orthodox,1999-02-28,6.64,39.0,5.25,54.0,0.0,0.0,100.0,0.0,11.0,2.0,0.0
YeDam Seo,160.02,52.16,160.02,Orthodox,1992-03-20,,,,,,,,,,,
Yi Sak Lee,,83.91,,,2000-01-01,,,,,,,,,,,
Yibugele,170.18,65.77,175.26,Southpaw,1989-11-13,,,,,,,,,,,
Yin Shuai,165.1,56.7,167.64,Southpaw,1997-01-01,,,,,,,,,,,
Yizha,170.18,65.77,180.34,Orthodox,1997-01-08,2.97,45.0,2.81,47.0,3.51,30.0,54.0,1.1,26.0,5.0,0.0
Yoel Romero,182.88,83.91,185.42,Southpaw,1977-04-30,3.44,49.0,3.05,60.0,1.57,30.0,78.0,0.0,13.0,5.0,0.0
Yohan Banks,,,,,,,,,,,,,,,,
Yohan Lainesse,185.42,77.11,193.04,Orthodox,1992-08-14,2.22,41.0,3.38,58.0,0.94,28.0,72.0,0.5,9.0,3.0,0.0
Yoislandy Izquierdo,180.34,70.31,,Southpaw,1984-01-09,2.93,52.0,1.4,26.0,0.0,0.0,50.0,0.0,10.0,4.0,0.0
Yoji Anjo,180.34,92.99,,Orthodox,1967-03-28,0.0,0.0,3.13,25.0,0.0,0.0,0.0,0.0,0.0,5.0,1.0
Yoko Takahashi,172.72,68.04,,,1973-04-20,,,,,,,,,,,
Yokthai Sithoar,170.18,64.86,,,1974-12-25,,,,,,,,,,,
Yorgan De Castro,182.88,113.4,187.96,Orthodox,1986-12-19,2.46,43.0,3.85,53.0,0.0,0.0,77.0,0.0,6.0,3.0,0.0
Yosdenis Cedeno,172.72,70.31,175.26,Orthodox,1985-02-12,1.64,29.0,1.6,67.0,0.0,0.0,31.0,0.3,10.0,6.0,1.0
Yoshiaki Yatsu,185.42,74.84,,Orthodox,1956-07-19,,,,,,,,,,,
Yoshihiro Akiyama,177.8,77.11,190.5,Orthodox,1975-07-29,3.1,41.0,3.62,57.0,2.29,67.0,92.0,1.0,14.0,6.0,0.0
Yoshihiro Nakao,182.88,99.79,,Southpaw,1972-06-25,,,,,,,,,,,
Yoshihiro Takayama,195.58,127.01,,Orthodox,1968-09-19,,,,,,,,,,,
Yoshihisa Yamamoto,187.96,99.79,,Southpaw,1970-07-04,,,,,,,,,,,
Yoshiki Takahashi,180.34,90.26,,Southpaw,1969-03-13,2.26,51.0,6.47,44.0,0.0,0.0,66.0,2.3,30.0,27.0,3.0
Yoshinori Horie,172.72,65.77,177.8,Orthodox,1995-05-10,2.76,49.0,5.65,48.0,0.0,0.0,0.0,0.0,8.0,2.0,0.0
Yoshiro Maeda,170.18,63.05,172.72,Southpaw,1981-10-31,,,,,,,,,,,
Yoshiyuki Yoshida,180.34,77.11,177.8,Southpaw,1974-05-10,0.85,36.0,3.67,36.0,1.41,28.0,25.0,2.8,18.0,9.0,0.0
Yosuke Nishijima,175.26,92.99,,Orthodox,1973-05-15,,,,,,,,,,,
Youmin Shin,,61.23,,,,,,,,,,,,,,
Young Hwang,175.26,61.23,,,1988-09-02,,,,,,,,,,,
Young Sam Jung,172.72,63.05,,Orthodox,1985-10-27,,,,,,,,,,,
YoungJae Song,170.18,65.77,177.8,Orthodox,1996-01-03,,,,,,,,,,,
Yousri Belgaroui,195.58,83.91,200.66,Orthodox,1992-06-02,,,,,,,,,,,
Youssef Zalal,177.8,65.77,182.88,Switch,1996-09-04,3.07,50.0,1.8,66.0,2.09,30.0,59.0,1.3,17.0,5.0,1.0
Yudi Cahyadi,,65.77,,,,,,,,,,,,,,
Yuele Huang,,65.77,,,2000-07-04,,,,,,,,,,,
Yuhi Sano,180.34,110.22,,Orthodox,1965-02-02,,,,,,,,,,,
Yui Chul Nam,175.26,65.77,,Orthodox,1981-07-16,3.53,51.0,2.0,48.0,1.33,16.0,57.0,0.3,18.0,8.0,1.0
Yuito Yanagawa,,65.77,,,2000-10-16,,,,,,,,,,,
Yuji Ephoevi-Ga,182.88,70.31,190.5,Switch,1999-10-19,,,,,,,,,,,
Yuji Hisamatsu,177.8,83.91,,,1971-09-18,,,,,,,,,,,
Yuji Nagata,182.88,102.06,,Orthodox,1968-04-24,,,,,,,,,,,
Yuki Ishikawa,180.34,92.99,,Orthodox,,,,,,,,,,,,
Yuki Kondo,180.34,83.01,,Southpaw,1975-07-17,1.14,42.0,2.57,51.0,0.76,41.0,37.0,0.5,60.0,33.0,9.0
Yuki Sasaki,187.96,83.91,,Orthodox,1976-09-12,1.09,43.0,1.2,57.0,0.43,100.0,66.0,0.0,25.0,22.0,2.0
Yukio Sakaguchi,175.26,83.91,,Orthodox,1973-07-26,,,,,,,,,,,
Yukiya Naito,185.42,92.99,,Orthodox,,,,,,,,,,,,
Yuma Horiuchi,167.64,56.7,170.18,Switch,1997-09-22,,,,,,,,,,,
YunSeong Jang,182.88,77.11,182.88,Orthodox,2002-11-04,,,,,,,,,,,
Yuneisy Duben,162.56,56.7,165.1,Orthodox,1996-07-08,13.53,48.0,10.75,53.0,0.0,0.0,0.0,0.0,6.0,1.0,0.0
Yunosuke Minami,,61.23,,,2000-09-10,,,,,,,,,,,
Yura Naito,182.88,83.91,187.96,Orthodox,1996-04-26,,,,,,,,,,,
Yuri Panferov,185.42,83.91,182.88,Orthodox,1996-08-30,,,,,,,,,,,
Yuri Vaulin,193.04,89.36,,Southpaw,,0.0,0.0,0.0,0.0,0.0,0.0,0.0,0.0,0.0,1.0,0.0
Yuri Villefort,182.88,77.11,185.42,Orthodox,1991-03-23,3.18,43.0,5.42,55.0,2.0,35.0,40.0,0.3,10.0,5.0,0.0
Yurij Kiseliov,172.72,83.91,,Orthodox,,,,,,,,,,,,
Yusaku Kinoshita,182.88,77.11,180.34,Southpaw,2000-08-21,4.65,50.0,5.12,51.0,0.0,0.0,50.0,0.0,6.0,3.0,0.0
Yusaku Nakamura,165.1,65.77,,,1986-06-21,,,,,,,,,,,
Yushin Okami,187.96,77.11,190.5,Southpaw,1981-07-21,2.06,38.0,2.25,60.0,1.98,39.0,84.0,0.5,34.0,12.0,0.0
Yusuke Imamura,172.72,99.79,,Orthodox,,,,,,,,,,,,
Yusuke Kasuya,170.18,70.31,,Southpaw,1989-11-16,2.17,44.0,4.34,48.0,1.36,33.0,0.0,0.0,9.0,3.0,0.0
Yusuke Kawaguchi,182.88,115.67,,,1980-08-14,,,,,,,,,,,
Yusup Saadulaev,167.64,61.23,,,1985-03-31,,,,,,,,,,,
Yuta Sasaki,177.8,56.7,180.34,Southpaw,1989-10-07,2.16,41.0,2.5,50.0,3.03,43.0,41.0,1.2,21.0,6.0,2.0
Yuya Shirai,172.72,76.2,,Orthodox,1980-04-02,,,,,,,,,,,
Yves Edwards,175.26,70.31,185.42,Southpaw,1976-09-30,2.91,42.0,2.34,66.0,0.76,53.0,69.0,0.7,42.0,22.0,1.0
Yves Jabouin,170.18,61.23,172.72,Orthodox,1979-05-30,3.06,41.0,2.93,62.0,1.94,60.0,82.0,0.1,20.0,11.0,0.0
Zabit Magomedsharipov,185.42,65.77,185.42,Orthodox,1991-03-01,4.89,48.0,3.0,64.0,5.22,56.0,77.0,0.8,18.0,1.0,0.0
Zac Pauga,187.96,92.99,193.04,Orthodox,1988-02-25,4.46,62.0,2.73,58.0,0.38,7.0,100.0,0.0,7.0,3.0,0.0
Zach Light,172.72,77.11,,Orthodox,1974-02-06,0.81,33.0,1.9,48.0,1.36,100.0,0.0,0.0,9.0,11.0,0.0
Zach Makovsky,162.56,56.7,162.56,Southpaw,1983-04-19,1.94,43.0,2.24,62.0,3.71,30.0,56.0,0.3,20.0,8.0,0.0
Zach Rosol,,110.22,,,,,,,,,,,,,,
Zach Skinner,167.64,65.77,,Orthodox,,,,,,,,,,,,
Zach Underwood,187.96,83.91,,,,,,,,,,,,,,
Zach Zane,170.18,65.77,175.26,Southpaw,1989-12-14,,,,,,,,,,,
Zachary Borrego,187.96,83.91,198.12,Switch,1996-07-18,,,,,,,,,,,
Zachary Micklewright,182.88,70.31,187.96,Southpaw,1976-08-21,,,,,,,,,,,
Zachary Reese,193.04,83.91,195.58,Switch,1994-03-24,4.28,54.0,2.99,43.0,2.88,58.0,57.0,1.2,9.0,2.0,0.0
Zachary Scroggin,190.5,77.11,187.96,Orthodox,1996-03-09,2.4,37.0,8.8,68.0,0.0,0.0,0.0,0.0,7.0,1.0,0.0
Zak Bucia,177.8,77.11,,,,,,,,,,,,,,
Zak Cummings,182.88,92.99,190.5,Southpaw,1984-08-02,2.96,35.0,2.91,55.0,0.62,28.0,66.0,0.6,25.0,7.0,0.0
Zak Ottow,180.34,77.11,182.88,Orthodox,1986-12-22,2.63,36.0,2.73,58.0,0.97,29.0,57.0,0.4,17.0,7.0,0.0
Zane Frazier,195.58,113.4,,Orthodox,,0.0,0.0,0.0,0.0,0.0,0.0,0.0,0.0,4.0,11.0,0.0
Zarah Fairn,172.72,61.23,182.88,Orthodox,1983-12-10,4.55,31.0,7.4,45.0,0.0,0.0,60.0,0.0,6.0,6.0,0.0
Zarrukh Adashev,165.1,56.7,165.1,Southpaw,1992-07-29,3.65,40.0,3.04,64.0,0.0,0.0,100.0,0.5,4.0,4.0,0.0
Zelg Galesic,187.96,83.91,,Orthodox,1979-02-16,,,,,,,,,,,
Zelim Imadaev,182.88,77.11,193.04,Orthodox,1995-01-25,2.91,36.0,4.35,43.0,0.38,50.0,60.0,0.0,8.0,3.0,0.0
Zhalgas Zhumagulov,162.56,56.7,167.64,Switch,1988-08-29,5.24,43.0,5.86,52.0,1.3,19.0,75.0,0.2,14.0,9.0,0.0
Zhang Lipeng,180.34,70.31,180.34,Southpaw,1990-03-10,1.28,48.0,1.88,53.0,1.75,30.0,69.0,0.8,23.0,9.0,1.0
Zhang Mingyang,187.96,92.99,190.5,Orthodox,1998-08-16,7.71,60.0,5.33,43.0,0.0,0.0,75.0,0.0,19.0,7.0,0.0
Zhang Qinghe,170.18,61.23,170.18,Southpaw,2001-11-05,,,,,,,,,,,
Zhang Tiequan,172.72,70.31,175.26,Orthodox,1978-07-25,1.23,36.0,2.14,51.0,1.95,58.0,75.0,3.4,15.0,4.0,0.0
Zhang Weili,162.56,52.16,160.02,Switch,1989-08-13,5.15,53.0,2.77,54.0,2.24,45.0,74.0,0.5,26.0,3.0,0.0
Zhang Zhenyang,,70.31,,,,,,,,,,,,,,
Zhou Kun,,56.7,,,,,,,,,,,,,,
Zhu Kangjie,172.72,65.77,177.8,Orthodox,1996-01-16,,,,,,,,,,,
Zoila Frausto,162.56,61.23,,Orthodox,,,,,,,,,,,,
Zubaira Tukhugov,172.72,70.31,172.72,Orthodox,1991-01-15,3.17,39.0,3.07,63.0,2.13,39.0,100.0,0.0,20.0,6.0,1.0
Zviad Lazishvili,167.64,61.23,175.26,Orthodox,1991-10-25,4.2,39.0,6.13,51.0,0.0,0.0,0.0,0.0,13.0,1.0,0.0
Zygimantas Ramaska,180.34,65.77,180.34,Orthodox,1996-12-27,0.96,60.0,2.25,30.0,0.0,0.0,33.0,2.4,9.0,3.0,0.0
